standort,clusterpaar,modell,prognostiziertes_rms_logfehlerniveau
Alpen-Sevelen,AS-01--AS-02,Distanz + RIX,0.0784292452577009
Alpen-Sevelen,AS-01--AS-03,Distanz + RIX,0.0782652862069362
Alpen-Sevelen,AS-01--AS-04,Distanz + RIX,0.0782876694464587
Alpen-Sevelen,AS-01--AS-05,Distanz + RIX,0.0784603820955847
Alpen-Sevelen,AS-01--AS-06,Distanz + RIX,0.0784255917934907
Alpen-Sevelen,AS-02--AS-03,Distanz + RIX,0.07814281632193
Alpen-Sevelen,AS-02--AS-04,Distanz + RIX,0.0781692388117767
Alpen-Sevelen,AS-02--AS-05,Distanz + RIX,0.0783549850631579
Alpen-Sevelen,AS-02--AS-06,Distanz + RIX,0.0783175758425622
Alpen-Sevelen,AS-03--AS-04,Distanz + RIX,0.0782796735363102
Alpen-Sevelen,AS-03--AS-05,Distanz + RIX,0.0784166957036259
Alpen-Sevelen,AS-03--AS-06,Distanz + RIX,0.0784080554696982
Alpen-Sevelen,AS-04--AS-05,Distanz + RIX,0.0784417888354689
Alpen-Sevelen,AS-04--AS-06,Distanz + RIX,0.0784266092296726
Alpen-Sevelen,AS-05--AS-06,Distanz + RIX,0.0786187318748718
Altenmellrich,AM-01--AM-02,Distanz + RIX,0.0573414370461468
Altenmellrich,AM-01--AM-03,Distanz + RIX,0.0610441757937702
Altenmellrich,AM-01--AM-04,Distanz + RIX,0.0618352045281843
Altenmellrich,AM-02--AM-03,Distanz + RIX,0.0612186959419754
Altenmellrich,AM-02--AM-04,Distanz + RIX,0.0618710744699321
Altenmellrich,AM-03--AM-04,Distanz + RIX,0.0607114312170297
Bad Berleburg,BB-01--BB-02,Distanz + RIX,0.1589283555420988
Bad Berleburg,BB-01--BB-03,Distanz + RIX,0.1577611167016137
Bad Berleburg,BB-01--BB-04,Distanz + RIX,0.1606173497904392
Bad Berleburg,BB-01--BB-05,Distanz + RIX,0.166518515150109
Bad Berleburg,BB-01--BB-06,Distanz + RIX,0.1656386065047702
Bad Berleburg,BB-01--BB-07,Distanz + RIX,0.1713346349692928
Bad Berleburg,BB-02--BB-03,Distanz + RIX,0.1556518016400527
Bad Berleburg,BB-02--BB-04,Distanz + RIX,0.1570256321588147
Bad Berleburg,BB-02--BB-05,Distanz + RIX,0.1626710113681165
Bad Berleburg,BB-02--BB-06,Distanz + RIX,0.1617424468446635
Bad Berleburg,BB-02--BB-07,Distanz + RIX,0.1671226804544851
Bad Berleburg,BB-03--BB-04,Distanz + RIX,0.1557908057151092
Bad Berleburg,BB-03--BB-05,Distanz + RIX,0.1613421210464456
Bad Berleburg,BB-03--BB-06,Distanz + RIX,0.1604409121915191
Bad Berleburg,BB-03--BB-07,Distanz + RIX,0.1659908268932668
Bad Berleburg,BB-04--BB-05,Distanz + RIX,0.1616188240874574
Bad Berleburg,BB-04--BB-06,Distanz + RIX,0.1607715246338198
Bad Berleburg,BB-04--BB-07,Distanz + RIX,0.1662736988201791
Bad Berleburg,BB-05--BB-06,Distanz + RIX,0.1637649886243752
Bad Berleburg,BB-05--BB-07,Distanz + RIX,0.1693925265672976
Bad Berleburg,BB-06--BB-07,Distanz + RIX,0.1654488743050092
Borken-Coesfeld,BC-01--BC-02,Distanz + RIX,0.0791834433111044
Borken-Coesfeld,BC-01--BC-03,Distanz + RIX,0.0794714835947341
Borken-Coesfeld,BC-01--BC-04,Distanz + RIX,0.0795440267395382
Borken-Coesfeld,BC-01--BC-05,Distanz + RIX,0.0796766020172712
Borken-Coesfeld,BC-01--BC-06,Distanz + RIX,0.0793160502888878
Borken-Coesfeld,BC-02--BC-03,Distanz + RIX,0.0795699685242516
Borken-Coesfeld,BC-02--BC-04,Distanz + RIX,0.079635419506854
Borken-Coesfeld,BC-02--BC-05,Distanz + RIX,0.0797690323677707
Borken-Coesfeld,BC-02--BC-06,Distanz + RIX,0.0793595052613601
Borken-Coesfeld,BC-03--BC-04,Distanz + RIX,0.0792058684764037
Borken-Coesfeld,BC-03--BC-05,Distanz + RIX,0.0794763261614396
Borken-Coesfeld,BC-03--BC-06,Distanz + RIX,0.079348174695016
Borken-Coesfeld,BC-04--BC-05,Distanz + RIX,0.0795409735682454
Borken-Coesfeld,BC-04--BC-06,Distanz + RIX,0.0793999732888822
Borken-Coesfeld,BC-05--BC-06,Distanz + RIX,0.0795538407504385
Lorup,LO-01--LO-02,Distanz + RIX,0.0678022249042468
Lorup,LO-01--LO-03,Distanz + RIX,0.0675364582914494
Lorup,LO-02--LO-03,Distanz + RIX,0.0678190248018667
Ostfriesland,OF-01--OF-02,Distanz + RIX,0.0595627026031066
Ostfriesland,OF-01--OF-03,Distanz + RIX,0.0751378481396525
Ostfriesland,OF-01--OF-04,Distanz + RIX,0.0882210011280547
Ostfriesland,OF-02--OF-03,Distanz + RIX,0.0711495754017103
Ostfriesland,OF-02--OF-04,Distanz + RIX,0.0838374021232662
Ostfriesland,OF-03--OF-04,Distanz + RIX,0.0683690458623936
Paderborn,PA-01--PA-10,Distanz + RIX,0.0734755130399211
Paderborn,PA-01--PA-11,Distanz + RIX,0.0719767094177802
Paderborn,PA-01--PA-12,Distanz + RIX,0.072090526328492
Paderborn,PA-01--PA-02,Distanz + RIX,0.0762365397922427
Paderborn,PA-01--PA-03,Distanz + RIX,0.0753349377613466
Paderborn,PA-01--PA-04,Distanz + RIX,0.0744194804436193
Paderborn,PA-01--PA-05,Distanz + RIX,0.0742421340593716
Paderborn,PA-01--PA-06,Distanz + RIX,0.073763051611091
Paderborn,PA-01--PA-07,Distanz + RIX,0.0738237299628953
Paderborn,PA-01--PA-08,Distanz + RIX,0.0738899091439577
Paderborn,PA-01--PA-09,Distanz + RIX,0.072381750780935
Paderborn,PA-10--PA-11,Distanz + RIX,0.0737025791764342
Paderborn,PA-10--PA-12,Distanz + RIX,0.0738288130138761
Paderborn,PA-02--PA-10,Distanz + RIX,0.0744577398096622
Paderborn,PA-03--PA-10,Distanz + RIX,0.0744823506000103
Paderborn,PA-04--PA-10,Distanz + RIX,0.0738471821231157
Paderborn,PA-05--PA-10,Distanz + RIX,0.0744170750201228
Paderborn,PA-06--PA-10,Distanz + RIX,0.0746441272915626
Paderborn,PA-07--PA-10,Distanz + RIX,0.0745691088746733
Paderborn,PA-08--PA-10,Distanz + RIX,0.0744649992189305
Paderborn,PA-09--PA-10,Distanz + RIX,0.0738857176752117
Paderborn,PA-11--PA-12,Distanz + RIX,0.0729720452237182
Paderborn,PA-02--PA-11,Distanz + RIX,0.0729516962509971
Paderborn,PA-03--PA-11,Distanz + RIX,0.0729908208051077
Paderborn,PA-04--PA-11,Distanz + RIX,0.0723411813015003
Paderborn,PA-05--PA-11,Distanz + RIX,0.0729147165344427
Paderborn,PA-06--PA-11,Distanz + RIX,0.0731112828715279
Paderborn,PA-07--PA-11,Distanz + RIX,0.0730806473873021
Paderborn,PA-08--PA-11,Distanz + RIX,0.0730197785513042
Paderborn,PA-09--PA-11,Distanz + RIX,0.0726797062931893
Paderborn,PA-02--PA-12,Distanz + RIX,0.0730545323694272
Paderborn,PA-03--PA-12,Distanz + RIX,0.0730843644081287
Paderborn,PA-04--PA-12,Distanz + RIX,0.0724548538669564
Paderborn,PA-05--PA-12,Distanz + RIX,0.0730164378377027
Paderborn,PA-06--PA-12,Distanz + RIX,0.0732473416340465
Paderborn,PA-07--PA-12,Distanz + RIX,0.0731748262520216
Paderborn,PA-08--PA-12,Distanz + RIX,0.073098388723442
Paderborn,PA-09--PA-12,Distanz + RIX,0.072965851271635
Paderborn,PA-02--PA-03,Distanz + RIX,0.0764626459489166
Paderborn,PA-02--PA-04,Distanz + RIX,0.0753961593741337
Paderborn,PA-02--PA-05,Distanz + RIX,0.0752592008478444
Paderborn,PA-02--PA-06,Distanz + RIX,0.0747257887793039
Paderborn,PA-02--PA-07,Distanz + RIX,0.0748401215130991
Paderborn,PA-02--PA-08,Distanz + RIX,0.0749433236432266
Paderborn,PA-02--PA-09,Distanz + RIX,0.0733008950348981
Paderborn,PA-03--PA-04,Distanz + RIX,0.0752790559012299
Paderborn,PA-03--PA-05,Distanz + RIX,0.0752836120141137
Paderborn,PA-03--PA-06,Distanz + RIX,0.0747102055584107
Paderborn,PA-03--PA-07,Distanz + RIX,0.0748808996369879
Paderborn,PA-03--PA-08,Distanz + RIX,0.0750034958476909
Paderborn,PA-03--PA-09,Distanz + RIX,0.0732695666506563
Paderborn,PA-04--PA-05,Distanz + RIX,0.0746051393636968
Paderborn,PA-04--PA-06,Distanz + RIX,0.0741287881677865
Paderborn,PA-04--PA-07,Distanz + RIX,0.0741889324038783
Paderborn,PA-04--PA-08,Distanz + RIX,0.0742201490471534
Paderborn,PA-04--PA-09,Distanz + RIX,0.0727173638779652
Paderborn,PA-05--PA-06,Distanz + RIX,0.0746362005798271
Paderborn,PA-05--PA-07,Distanz + RIX,0.0747972818450802
Paderborn,PA-05--PA-08,Distanz + RIX,0.0748174864182269
Paderborn,PA-05--PA-09,Distanz + RIX,0.0732003822265323
Paderborn,PA-06--PA-07,Distanz + RIX,0.0746468825442479
Paderborn,PA-06--PA-08,Distanz + RIX,0.0744929999132891
Paderborn,PA-06--PA-09,Distanz + RIX,0.0735100680166581
Paderborn,PA-07--PA-08,Distanz + RIX,0.0748181421331972
Paderborn,PA-07--PA-09,Distanz + RIX,0.0732907733770575
Paderborn,PA-08--PA-09,Distanz + RIX,0.07315705691181
Rheda-Beckum,RB-01--RB-02,Distanz + RIX,0.0590022131041725
Rheda-Beckum,RB-01--RB-03,Distanz + RIX,0.0603376158082503
Rheda-Beckum,RB-01--RB-04,Distanz + RIX,0.0594016098841844
Rheda-Beckum,RB-01--RB-05,Distanz + RIX,0.0591640633476055
Rheda-Beckum,RB-02--RB-03,Distanz + RIX,0.0607391664703898
Rheda-Beckum,RB-02--RB-04,Distanz + RIX,0.0597966084066158
Rheda-Beckum,RB-02--RB-05,Distanz + RIX,0.059557524864731
Rheda-Beckum,RB-03--RB-04,Distanz + RIX,0.0611584252100353
Rheda-Beckum,RB-03--RB-05,Distanz + RIX,0.060913882713694
Rheda-Beckum,RB-04--RB-05,Distanz + RIX,0.060038955015406
Alpen-Sevelen,AS-01--AS-02,Distanz + Gelaendehoehe,0.0668640934480452
Alpen-Sevelen,AS-01--AS-03,Distanz + Gelaendehoehe,0.0661014954853711
Alpen-Sevelen,AS-01--AS-04,Distanz + Gelaendehoehe,0.0668450950241772
Alpen-Sevelen,AS-01--AS-05,Distanz + Gelaendehoehe,0.0699597558236726
Alpen-Sevelen,AS-01--AS-06,Distanz + Gelaendehoehe,0.0685456780847715
Alpen-Sevelen,AS-02--AS-03,Distanz + Gelaendehoehe,0.0674585003349637
Alpen-Sevelen,AS-02--AS-04,Distanz + Gelaendehoehe,0.0682516710853622
Alpen-Sevelen,AS-02--AS-05,Distanz + Gelaendehoehe,0.0715488859673229
Alpen-Sevelen,AS-02--AS-06,Distanz + Gelaendehoehe,0.0700796764559245
Alpen-Sevelen,AS-03--AS-04,Distanz + Gelaendehoehe,0.0659493653172928
Alpen-Sevelen,AS-03--AS-05,Distanz + Gelaendehoehe,0.0687201518238461
Alpen-Sevelen,AS-03--AS-06,Distanz + Gelaendehoehe,0.0675479572876936
Alpen-Sevelen,AS-04--AS-05,Distanz + Gelaendehoehe,0.0683618584103551
Alpen-Sevelen,AS-04--AS-06,Distanz + Gelaendehoehe,0.0671417777349732
Alpen-Sevelen,AS-05--AS-06,Distanz + Gelaendehoehe,0.0667218603226881
Altenmellrich,AM-01--AM-02,Distanz + Gelaendehoehe,0.0627870812754884
Altenmellrich,AM-01--AM-03,Distanz + Gelaendehoehe,0.0607685861338913
Altenmellrich,AM-01--AM-04,Distanz + Gelaendehoehe,0.0775352841530131
Altenmellrich,AM-02--AM-03,Distanz + Gelaendehoehe,0.0584415569105735
Altenmellrich,AM-02--AM-04,Distanz + Gelaendehoehe,0.0674380689966546
Altenmellrich,AM-03--AM-04,Distanz + Gelaendehoehe,0.069584919069925
Bad Berleburg,BB-01--BB-02,Distanz + Gelaendehoehe,0.0696238256480429
Bad Berleburg,BB-01--BB-03,Distanz + Gelaendehoehe,0.0704410780421487
Bad Berleburg,BB-01--BB-04,Distanz + Gelaendehoehe,0.0658265754576577
Bad Berleburg,BB-01--BB-05,Distanz + Gelaendehoehe,0.0543031145292508
Bad Berleburg,BB-01--BB-06,Distanz + Gelaendehoehe,0.067615950489363
Bad Berleburg,BB-01--BB-07,Distanz + Gelaendehoehe,0.0939837161267898
Bad Berleburg,BB-02--BB-03,Distanz + Gelaendehoehe,0.0930995519523894
Bad Berleburg,BB-02--BB-04,Distanz + Gelaendehoehe,0.0866236005811831
Bad Berleburg,BB-02--BB-05,Distanz + Gelaendehoehe,0.0680720829122379
Bad Berleburg,BB-02--BB-06,Distanz + Gelaendehoehe,0.0889281898453955
Bad Berleburg,BB-02--BB-07,Distanz + Gelaendehoehe,0.0706313365497436
Bad Berleburg,BB-03--BB-04,Distanz + Gelaendehoehe,0.0563514464788031
Bad Berleburg,BB-03--BB-05,Distanz + Gelaendehoehe,0.0722436589008785
Bad Berleburg,BB-03--BB-06,Distanz + Gelaendehoehe,0.055768102733137
Bad Berleburg,BB-03--BB-07,Distanz + Gelaendehoehe,0.125027525189359
Bad Berleburg,BB-04--BB-05,Distanz + Gelaendehoehe,0.0669931850614409
Bad Berleburg,BB-04--BB-06,Distanz + Gelaendehoehe,0.0536503103525307
Bad Berleburg,BB-04--BB-07,Distanz + Gelaendehoehe,0.1159402658733553
Bad Berleburg,BB-05--BB-06,Distanz + Gelaendehoehe,0.0682422584693919
Bad Berleburg,BB-05--BB-07,Distanz + Gelaendehoehe,0.0903895114595487
Bad Berleburg,BB-06--BB-07,Distanz + Gelaendehoehe,0.117088392517318
Borken-Coesfeld,BC-01--BC-02,Distanz + Gelaendehoehe,0.0787411535462399
Borken-Coesfeld,BC-01--BC-03,Distanz + Gelaendehoehe,0.0715036686352812
Borken-Coesfeld,BC-01--BC-04,Distanz + Gelaendehoehe,0.0664440227074418
Borken-Coesfeld,BC-01--BC-05,Distanz + Gelaendehoehe,0.0722934602324284
Borken-Coesfeld,BC-01--BC-06,Distanz + Gelaendehoehe,0.0715004760980028
Borken-Coesfeld,BC-02--BC-03,Distanz + Gelaendehoehe,0.0869254454837784
Borken-Coesfeld,BC-02--BC-04,Distanz + Gelaendehoehe,0.0794204013490742
Borken-Coesfeld,BC-02--BC-05,Distanz + Gelaendehoehe,0.0724417854896205
Borken-Coesfeld,BC-02--BC-06,Distanz + Gelaendehoehe,0.0866866596185139
Borken-Coesfeld,BC-03--BC-04,Distanz + Gelaendehoehe,0.0707729946749852
Borken-Coesfeld,BC-03--BC-05,Distanz + Gelaendehoehe,0.0775313004023334
Borken-Coesfeld,BC-03--BC-06,Distanz + Gelaendehoehe,0.0660065208141331
Borken-Coesfeld,BC-04--BC-05,Distanz + Gelaendehoehe,0.0708348012300232
Borken-Coesfeld,BC-04--BC-06,Distanz + Gelaendehoehe,0.0720018332231916
Borken-Coesfeld,BC-05--BC-06,Distanz + Gelaendehoehe,0.0784236802520112
Lorup,LO-01--LO-02,Distanz + Gelaendehoehe,0.0717420046751171
Lorup,LO-01--LO-03,Distanz + Gelaendehoehe,0.0754671967620362
Lorup,LO-02--LO-03,Distanz + Gelaendehoehe,0.07274920125129
Ostfriesland,OF-01--OF-02,Distanz + Gelaendehoehe,0.0637778755272708
Ostfriesland,OF-01--OF-03,Distanz + Gelaendehoehe,0.0746282708110778
Ostfriesland,OF-01--OF-04,Distanz + Gelaendehoehe,0.0832559044661201
Ostfriesland,OF-02--OF-03,Distanz + Gelaendehoehe,0.0717782536316247
Ostfriesland,OF-02--OF-04,Distanz + Gelaendehoehe,0.0802686278211885
Ostfriesland,OF-03--OF-04,Distanz + Gelaendehoehe,0.0699145556626815
Paderborn,PA-01--PA-10,Distanz + Gelaendehoehe,0.0815261376793326
Paderborn,PA-01--PA-11,Distanz + Gelaendehoehe,0.1385730746562774
Paderborn,PA-01--PA-12,Distanz + Gelaendehoehe,0.1411819396443295
Paderborn,PA-01--PA-02,Distanz + Gelaendehoehe,0.1750731556854139
Paderborn,PA-01--PA-03,Distanz + Gelaendehoehe,0.1197861282386236
Paderborn,PA-01--PA-04,Distanz + Gelaendehoehe,0.0620550893673634
Paderborn,PA-01--PA-05,Distanz + Gelaendehoehe,0.1063311866112732
Paderborn,PA-01--PA-06,Distanz + Gelaendehoehe,0.0677924120509866
Paderborn,PA-01--PA-07,Distanz + Gelaendehoehe,0.0961091331708299
Paderborn,PA-01--PA-08,Distanz + Gelaendehoehe,0.1124274881018543
Paderborn,PA-01--PA-09,Distanz + Gelaendehoehe,0.1177988559291061
Paderborn,PA-10--PA-11,Distanz + Gelaendehoehe,0.0998932970327761
Paderborn,PA-10--PA-12,Distanz + Gelaendehoehe,0.1018437586462524
Paderborn,PA-02--PA-10,Distanz + Gelaendehoehe,0.0985678093850795
Paderborn,PA-03--PA-10,Distanz + Gelaendehoehe,0.0718899317126283
Paderborn,PA-04--PA-10,Distanz + Gelaendehoehe,0.0772637681735332
Paderborn,PA-05--PA-10,Distanz + Gelaendehoehe,0.0685630690436238
Paderborn,PA-06--PA-10,Distanz + Gelaendehoehe,0.0706323636038077
Paderborn,PA-07--PA-10,Distanz + Gelaendehoehe,0.0645134011386677
Paderborn,PA-08--PA-10,Distanz + Gelaendehoehe,0.074568288119502
Paderborn,PA-09--PA-10,Distanz + Gelaendehoehe,0.0835403592255212
Paderborn,PA-11--PA-12,Distanz + Gelaendehoehe,0.0596528091270804
Paderborn,PA-02--PA-11,Distanz + Gelaendehoehe,0.0551505838086932
Paderborn,PA-03--PA-11,Distanz + Gelaendehoehe,0.0674305337206364
Paderborn,PA-04--PA-11,Distanz + Gelaendehoehe,0.1313318090865406
Paderborn,PA-05--PA-11,Distanz + Gelaendehoehe,0.0765842300639077
Paderborn,PA-06--PA-11,Distanz + Gelaendehoehe,0.119969012883627
Paderborn,PA-07--PA-11,Distanz + Gelaendehoehe,0.08469123986853
Paderborn,PA-08--PA-11,Distanz + Gelaendehoehe,0.0720030434213452
Paderborn,PA-09--PA-11,Distanz + Gelaendehoehe,0.0667414478701799
Paderborn,PA-02--PA-12,Distanz + Gelaendehoehe,0.053416775310618
Paderborn,PA-03--PA-12,Distanz + Gelaendehoehe,0.0685926748886017
Paderborn,PA-04--PA-12,Distanz + Gelaendehoehe,0.1337973916480657
Paderborn,PA-05--PA-12,Distanz + Gelaendehoehe,0.0779502803863651
Paderborn,PA-06--PA-12,Distanz + Gelaendehoehe,0.1224060627331321
Paderborn,PA-07--PA-12,Distanz + Gelaendehoehe,0.086154062871553
Paderborn,PA-08--PA-12,Distanz + Gelaendehoehe,0.073165663632636
Paderborn,PA-09--PA-12,Distanz + Gelaendehoehe,0.0688377802982943
Paderborn,PA-02--PA-03,Distanz + Gelaendehoehe,0.0804209311899222
Paderborn,PA-02--PA-04,Distanz + Gelaendehoehe,0.1525092995610243
Paderborn,PA-02--PA-05,Distanz + Gelaendehoehe,0.0845318672368169
Paderborn,PA-02--PA-06,Distanz + Gelaendehoehe,0.125805799949273
Paderborn,PA-02--PA-07,Distanz + Gelaendehoehe,0.0897202275574527
Paderborn,PA-02--PA-08,Distanz + Gelaendehoehe,0.0771650209466393
Paderborn,PA-02--PA-09,Distanz + Gelaendehoehe,0.0652791771006035
Paderborn,PA-03--PA-04,Distanz + Gelaendehoehe,0.1101418098353126
Paderborn,PA-03--PA-05,Distanz + Gelaendehoehe,0.061650900837128
Paderborn,PA-03--PA-06,Distanz + Gelaendehoehe,0.0914977583525016
Paderborn,PA-03--PA-07,Distanz + Gelaendehoehe,0.0655102846528798
Paderborn,PA-03--PA-08,Distanz + Gelaendehoehe,0.0564189145595057
Paderborn,PA-03--PA-09,Distanz + Gelaendehoehe,0.0567850942107768
Paderborn,PA-04--PA-05,Distanz + Gelaendehoehe,0.1006834861750722
Paderborn,PA-04--PA-06,Distanz + Gelaendehoehe,0.0642146306220142
Paderborn,PA-04--PA-07,Distanz + Gelaendehoehe,0.0910315680911851
Paderborn,PA-04--PA-08,Distanz + Gelaendehoehe,0.1062236420947172
Paderborn,PA-04--PA-09,Distanz + Gelaendehoehe,0.1113955384545866
Paderborn,PA-05--PA-06,Distanz + Gelaendehoehe,0.0872114118435373
Paderborn,PA-05--PA-07,Distanz + Gelaendehoehe,0.0624001834850616
Paderborn,PA-05--PA-08,Distanz + Gelaendehoehe,0.0619813057860771
Paderborn,PA-05--PA-09,Distanz + Gelaendehoehe,0.0645268755208461
Paderborn,PA-06--PA-07,Distanz + Gelaendehoehe,0.0812505963884344
Paderborn,PA-06--PA-08,Distanz + Gelaendehoehe,0.093587627760199
Paderborn,PA-06--PA-09,Distanz + Gelaendehoehe,0.1018922440473029
Paderborn,PA-07--PA-08,Distanz + Gelaendehoehe,0.0677363339409412
Paderborn,PA-07--PA-09,Distanz + Gelaendehoehe,0.0709711869521627
Paderborn,PA-08--PA-09,Distanz + Gelaendehoehe,0.0600262759103852
Rheda-Beckum,RB-01--RB-02,Distanz + Gelaendehoehe,0.0652702104334724
Rheda-Beckum,RB-01--RB-03,Distanz + Gelaendehoehe,0.0712363483248218
Rheda-Beckum,RB-01--RB-04,Distanz + Gelaendehoehe,0.0717505284339615
Rheda-Beckum,RB-01--RB-05,Distanz + Gelaendehoehe,0.0682263678377667
Rheda-Beckum,RB-02--RB-03,Distanz + Gelaendehoehe,0.0681843435423915
Rheda-Beckum,RB-02--RB-04,Distanz + Gelaendehoehe,0.068648869109809
Rheda-Beckum,RB-02--RB-05,Distanz + Gelaendehoehe,0.0652805297403041
Rheda-Beckum,RB-03--RB-04,Distanz + Gelaendehoehe,0.0630859188968984
Rheda-Beckum,RB-03--RB-05,Distanz + Gelaendehoehe,0.0599895030525215
Rheda-Beckum,RB-04--RB-05,Distanz + Gelaendehoehe,0.065198556194851
Alpen-Sevelen,AS-01--AS-02,Distanz + Rauigkeit,0.0817439335476853
Alpen-Sevelen,AS-01--AS-03,Distanz + Rauigkeit,0.0816535190243586
Alpen-Sevelen,AS-01--AS-04,Distanz + Rauigkeit,0.0816957634030605
Alpen-Sevelen,AS-01--AS-05,Distanz + Rauigkeit,0.0816818467009993
Alpen-Sevelen,AS-01--AS-06,Distanz + Rauigkeit,0.0816663533563591
Alpen-Sevelen,AS-02--AS-03,Distanz + Rauigkeit,0.0816604974665897
Alpen-Sevelen,AS-02--AS-04,Distanz + Rauigkeit,0.0816107399200406
Alpen-Sevelen,AS-02--AS-05,Distanz + Rauigkeit,0.0817484339502769
Alpen-Sevelen,AS-02--AS-06,Distanz + Rauigkeit,0.0816945914309943
Alpen-Sevelen,AS-03--AS-04,Distanz + Rauigkeit,0.0816419705592274
Alpen-Sevelen,AS-03--AS-05,Distanz + Rauigkeit,0.0817138242293391
Alpen-Sevelen,AS-03--AS-06,Distanz + Rauigkeit,0.0816473321468533
Alpen-Sevelen,AS-04--AS-05,Distanz + Rauigkeit,0.0817162478498148
Alpen-Sevelen,AS-04--AS-06,Distanz + Rauigkeit,0.081673109147208
Alpen-Sevelen,AS-05--AS-06,Distanz + Rauigkeit,0.0816082441285568
Altenmellrich,AM-01--AM-02,Distanz + Rauigkeit,0.0653563315275491
Altenmellrich,AM-01--AM-03,Distanz + Rauigkeit,0.0654904275245746
Altenmellrich,AM-01--AM-04,Distanz + Rauigkeit,0.0655740457279881
Altenmellrich,AM-02--AM-03,Distanz + Rauigkeit,0.0655443017536672
Altenmellrich,AM-02--AM-04,Distanz + Rauigkeit,0.065542150133712
Altenmellrich,AM-03--AM-04,Distanz + Rauigkeit,0.0654767149539127
Bad Berleburg,BB-01--BB-02,Distanz + Rauigkeit,0.0743587439039545
Bad Berleburg,BB-01--BB-03,Distanz + Rauigkeit,0.0743357418644757
Bad Berleburg,BB-01--BB-04,Distanz + Rauigkeit,0.0744423484435201
Bad Berleburg,BB-01--BB-05,Distanz + Rauigkeit,0.0744887878308806
Bad Berleburg,BB-01--BB-06,Distanz + Rauigkeit,0.0744829799433367
Bad Berleburg,BB-01--BB-07,Distanz + Rauigkeit,0.0745032558645977
Bad Berleburg,BB-02--BB-03,Distanz + Rauigkeit,0.0744077648877974
Bad Berleburg,BB-02--BB-04,Distanz + Rauigkeit,0.0743895632020574
Bad Berleburg,BB-02--BB-05,Distanz + Rauigkeit,0.0744840959528039
Bad Berleburg,BB-02--BB-06,Distanz + Rauigkeit,0.0745141955723658
Bad Berleburg,BB-02--BB-07,Distanz + Rauigkeit,0.0745331002653299
Bad Berleburg,BB-03--BB-04,Distanz + Rauigkeit,0.0743059800900962
Bad Berleburg,BB-03--BB-05,Distanz + Rauigkeit,0.0743729251443668
Bad Berleburg,BB-03--BB-06,Distanz + Rauigkeit,0.0743367906239419
Bad Berleburg,BB-03--BB-07,Distanz + Rauigkeit,0.0743413751519618
Bad Berleburg,BB-04--BB-05,Distanz + Rauigkeit,0.0742628174738393
Bad Berleburg,BB-04--BB-06,Distanz + Rauigkeit,0.0743158996774167
Bad Berleburg,BB-04--BB-07,Distanz + Rauigkeit,0.0743785744530162
Bad Berleburg,BB-05--BB-06,Distanz + Rauigkeit,0.0742299029261503
Bad Berleburg,BB-05--BB-07,Distanz + Rauigkeit,0.0744001092745912
Bad Berleburg,BB-06--BB-07,Distanz + Rauigkeit,0.0743242123909881
Borken-Coesfeld,BC-01--BC-02,Distanz + Rauigkeit,0.0825548651868668
Borken-Coesfeld,BC-01--BC-03,Distanz + Rauigkeit,0.0827428221585295
Borken-Coesfeld,BC-01--BC-04,Distanz + Rauigkeit,0.0828873302121089
Borken-Coesfeld,BC-01--BC-05,Distanz + Rauigkeit,0.0827065073243017
Borken-Coesfeld,BC-01--BC-06,Distanz + Rauigkeit,0.0828484807877328
Borken-Coesfeld,BC-02--BC-03,Distanz + Rauigkeit,0.0827159461037211
Borken-Coesfeld,BC-02--BC-04,Distanz + Rauigkeit,0.0828377474749328
Borken-Coesfeld,BC-02--BC-05,Distanz + Rauigkeit,0.082651801712601
Borken-Coesfeld,BC-02--BC-06,Distanz + Rauigkeit,0.0827480787281376
Borken-Coesfeld,BC-03--BC-04,Distanz + Rauigkeit,0.0824324969706032
Borken-Coesfeld,BC-03--BC-05,Distanz + Rauigkeit,0.082529009568072
Borken-Coesfeld,BC-03--BC-06,Distanz + Rauigkeit,0.0826023778842082
Borken-Coesfeld,BC-04--BC-05,Distanz + Rauigkeit,0.0825846136919331
Borken-Coesfeld,BC-04--BC-06,Distanz + Rauigkeit,0.0826186016427588
Borken-Coesfeld,BC-05--BC-06,Distanz + Rauigkeit,0.0826010944527874
Lorup,LO-01--LO-02,Distanz + Rauigkeit,0.0843973178452272
Lorup,LO-01--LO-03,Distanz + Rauigkeit,0.1062292701435258
Lorup,LO-02--LO-03,Distanz + Rauigkeit,0.089517382927039
Ostfriesland,OF-01--OF-02,Distanz + Rauigkeit,0.0802982067614034
Ostfriesland,OF-01--OF-03,Distanz + Rauigkeit,0.0833387536343244
Ostfriesland,OF-01--OF-04,Distanz + Rauigkeit,0.0851879897455791
Ostfriesland,OF-02--OF-03,Distanz + Rauigkeit,0.0823681966081521
Ostfriesland,OF-02--OF-04,Distanz + Rauigkeit,0.0854234639894093
Ostfriesland,OF-03--OF-04,Distanz + Rauigkeit,0.0847271491334387
Paderborn,PA-01--PA-10,Distanz + Rauigkeit,0.0738308030384727
Paderborn,PA-01--PA-11,Distanz + Rauigkeit,0.0738544743013003
Paderborn,PA-01--PA-12,Distanz + Rauigkeit,0.0738875559064787
Paderborn,PA-01--PA-02,Distanz + Rauigkeit,0.0739595819053331
Paderborn,PA-01--PA-03,Distanz + Rauigkeit,0.0738964340662599
Paderborn,PA-01--PA-04,Distanz + Rauigkeit,0.0739366263228197
Paderborn,PA-01--PA-05,Distanz + Rauigkeit,0.0738350423471622
Paderborn,PA-01--PA-06,Distanz + Rauigkeit,0.0737040329921983
Paderborn,PA-01--PA-07,Distanz + Rauigkeit,0.0738596864409292
Paderborn,PA-01--PA-08,Distanz + Rauigkeit,0.0738428423807768
Paderborn,PA-01--PA-09,Distanz + Rauigkeit,0.0738116745494879
Paderborn,PA-10--PA-11,Distanz + Rauigkeit,0.0740684441276304
Paderborn,PA-10--PA-12,Distanz + Rauigkeit,0.0741535694250776
Paderborn,PA-02--PA-10,Distanz + Rauigkeit,0.0738543000030686
Paderborn,PA-03--PA-10,Distanz + Rauigkeit,0.0736921718584223
Paderborn,PA-04--PA-10,Distanz + Rauigkeit,0.073808268667981
Paderborn,PA-05--PA-10,Distanz + Rauigkeit,0.0739973234464494
Paderborn,PA-06--PA-10,Distanz + Rauigkeit,0.0740761274937943
Paderborn,PA-07--PA-10,Distanz + Rauigkeit,0.074010396516035
Paderborn,PA-08--PA-10,Distanz + Rauigkeit,0.0738936658680111
Paderborn,PA-09--PA-10,Distanz + Rauigkeit,0.0739876804892198
Paderborn,PA-11--PA-12,Distanz + Rauigkeit,0.073792480476918
Paderborn,PA-02--PA-11,Distanz + Rauigkeit,0.0737839927705093
Paderborn,PA-03--PA-11,Distanz + Rauigkeit,0.0739785077592714
Paderborn,PA-04--PA-11,Distanz + Rauigkeit,0.0738399389957002
Paderborn,PA-05--PA-11,Distanz + Rauigkeit,0.0737915581896366
Paderborn,PA-06--PA-11,Distanz + Rauigkeit,0.0738619548515061
Paderborn,PA-07--PA-11,Distanz + Rauigkeit,0.0738244841847693
Paderborn,PA-08--PA-11,Distanz + Rauigkeit,0.0738096314432915
Paderborn,PA-09--PA-11,Distanz + Rauigkeit,0.0738714464936241
Paderborn,PA-02--PA-12,Distanz + Rauigkeit,0.0737885273858144
Paderborn,PA-03--PA-12,Distanz + Rauigkeit,0.0740653461672655
Paderborn,PA-04--PA-12,Distanz + Rauigkeit,0.0739332183188587
Paderborn,PA-05--PA-12,Distanz + Rauigkeit,0.0739037820251364
Paderborn,PA-06--PA-12,Distanz + Rauigkeit,0.0739261182101247
Paderborn,PA-07--PA-12,Distanz + Rauigkeit,0.0738451015500825
Paderborn,PA-08--PA-12,Distanz + Rauigkeit,0.0738167338314014
Paderborn,PA-09--PA-12,Distanz + Rauigkeit,0.0739452705045574
Paderborn,PA-02--PA-03,Distanz + Rauigkeit,0.0739767892986701
Paderborn,PA-02--PA-04,Distanz + Rauigkeit,0.0739244341907964
Paderborn,PA-02--PA-05,Distanz + Rauigkeit,0.0739027509678083
Paderborn,PA-02--PA-06,Distanz + Rauigkeit,0.0737790507792803
Paderborn,PA-02--PA-07,Distanz + Rauigkeit,0.0736913616389476
Paderborn,PA-02--PA-08,Distanz + Rauigkeit,0.0737477526972712
Paderborn,PA-02--PA-09,Distanz + Rauigkeit,0.0735760847338719
Paderborn,PA-03--PA-04,Distanz + Rauigkeit,0.0738047990009681
Paderborn,PA-03--PA-05,Distanz + Rauigkeit,0.0739808891852385
Paderborn,PA-03--PA-06,Distanz + Rauigkeit,0.0739254525201498
Paderborn,PA-03--PA-07,Distanz + Rauigkeit,0.0739482482987511
Paderborn,PA-03--PA-08,Distanz + Rauigkeit,0.073885424548218
Paderborn,PA-03--PA-09,Distanz + Rauigkeit,0.0738336431483503
Paderborn,PA-04--PA-05,Distanz + Rauigkeit,0.0738270250400349
Paderborn,PA-04--PA-06,Distanz + Rauigkeit,0.0738613694060688
Paderborn,PA-04--PA-07,Distanz + Rauigkeit,0.0738204440410962
Paderborn,PA-04--PA-08,Distanz + Rauigkeit,0.0737404363989015
Paderborn,PA-04--PA-09,Distanz + Rauigkeit,0.0737334973886751
Paderborn,PA-05--PA-06,Distanz + Rauigkeit,0.0737563933952997
Paderborn,PA-05--PA-07,Distanz + Rauigkeit,0.0738312274838165
Paderborn,PA-05--PA-08,Distanz + Rauigkeit,0.0738607284935266
Paderborn,PA-05--PA-09,Distanz + Rauigkeit,0.0737719612969662
Paderborn,PA-06--PA-07,Distanz + Rauigkeit,0.0738074767544313
Paderborn,PA-06--PA-08,Distanz + Rauigkeit,0.0738394363503331
Paderborn,PA-06--PA-09,Distanz + Rauigkeit,0.0738144886644278
Paderborn,PA-07--PA-08,Distanz + Rauigkeit,0.0737292191941898
Paderborn,PA-07--PA-09,Distanz + Rauigkeit,0.0735962753553438
Paderborn,PA-08--PA-09,Distanz + Rauigkeit,0.0737014692869891
Rheda-Beckum,RB-01--RB-02,Distanz + Rauigkeit,0.0797690613184712
Rheda-Beckum,RB-01--RB-03,Distanz + Rauigkeit,0.0797653724884599
Rheda-Beckum,RB-01--RB-04,Distanz + Rauigkeit,0.0797810989251319
Rheda-Beckum,RB-01--RB-05,Distanz + Rauigkeit,0.0797566470000824
Rheda-Beckum,RB-02--RB-03,Distanz + Rauigkeit,0.0797786110310838
Rheda-Beckum,RB-02--RB-04,Distanz + Rauigkeit,0.0798540782237162
Rheda-Beckum,RB-02--RB-05,Distanz + Rauigkeit,0.079805023191432
Rheda-Beckum,RB-03--RB-04,Distanz + Rauigkeit,0.0798161787997902
Rheda-Beckum,RB-03--RB-05,Distanz + Rauigkeit,0.0797895793160698
Rheda-Beckum,RB-04--RB-05,Distanz + Rauigkeit,0.0797730830952319
Alpen-Sevelen,AS-01--AS-02,Distanz + Wald,0.0880123785256122
Alpen-Sevelen,AS-01--AS-03,Distanz + Wald,0.0725449021404366
Alpen-Sevelen,AS-01--AS-04,Distanz + Wald,0.0846904411576287
Alpen-Sevelen,AS-01--AS-05,Distanz + Wald,0.0879531971020482
Alpen-Sevelen,AS-01--AS-06,Distanz + Wald,0.087594068592508
Alpen-Sevelen,AS-02--AS-03,Distanz + Wald,0.0695023156997859
Alpen-Sevelen,AS-02--AS-04,Distanz + Wald,0.0605310018052304
Alpen-Sevelen,AS-02--AS-05,Distanz + Wald,0.0641049866913742
Alpen-Sevelen,AS-02--AS-06,Distanz + Wald,0.0605014194075446
Alpen-Sevelen,AS-03--AS-04,Distanz + Wald,0.0721915222612244
Alpen-Sevelen,AS-03--AS-05,Distanz + Wald,0.0761861779716873
Alpen-Sevelen,AS-03--AS-06,Distanz + Wald,0.0752676070742435
Alpen-Sevelen,AS-04--AS-05,Distanz + Wald,0.0655388754697708
Alpen-Sevelen,AS-04--AS-06,Distanz + Wald,0.0630626757042944
Alpen-Sevelen,AS-05--AS-06,Distanz + Wald,0.0632079566772281
Altenmellrich,AM-01--AM-02,Distanz + Wald,0.064427009010432
Altenmellrich,AM-01--AM-03,Distanz + Wald,0.0637768732797791
Altenmellrich,AM-01--AM-04,Distanz + Wald,0.0663068953918245
Altenmellrich,AM-02--AM-03,Distanz + Wald,0.0665926890799356
Altenmellrich,AM-02--AM-04,Distanz + Wald,0.0637057126223766
Altenmellrich,AM-03--AM-04,Distanz + Wald,0.0678409880606569
Bad Berleburg,BB-01--BB-02,Distanz + Wald,0.0574989891140166
Bad Berleburg,BB-01--BB-03,Distanz + Wald,0.0772886467209103
Bad Berleburg,BB-01--BB-04,Distanz + Wald,0.0723825830900076
Bad Berleburg,BB-01--BB-05,Distanz + Wald,0.0751580465382566
Bad Berleburg,BB-01--BB-06,Distanz + Wald,0.0693548439061253
Bad Berleburg,BB-01--BB-07,Distanz + Wald,0.0668688424281359
Bad Berleburg,BB-02--BB-03,Distanz + Wald,0.0766233504181071
Bad Berleburg,BB-02--BB-04,Distanz + Wald,0.0710068967324485
Bad Berleburg,BB-02--BB-05,Distanz + Wald,0.0723320922747222
Bad Berleburg,BB-02--BB-06,Distanz + Wald,0.0676613251219392
Bad Berleburg,BB-02--BB-07,Distanz + Wald,0.0665480945984898
Bad Berleburg,BB-03--BB-04,Distanz + Wald,0.0718272801879155
Bad Berleburg,BB-03--BB-05,Distanz + Wald,0.078056616990663
Bad Berleburg,BB-03--BB-06,Distanz + Wald,0.0688932483787664
Bad Berleburg,BB-03--BB-07,Distanz + Wald,0.0708600694014641
Bad Berleburg,BB-04--BB-05,Distanz + Wald,0.0661698924765683
Bad Berleburg,BB-04--BB-06,Distanz + Wald,0.0733669907430936
Bad Berleburg,BB-04--BB-07,Distanz + Wald,0.0706742459409283
Bad Berleburg,BB-05--BB-06,Distanz + Wald,0.0737158128934664
Bad Berleburg,BB-05--BB-07,Distanz + Wald,0.0768478569378856
Bad Berleburg,BB-06--BB-07,Distanz + Wald,0.0617907319959064
Borken-Coesfeld,BC-01--BC-02,Distanz + Wald,0.0756093287822246
Borken-Coesfeld,BC-01--BC-03,Distanz + Wald,0.0708348268662406
Borken-Coesfeld,BC-01--BC-04,Distanz + Wald,0.0744769657588423
Borken-Coesfeld,BC-01--BC-05,Distanz + Wald,0.0702489110594892
Borken-Coesfeld,BC-01--BC-06,Distanz + Wald,0.0740489967592767
Borken-Coesfeld,BC-02--BC-03,Distanz + Wald,0.0720910543202505
Borken-Coesfeld,BC-02--BC-04,Distanz + Wald,0.068827399382677
Borken-Coesfeld,BC-02--BC-05,Distanz + Wald,0.0701042813464541
Borken-Coesfeld,BC-02--BC-06,Distanz + Wald,0.0811373800034311
Borken-Coesfeld,BC-03--BC-04,Distanz + Wald,0.0715346046165965
Borken-Coesfeld,BC-03--BC-05,Distanz + Wald,0.0727189478481112
Borken-Coesfeld,BC-03--BC-06,Distanz + Wald,0.0723391243811961
Borken-Coesfeld,BC-04--BC-05,Distanz + Wald,0.0718465951735609
Borken-Coesfeld,BC-04--BC-06,Distanz + Wald,0.0763950479528208
Borken-Coesfeld,BC-05--BC-06,Distanz + Wald,0.0783175140628547
Lorup,LO-01--LO-02,Distanz + Wald,0.0897835946337452
Lorup,LO-01--LO-03,Distanz + Wald,0.1040558529274861
Lorup,LO-02--LO-03,Distanz + Wald,0.0902209221349136
Ostfriesland,OF-01--OF-02,Distanz + Wald,0.0615613120702691
Ostfriesland,OF-01--OF-03,Distanz + Wald,0.0709184919304454
Ostfriesland,OF-01--OF-04,Distanz + Wald,0.0790666626322686
Ostfriesland,OF-02--OF-03,Distanz + Wald,0.0666241529365816
Ostfriesland,OF-02--OF-04,Distanz + Wald,0.0781736356349331
Ostfriesland,OF-03--OF-04,Distanz + Wald,0.0695830956848774
Paderborn,PA-01--PA-10,Distanz + Wald,0.0762537392607794
Paderborn,PA-01--PA-11,Distanz + Wald,0.0799319110439316
Paderborn,PA-01--PA-12,Distanz + Wald,0.0982418404520942
Paderborn,PA-01--PA-02,Distanz + Wald,0.1089409348302899
Paderborn,PA-01--PA-03,Distanz + Wald,0.0760816715516723
Paderborn,PA-01--PA-04,Distanz + Wald,0.094926706583172
Paderborn,PA-01--PA-05,Distanz + Wald,0.0929206805275619
Paderborn,PA-01--PA-06,Distanz + Wald,0.0753879492449906
Paderborn,PA-01--PA-07,Distanz + Wald,0.0952924833104697
Paderborn,PA-01--PA-08,Distanz + Wald,0.0766670946578626
Paderborn,PA-01--PA-09,Distanz + Wald,0.0874455520129558
Paderborn,PA-10--PA-11,Distanz + Wald,0.0892706465960169
Paderborn,PA-10--PA-12,Distanz + Wald,0.117515532228077
Paderborn,PA-02--PA-10,Distanz + Wald,0.1014848980027141
Paderborn,PA-03--PA-10,Distanz + Wald,0.0726242582459312
Paderborn,PA-04--PA-10,Distanz + Wald,0.0680198011579098
Paderborn,PA-05--PA-10,Distanz + Wald,0.0800957886248596
Paderborn,PA-06--PA-10,Distanz + Wald,0.0645949781737417
Paderborn,PA-07--PA-10,Distanz + Wald,0.0889521264941482
Paderborn,PA-08--PA-10,Distanz + Wald,0.0679406321255333
Paderborn,PA-09--PA-10,Distanz + Wald,0.0838245717173862
Paderborn,PA-11--PA-12,Distanz + Wald,0.0743331389318598
Paderborn,PA-02--PA-11,Distanz + Wald,0.0753806830837101
Paderborn,PA-03--PA-11,Distanz + Wald,0.0843754227993959
Paderborn,PA-04--PA-11,Distanz + Wald,0.0756501211338869
Paderborn,PA-05--PA-11,Distanz + Wald,0.0614898669092757
Paderborn,PA-06--PA-11,Distanz + Wald,0.0731872429049599
Paderborn,PA-07--PA-11,Distanz + Wald,0.0698174517619915
Paderborn,PA-08--PA-11,Distanz + Wald,0.0779632230320596
Paderborn,PA-09--PA-11,Distanz + Wald,0.0903949812591284
Paderborn,PA-02--PA-12,Distanz + Wald,0.0715246597208558
Paderborn,PA-03--PA-12,Distanz + Wald,0.1081331334310088
Paderborn,PA-04--PA-12,Distanz + Wald,0.0999557805044884
Paderborn,PA-05--PA-12,Distanz + Wald,0.0814747488425392
Paderborn,PA-06--PA-12,Distanz + Wald,0.0979426110684719
Paderborn,PA-07--PA-12,Distanz + Wald,0.0835844695255972
Paderborn,PA-08--PA-12,Distanz + Wald,0.1032384660584151
Paderborn,PA-09--PA-12,Distanz + Wald,0.1159381583217894
Paderborn,PA-02--PA-03,Distanz + Wald,0.1140299691806532
Paderborn,PA-02--PA-04,Distanz + Wald,0.1137502865618552
Paderborn,PA-02--PA-05,Distanz + Wald,0.0965485474493245
Paderborn,PA-02--PA-06,Distanz + Wald,0.0950828599830257
Paderborn,PA-02--PA-07,Distanz + Wald,0.0906610089917662
Paderborn,PA-02--PA-08,Distanz + Wald,0.1111657512973163
Paderborn,PA-02--PA-09,Distanz + Wald,0.1022880486928408
Paderborn,PA-03--PA-04,Distanz + Wald,0.0886014132400184
Paderborn,PA-03--PA-05,Distanz + Wald,0.0928563988609759
Paderborn,PA-03--PA-06,Distanz + Wald,0.0738475427602945
Paderborn,PA-03--PA-07,Distanz + Wald,0.089040081159298
Paderborn,PA-03--PA-08,Distanz + Wald,0.0699386652731458
Paderborn,PA-03--PA-09,Distanz + Wald,0.073682568040706
Paderborn,PA-04--PA-05,Distanz + Wald,0.0737401354946009
Paderborn,PA-04--PA-06,Distanz + Wald,0.0651778843512308
Paderborn,PA-04--PA-07,Distanz + Wald,0.0815996859823997
Paderborn,PA-04--PA-08,Distanz + Wald,0.0705817431784307
Paderborn,PA-04--PA-09,Distanz + Wald,0.0725097927434859
Paderborn,PA-05--PA-06,Distanz + Wald,0.069322204151302
Paderborn,PA-05--PA-07,Distanz + Wald,0.0711786757463916
Paderborn,PA-05--PA-08,Distanz + Wald,0.0758570192238647
Paderborn,PA-05--PA-09,Distanz + Wald,0.0787192317460318
Paderborn,PA-06--PA-07,Distanz + Wald,0.0783084401437157
Paderborn,PA-06--PA-08,Distanz + Wald,0.0636528968844717
Paderborn,PA-06--PA-09,Distanz + Wald,0.0756579594734408
Paderborn,PA-07--PA-08,Distanz + Wald,0.0836724071025789
Paderborn,PA-07--PA-09,Distanz + Wald,0.0696989828450236
Paderborn,PA-08--PA-09,Distanz + Wald,0.0747049109574684
Rheda-Beckum,RB-01--RB-02,Distanz + Wald,0.0645402724039577
Rheda-Beckum,RB-01--RB-03,Distanz + Wald,0.067684460252803
Rheda-Beckum,RB-01--RB-04,Distanz + Wald,0.0669922489605331
Rheda-Beckum,RB-01--RB-05,Distanz + Wald,0.0664985518605727
Rheda-Beckum,RB-02--RB-03,Distanz + Wald,0.063850000499206
Rheda-Beckum,RB-02--RB-04,Distanz + Wald,0.0674734254129738
Rheda-Beckum,RB-02--RB-05,Distanz + Wald,0.0668343301614279
Rheda-Beckum,RB-03--RB-04,Distanz + Wald,0.0724682272595962
Rheda-Beckum,RB-03--RB-05,Distanz + Wald,0.0709159304348089
Rheda-Beckum,RB-04--RB-05,Distanz + Wald,0.0643933938652879
Alpen-Sevelen,AS-01--AS-02,Distanz + Wind,0.0546241942309868
Alpen-Sevelen,AS-01--AS-03,Distanz + Wind,0.0584078454395518
Alpen-Sevelen,AS-01--AS-04,Distanz + Wind,0.0559830063752351
Alpen-Sevelen,AS-01--AS-05,Distanz + Wind,0.0579551234872321
Alpen-Sevelen,AS-01--AS-06,Distanz + Wind,0.0570070056713381
Alpen-Sevelen,AS-02--AS-03,Distanz + Wind,0.0633223135089615
Alpen-Sevelen,AS-02--AS-04,Distanz + Wind,0.0615541530193542
Alpen-Sevelen,AS-02--AS-05,Distanz + Wind,0.0613792248526361
Alpen-Sevelen,AS-02--AS-06,Distanz + Wind,0.0618862268456304
Alpen-Sevelen,AS-03--AS-04,Distanz + Wind,0.0520073558030985
Alpen-Sevelen,AS-03--AS-05,Distanz + Wind,0.0543118499446434
Alpen-Sevelen,AS-03--AS-06,Distanz + Wind,0.0533623417301174
Alpen-Sevelen,AS-04--AS-05,Distanz + Wind,0.052875330229694
Alpen-Sevelen,AS-04--AS-06,Distanz + Wind,0.0509868388443366
Alpen-Sevelen,AS-05--AS-06,Distanz + Wind,0.0513258635262511
Altenmellrich,AM-01--AM-02,Distanz + Wind,0.0587977276725941
Altenmellrich,AM-01--AM-03,Distanz + Wind,0.063907076570704
Altenmellrich,AM-01--AM-04,Distanz + Wind,0.0831421270671142
Altenmellrich,AM-02--AM-03,Distanz + Wind,0.0514574355003824
Altenmellrich,AM-02--AM-04,Distanz + Wind,0.068930247996596
Altenmellrich,AM-03--AM-04,Distanz + Wind,0.0556688018006203
Bad Berleburg,BB-01--BB-02,Distanz + Wind,0.0863262989474303
Bad Berleburg,BB-01--BB-03,Distanz + Wind,0.0641417751680357
Bad Berleburg,BB-01--BB-04,Distanz + Wind,0.0866623925455134
Bad Berleburg,BB-01--BB-05,Distanz + Wind,0.0665103214113134
Bad Berleburg,BB-01--BB-06,Distanz + Wind,0.117663798399374
Bad Berleburg,BB-01--BB-07,Distanz + Wind,0.1062085373721072
Bad Berleburg,BB-02--BB-03,Distanz + Wind,0.0965685149322479
Bad Berleburg,BB-02--BB-04,Distanz + Wind,0.0743959190106036
Bad Berleburg,BB-02--BB-05,Distanz + Wind,0.0986429992814957
Bad Berleburg,BB-02--BB-06,Distanz + Wind,0.1699443941041591
Bad Berleburg,BB-02--BB-07,Distanz + Wind,0.073175997706007
Bad Berleburg,BB-03--BB-04,Distanz + Wind,0.0959213472736278
Bad Berleburg,BB-03--BB-05,Distanz + Wind,0.0824608398999895
Bad Berleburg,BB-03--BB-06,Distanz + Wind,0.108911968325891
Bad Berleburg,BB-03--BB-07,Distanz + Wind,0.1311015228253907
Bad Berleburg,BB-04--BB-05,Distanz + Wind,0.0825391978833673
Bad Berleburg,BB-04--BB-06,Distanz + Wind,0.12019944035545
Bad Berleburg,BB-04--BB-07,Distanz + Wind,0.0874863410884744
Bad Berleburg,BB-05--BB-06,Distanz + Wind,0.1152917956469734
Bad Berleburg,BB-05--BB-07,Distanz + Wind,0.0969410677757327
Bad Berleburg,BB-06--BB-07,Distanz + Wind,0.2006973262625717
Borken-Coesfeld,BC-01--BC-02,Distanz + Wind,0.058654351312703
Borken-Coesfeld,BC-01--BC-03,Distanz + Wind,0.0608179086064397
Borken-Coesfeld,BC-01--BC-04,Distanz + Wind,0.0605789686046616
Borken-Coesfeld,BC-01--BC-05,Distanz + Wind,0.0596368061274872
Borken-Coesfeld,BC-01--BC-06,Distanz + Wind,0.065800932774482
Borken-Coesfeld,BC-02--BC-03,Distanz + Wind,0.0660938921464815
Borken-Coesfeld,BC-02--BC-04,Distanz + Wind,0.0655185135277096
Borken-Coesfeld,BC-02--BC-05,Distanz + Wind,0.0566254789053949
Borken-Coesfeld,BC-02--BC-06,Distanz + Wind,0.0672676692759144
Borken-Coesfeld,BC-03--BC-04,Distanz + Wind,0.0513499202479156
Borken-Coesfeld,BC-03--BC-05,Distanz + Wind,0.0609661552401498
Borken-Coesfeld,BC-03--BC-06,Distanz + Wind,0.0561276024521089
Borken-Coesfeld,BC-04--BC-05,Distanz + Wind,0.061221528076698
Borken-Coesfeld,BC-04--BC-06,Distanz + Wind,0.0567585566135429
Borken-Coesfeld,BC-05--BC-06,Distanz + Wind,0.0588157195701287
Lorup,LO-01--LO-02,Distanz + Wind,0.0560118702519737
Lorup,LO-01--LO-03,Distanz + Wind,0.0613487903598992
Lorup,LO-02--LO-03,Distanz + Wind,0.0589700855543967
Ostfriesland,OF-01--OF-02,Distanz + Wind,0.0521932123305794
Ostfriesland,OF-01--OF-03,Distanz + Wind,0.0599931648250666
Ostfriesland,OF-01--OF-04,Distanz + Wind,0.0748049137692832
Ostfriesland,OF-02--OF-03,Distanz + Wind,0.0603963015213559
Ostfriesland,OF-02--OF-04,Distanz + Wind,0.0711084319405366
Ostfriesland,OF-03--OF-04,Distanz + Wind,0.0733668271252552
Paderborn,PA-01--PA-10,Distanz + Wind,0.1390950933076378
Paderborn,PA-01--PA-11,Distanz + Wind,0.1331192888393137
Paderborn,PA-01--PA-12,Distanz + Wind,0.1285218897719024
Paderborn,PA-01--PA-02,Distanz + Wind,0.0930002489845033
Paderborn,PA-01--PA-03,Distanz + Wind,0.096083135403804
Paderborn,PA-01--PA-04,Distanz + Wind,0.071327490288801
Paderborn,PA-01--PA-05,Distanz + Wind,0.110854218363417
Paderborn,PA-01--PA-06,Distanz + Wind,0.1314784588670636
Paderborn,PA-01--PA-07,Distanz + Wind,0.1111520931514386
Paderborn,PA-01--PA-08,Distanz + Wind,0.1215526528672262
Paderborn,PA-01--PA-09,Distanz + Wind,0.128399331954884
Paderborn,PA-10--PA-11,Distanz + Wind,0.0596701181583025
Paderborn,PA-10--PA-12,Distanz + Wind,0.0658141781353901
Paderborn,PA-02--PA-10,Distanz + Wind,0.1080779453865162
Paderborn,PA-03--PA-10,Distanz + Wind,0.0879830215612807
Paderborn,PA-04--PA-10,Distanz + Wind,0.0956064840399642
Paderborn,PA-05--PA-10,Distanz + Wind,0.0753477263010091
Paderborn,PA-06--PA-10,Distanz + Wind,0.0646827609795168
Paderborn,PA-07--PA-10,Distanz + Wind,0.070329992082469
Paderborn,PA-08--PA-10,Distanz + Wind,0.0667277771477124
Paderborn,PA-09--PA-10,Distanz + Wind,0.0594771570816458
Paderborn,PA-11--PA-12,Distanz + Wind,0.0576193961341211
Paderborn,PA-02--PA-11,Distanz + Wind,0.112157381560582
Paderborn,PA-03--PA-11,Distanz + Wind,0.0842610189204758
Paderborn,PA-04--PA-11,Distanz + Wind,0.1018987837443459
Paderborn,PA-05--PA-11,Distanz + Wind,0.0714796120502079
Paderborn,PA-06--PA-11,Distanz + Wind,0.0640597577577488
Paderborn,PA-07--PA-11,Distanz + Wind,0.0671440646329609
Paderborn,PA-08--PA-11,Distanz + Wind,0.0597864413536447
Paderborn,PA-09--PA-11,Distanz + Wind,0.0629297379861524
Paderborn,PA-02--PA-12,Distanz + Wind,0.0980080608694365
Paderborn,PA-03--PA-12,Distanz + Wind,0.0888842528330219
Paderborn,PA-04--PA-12,Distanz + Wind,0.0999718190200696
Paderborn,PA-05--PA-12,Distanz + Wind,0.0842360253940479
Paderborn,PA-06--PA-12,Distanz + Wind,0.073948785486478
Paderborn,PA-07--PA-12,Distanz + Wind,0.0800662912439546
Paderborn,PA-08--PA-12,Distanz + Wind,0.0709978143963122
Paderborn,PA-09--PA-12,Distanz + Wind,0.0725607904153788
Paderborn,PA-02--PA-03,Distanz + Wind,0.1063178481431102
Paderborn,PA-02--PA-04,Distanz + Wind,0.0797983091016198
Paderborn,PA-02--PA-05,Distanz + Wind,0.123727380771179
Paderborn,PA-02--PA-06,Distanz + Wind,0.1241555852288361
Paderborn,PA-02--PA-07,Distanz + Wind,0.1147873918209104
Paderborn,PA-02--PA-08,Distanz + Wind,0.1149486355841856
Paderborn,PA-02--PA-09,Distanz + Wind,0.1116500640878646
Paderborn,PA-03--PA-04,Distanz + Wind,0.0723764656677665
Paderborn,PA-03--PA-05,Distanz + Wind,0.061888220074294
Paderborn,PA-03--PA-06,Distanz + Wind,0.0721900685197172
Paderborn,PA-03--PA-07,Distanz + Wind,0.0649388163985594
Paderborn,PA-03--PA-08,Distanz + Wind,0.0685565834864435
Paderborn,PA-03--PA-09,Distanz + Wind,0.070457379131684
Paderborn,PA-04--PA-05,Distanz + Wind,0.0827382049173979
Paderborn,PA-04--PA-06,Distanz + Wind,0.0903549682309056
Paderborn,PA-04--PA-07,Distanz + Wind,0.08211387593721
Paderborn,PA-04--PA-08,Distanz + Wind,0.0902606658141588
Paderborn,PA-04--PA-09,Distanz + Wind,0.0866717811761278
Paderborn,PA-05--PA-06,Distanz + Wind,0.0584124640339642
Paderborn,PA-05--PA-07,Distanz + Wind,0.0507506518443197
Paderborn,PA-05--PA-08,Distanz + Wind,0.0583177388047492
Paderborn,PA-05--PA-09,Distanz + Wind,0.0598180887196711
Paderborn,PA-06--PA-07,Distanz + Wind,0.0566565596351315
Paderborn,PA-06--PA-08,Distanz + Wind,0.0594339837976025
Paderborn,PA-06--PA-09,Distanz + Wind,0.0503113742258671
Paderborn,PA-07--PA-08,Distanz + Wind,0.0542960775903069
Paderborn,PA-07--PA-09,Distanz + Wind,0.0593460807893272
Paderborn,PA-08--PA-09,Distanz + Wind,0.0587324400198674
Rheda-Beckum,RB-01--RB-02,Distanz + Wind,0.050791280417098
Rheda-Beckum,RB-01--RB-03,Distanz + Wind,0.0533447378782786
Rheda-Beckum,RB-01--RB-04,Distanz + Wind,0.0689382011430546
Rheda-Beckum,RB-01--RB-05,Distanz + Wind,0.0644882537064027
Rheda-Beckum,RB-02--RB-03,Distanz + Wind,0.0515398574310361
Rheda-Beckum,RB-02--RB-04,Distanz + Wind,0.06925418926521
Rheda-Beckum,RB-02--RB-05,Distanz + Wind,0.0648269376392838
Rheda-Beckum,RB-03--RB-04,Distanz + Wind,0.06560846819576
Rheda-Beckum,RB-03--RB-05,Distanz + Wind,0.0614378810458275
Rheda-Beckum,RB-04--RB-05,Distanz + Wind,0.0528453378275786
Alpen-Sevelen,AS-01--AS-02,RIX + Gelaendehoehe,0.0539358941596407
Alpen-Sevelen,AS-01--AS-03,RIX + Gelaendehoehe,0.0536780861582056
Alpen-Sevelen,AS-01--AS-04,RIX + Gelaendehoehe,0.0540880005064842
Alpen-Sevelen,AS-01--AS-05,RIX + Gelaendehoehe,0.0571168787388475
Alpen-Sevelen,AS-01--AS-06,RIX + Gelaendehoehe,0.0560735296792406
Alpen-Sevelen,AS-02--AS-03,RIX + Gelaendehoehe,0.0548273058797725
Alpen-Sevelen,AS-02--AS-04,RIX + Gelaendehoehe,0.0552459962796377
Alpen-Sevelen,AS-02--AS-05,RIX + Gelaendehoehe,0.0583397212091914
Alpen-Sevelen,AS-02--AS-06,RIX + Gelaendehoehe,0.057274034592462
Alpen-Sevelen,AS-03--AS-04,RIX + Gelaendehoehe,0.0522108842030484
Alpen-Sevelen,AS-03--AS-05,RIX + Gelaendehoehe,0.0551346456505824
Alpen-Sevelen,AS-03--AS-06,RIX + Gelaendehoehe,0.0541275058705128
Alpen-Sevelen,AS-04--AS-05,RIX + Gelaendehoehe,0.0547130420259655
Alpen-Sevelen,AS-04--AS-06,RIX + Gelaendehoehe,0.0537136036426632
Alpen-Sevelen,AS-05--AS-06,RIX + Gelaendehoehe,0.0539852434378192
Altenmellrich,AM-01--AM-02,RIX + Gelaendehoehe,0.0658784415864982
Altenmellrich,AM-01--AM-03,RIX + Gelaendehoehe,0.0649257239510366
Altenmellrich,AM-01--AM-04,RIX + Gelaendehoehe,0.073794298815106
Altenmellrich,AM-02--AM-03,RIX + Gelaendehoehe,0.063777093516653
Altenmellrich,AM-02--AM-04,RIX + Gelaendehoehe,0.0675999260777629
Altenmellrich,AM-03--AM-04,RIX + Gelaendehoehe,0.0714404558332998
Bad Berleburg,BB-01--BB-02,RIX + Gelaendehoehe,0.132136353314491
Bad Berleburg,BB-01--BB-03,RIX + Gelaendehoehe,0.1327432062348247
Bad Berleburg,BB-01--BB-04,RIX + Gelaendehoehe,0.1272699669552386
Bad Berleburg,BB-01--BB-05,RIX + Gelaendehoehe,0.1132664432682258
Bad Berleburg,BB-01--BB-06,RIX + Gelaendehoehe,0.1301532787290467
Bad Berleburg,BB-01--BB-07,RIX + Gelaendehoehe,0.1661459443648235
Bad Berleburg,BB-02--BB-03,RIX + Gelaendehoehe,0.1598728451074736
Bad Berleburg,BB-02--BB-04,RIX + Gelaendehoehe,0.1532810024030457
Bad Berleburg,BB-02--BB-05,RIX + Gelaendehoehe,0.1319040964493514
Bad Berleburg,BB-02--BB-06,RIX + Gelaendehoehe,0.1567535963661229
Bad Berleburg,BB-02--BB-07,RIX + Gelaendehoehe,0.1354683139091315
Bad Berleburg,BB-03--BB-04,RIX + Gelaendehoehe,0.1131714455836647
Bad Berleburg,BB-03--BB-05,RIX + Gelaendehoehe,0.137041987963729
Bad Berleburg,BB-03--BB-06,RIX + Gelaendehoehe,0.1128193638696098
Bad Berleburg,BB-03--BB-07,RIX + Gelaendehoehe,0.2010213250357603
Bad Berleburg,BB-04--BB-05,RIX + Gelaendehoehe,0.1313915022420811
Bad Berleburg,BB-04--BB-06,RIX + Gelaendehoehe,0.1109633789857608
Bad Berleburg,BB-04--BB-07,RIX + Gelaendehoehe,0.1927328570724822
Bad Berleburg,BB-05--BB-06,RIX + Gelaendehoehe,0.1343681877434308
Bad Berleburg,BB-05--BB-07,RIX + Gelaendehoehe,0.1658539086363818
Bad Berleburg,BB-06--BB-07,RIX + Gelaendehoehe,0.1970992361113971
Borken-Coesfeld,BC-01--BC-02,RIX + Gelaendehoehe,0.0643815400234919
Borken-Coesfeld,BC-01--BC-03,RIX + Gelaendehoehe,0.0579601855591791
Borken-Coesfeld,BC-01--BC-04,RIX + Gelaendehoehe,0.0546445822981304
Borken-Coesfeld,BC-01--BC-05,RIX + Gelaendehoehe,0.0600473671344485
Borken-Coesfeld,BC-01--BC-06,RIX + Gelaendehoehe,0.0583553692162504
Borken-Coesfeld,BC-02--BC-03,RIX + Gelaendehoehe,0.0693313416286452
Borken-Coesfeld,BC-02--BC-04,RIX + Gelaendehoehe,0.0643954771746623
Borken-Coesfeld,BC-02--BC-05,RIX + Gelaendehoehe,0.0603432824863803
Borken-Coesfeld,BC-02--BC-06,RIX + Gelaendehoehe,0.0698040560078374
Borken-Coesfeld,BC-03--BC-04,RIX + Gelaendehoehe,0.0588457840878596
Borken-Coesfeld,BC-03--BC-05,RIX + Gelaendehoehe,0.0646639475101101
Borken-Coesfeld,BC-03--BC-06,RIX + Gelaendehoehe,0.0543219879523933
Borken-Coesfeld,BC-04--BC-05,RIX + Gelaendehoehe,0.0600603660349536
Borken-Coesfeld,BC-04--BC-06,RIX + Gelaendehoehe,0.0592470059254834
Borken-Coesfeld,BC-05--BC-06,RIX + Gelaendehoehe,0.0651048387013852
Lorup,LO-01--LO-02,RIX + Gelaendehoehe,0.0591136922853824
Lorup,LO-01--LO-03,RIX + Gelaendehoehe,0.0616386465278205
Lorup,LO-02--LO-03,RIX + Gelaendehoehe,0.0596244821677394
Ostfriesland,OF-01--OF-02,RIX + Gelaendehoehe,0.0556473196714006
Ostfriesland,OF-01--OF-03,RIX + Gelaendehoehe,0.0557114075410441
Ostfriesland,OF-01--OF-04,RIX + Gelaendehoehe,0.055797225945519
Ostfriesland,OF-02--OF-03,RIX + Gelaendehoehe,0.0555942905771855
Ostfriesland,OF-02--OF-04,RIX + Gelaendehoehe,0.0556799285735282
Ostfriesland,OF-03--OF-04,RIX + Gelaendehoehe,0.0556158769158574
Paderborn,PA-01--PA-10,RIX + Gelaendehoehe,0.0944290482662102
Paderborn,PA-01--PA-11,RIX + Gelaendehoehe,0.1435601209789188
Paderborn,PA-01--PA-12,RIX + Gelaendehoehe,0.1487304232882018
Paderborn,PA-01--PA-02,RIX + Gelaendehoehe,0.1817416308429374
Paderborn,PA-01--PA-03,RIX + Gelaendehoehe,0.1281926471192028
Paderborn,PA-01--PA-04,RIX + Gelaendehoehe,0.0678611114738176
Paderborn,PA-01--PA-05,RIX + Gelaendehoehe,0.1137666773624457
Paderborn,PA-01--PA-06,RIX + Gelaendehoehe,0.0772686470192663
Paderborn,PA-01--PA-07,RIX + Gelaendehoehe,0.1051074705664965
Paderborn,PA-01--PA-08,RIX + Gelaendehoehe,0.1209664143482024
Paderborn,PA-01--PA-09,RIX + Gelaendehoehe,0.1264372997209927
Paderborn,PA-10--PA-11,RIX + Gelaendehoehe,0.0951841321681496
Paderborn,PA-10--PA-12,RIX + Gelaendehoehe,0.0986121784459063
Paderborn,PA-02--PA-10,RIX + Gelaendehoehe,0.120499476405077
Paderborn,PA-03--PA-10,RIX + Gelaendehoehe,0.0849950932276727
Paderborn,PA-04--PA-10,RIX + Gelaendehoehe,0.0846387587353022
Paderborn,PA-05--PA-10,RIX + Gelaendehoehe,0.0754302962449331
Paderborn,PA-06--PA-10,RIX + Gelaendehoehe,0.0750964005663926
Paderborn,PA-07--PA-10,RIX + Gelaendehoehe,0.0696890146235697
Paderborn,PA-08--PA-10,RIX + Gelaendehoehe,0.0802039110354139
Paderborn,PA-09--PA-10,RIX + Gelaendehoehe,0.083831251781922
Paderborn,PA-11--PA-12,RIX + Gelaendehoehe,0.0557735103047272
Paderborn,PA-02--PA-11,RIX + Gelaendehoehe,0.0681526247052682
Paderborn,PA-03--PA-11,RIX + Gelaendehoehe,0.0760289712659384
Paderborn,PA-04--PA-11,RIX + Gelaendehoehe,0.1286759812435115
Paderborn,PA-05--PA-11,RIX + Gelaendehoehe,0.078871240190997
Paderborn,PA-06--PA-11,RIX + Gelaendehoehe,0.1141687706096515
Paderborn,PA-07--PA-11,RIX + Gelaendehoehe,0.0840298434437364
Paderborn,PA-08--PA-11,RIX + Gelaendehoehe,0.0734042182800665
Paderborn,PA-09--PA-11,RIX + Gelaendehoehe,0.0638877795619831
Paderborn,PA-02--PA-12,RIX + Gelaendehoehe,0.0675549593950589
Paderborn,PA-03--PA-12,RIX + Gelaendehoehe,0.0787671464849911
Paderborn,PA-04--PA-12,RIX + Gelaendehoehe,0.1333102328618303
Paderborn,PA-05--PA-12,RIX + Gelaendehoehe,0.0817117794195437
Paderborn,PA-06--PA-12,RIX + Gelaendehoehe,0.1182805465980388
Paderborn,PA-07--PA-12,RIX + Gelaendehoehe,0.0870561692133395
Paderborn,PA-08--PA-12,RIX + Gelaendehoehe,0.0760478633027694
Paderborn,PA-09--PA-12,RIX + Gelaendehoehe,0.0661886910682697
Paderborn,PA-02--PA-03,RIX + Gelaendehoehe,0.0962497742058293
Paderborn,PA-02--PA-04,RIX + Gelaendehoehe,0.1628988783378437
Paderborn,PA-02--PA-05,RIX + Gelaendehoehe,0.0998479781235469
Paderborn,PA-02--PA-06,RIX + Gelaendehoehe,0.1445333036810287
Paderborn,PA-02--PA-07,RIX + Gelaendehoehe,0.1063785728432478
Paderborn,PA-02--PA-08,RIX + Gelaendehoehe,0.0929269371605591
Paderborn,PA-02--PA-09,RIX + Gelaendehoehe,0.0808794891600428
Paderborn,PA-03--PA-04,RIX + Gelaendehoehe,0.1149017884896384
Paderborn,PA-03--PA-05,RIX + Gelaendehoehe,0.0704284239433254
Paderborn,PA-03--PA-06,RIX + Gelaendehoehe,0.1019475103740366
Paderborn,PA-03--PA-07,RIX + Gelaendehoehe,0.0750348216107075
Paderborn,PA-03--PA-08,RIX + Gelaendehoehe,0.0655466224664112
Paderborn,PA-03--PA-09,RIX + Gelaendehoehe,0.0669607810433777
Paderborn,PA-04--PA-05,RIX + Gelaendehoehe,0.1019714858318933
Paderborn,PA-04--PA-06,RIX + Gelaendehoehe,0.0692575271375166
Paderborn,PA-04--PA-07,RIX + Gelaendehoehe,0.0942100551249432
Paderborn,PA-04--PA-08,RIX + Gelaendehoehe,0.1084247627936303
Paderborn,PA-04--PA-09,RIX + Gelaendehoehe,0.1133284333869279
Paderborn,PA-05--PA-06,RIX + Gelaendehoehe,0.0904749982254657
Paderborn,PA-05--PA-07,RIX + Gelaendehoehe,0.0665908890483884
Paderborn,PA-05--PA-08,RIX + Gelaendehoehe,0.0664583664045656
Paderborn,PA-05--PA-09,RIX + Gelaendehoehe,0.0694640445229207
Paderborn,PA-06--PA-07,RIX + Gelaendehoehe,0.083588608136024
Paderborn,PA-06--PA-08,RIX + Gelaendehoehe,0.0962007186746521
Paderborn,PA-06--PA-09,RIX + Gelaendehoehe,0.1005515387554565
Paderborn,PA-07--PA-08,RIX + Gelaendehoehe,0.070805100959216
Paderborn,PA-07--PA-09,RIX + Gelaendehoehe,0.0740073665900851
Paderborn,PA-08--PA-09,RIX + Gelaendehoehe,0.0646490897623639
Rheda-Beckum,RB-01--RB-02,RIX + Gelaendehoehe,0.0485954980229486
Rheda-Beckum,RB-01--RB-03,RIX + Gelaendehoehe,0.0540735682378238
Rheda-Beckum,RB-01--RB-04,RIX + Gelaendehoehe,0.0559482196837673
Rheda-Beckum,RB-01--RB-05,RIX + Gelaendehoehe,0.0534187668506333
Rheda-Beckum,RB-02--RB-03,RIX + Gelaendehoehe,0.052155381514597
Rheda-Beckum,RB-02--RB-04,RIX + Gelaendehoehe,0.0539635322351127
Rheda-Beckum,RB-02--RB-05,RIX + Gelaendehoehe,0.0515238083212947
Rheda-Beckum,RB-03--RB-04,RIX + Gelaendehoehe,0.0505225369996788
Rheda-Beckum,RB-03--RB-05,RIX + Gelaendehoehe,0.0482383825605692
Rheda-Beckum,RB-04--RB-05,RIX + Gelaendehoehe,0.0494002457778892
Alpen-Sevelen,AS-01--AS-02,RIX + Rauigkeit,0.0621635063401503
Alpen-Sevelen,AS-01--AS-03,RIX + Rauigkeit,0.0597442349594079
Alpen-Sevelen,AS-01--AS-04,RIX + Rauigkeit,0.0607994652127342
Alpen-Sevelen,AS-01--AS-05,RIX + Rauigkeit,0.0612544545053251
Alpen-Sevelen,AS-01--AS-06,RIX + Rauigkeit,0.0607937040658693
Alpen-Sevelen,AS-02--AS-03,RIX + Rauigkeit,0.0599124178234936
Alpen-Sevelen,AS-02--AS-04,RIX + Rauigkeit,0.0584640880374355
Alpen-Sevelen,AS-02--AS-05,RIX + Rauigkeit,0.0630310461082283
Alpen-Sevelen,AS-02--AS-06,RIX + Rauigkeit,0.061491686237523
Alpen-Sevelen,AS-03--AS-04,RIX + Rauigkeit,0.0582462803903568
Alpen-Sevelen,AS-03--AS-05,RIX + Rauigkeit,0.0611591134466254
Alpen-Sevelen,AS-03--AS-06,RIX + Rauigkeit,0.0592048399181265
Alpen-Sevelen,AS-04--AS-05,RIX + Rauigkeit,0.0611151063568601
Alpen-Sevelen,AS-04--AS-06,RIX + Rauigkeit,0.0598189385300187
Alpen-Sevelen,AS-05--AS-06,RIX + Rauigkeit,0.0588124355974415
Altenmellrich,AM-01--AM-02,RIX + Rauigkeit,0.0622580688860281
Altenmellrich,AM-01--AM-03,RIX + Rauigkeit,0.0662374061235886
Altenmellrich,AM-01--AM-04,RIX + Rauigkeit,0.0656550567183267
Altenmellrich,AM-02--AM-03,RIX + Rauigkeit,0.0681873274454812
Altenmellrich,AM-02--AM-04,RIX + Rauigkeit,0.0655237285321909
Altenmellrich,AM-03--AM-04,RIX + Rauigkeit,0.065910569949142
Bad Berleburg,BB-01--BB-02,RIX + Rauigkeit,0.513196951607805
Bad Berleburg,BB-01--BB-03,RIX + Rauigkeit,0.5225386899247184
Bad Berleburg,BB-01--BB-04,RIX + Rauigkeit,0.4646518422257101
Bad Berleburg,BB-01--BB-05,RIX + Rauigkeit,0.4646028926874053
Bad Berleburg,BB-01--BB-06,RIX + Rauigkeit,0.4541683935405488
Bad Berleburg,BB-01--BB-07,RIX + Rauigkeit,0.4663996505628131
Bad Berleburg,BB-02--BB-03,RIX + Rauigkeit,0.4625379768099202
Bad Berleburg,BB-02--BB-04,RIX + Rauigkeit,0.4844535030710212
Bad Berleburg,BB-02--BB-05,RIX + Rauigkeit,0.4544886796134164
Bad Berleburg,BB-02--BB-06,RIX + Rauigkeit,0.4236656261257203
Bad Berleburg,BB-02--BB-07,RIX + Rauigkeit,0.4357940183069522
Bad Berleburg,BB-03--BB-04,RIX + Rauigkeit,0.5344225386277093
Bad Berleburg,BB-03--BB-05,RIX + Rauigkeit,0.5199101283375943
Bad Berleburg,BB-03--BB-06,RIX + Rauigkeit,0.5290352135017433
Bad Berleburg,BB-03--BB-07,RIX + Rauigkeit,0.5546754263988299
Bad Berleburg,BB-04--BB-05,RIX + Rauigkeit,0.614364675224868
Bad Berleburg,BB-04--BB-06,RIX + Rauigkeit,0.555500321667379
Bad Berleburg,BB-04--BB-07,RIX + Rauigkeit,0.5392773903382821
Bad Berleburg,BB-05--BB-06,RIX + Rauigkeit,0.6600652570425855
Bad Berleburg,BB-05--BB-07,RIX + Rauigkeit,0.5557124777348423
Bad Berleburg,BB-06--BB-07,RIX + Rauigkeit,0.5943344683554259
Borken-Coesfeld,BC-01--BC-02,RIX + Rauigkeit,0.0631976663104594
Borken-Coesfeld,BC-01--BC-03,RIX + Rauigkeit,0.067969334463957
Borken-Coesfeld,BC-01--BC-04,RIX + Rauigkeit,0.0732898225133978
Borken-Coesfeld,BC-01--BC-05,RIX + Rauigkeit,0.0685712894732117
Borken-Coesfeld,BC-01--BC-06,RIX + Rauigkeit,0.0718270064308755
Borken-Coesfeld,BC-02--BC-03,RIX + Rauigkeit,0.0673392818767629
Borken-Coesfeld,BC-02--BC-04,RIX + Rauigkeit,0.0718618096737163
Borken-Coesfeld,BC-02--BC-05,RIX + Rauigkeit,0.0670679162593378
Borken-Coesfeld,BC-02--BC-06,RIX + Rauigkeit,0.068887116450639
Borken-Coesfeld,BC-03--BC-04,RIX + Rauigkeit,0.0600384370524058
Borken-Coesfeld,BC-03--BC-05,RIX + Rauigkeit,0.063667394437522
Borken-Coesfeld,BC-03--BC-06,RIX + Rauigkeit,0.0640348304091974
Borken-Coesfeld,BC-04--BC-05,RIX + Rauigkeit,0.0658709870583684
Borken-Coesfeld,BC-04--BC-06,RIX + Rauigkeit,0.0650646837380866
Borken-Coesfeld,BC-05--BC-06,RIX + Rauigkeit,0.0656715198314435
Lorup,LO-01--LO-02,RIX + Rauigkeit,0.067824925840321
Lorup,LO-01--LO-03,RIX + Rauigkeit,0.0800970120177123
Lorup,LO-02--LO-03,RIX + Rauigkeit,0.0704929230219419
Ostfriesland,OF-01--OF-02,RIX + Rauigkeit,0.059887963607285
Ostfriesland,OF-01--OF-03,RIX + Rauigkeit,0.0625870316151162
Ostfriesland,OF-01--OF-04,RIX + Rauigkeit,0.0634788417591222
Ostfriesland,OF-02--OF-03,RIX + Rauigkeit,0.0611396425684747
Ostfriesland,OF-02--OF-04,RIX + Rauigkeit,0.065936679823434
Ostfriesland,OF-03--OF-04,RIX + Rauigkeit,0.0705797959425579
Paderborn,PA-01--PA-10,RIX + Rauigkeit,0.0764009333400112
Paderborn,PA-01--PA-11,RIX + Rauigkeit,0.0757926951340458
Paderborn,PA-01--PA-12,RIX + Rauigkeit,0.0763877976854688
Paderborn,PA-01--PA-02,RIX + Rauigkeit,0.0771010002067411
Paderborn,PA-01--PA-03,RIX + Rauigkeit,0.0763627319022913
Paderborn,PA-01--PA-04,RIX + Rauigkeit,0.0759128334510274
Paderborn,PA-01--PA-05,RIX + Rauigkeit,0.0756214220431718
Paderborn,PA-01--PA-06,RIX + Rauigkeit,0.0746881294724148
Paderborn,PA-01--PA-07,RIX + Rauigkeit,0.0760202674880403
Paderborn,PA-01--PA-08,RIX + Rauigkeit,0.0758865489620927
Paderborn,PA-01--PA-09,RIX + Rauigkeit,0.075683532891688
Paderborn,PA-10--PA-11,RIX + Rauigkeit,0.0757329790676369
Paderborn,PA-10--PA-12,RIX + Rauigkeit,0.0767817799388036
Paderborn,PA-02--PA-10,RIX + Rauigkeit,0.0778171543194353
Paderborn,PA-03--PA-10,RIX + Rauigkeit,0.0752536556036327
Paderborn,PA-04--PA-10,RIX + Rauigkeit,0.0752039063143872
Paderborn,PA-05--PA-10,RIX + Rauigkeit,0.0767303852492012
Paderborn,PA-06--PA-10,RIX + Rauigkeit,0.0769317634453688
Paderborn,PA-07--PA-10,RIX + Rauigkeit,0.0764389161828582
Paderborn,PA-08--PA-10,RIX + Rauigkeit,0.0755914951781534
Paderborn,PA-09--PA-10,RIX + Rauigkeit,0.0755265159482008
Paderborn,PA-11--PA-12,RIX + Rauigkeit,0.0721687433076944
Paderborn,PA-02--PA-11,RIX + Rauigkeit,0.0763385236897862
Paderborn,PA-03--PA-11,RIX + Rauigkeit,0.0769590319503531
Paderborn,PA-04--PA-11,RIX + Rauigkeit,0.0746748350374213
Paderborn,PA-05--PA-11,RIX + Rauigkeit,0.0740855271392965
Paderborn,PA-06--PA-11,RIX + Rauigkeit,0.0742350872397833
Paderborn,PA-07--PA-11,RIX + Rauigkeit,0.0739591805186338
Paderborn,PA-08--PA-11,RIX + Rauigkeit,0.07397431122848
Paderborn,PA-09--PA-11,RIX + Rauigkeit,0.0734020558556055
Paderborn,PA-02--PA-12,RIX + Rauigkeit,0.0766942788333751
Paderborn,PA-03--PA-12,RIX + Rauigkeit,0.0780750421387241
Paderborn,PA-04--PA-12,RIX + Rauigkeit,0.0757943231005233
Paderborn,PA-05--PA-12,RIX + Rauigkeit,0.0753770150258724
Paderborn,PA-06--PA-12,RIX + Rauigkeit,0.0750696831111561
Paderborn,PA-07--PA-12,RIX + Rauigkeit,0.0744530143336536
Paderborn,PA-08--PA-12,RIX + Rauigkeit,0.0743661917779831
Paderborn,PA-09--PA-12,RIX + Rauigkeit,0.0741572190532827
Paderborn,PA-02--PA-03,RIX + Rauigkeit,0.0781735137957989
Paderborn,PA-02--PA-04,RIX + Rauigkeit,0.0770160321004314
Paderborn,PA-02--PA-05,RIX + Rauigkeit,0.0773977144409573
Paderborn,PA-02--PA-06,RIX + Rauigkeit,0.076558139385312
Paderborn,PA-02--PA-07,RIX + Rauigkeit,0.0756770809682248
Paderborn,PA-02--PA-08,RIX + Rauigkeit,0.0761591137013214
Paderborn,PA-02--PA-09,RIX + Rauigkeit,0.0748265714533224
Paderborn,PA-03--PA-04,RIX + Rauigkeit,0.0749938564141513
Paderborn,PA-03--PA-05,RIX + Rauigkeit,0.0769862702528086
Paderborn,PA-03--PA-06,RIX + Rauigkeit,0.0768045320171091
Paderborn,PA-03--PA-07,RIX + Rauigkeit,0.076852848118458
Paderborn,PA-03--PA-08,RIX + Rauigkeit,0.0762494204750555
Paderborn,PA-03--PA-09,RIX + Rauigkeit,0.076072749404913
Paderborn,PA-04--PA-05,RIX + Rauigkeit,0.0745759546281405
Paderborn,PA-04--PA-06,RIX + Rauigkeit,0.0750926841112556
Paderborn,PA-04--PA-07,RIX + Rauigkeit,0.0746911865842155
Paderborn,PA-04--PA-08,RIX + Rauigkeit,0.0740446217257794
Paderborn,PA-04--PA-09,RIX + Rauigkeit,0.0740441092052775
Paderborn,PA-05--PA-06,RIX + Rauigkeit,0.0740871295444024
Paderborn,PA-05--PA-07,RIX + Rauigkeit,0.074597312812977
Paderborn,PA-05--PA-08,RIX + Rauigkeit,0.0749185582652441
Paderborn,PA-05--PA-09,RIX + Rauigkeit,0.0743067172652658
Paderborn,PA-06--PA-07,RIX + Rauigkeit,0.0742768898014407
Paderborn,PA-06--PA-08,RIX + Rauigkeit,0.0747930055164865
Paderborn,PA-06--PA-09,RIX + Rauigkeit,0.0741004315906581
Paderborn,PA-07--PA-08,RIX + Rauigkeit,0.0735291824909938
Paderborn,PA-07--PA-09,RIX + Rauigkeit,0.0724606231078072
Paderborn,PA-08--PA-09,RIX + Rauigkeit,0.0735777931654503
Rheda-Beckum,RB-01--RB-02,RIX + Rauigkeit,0.0512087577843383
Rheda-Beckum,RB-01--RB-03,RIX + Rauigkeit,0.0523367979755466
Rheda-Beckum,RB-01--RB-04,RIX + Rauigkeit,0.0535008068862944
Rheda-Beckum,RB-01--RB-05,RIX + Rauigkeit,0.052742586936043
Rheda-Beckum,RB-02--RB-03,RIX + Rauigkeit,0.0530446997887309
Rheda-Beckum,RB-02--RB-04,RIX + Rauigkeit,0.0561083776417087
Rheda-Beckum,RB-02--RB-05,RIX + Rauigkeit,0.0545451455009276
Rheda-Beckum,RB-03--RB-04,RIX + Rauigkeit,0.0558756070605513
Rheda-Beckum,RB-03--RB-05,RIX + Rauigkeit,0.0550156909437349
Rheda-Beckum,RB-04--RB-05,RIX + Rauigkeit,0.0522478905205103
Alpen-Sevelen,AS-01--AS-02,RIX + Wald,0.068837089777157
Alpen-Sevelen,AS-01--AS-03,RIX + Wald,0.0589561484812817
Alpen-Sevelen,AS-01--AS-04,RIX + Wald,0.0671660395134474
Alpen-Sevelen,AS-01--AS-05,RIX + Wald,0.0703247086815972
Alpen-Sevelen,AS-01--AS-06,RIX + Wald,0.0701730293052842
Alpen-Sevelen,AS-02--AS-03,RIX + Wald,0.0572354185251978
Alpen-Sevelen,AS-02--AS-04,RIX + Wald,0.0504786220461965
Alpen-Sevelen,AS-02--AS-05,RIX + Wald,0.053622878339438
Alpen-Sevelen,AS-02--AS-06,RIX + Wald,0.0510856367152043
Alpen-Sevelen,AS-03--AS-04,RIX + Wald,0.0565599842318309
Alpen-Sevelen,AS-03--AS-05,RIX + Wald,0.060468999737856
Alpen-Sevelen,AS-03--AS-06,RIX + Wald,0.0596158163366035
Alpen-Sevelen,AS-04--AS-05,RIX + Wald,0.0527751792524714
Alpen-Sevelen,AS-04--AS-06,RIX + Wald,0.0509127101944559
Alpen-Sevelen,AS-05--AS-06,RIX + Wald,0.0514939956415645
Altenmellrich,AM-01--AM-02,RIX + Wald,0.0640868273948059
Altenmellrich,AM-01--AM-03,RIX + Wald,0.0620724635706064
Altenmellrich,AM-01--AM-04,RIX + Wald,0.0693870022136156
Altenmellrich,AM-02--AM-03,RIX + Wald,0.0743328783202377
Altenmellrich,AM-02--AM-04,RIX + Wald,0.059834161034206
Altenmellrich,AM-03--AM-04,RIX + Wald,0.0792890573435885
Bad Berleburg,BB-01--BB-02,RIX + Wald,0.1273420643275403
Bad Berleburg,BB-01--BB-03,RIX + Wald,0.1508683665980698
Bad Berleburg,BB-01--BB-04,RIX + Wald,0.1465064292856905
Bad Berleburg,BB-01--BB-05,RIX + Wald,0.1534507232068725
Bad Berleburg,BB-01--BB-06,RIX + Wald,0.1446188713755476
Bad Berleburg,BB-01--BB-07,RIX + Wald,0.1445457293376239
Bad Berleburg,BB-02--BB-03,RIX + Wald,0.1485371458038242
Bad Berleburg,BB-02--BB-04,RIX + Wald,0.1432603325836396
Bad Berleburg,BB-02--BB-05,RIX + Wald,0.1483594213549007
Bad Berleburg,BB-02--BB-06,RIX + Wald,0.1409427292835392
Bad Berleburg,BB-02--BB-07,RIX + Wald,0.1425249551080566
Bad Berleburg,BB-03--BB-04,RIX + Wald,0.1435258313700639
Bad Berleburg,BB-03--BB-05,RIX + Wald,0.1544096739697569
Bad Berleburg,BB-03--BB-06,RIX + Wald,0.1417491319563524
Bad Berleburg,BB-03--BB-07,RIX + Wald,0.1471850426397243
Bad Berleburg,BB-04--BB-05,RIX + Wald,0.1412356870750453
Bad Berleburg,BB-04--BB-06,RIX + Wald,0.1483279122604233
Bad Berleburg,BB-04--BB-07,RIX + Wald,0.1481735194399707
Bad Berleburg,BB-05--BB-06,RIX + Wald,0.1521943111336917
Bad Berleburg,BB-05--BB-07,RIX + Wald,0.1592878613528751
Bad Berleburg,BB-06--BB-07,RIX + Wald,0.1382407917416329
Borken-Coesfeld,BC-01--BC-02,RIX + Wald,0.0614647521570673
Borken-Coesfeld,BC-01--BC-03,RIX + Wald,0.0581906342575226
Borken-Coesfeld,BC-01--BC-04,RIX + Wald,0.0611495461745959
Borken-Coesfeld,BC-01--BC-05,RIX + Wald,0.0589711820346387
Borken-Coesfeld,BC-01--BC-06,RIX + Wald,0.0603226035186221
Borken-Coesfeld,BC-02--BC-03,RIX + Wald,0.059376623286965
Borken-Coesfeld,BC-02--BC-04,RIX + Wald,0.0574149568882455
Borken-Coesfeld,BC-02--BC-05,RIX + Wald,0.0591584379277371
Borken-Coesfeld,BC-02--BC-06,RIX + Wald,0.0655431696381243
Borken-Coesfeld,BC-03--BC-04,RIX + Wald,0.058841345817331
Borken-Coesfeld,BC-03--BC-05,RIX + Wald,0.0606434980968002
Borken-Coesfeld,BC-03--BC-06,RIX + Wald,0.0592080629424035
Borken-Coesfeld,BC-04--BC-05,RIX + Wald,0.0603955787610807
Borken-Coesfeld,BC-04--BC-06,RIX + Wald,0.0624375047601073
Borken-Coesfeld,BC-05--BC-06,RIX + Wald,0.0647119469951752
Lorup,LO-01--LO-02,RIX + Wald,0.0726031108736288
Lorup,LO-01--LO-03,RIX + Wald,0.082409581322165
Lorup,LO-02--LO-03,RIX + Wald,0.0725645140436132
Ostfriesland,OF-01--OF-02,RIX + Wald,0.0534106041999686
Ostfriesland,OF-01--OF-03,RIX + Wald,0.0536694776182248
Ostfriesland,OF-01--OF-04,RIX + Wald,0.0543689361409199
Ostfriesland,OF-02--OF-03,RIX + Wald,0.0522546117584675
Ostfriesland,OF-02--OF-04,RIX + Wald,0.0552546995066902
Ostfriesland,OF-03--OF-04,RIX + Wald,0.0553986281807672
Paderborn,PA-01--PA-10,RIX + Wald,0.075915113523441
Paderborn,PA-01--PA-11,RIX + Wald,0.0756777413305826
Paderborn,PA-01--PA-12,RIX + Wald,0.0786069263880735
Paderborn,PA-01--PA-02,RIX + Wald,0.0801140632045537
Paderborn,PA-01--PA-03,RIX + Wald,0.0753175291327053
Paderborn,PA-01--PA-04,RIX + Wald,0.0772987965018314
Paderborn,PA-01--PA-05,RIX + Wald,0.0776314974616125
Paderborn,PA-01--PA-06,RIX + Wald,0.0752017798412424
Paderborn,PA-01--PA-07,RIX + Wald,0.0781281724020098
Paderborn,PA-01--PA-08,RIX + Wald,0.0753868742139882
Paderborn,PA-01--PA-09,RIX + Wald,0.0770869179097484
Paderborn,PA-10--PA-11,RIX + Wald,0.0751852235232858
Paderborn,PA-10--PA-12,RIX + Wald,0.0789763754089898
Paderborn,PA-02--PA-10,RIX + Wald,0.0808320266256779
Paderborn,PA-03--PA-10,RIX + Wald,0.0754086776181676
Paderborn,PA-04--PA-10,RIX + Wald,0.0735504506136969
Paderborn,PA-05--PA-10,RIX + Wald,0.0754244416502213
Paderborn,PA-06--PA-10,RIX + Wald,0.0723272006750159
Paderborn,PA-07--PA-10,RIX + Wald,0.0763469665228032
Paderborn,PA-08--PA-10,RIX + Wald,0.0731989696974532
Paderborn,PA-09--PA-10,RIX + Wald,0.0749003597094389
Paderborn,PA-11--PA-12,RIX + Wald,0.071804846859614
Paderborn,PA-02--PA-11,RIX + Wald,0.0761071713862274
Paderborn,PA-03--PA-11,RIX + Wald,0.0764338628742023
Paderborn,PA-04--PA-11,RIX + Wald,0.0740411272743018
Paderborn,PA-05--PA-11,RIX + Wald,0.0714014517144687
Paderborn,PA-06--PA-11,RIX + Wald,0.0730436107523288
Paderborn,PA-07--PA-11,RIX + Wald,0.0725235014726869
Paderborn,PA-08--PA-11,RIX + Wald,0.0739977748744356
Paderborn,PA-09--PA-11,RIX + Wald,0.0747183186910569
Paderborn,PA-02--PA-12,RIX + Wald,0.0757558987121977
Paderborn,PA-03--PA-12,RIX + Wald,0.0799660600369938
Paderborn,PA-04--PA-12,RIX + Wald,0.0778328573960458
Paderborn,PA-05--PA-12,RIX + Wald,0.0751055847884312
Paderborn,PA-06--PA-12,RIX + Wald,0.0769248855268168
Paderborn,PA-07--PA-12,RIX + Wald,0.0750251313030458
Paderborn,PA-08--PA-12,RIX + Wald,0.0778524507744215
Paderborn,PA-09--PA-12,RIX + Wald,0.0779827158594605
Paderborn,PA-02--PA-03,RIX + Wald,0.0816621028431348
Paderborn,PA-02--PA-04,RIX + Wald,0.0809088465367892
Paderborn,PA-02--PA-05,RIX + Wald,0.0793211642198973
Paderborn,PA-02--PA-06,RIX + Wald,0.0793882327993026
Paderborn,PA-02--PA-07,RIX + Wald,0.0786693261895748
Paderborn,PA-02--PA-08,RIX + Wald,0.0813461718448004
Paderborn,PA-02--PA-09,RIX + Wald,0.0803984354582524
Paderborn,PA-03--PA-04,RIX + Wald,0.0766837426705944
Paderborn,PA-03--PA-05,RIX + Wald,0.0777048246216589
Paderborn,PA-03--PA-06,RIX + Wald,0.0751094863951292
Paderborn,PA-03--PA-07,RIX + Wald,0.0773172129095153
Paderborn,PA-03--PA-08,RIX + Wald,0.0742563840639339
Paderborn,PA-03--PA-09,RIX + Wald,0.0751405203470469
Paderborn,PA-04--PA-05,RIX + Wald,0.0737857089297937
Paderborn,PA-04--PA-06,RIX + Wald,0.0724908296806696
Paderborn,PA-04--PA-07,RIX + Wald,0.0751931674813159
Paderborn,PA-04--PA-08,RIX + Wald,0.0734620565485602
Paderborn,PA-04--PA-09,RIX + Wald,0.0738195155513185
Paderborn,PA-05--PA-06,RIX + Wald,0.0731586412147889
Paderborn,PA-05--PA-07,RIX + Wald,0.073344641836747
Paderborn,PA-05--PA-08,RIX + Wald,0.0741816370833716
Paderborn,PA-05--PA-09,RIX + Wald,0.0747671108452713
Paderborn,PA-06--PA-07,RIX + Wald,0.0743974664917733
Paderborn,PA-06--PA-08,RIX + Wald,0.0721136767356181
Paderborn,PA-06--PA-09,RIX + Wald,0.0737226745556718
Paderborn,PA-07--PA-08,RIX + Wald,0.0751509461741153
Paderborn,PA-07--PA-09,RIX + Wald,0.0729564915908038
Paderborn,PA-08--PA-09,RIX + Wald,0.0740074811613802
Rheda-Beckum,RB-01--RB-02,RIX + Wald,0.0487801658146942
Rheda-Beckum,RB-01--RB-03,RIX + Wald,0.0520870629994077
Rheda-Beckum,RB-01--RB-04,RIX + Wald,0.053454459691653
Rheda-Beckum,RB-01--RB-05,RIX + Wald,0.0532417026405138
Rheda-Beckum,RB-02--RB-03,RIX + Wald,0.0498006194269252
Rheda-Beckum,RB-02--RB-04,RIX + Wald,0.05409399190601
Rheda-Beckum,RB-02--RB-05,RIX + Wald,0.0537772871007747
Rheda-Beckum,RB-03--RB-04,RIX + Wald,0.058282422407699
Rheda-Beckum,RB-03--RB-05,RIX + Wald,0.0573404880320484
Rheda-Beckum,RB-04--RB-05,RIX + Wald,0.0495605773488798
Alpen-Sevelen,AS-01--AS-02,RIX + Wind,0.0477633338908017
Alpen-Sevelen,AS-01--AS-03,RIX + Wind,0.0516630526429654
Alpen-Sevelen,AS-01--AS-04,RIX + Wind,0.0495061709334738
Alpen-Sevelen,AS-01--AS-05,RIX + Wind,0.0515634441126153
Alpen-Sevelen,AS-01--AS-06,RIX + Wind,0.0509662352545333
Alpen-Sevelen,AS-02--AS-03,RIX + Wind,0.0561073372009601
Alpen-Sevelen,AS-02--AS-04,RIX + Wind,0.0543672646587306
Alpen-Sevelen,AS-02--AS-05,RIX + Wind,0.0546311211912363
Alpen-Sevelen,AS-02--AS-06,RIX + Wind,0.0552047911894179
Alpen-Sevelen,AS-03--AS-04,RIX + Wind,0.044678472778948
Alpen-Sevelen,AS-03--AS-05,RIX + Wind,0.0473214172796706
Alpen-Sevelen,AS-03--AS-06,RIX + Wind,0.0464134376889412
Alpen-Sevelen,AS-04--AS-05,RIX + Wind,0.0459308393357095
Alpen-Sevelen,AS-04--AS-06,RIX + Wind,0.0443993638243098
Alpen-Sevelen,AS-05--AS-06,RIX + Wind,0.0449157491435403
Altenmellrich,AM-01--AM-02,RIX + Wind,0.0628199191636791
Altenmellrich,AM-01--AM-03,RIX + Wind,0.0674387020630905
Altenmellrich,AM-01--AM-04,RIX + Wind,0.0801536559952592
Altenmellrich,AM-02--AM-03,RIX + Wind,0.0573334391312571
Altenmellrich,AM-02--AM-04,RIX + Wind,0.069759584241769
Altenmellrich,AM-03--AM-04,RIX + Wind,0.0605596181446367
Bad Berleburg,BB-01--BB-02,RIX + Wind,0.1415936004446522
Bad Berleburg,BB-01--BB-03,RIX + Wind,0.1116457396575048
Bad Berleburg,BB-01--BB-04,RIX + Wind,0.1430201463840492
Bad Berleburg,BB-01--BB-05,RIX + Wind,0.1190240872101372
Bad Berleburg,BB-01--BB-06,RIX + Wind,0.1854840240652157
Bad Berleburg,BB-01--BB-07,RIX + Wind,0.17503148919161
Bad Berleburg,BB-02--BB-03,RIX + Wind,0.152494052831853
Bad Berleburg,BB-02--BB-04,RIX + Wind,0.1250189519767085
Bad Berleburg,BB-02--BB-05,RIX + Wind,0.1596181223013223
Bad Berleburg,BB-02--BB-06,RIX + Wind,0.2435614313165552
Bad Berleburg,BB-02--BB-07,RIX + Wind,0.1285856724198112
Bad Berleburg,BB-03--BB-04,RIX + Wind,0.1517776812360793
Bad Berleburg,BB-03--BB-05,RIX + Wind,0.1379596517876102
Bad Berleburg,BB-03--BB-06,RIX + Wind,0.1709500094842762
Bad Berleburg,BB-03--BB-07,RIX + Wind,0.20216482630163
Bad Berleburg,BB-04--BB-05,RIX + Wind,0.1382099627568082
Bad Berleburg,BB-04--BB-06,RIX + Wind,0.1849244523645327
Bad Berleburg,BB-04--BB-07,RIX + Wind,0.147401611542057
Bad Berleburg,BB-05--BB-06,RIX + Wind,0.1811512737679874
Bad Berleburg,BB-05--BB-07,RIX + Wind,0.1616969041275555
Bad Berleburg,BB-06--BB-07,RIX + Wind,0.2815939108953862
Borken-Coesfeld,BC-01--BC-02,RIX + Wind,0.0517062338030952
Borken-Coesfeld,BC-01--BC-03,RIX + Wind,0.0548066610755439
Borken-Coesfeld,BC-01--BC-04,RIX + Wind,0.0548119685129997
Borken-Coesfeld,BC-01--BC-05,RIX + Wind,0.0543503818692378
Borken-Coesfeld,BC-01--BC-06,RIX + Wind,0.0578934220121858
Borken-Coesfeld,BC-02--BC-03,RIX + Wind,0.059313246712241
Borken-Coesfeld,BC-02--BC-04,RIX + Wind,0.0590344859067816
Borken-Coesfeld,BC-02--BC-05,RIX + Wind,0.0522785509648573
Borken-Coesfeld,BC-02--BC-06,RIX + Wind,0.0591252241904673
Borken-Coesfeld,BC-03--BC-04,RIX + Wind,0.0460608480231009
Borken-Coesfeld,BC-03--BC-05,RIX + Wind,0.0544070163339861
Borken-Coesfeld,BC-03--BC-06,RIX + Wind,0.0505366554110339
Borken-Coesfeld,BC-04--BC-05,RIX + Wind,0.0547594730144605
Borken-Coesfeld,BC-04--BC-06,RIX + Wind,0.0511170326506486
Borken-Coesfeld,BC-05--BC-06,RIX + Wind,0.053096818522629
Lorup,LO-01--LO-02,RIX + Wind,0.0500618857846232
Lorup,LO-01--LO-03,RIX + Wind,0.0539461023848949
Lorup,LO-02--LO-03,RIX + Wind,0.0520594544422769
Ostfriesland,OF-01--OF-02,RIX + Wind,0.0485496911944003
Ostfriesland,OF-01--OF-03,RIX + Wind,0.0499679470437737
Ostfriesland,OF-01--OF-04,RIX + Wind,0.0569210099046526
Ostfriesland,OF-02--OF-03,RIX + Wind,0.0513969309468564
Ostfriesland,OF-02--OF-04,RIX + Wind,0.0555617573705807
Ostfriesland,OF-03--OF-04,RIX + Wind,0.0620822316357758
Paderborn,PA-01--PA-10,RIX + Wind,0.0838235674619557
Paderborn,PA-01--PA-11,RIX + Wind,0.0823329034437994
Paderborn,PA-01--PA-12,RIX + Wind,0.0821308459128166
Paderborn,PA-01--PA-02,RIX + Wind,0.0776685897452224
Paderborn,PA-01--PA-03,RIX + Wind,0.0779478232198622
Paderborn,PA-01--PA-04,RIX + Wind,0.0732298037935829
Paderborn,PA-01--PA-05,RIX + Wind,0.0797356208578541
Paderborn,PA-01--PA-06,RIX + Wind,0.0823908921143344
Paderborn,PA-01--PA-07,RIX + Wind,0.0799500542054844
Paderborn,PA-01--PA-08,RIX + Wind,0.0812341497851258
Paderborn,PA-01--PA-09,RIX + Wind,0.0820896203423866
Paderborn,PA-10--PA-11,RIX + Wind,0.0697857447492995
Paderborn,PA-10--PA-12,RIX + Wind,0.0712549099813093
Paderborn,PA-02--PA-10,RIX + Wind,0.0813780687470099
Paderborn,PA-03--PA-10,RIX + Wind,0.0774235681112679
Paderborn,PA-04--PA-10,RIX + Wind,0.0775106645437091
Paderborn,PA-05--PA-10,RIX + Wind,0.0741912812145162
Paderborn,PA-06--PA-10,RIX + Wind,0.0717804693587688
Paderborn,PA-07--PA-10,RIX + Wind,0.0729307310367673
Paderborn,PA-08--PA-10,RIX + Wind,0.0724302719312732
Paderborn,PA-09--PA-10,RIX + Wind,0.0701889937410962
Paderborn,PA-11--PA-12,RIX + Wind,0.0683237228609025
Paderborn,PA-02--PA-11,RIX + Wind,0.0810636628643397
Paderborn,PA-03--PA-11,RIX + Wind,0.0760286706839917
Paderborn,PA-04--PA-11,RIX + Wind,0.0775868306096416
Paderborn,PA-05--PA-11,RIX + Wind,0.0727446851639093
Paderborn,PA-06--PA-11,RIX + Wind,0.0709389927306092
Paderborn,PA-07--PA-11,RIX + Wind,0.0715729044610603
Paderborn,PA-08--PA-11,RIX + Wind,0.0702553834963992
Paderborn,PA-09--PA-11,RIX + Wind,0.0698946609916027
Paderborn,PA-02--PA-12,RIX + Wind,0.0794720417721897
Paderborn,PA-03--PA-12,RIX + Wind,0.077054144648635
Paderborn,PA-04--PA-12,RIX + Wind,0.0776159627743714
Paderborn,PA-05--PA-12,RIX + Wind,0.0751683611920391
Paderborn,PA-06--PA-12,RIX + Wind,0.0730048243527824
Paderborn,PA-07--PA-12,RIX + Wind,0.0741186166345435
Paderborn,PA-08--PA-12,RIX + Wind,0.072715715687588
Paderborn,PA-09--PA-12,RIX + Wind,0.0717757144646937
Paderborn,PA-02--PA-03,RIX + Wind,0.0804080596583398
Paderborn,PA-02--PA-04,RIX + Wind,0.0758169950254393
Paderborn,PA-02--PA-05,RIX + Wind,0.0824744381662383
Paderborn,PA-02--PA-06,RIX + Wind,0.0828018465232894
Paderborn,PA-02--PA-07,RIX + Wind,0.0815690673170397
Paderborn,PA-02--PA-08,RIX + Wind,0.0815688967380863
Paderborn,PA-02--PA-09,RIX + Wind,0.0813379601153267
Paderborn,PA-03--PA-04,RIX + Wind,0.0736472680336079
Paderborn,PA-03--PA-05,RIX + Wind,0.0720264370537864
Paderborn,PA-03--PA-06,RIX + Wind,0.0742891337400667
Paderborn,PA-03--PA-07,RIX + Wind,0.0727797286082146
Paderborn,PA-03--PA-08,RIX + Wind,0.0734408000873022
Paderborn,PA-03--PA-09,RIX + Wind,0.0740492241521167
Paderborn,PA-04--PA-05,RIX + Wind,0.0748183201315059
Paderborn,PA-04--PA-06,RIX + Wind,0.0761906140026374
Paderborn,PA-04--PA-07,RIX + Wind,0.0748803006362569
Paderborn,PA-04--PA-08,RIX + Wind,0.0761858978915014
Paderborn,PA-04--PA-09,RIX + Wind,0.0756959457849845
Paderborn,PA-05--PA-06,RIX + Wind,0.0704884770752852
Paderborn,PA-05--PA-07,RIX + Wind,0.0686437635736347
Paderborn,PA-05--PA-08,RIX + Wind,0.0703978599800371
Paderborn,PA-05--PA-09,RIX + Wind,0.0708542350186996
Paderborn,PA-06--PA-07,RIX + Wind,0.0698848133317248
Paderborn,PA-06--PA-08,RIX + Wind,0.0706862251437994
Paderborn,PA-06--PA-09,RIX + Wind,0.0682302576649792
Paderborn,PA-07--PA-08,RIX + Wind,0.0693031411638163
Paderborn,PA-07--PA-09,RIX + Wind,0.0704548710736771
Paderborn,PA-08--PA-09,RIX + Wind,0.0705208085061955
Rheda-Beckum,RB-01--RB-02,RIX + Wind,0.0423779423168418
Rheda-Beckum,RB-01--RB-03,RIX + Wind,0.0451439256987502
Rheda-Beckum,RB-01--RB-04,RIX + Wind,0.0589712185303798
Rheda-Beckum,RB-01--RB-05,RIX + Wind,0.0559796492935089
Rheda-Beckum,RB-02--RB-03,RIX + Wind,0.0440145754489335
Rheda-Beckum,RB-02--RB-04,RIX + Wind,0.0594642248465899
Rheda-Beckum,RB-02--RB-05,RIX + Wind,0.0564753007699217
Rheda-Beckum,RB-03--RB-04,RIX + Wind,0.0572071675901764
Rheda-Beckum,RB-03--RB-05,RIX + Wind,0.054350721322892
Rheda-Beckum,RB-04--RB-05,RIX + Wind,0.0444953041867711
Alpen-Sevelen,AS-01--AS-02,Gelaendehoehe + Rauigkeit,0.0654927965084673
Alpen-Sevelen,AS-01--AS-03,Gelaendehoehe + Rauigkeit,0.0637936292574636
Alpen-Sevelen,AS-01--AS-04,Gelaendehoehe + Rauigkeit,0.0651859180277913
Alpen-Sevelen,AS-01--AS-05,Gelaendehoehe + Rauigkeit,0.0677683305920621
Alpen-Sevelen,AS-01--AS-06,Gelaendehoehe + Rauigkeit,0.0662664484930333
Alpen-Sevelen,AS-02--AS-03,Gelaendehoehe + Rauigkeit,0.0659111970639398
Alpen-Sevelen,AS-02--AS-04,Gelaendehoehe + Rauigkeit,0.0651958013821076
Alpen-Sevelen,AS-02--AS-05,Gelaendehoehe + Rauigkeit,0.0714294659809606
Alpen-Sevelen,AS-02--AS-06,Gelaendehoehe + Rauigkeit,0.0689237657877801
Alpen-Sevelen,AS-03--AS-04,Gelaendehoehe + Rauigkeit,0.0618541130923777
Alpen-Sevelen,AS-03--AS-05,Gelaendehoehe + Rauigkeit,0.0663962665321322
Alpen-Sevelen,AS-03--AS-06,Gelaendehoehe + Rauigkeit,0.0636838294994411
Alpen-Sevelen,AS-04--AS-05,Gelaendehoehe + Rauigkeit,0.0658320230125773
Alpen-Sevelen,AS-04--AS-06,Gelaendehoehe + Rauigkeit,0.0636846317454974
Alpen-Sevelen,AS-05--AS-06,Gelaendehoehe + Rauigkeit,0.0616878883855995
Altenmellrich,AM-01--AM-02,Gelaendehoehe + Rauigkeit,0.0619283844436881
Altenmellrich,AM-01--AM-03,Gelaendehoehe + Rauigkeit,0.0627546979624242
Altenmellrich,AM-01--AM-04,Gelaendehoehe + Rauigkeit,0.0784894545064806
Altenmellrich,AM-02--AM-03,Gelaendehoehe + Rauigkeit,0.062587472828035
Altenmellrich,AM-02--AM-04,Gelaendehoehe + Rauigkeit,0.0687721621055158
Altenmellrich,AM-03--AM-04,Gelaendehoehe + Rauigkeit,0.0703406547540013
Bad Berleburg,BB-01--BB-02,Gelaendehoehe + Rauigkeit,0.0741752405861253
Bad Berleburg,BB-01--BB-03,Gelaendehoehe + Rauigkeit,0.0762933322700941
Bad Berleburg,BB-01--BB-04,Gelaendehoehe + Rauigkeit,0.0653871813261314
Bad Berleburg,BB-01--BB-05,Gelaendehoehe + Rauigkeit,0.0454771105689799
Bad Berleburg,BB-01--BB-06,Gelaendehoehe + Rauigkeit,0.0669141039695341
Bad Berleburg,BB-01--BB-07,Gelaendehoehe + Rauigkeit,0.1190022721541498
Bad Berleburg,BB-02--BB-03,Gelaendehoehe + Rauigkeit,0.1235542151620345
Bad Berleburg,BB-02--BB-04,Gelaendehoehe + Rauigkeit,0.1092276078403943
Bad Berleburg,BB-02--BB-05,Gelaendehoehe + Rauigkeit,0.068854532936257
Bad Berleburg,BB-02--BB-06,Gelaendehoehe + Rauigkeit,0.1094469727192038
Bad Berleburg,BB-02--BB-07,Gelaendehoehe + Rauigkeit,0.0715999006507795
Bad Berleburg,BB-03--BB-04,Gelaendehoehe + Rauigkeit,0.0517811136490483
Bad Berleburg,BB-03--BB-05,Gelaendehoehe + Rauigkeit,0.0789216698740925
Bad Berleburg,BB-03--BB-06,Gelaendehoehe + Rauigkeit,0.0497530253124614
Bad Berleburg,BB-03--BB-07,Gelaendehoehe + Rauigkeit,0.2089135268459755
Bad Berleburg,BB-04--BB-05,Gelaendehoehe + Rauigkeit,0.071383339842135
Bad Berleburg,BB-04--BB-06,Gelaendehoehe + Rauigkeit,0.0469810483770276
Bad Berleburg,BB-04--BB-07,Gelaendehoehe + Rauigkeit,0.1821026763923144
Bad Berleburg,BB-05--BB-06,Gelaendehoehe + Rauigkeit,0.0743708531865309
Bad Berleburg,BB-05--BB-07,Gelaendehoehe + Rauigkeit,0.1168529336474147
Bad Berleburg,BB-06--BB-07,Gelaendehoehe + Rauigkeit,0.1906413681309679
Borken-Coesfeld,BC-01--BC-02,Gelaendehoehe + Rauigkeit,0.0766614893305818
Borken-Coesfeld,BC-01--BC-03,Gelaendehoehe + Rauigkeit,0.0736937733970647
Borken-Coesfeld,BC-01--BC-04,Gelaendehoehe + Rauigkeit,0.073070862473791
Borken-Coesfeld,BC-01--BC-05,Gelaendehoehe + Rauigkeit,0.0739239874529441
Borken-Coesfeld,BC-01--BC-06,Gelaendehoehe + Rauigkeit,0.0777992252542389
Borken-Coesfeld,BC-02--BC-03,Gelaendehoehe + Rauigkeit,0.0871105983376604
Borken-Coesfeld,BC-02--BC-04,Gelaendehoehe + Rauigkeit,0.0843113580835095
Borken-Coesfeld,BC-02--BC-05,Gelaendehoehe + Rauigkeit,0.0722921512555383
Borken-Coesfeld,BC-02--BC-06,Gelaendehoehe + Rauigkeit,0.0894479529910264
Borken-Coesfeld,BC-03--BC-04,Gelaendehoehe + Rauigkeit,0.0663335435672813
Borken-Coesfeld,BC-03--BC-05,Gelaendehoehe + Rauigkeit,0.0746826195536214
Borken-Coesfeld,BC-03--BC-06,Gelaendehoehe + Rauigkeit,0.0653847655610266
Borken-Coesfeld,BC-04--BC-05,Gelaendehoehe + Rauigkeit,0.0703958226290139
Borken-Coesfeld,BC-04--BC-06,Gelaendehoehe + Rauigkeit,0.0715518458936835
Borken-Coesfeld,BC-05--BC-06,Gelaendehoehe + Rauigkeit,0.0772298173110221
Lorup,LO-01--LO-02,Gelaendehoehe + Rauigkeit,0.0708797726521808
Lorup,LO-01--LO-03,Gelaendehoehe + Rauigkeit,0.0865968737027512
Lorup,LO-02--LO-03,Gelaendehoehe + Rauigkeit,0.0741894017550556
Ostfriesland,OF-01--OF-02,Gelaendehoehe + Rauigkeit,0.0622953130298381
Ostfriesland,OF-01--OF-03,Gelaendehoehe + Rauigkeit,0.0648247174886968
Ostfriesland,OF-01--OF-04,Gelaendehoehe + Rauigkeit,0.0657367655457492
Ostfriesland,OF-02--OF-03,Gelaendehoehe + Rauigkeit,0.0633727291290553
Ostfriesland,OF-02--OF-04,Gelaendehoehe + Rauigkeit,0.067815325917822
Ostfriesland,OF-03--OF-04,Gelaendehoehe + Rauigkeit,0.0718967799637285
Paderborn,PA-01--PA-10,Gelaendehoehe + Rauigkeit,0.0929153000217034
Paderborn,PA-01--PA-11,Gelaendehoehe + Rauigkeit,0.1643284998818337
Paderborn,PA-01--PA-12,Gelaendehoehe + Rauigkeit,0.1702656614468048
Paderborn,PA-01--PA-02,Gelaendehoehe + Rauigkeit,0.1756192646272598
Paderborn,PA-01--PA-03,Gelaendehoehe + Rauigkeit,0.1227210442844971
Paderborn,PA-01--PA-04,Gelaendehoehe + Rauigkeit,0.0647477003340866
Paderborn,PA-01--PA-05,Gelaendehoehe + Rauigkeit,0.112166597532475
Paderborn,PA-01--PA-06,Gelaendehoehe + Rauigkeit,0.0717718680446774
Paderborn,PA-01--PA-07,Gelaendehoehe + Rauigkeit,0.1050864434118967
Paderborn,PA-01--PA-08,Gelaendehoehe + Rauigkeit,0.1220372789980926
Paderborn,PA-01--PA-09,Gelaendehoehe + Rauigkeit,0.1372808428404482
Paderborn,PA-10--PA-11,Gelaendehoehe + Rauigkeit,0.1043347104616976
Paderborn,PA-10--PA-12,Gelaendehoehe + Rauigkeit,0.1094730035084455
Paderborn,PA-02--PA-10,Gelaendehoehe + Rauigkeit,0.1139014990229839
Paderborn,PA-03--PA-10,Gelaendehoehe + Rauigkeit,0.0756634488232004
Paderborn,PA-04--PA-10,Gelaendehoehe + Rauigkeit,0.081934896612231
Paderborn,PA-05--PA-10,Gelaendehoehe + Rauigkeit,0.0735722062834814
Paderborn,PA-06--PA-10,Gelaendehoehe + Rauigkeit,0.0745984576599668
Paderborn,PA-07--PA-10,Gelaendehoehe + Rauigkeit,0.0676155774633647
Paderborn,PA-08--PA-10,Gelaendehoehe + Rauigkeit,0.0769744155015697
Paderborn,PA-09--PA-10,Gelaendehoehe + Rauigkeit,0.0869238648520098
Paderborn,PA-11--PA-12,Gelaendehoehe + Rauigkeit,0.0570314217499425
Paderborn,PA-02--PA-11,Gelaendehoehe + Rauigkeit,0.0649731990562828
Paderborn,PA-03--PA-11,Gelaendehoehe + Rauigkeit,0.0787856717139894
Paderborn,PA-04--PA-11,Gelaendehoehe + Rauigkeit,0.1451957333360774
Paderborn,PA-05--PA-11,Gelaendehoehe + Rauigkeit,0.0807746035999777
Paderborn,PA-06--PA-11,Gelaendehoehe + Rauigkeit,0.1244094788971435
Paderborn,PA-07--PA-11,Gelaendehoehe + Rauigkeit,0.0874755590395625
Paderborn,PA-08--PA-11,Gelaendehoehe + Rauigkeit,0.0749009460255731
Paderborn,PA-09--PA-11,Gelaendehoehe + Rauigkeit,0.0678947465356294
Paderborn,PA-02--PA-12,Gelaendehoehe + Rauigkeit,0.063639421767793
Paderborn,PA-03--PA-12,Gelaendehoehe + Rauigkeit,0.082778622504707
Paderborn,PA-04--PA-12,Gelaendehoehe + Rauigkeit,0.1527107760563131
Paderborn,PA-05--PA-12,Gelaendehoehe + Rauigkeit,0.0853891922388284
Paderborn,PA-06--PA-12,Gelaendehoehe + Rauigkeit,0.1298258561472434
Paderborn,PA-07--PA-12,Gelaendehoehe + Rauigkeit,0.0904121669478553
Paderborn,PA-08--PA-12,Gelaendehoehe + Rauigkeit,0.0771905947655239
Paderborn,PA-09--PA-12,Gelaendehoehe + Rauigkeit,0.0707089005300661
Paderborn,PA-02--PA-03,Gelaendehoehe + Rauigkeit,0.0839392111861123
Paderborn,PA-02--PA-04,Gelaendehoehe + Rauigkeit,0.1597654126515705
Paderborn,PA-02--PA-05,Gelaendehoehe + Rauigkeit,0.0913385533562966
Paderborn,PA-02--PA-06,Gelaendehoehe + Rauigkeit,0.1368768352744316
Paderborn,PA-02--PA-07,Gelaendehoehe + Rauigkeit,0.0946524424881875
Paderborn,PA-02--PA-08,Gelaendehoehe + Rauigkeit,0.0821092178748125
Paderborn,PA-02--PA-09,Gelaendehoehe + Rauigkeit,0.0728846068204596
Paderborn,PA-03--PA-04,Gelaendehoehe + Rauigkeit,0.107692456539179
Paderborn,PA-03--PA-05,Gelaendehoehe + Rauigkeit,0.0644100162784353
Paderborn,PA-03--PA-06,Gelaendehoehe + Rauigkeit,0.0982873964553684
Paderborn,PA-03--PA-07,Gelaendehoehe + Rauigkeit,0.0697492900867836
Paderborn,PA-03--PA-08,Gelaendehoehe + Rauigkeit,0.0587072629151563
Paderborn,PA-03--PA-09,Gelaendehoehe + Rauigkeit,0.0644174447304577
Paderborn,PA-04--PA-05,Gelaendehoehe + Rauigkeit,0.0993042355339925
Paderborn,PA-04--PA-06,Gelaendehoehe + Rauigkeit,0.0661996560919598
Paderborn,PA-04--PA-07,Gelaendehoehe + Rauigkeit,0.0923055972460958
Paderborn,PA-04--PA-08,Gelaendehoehe + Rauigkeit,0.1056301329567557
Paderborn,PA-04--PA-09,Gelaendehoehe + Rauigkeit,0.1194995135446656
Paderborn,PA-05--PA-06,Gelaendehoehe + Rauigkeit,0.0849669931289623
Paderborn,PA-05--PA-07,Gelaendehoehe + Rauigkeit,0.0610989346450082
Paderborn,PA-05--PA-08,Gelaendehoehe + Rauigkeit,0.0612650774369106
Paderborn,PA-05--PA-09,Gelaendehoehe + Rauigkeit,0.0681153605675448
Paderborn,PA-06--PA-07,Gelaendehoehe + Rauigkeit,0.079148828154238
Paderborn,PA-06--PA-08,Gelaendehoehe + Rauigkeit,0.0936244759060871
Paderborn,PA-06--PA-09,Gelaendehoehe + Rauigkeit,0.1038498400254556
Paderborn,PA-07--PA-08,Gelaendehoehe + Rauigkeit,0.0639964876522506
Paderborn,PA-07--PA-09,Gelaendehoehe + Rauigkeit,0.070187205363368
Paderborn,PA-08--PA-09,Gelaendehoehe + Rauigkeit,0.062052843608691
Rheda-Beckum,RB-01--RB-02,Gelaendehoehe + Rauigkeit,0.0570799473063248
Rheda-Beckum,RB-01--RB-03,Gelaendehoehe + Rauigkeit,0.0622927184285993
Rheda-Beckum,RB-01--RB-04,Gelaendehoehe + Rauigkeit,0.06720892097189
Rheda-Beckum,RB-01--RB-05,Gelaendehoehe + Rauigkeit,0.0638632746865933
Rheda-Beckum,RB-02--RB-03,Gelaendehoehe + Rauigkeit,0.0600169196716602
Rheda-Beckum,RB-02--RB-04,Gelaendehoehe + Rauigkeit,0.0664535406214874
Rheda-Beckum,RB-02--RB-05,Gelaendehoehe + Rauigkeit,0.0624790586210729
Rheda-Beckum,RB-03--RB-04,Gelaendehoehe + Rauigkeit,0.0597265517559323
Rheda-Beckum,RB-03--RB-05,Gelaendehoehe + Rauigkeit,0.0567001751767598
Rheda-Beckum,RB-04--RB-05,Gelaendehoehe + Rauigkeit,0.0572539224663672
Alpen-Sevelen,AS-01--AS-02,Gelaendehoehe + Wald,0.0727766355605611
Alpen-Sevelen,AS-01--AS-03,Gelaendehoehe + Wald,0.0639038665797748
Alpen-Sevelen,AS-01--AS-04,Gelaendehoehe + Wald,0.0720650149518078
Alpen-Sevelen,AS-01--AS-05,Gelaendehoehe + Wald,0.0770027865941028
Alpen-Sevelen,AS-01--AS-06,Gelaendehoehe + Wald,0.0757912136724174
Alpen-Sevelen,AS-02--AS-03,Gelaendehoehe + Wald,0.0639760369008306
Alpen-Sevelen,AS-02--AS-04,Gelaendehoehe + Wald,0.0577573179996049
Alpen-Sevelen,AS-02--AS-05,Gelaendehoehe + Wald,0.0624956526295294
Alpen-Sevelen,AS-02--AS-06,Gelaendehoehe + Wald,0.0590860019597842
Alpen-Sevelen,AS-03--AS-04,Gelaendehoehe + Wald,0.0611434850339193
Alpen-Sevelen,AS-03--AS-05,Gelaendehoehe + Wald,0.0665287566370272
Alpen-Sevelen,AS-03--AS-06,Gelaendehoehe + Wald,0.0647998702028432
Alpen-Sevelen,AS-04--AS-05,Gelaendehoehe + Wald,0.0587057912462096
Alpen-Sevelen,AS-04--AS-06,Gelaendehoehe + Wald,0.0561112049038254
Alpen-Sevelen,AS-05--AS-06,Gelaendehoehe + Wald,0.0556501179055361
Altenmellrich,AM-01--AM-02,Gelaendehoehe + Wald,0.0646169920886111
Altenmellrich,AM-01--AM-03,Gelaendehoehe + Wald,0.0584137832232492
Altenmellrich,AM-01--AM-04,Gelaendehoehe + Wald,0.0823276649078322
Altenmellrich,AM-02--AM-03,Gelaendehoehe + Wald,0.06954414398937
Altenmellrich,AM-02--AM-04,Gelaendehoehe + Wald,0.0614851219759018
Altenmellrich,AM-03--AM-04,Gelaendehoehe + Wald,0.0870615766607126
Bad Berleburg,BB-01--BB-02,Gelaendehoehe + Wald,0.0616587795471997
Bad Berleburg,BB-01--BB-03,Gelaendehoehe + Wald,0.0743130479082253
Bad Berleburg,BB-01--BB-04,Gelaendehoehe + Wald,0.0672817694768791
Bad Berleburg,BB-01--BB-05,Gelaendehoehe + Wald,0.0582238243416807
Bad Berleburg,BB-01--BB-06,Gelaendehoehe + Wald,0.0667036491107676
Bad Berleburg,BB-01--BB-07,Gelaendehoehe + Wald,0.0861250583381997
Bad Berleburg,BB-02--BB-03,Gelaendehoehe + Wald,0.093818625048487
Bad Berleburg,BB-02--BB-04,Gelaendehoehe + Wald,0.0843577710690212
Bad Berleburg,BB-02--BB-05,Gelaendehoehe + Wald,0.0692646985284344
Bad Berleburg,BB-02--BB-06,Gelaendehoehe + Wald,0.0833511684590125
Bad Berleburg,BB-02--BB-07,Gelaendehoehe + Wald,0.067609381223987
Bad Berleburg,BB-03--BB-04,Gelaendehoehe + Wald,0.0589189716212812
Bad Berleburg,BB-03--BB-05,Gelaendehoehe + Wald,0.0763162683225722
Bad Berleburg,BB-03--BB-06,Gelaendehoehe + Wald,0.0566487521963766
Bad Berleburg,BB-03--BB-07,Gelaendehoehe + Wald,0.1142479929491311
Bad Berleburg,BB-04--BB-05,Gelaendehoehe + Wald,0.0650443695874259
Bad Berleburg,BB-04--BB-06,Gelaendehoehe + Wald,0.0570586439321574
Bad Berleburg,BB-04--BB-07,Gelaendehoehe + Wald,0.107270568898038
Bad Berleburg,BB-05--BB-06,Gelaendehoehe + Wald,0.0704556303498706
Bad Berleburg,BB-05--BB-07,Gelaendehoehe + Wald,0.0914633593837179
Bad Berleburg,BB-06--BB-07,Gelaendehoehe + Wald,0.100460022771939
Borken-Coesfeld,BC-01--BC-02,Gelaendehoehe + Wald,0.0752277698718081
Borken-Coesfeld,BC-01--BC-03,Gelaendehoehe + Wald,0.0654380152202066
Borken-Coesfeld,BC-01--BC-04,Gelaendehoehe + Wald,0.063740077539097
Borken-Coesfeld,BC-01--BC-05,Gelaendehoehe + Wald,0.0658599929598617
Borken-Coesfeld,BC-01--BC-06,Gelaendehoehe + Wald,0.0678681300792934
Borken-Coesfeld,BC-02--BC-03,Gelaendehoehe + Wald,0.0782396427430605
Borken-Coesfeld,BC-02--BC-04,Gelaendehoehe + Wald,0.0701149094390698
Borken-Coesfeld,BC-02--BC-05,Gelaendehoehe + Wald,0.06581926296397
Borken-Coesfeld,BC-02--BC-06,Gelaendehoehe + Wald,0.0854972716431312
Borken-Coesfeld,BC-03--BC-04,Gelaendehoehe + Wald,0.0660765821396471
Borken-Coesfeld,BC-03--BC-05,Gelaendehoehe + Wald,0.0721525950203272
Borken-Coesfeld,BC-03--BC-06,Gelaendehoehe + Wald,0.062299455289344
Borken-Coesfeld,BC-04--BC-05,Gelaendehoehe + Wald,0.0662657540882788
Borken-Coesfeld,BC-04--BC-06,Gelaendehoehe + Wald,0.0698734514071333
Borken-Coesfeld,BC-05--BC-06,Gelaendehoehe + Wald,0.0766555095722672
Lorup,LO-01--LO-02,Gelaendehoehe + Wald,0.0768014519882238
Lorup,LO-01--LO-03,Gelaendehoehe + Wald,0.0900206984935248
Lorup,LO-02--LO-03,Gelaendehoehe + Wald,0.0774398621017287
Ostfriesland,OF-01--OF-02,Gelaendehoehe + Wald,0.0580120313671912
Ostfriesland,OF-01--OF-03,Gelaendehoehe + Wald,0.0583017514324781
Ostfriesland,OF-01--OF-04,Gelaendehoehe + Wald,0.0589971925675626
Ostfriesland,OF-02--OF-03,Gelaendehoehe + Wald,0.0569512843160057
Ostfriesland,OF-02--OF-04,Gelaendehoehe + Wald,0.0596455633951854
Ostfriesland,OF-03--OF-04,Gelaendehoehe + Wald,0.0597039688399566
Paderborn,PA-01--PA-10,Gelaendehoehe + Wald,0.0946598773265316
Paderborn,PA-01--PA-11,Gelaendehoehe + Wald,0.1624840400269899
Paderborn,PA-01--PA-12,Gelaendehoehe + Wald,0.1920163728657568
Paderborn,PA-01--PA-02,Gelaendehoehe + Wald,0.1968327019626432
Paderborn,PA-01--PA-03,Gelaendehoehe + Wald,0.11505726778146
Paderborn,PA-01--PA-04,Gelaendehoehe + Wald,0.075538649220056
Paderborn,PA-01--PA-05,Gelaendehoehe + Wald,0.1249837814321434
Paderborn,PA-01--PA-06,Gelaendehoehe + Wald,0.0759663428116555
Paderborn,PA-01--PA-07,Gelaendehoehe + Wald,0.1203903045891634
Paderborn,PA-01--PA-08,Gelaendehoehe + Wald,0.1188192231981801
Paderborn,PA-01--PA-09,Gelaendehoehe + Wald,0.1484619330802866
Paderborn,PA-10--PA-11,Gelaendehoehe + Wald,0.1063311235971959
Paderborn,PA-10--PA-12,Gelaendehoehe + Wald,0.1316021866395553
Paderborn,PA-02--PA-10,Gelaendehoehe + Wald,0.1372767128528753
Paderborn,PA-03--PA-10,Gelaendehoehe + Wald,0.0777342410290074
Paderborn,PA-04--PA-10,Gelaendehoehe + Wald,0.0772840629642166
Paderborn,PA-05--PA-10,Gelaendehoehe + Wald,0.0746062431887376
Paderborn,PA-06--PA-10,Gelaendehoehe + Wald,0.0634791066289103
Paderborn,PA-07--PA-10,Gelaendehoehe + Wald,0.0735961899679586
Paderborn,PA-08--PA-10,Gelaendehoehe + Wald,0.0707484079614549
Paderborn,PA-09--PA-10,Gelaendehoehe + Wald,0.0886454501581324
Paderborn,PA-11--PA-12,Gelaendehoehe + Wald,0.0581496951057643
Paderborn,PA-02--PA-11,Gelaendehoehe + Wald,0.0700572148633024
Paderborn,PA-03--PA-11,Gelaendehoehe + Wald,0.0845801799704598
Paderborn,PA-04--PA-11,Gelaendehoehe + Wald,0.1381139463205666
Paderborn,PA-05--PA-11,Gelaendehoehe + Wald,0.0714834442122322
Paderborn,PA-06--PA-11,Gelaendehoehe + Wald,0.1149523279790109
Paderborn,PA-07--PA-11,Gelaendehoehe + Wald,0.0823445917931809
Paderborn,PA-08--PA-11,Gelaendehoehe + Wald,0.0778860597427862
Paderborn,PA-09--PA-11,Gelaendehoehe + Wald,0.0770905727639738
Paderborn,PA-02--PA-12,Gelaendehoehe + Wald,0.0664918503878321
Paderborn,PA-03--PA-12,Gelaendehoehe + Wald,0.1029631572965486
Paderborn,PA-04--PA-12,Gelaendehoehe + Wald,0.1714669482386595
Paderborn,PA-05--PA-12,Gelaendehoehe + Wald,0.0889779639409014
Paderborn,PA-06--PA-12,Gelaendehoehe + Wald,0.1437921188282236
Paderborn,PA-07--PA-12,Gelaendehoehe + Wald,0.0956954803821993
Paderborn,PA-08--PA-12,Gelaendehoehe + Wald,0.0970289056738258
Paderborn,PA-09--PA-12,Gelaendehoehe + Wald,0.0929166811618327
Paderborn,PA-02--PA-03,Gelaendehoehe + Wald,0.1064174754426208
Paderborn,PA-02--PA-04,Gelaendehoehe + Wald,0.1906839118242474
Paderborn,PA-02--PA-05,Gelaendehoehe + Wald,0.1056283910945589
Paderborn,PA-02--PA-06,Gelaendehoehe + Wald,0.1552082996352391
Paderborn,PA-02--PA-07,Gelaendehoehe + Wald,0.1102912969178134
Paderborn,PA-02--PA-08,Gelaendehoehe + Wald,0.1102124923634793
Paderborn,PA-02--PA-09,Gelaendehoehe + Wald,0.0998758289185889
Paderborn,PA-03--PA-04,Gelaendehoehe + Wald,0.1152483891771791
Paderborn,PA-03--PA-05,Gelaendehoehe + Wald,0.0731538044006033
Paderborn,PA-03--PA-06,Gelaendehoehe + Wald,0.093125500029381
Paderborn,PA-03--PA-07,Gelaendehoehe + Wald,0.0774131977825277
Paderborn,PA-03--PA-08,Gelaendehoehe + Wald,0.05706163147434
Paderborn,PA-03--PA-09,Gelaendehoehe + Wald,0.0667603009782283
Paderborn,PA-04--PA-05,Gelaendehoehe + Wald,0.0942939411073206
Paderborn,PA-04--PA-06,Gelaendehoehe + Wald,0.0607395211909457
Paderborn,PA-04--PA-07,Gelaendehoehe + Wald,0.0956361929419272
Paderborn,PA-04--PA-08,Gelaendehoehe + Wald,0.0993468612558796
Paderborn,PA-04--PA-09,Gelaendehoehe + Wald,0.1155213878687739
Paderborn,PA-05--PA-06,Gelaendehoehe + Wald,0.080124220709689
Paderborn,PA-05--PA-07,Gelaendehoehe + Wald,0.0597327888120509
Paderborn,PA-05--PA-08,Gelaendehoehe + Wald,0.0621625350205122
Paderborn,PA-05--PA-09,Gelaendehoehe + Wald,0.0731844173123884
Paderborn,PA-06--PA-07,Gelaendehoehe + Wald,0.0805634036986383
Paderborn,PA-06--PA-08,Gelaendehoehe + Wald,0.0810132752047871
Paderborn,PA-06--PA-09,Gelaendehoehe + Wald,0.1011268213101705
Paderborn,PA-07--PA-08,Gelaendehoehe + Wald,0.0708413811086956
Paderborn,PA-07--PA-09,Gelaendehoehe + Wald,0.0714621798787643
Paderborn,PA-08--PA-09,Gelaendehoehe + Wald,0.0659908119437183
Rheda-Beckum,RB-01--RB-02,Gelaendehoehe + Wald,0.0551493977148153
Rheda-Beckum,RB-01--RB-03,Gelaendehoehe + Wald,0.0619194523748893
Rheda-Beckum,RB-01--RB-04,Gelaendehoehe + Wald,0.0668258968162464
Rheda-Beckum,RB-01--RB-05,Gelaendehoehe + Wald,0.0642533062877681
Rheda-Beckum,RB-02--RB-03,Gelaendehoehe + Wald,0.0571398068936902
Rheda-Beckum,RB-02--RB-04,Gelaendehoehe + Wald,0.0646115758619611
Rheda-Beckum,RB-02--RB-05,Gelaendehoehe + Wald,0.0620281845133466
Rheda-Beckum,RB-03--RB-04,Gelaendehoehe + Wald,0.0624238472720283
Rheda-Beckum,RB-03--RB-05,Gelaendehoehe + Wald,0.0594171651890736
Rheda-Beckum,RB-04--RB-05,Gelaendehoehe + Wald,0.0551698364794232
Alpen-Sevelen,AS-01--AS-02,Gelaendehoehe + Wind,0.0504992328456339
Alpen-Sevelen,AS-01--AS-03,Gelaendehoehe + Wind,0.0548426029829132
Alpen-Sevelen,AS-01--AS-04,Gelaendehoehe + Wind,0.0528432352296909
Alpen-Sevelen,AS-01--AS-05,Gelaendehoehe + Wind,0.056068653656969
Alpen-Sevelen,AS-01--AS-06,Gelaendehoehe + Wind,0.054834276263566
Alpen-Sevelen,AS-02--AS-03,Gelaendehoehe + Wind,0.0608358967864282
Alpen-Sevelen,AS-02--AS-04,Gelaendehoehe + Wind,0.0592725017140517
Alpen-Sevelen,AS-02--AS-05,Gelaendehoehe + Wind,0.0606816414766093
Alpen-Sevelen,AS-02--AS-06,Gelaendehoehe + Wind,0.0606669987960709
Alpen-Sevelen,AS-03--AS-04,Gelaendehoehe + Wind,0.0472164653249625
Alpen-Sevelen,AS-03--AS-05,Gelaendehoehe + Wind,0.0509420194813947
Alpen-Sevelen,AS-03--AS-06,Gelaendehoehe + Wind,0.049438464631685
Alpen-Sevelen,AS-04--AS-05,Gelaendehoehe + Wind,0.0491883985498577
Alpen-Sevelen,AS-04--AS-06,Gelaendehoehe + Wind,0.0470499824388557
Alpen-Sevelen,AS-05--AS-06,Gelaendehoehe + Wind,0.0468473022950856
Altenmellrich,AM-01--AM-02,Gelaendehoehe + Wind,0.0619192665479349
Altenmellrich,AM-01--AM-03,Gelaendehoehe + Wind,0.0647620434952327
Altenmellrich,AM-01--AM-04,Gelaendehoehe + Wind,0.0903900933310335
Altenmellrich,AM-02--AM-03,Gelaendehoehe + Wind,0.0520385991584185
Altenmellrich,AM-02--AM-04,Gelaendehoehe + Wind,0.0714945744577416
Altenmellrich,AM-03--AM-04,Gelaendehoehe + Wind,0.0605023772955289
Bad Berleburg,BB-01--BB-02,Gelaendehoehe + Wind,0.0819925469225642
Bad Berleburg,BB-01--BB-03,Gelaendehoehe + Wind,0.0647679657205854
Bad Berleburg,BB-01--BB-04,Gelaendehoehe + Wind,0.0797464134728749
Bad Berleburg,BB-01--BB-05,Gelaendehoehe + Wind,0.0575362575011724
Bad Berleburg,BB-01--BB-06,Gelaendehoehe + Wind,0.1047179210419849
Bad Berleburg,BB-01--BB-07,Gelaendehoehe + Wind,0.1176449473079678
Bad Berleburg,BB-02--BB-03,Gelaendehoehe + Wind,0.1066275404080075
Bad Berleburg,BB-02--BB-04,Gelaendehoehe + Wind,0.082547919704437
Bad Berleburg,BB-02--BB-05,Gelaendehoehe + Wind,0.0903088241498718
Bad Berleburg,BB-02--BB-06,Gelaendehoehe + Wind,0.1654791728051289
Bad Berleburg,BB-02--BB-07,Gelaendehoehe + Wind,0.0729052313888377
Bad Berleburg,BB-03--BB-04,Gelaendehoehe + Wind,0.0785645973142807
Bad Berleburg,BB-03--BB-05,Gelaendehoehe + Wind,0.0807623900699933
Bad Berleburg,BB-03--BB-06,Gelaendehoehe + Wind,0.087180781278128
Bad Berleburg,BB-03--BB-07,Gelaendehoehe + Wind,0.1645327895468942
Bad Berleburg,BB-04--BB-05,Gelaendehoehe + Wind,0.0770124237631319
Bad Berleburg,BB-04--BB-06,Gelaendehoehe + Wind,0.0920178534750506
Bad Berleburg,BB-04--BB-07,Gelaendehoehe + Wind,0.1127572705235259
Bad Berleburg,BB-05--BB-06,Gelaendehoehe + Wind,0.102245785682534
Bad Berleburg,BB-05--BB-07,Gelaendehoehe + Wind,0.1053536742604407
Bad Berleburg,BB-06--BB-07,Gelaendehoehe + Wind,0.2214791202448853
Borken-Coesfeld,BC-01--BC-02,Gelaendehoehe + Wind,0.0604085060139071
Borken-Coesfeld,BC-01--BC-03,Gelaendehoehe + Wind,0.0595313973565451
Borken-Coesfeld,BC-01--BC-04,Gelaendehoehe + Wind,0.0564821546412416
Borken-Coesfeld,BC-01--BC-05,Gelaendehoehe + Wind,0.0586638374179632
Borken-Coesfeld,BC-01--BC-06,Gelaendehoehe + Wind,0.0631225986109602
Borken-Coesfeld,BC-02--BC-03,Gelaendehoehe + Wind,0.072765192427303
Borken-Coesfeld,BC-02--BC-04,Gelaendehoehe + Wind,0.067972122322218
Borken-Coesfeld,BC-02--BC-05,Gelaendehoehe + Wind,0.0563020895668456
Borken-Coesfeld,BC-02--BC-06,Gelaendehoehe + Wind,0.0729049443565895
Borken-Coesfeld,BC-03--BC-04,Gelaendehoehe + Wind,0.0501927277584252
Borken-Coesfeld,BC-03--BC-05,Gelaendehoehe + Wind,0.0618553527500633
Borken-Coesfeld,BC-03--BC-06,Gelaendehoehe + Wind,0.0523699639022779
Borken-Coesfeld,BC-04--BC-05,Gelaendehoehe + Wind,0.0584150856878462
Borken-Coesfeld,BC-04--BC-06,Gelaendehoehe + Wind,0.0558512173874676
Borken-Coesfeld,BC-05--BC-06,Gelaendehoehe + Wind,0.0607031580849776
Lorup,LO-01--LO-02,Gelaendehoehe + Wind,0.0525100361900917
Lorup,LO-01--LO-03,Gelaendehoehe + Wind,0.0585559419210966
Lorup,LO-02--LO-03,Gelaendehoehe + Wind,0.0549954365668339
Ostfriesland,OF-01--OF-02,Gelaendehoehe + Wind,0.050392834183948
Ostfriesland,OF-01--OF-03,Gelaendehoehe + Wind,0.0519121915025926
Ostfriesland,OF-01--OF-04,Gelaendehoehe + Wind,0.0592368673674809
Ostfriesland,OF-02--OF-03,Gelaendehoehe + Wind,0.0533309353661037
Ostfriesland,OF-02--OF-04,Gelaendehoehe + Wind,0.0577348800316662
Ostfriesland,OF-03--OF-04,Gelaendehoehe + Wind,0.0644997361532599
Paderborn,PA-01--PA-10,Gelaendehoehe + Wind,0.1535946094197297
Paderborn,PA-01--PA-11,Gelaendehoehe + Wind,0.2157960428448487
Paderborn,PA-01--PA-12,Gelaendehoehe + Wind,0.2140089720660274
Paderborn,PA-01--PA-02,Gelaendehoehe + Wind,0.1509662963524843
Paderborn,PA-01--PA-03,Gelaendehoehe + Wind,0.1264536316604639
Paderborn,PA-01--PA-04,Gelaendehoehe + Wind,0.0651151791662866
Paderborn,PA-01--PA-05,Gelaendehoehe + Wind,0.1384932837353649
Paderborn,PA-01--PA-06,Gelaendehoehe + Wind,0.1244025274052339
Paderborn,PA-01--PA-07,Gelaendehoehe + Wind,0.1342750963406505
Paderborn,PA-01--PA-08,Gelaendehoehe + Wind,0.1595582757730372
Paderborn,PA-01--PA-09,Gelaendehoehe + Wind,0.1872523039038961
Paderborn,PA-10--PA-11,Gelaendehoehe + Wind,0.0735837249648728
Paderborn,PA-10--PA-12,Gelaendehoehe + Wind,0.0815549914295826
Paderborn,PA-02--PA-10,Gelaendehoehe + Wind,0.1416006834616312
Paderborn,PA-03--PA-10,Gelaendehoehe + Wind,0.0919214239334956
Paderborn,PA-04--PA-10,Gelaendehoehe + Wind,0.1009080014801109
Paderborn,PA-05--PA-10,Gelaendehoehe + Wind,0.0737071016838828
Paderborn,PA-06--PA-10,Gelaendehoehe + Wind,0.0636441478469595
Paderborn,PA-07--PA-10,Gelaendehoehe + Wind,0.06501095211778
Paderborn,PA-08--PA-10,Gelaendehoehe + Wind,0.0692800256407375
Paderborn,PA-09--PA-10,Gelaendehoehe + Wind,0.0665645884121711
Paderborn,PA-11--PA-12,Gelaendehoehe + Wind,0.0502289196664322
Paderborn,PA-02--PA-11,Gelaendehoehe + Wind,0.1046213257427167
Paderborn,PA-03--PA-11,Gelaendehoehe + Wind,0.0881519199003749
Paderborn,PA-04--PA-11,Gelaendehoehe + Wind,0.1551757774152719
Paderborn,PA-05--PA-11,Gelaendehoehe + Wind,0.0784979009522249
Paderborn,PA-06--PA-11,Gelaendehoehe + Wind,0.0920824410056936
Paderborn,PA-07--PA-11,Gelaendehoehe + Wind,0.07702467177352
Paderborn,PA-08--PA-11,Gelaendehoehe + Wind,0.063686661650137
Paderborn,PA-09--PA-11,Gelaendehoehe + Wind,0.0608258737179596
Paderborn,PA-02--PA-12,Gelaendehoehe + Wind,0.0925167303542979
Paderborn,PA-03--PA-12,Gelaendehoehe + Wind,0.0942944584305325
Paderborn,PA-04--PA-12,Gelaendehoehe + Wind,0.1559854505591901
Paderborn,PA-05--PA-12,Gelaendehoehe + Wind,0.0921040060396401
Paderborn,PA-06--PA-12,Gelaendehoehe + Wind,0.1059649053732869
Paderborn,PA-07--PA-12,Gelaendehoehe + Wind,0.0913187874754751
Paderborn,PA-08--PA-12,Gelaendehoehe + Wind,0.0753149196397227
Paderborn,PA-09--PA-12,Gelaendehoehe + Wind,0.0692819723496894
Paderborn,PA-02--PA-03,Gelaendehoehe + Wind,0.1064266657824305
Paderborn,PA-02--PA-04,Gelaendehoehe + Wind,0.1284456038608617
Paderborn,PA-02--PA-05,Gelaendehoehe + Wind,0.132069608181813
Paderborn,PA-02--PA-06,Gelaendehoehe + Wind,0.1780074084233556
Paderborn,PA-02--PA-07,Gelaendehoehe + Wind,0.1328482488542083
Paderborn,PA-02--PA-08,Gelaendehoehe + Wind,0.1200283698738978
Paderborn,PA-02--PA-09,Gelaendehoehe + Wind,0.1159090406525641
Paderborn,PA-03--PA-04,Gelaendehoehe + Wind,0.0920754402937568
Paderborn,PA-03--PA-05,Gelaendehoehe + Wind,0.0569678248944463
Paderborn,PA-03--PA-06,Gelaendehoehe + Wind,0.0873313129543396
Paderborn,PA-03--PA-07,Gelaendehoehe + Wind,0.0634791133239859
Paderborn,PA-03--PA-08,Gelaendehoehe + Wind,0.0598834506619578
Paderborn,PA-03--PA-09,Gelaendehoehe + Wind,0.0684014925801452
Paderborn,PA-04--PA-05,Gelaendehoehe + Wind,0.0975744372962928
Paderborn,PA-04--PA-06,Gelaendehoehe + Wind,0.0817537076803675
Paderborn,PA-04--PA-07,Gelaendehoehe + Wind,0.093767457613594
Paderborn,PA-04--PA-08,Gelaendehoehe + Wind,0.1121446124656325
Paderborn,PA-04--PA-09,Gelaendehoehe + Wind,0.1213939112334987
Paderborn,PA-05--PA-06,Gelaendehoehe + Wind,0.0668038152771796
Paderborn,PA-05--PA-07,Gelaendehoehe + Wind,0.0471891156892551
Paderborn,PA-05--PA-08,Gelaendehoehe + Wind,0.0529184233737424
Paderborn,PA-05--PA-09,Gelaendehoehe + Wind,0.0609248025883474
Paderborn,PA-06--PA-07,Gelaendehoehe + Wind,0.0613722485671213
Paderborn,PA-06--PA-08,Gelaendehoehe + Wind,0.0713679227399813
Paderborn,PA-06--PA-09,Gelaendehoehe + Wind,0.0672964613999809
Paderborn,PA-07--PA-08,Gelaendehoehe + Wind,0.0520658907065859
Paderborn,PA-07--PA-09,Gelaendehoehe + Wind,0.0628798632662689
Paderborn,PA-08--PA-09,Gelaendehoehe + Wind,0.0570667424525078
Rheda-Beckum,RB-01--RB-02,Gelaendehoehe + Wind,0.0455125883096201
Rheda-Beckum,RB-01--RB-03,Gelaendehoehe + Wind,0.0506882832629442
Rheda-Beckum,RB-01--RB-04,Gelaendehoehe + Wind,0.0691414291211461
Rheda-Beckum,RB-01--RB-05,Gelaendehoehe + Wind,0.0638809214488845
Rheda-Beckum,RB-02--RB-03,Gelaendehoehe + Wind,0.0477405601397539
Rheda-Beckum,RB-02--RB-04,Gelaendehoehe + Wind,0.0673360367038656
Rheda-Beckum,RB-02--RB-05,Gelaendehoehe + Wind,0.0622431827767831
Rheda-Beckum,RB-03--RB-04,Gelaendehoehe + Wind,0.0599569799481342
Rheda-Beckum,RB-03--RB-05,Gelaendehoehe + Wind,0.0554415212560061
Rheda-Beckum,RB-04--RB-05,Gelaendehoehe + Wind,0.0471852134169232
Alpen-Sevelen,AS-01--AS-02,Rauigkeit + Wald,0.0846412643846521
Alpen-Sevelen,AS-01--AS-03,Rauigkeit + Wald,0.0701241463873201
Alpen-Sevelen,AS-01--AS-04,Rauigkeit + Wald,0.0818051479515444
Alpen-Sevelen,AS-01--AS-05,Rauigkeit + Wald,0.084361201834737
Alpen-Sevelen,AS-01--AS-06,Rauigkeit + Wald,0.0839044585863521
Alpen-Sevelen,AS-02--AS-03,Rauigkeit + Wald,0.0686527201715485
Alpen-Sevelen,AS-02--AS-04,Rauigkeit + Wald,0.0588374619243361
Alpen-Sevelen,AS-02--AS-05,Rauigkeit + Wald,0.0649868019769233
Alpen-Sevelen,AS-02--AS-06,Rauigkeit + Wald,0.0606710569153176
Alpen-Sevelen,AS-03--AS-04,Rauigkeit + Wald,0.0669494403109515
Alpen-Sevelen,AS-03--AS-05,Rauigkeit + Wald,0.0729333190303215
Alpen-Sevelen,AS-03--AS-06,Rauigkeit + Wald,0.0702196661348438
Alpen-Sevelen,AS-04--AS-05,Rauigkeit + Wald,0.0629664042161653
Alpen-Sevelen,AS-04--AS-06,Rauigkeit + Wald,0.0597373874110426
Alpen-Sevelen,AS-05--AS-06,Rauigkeit + Wald,0.0582276876642092
Altenmellrich,AM-01--AM-02,Rauigkeit + Wald,0.0603256661865166
Altenmellrich,AM-01--AM-03,Rauigkeit + Wald,0.0594894586564226
Altenmellrich,AM-01--AM-04,Rauigkeit + Wald,0.0724630160386068
Altenmellrich,AM-02--AM-03,Rauigkeit + Wald,0.0754524576019925
Altenmellrich,AM-02--AM-04,Rauigkeit + Wald,0.0591265326994016
Altenmellrich,AM-03--AM-04,Rauigkeit + Wald,0.0800416033200894
Bad Berleburg,BB-01--BB-02,Rauigkeit + Wald,0.0467205063242474
Bad Berleburg,BB-01--BB-03,Rauigkeit + Wald,0.0845313067941038
Bad Berleburg,BB-01--BB-04,Rauigkeit + Wald,0.0736008257451188
Bad Berleburg,BB-01--BB-05,Rauigkeit + Wald,0.0792004769939381
Bad Berleburg,BB-01--BB-06,Rauigkeit + Wald,0.0676273889562489
Bad Berleburg,BB-01--BB-07,Rauigkeit + Wald,0.0629105455556041
Bad Berleburg,BB-02--BB-03,Rauigkeit + Wald,0.0825415585520229
Bad Berleburg,BB-02--BB-04,Rauigkeit + Wald,0.0709740403724931
Bad Berleburg,BB-02--BB-05,Rauigkeit + Wald,0.0731899646423353
Bad Berleburg,BB-02--BB-06,Rauigkeit + Wald,0.0640140198837735
Bad Berleburg,BB-02--BB-07,Rauigkeit + Wald,0.0619592738029024
Bad Berleburg,BB-03--BB-04,Rauigkeit + Wald,0.0731064866395558
Bad Berleburg,BB-03--BB-05,Rauigkeit + Wald,0.0859938480728723
Bad Berleburg,BB-03--BB-06,Rauigkeit + Wald,0.0673452794895121
Bad Berleburg,BB-03--BB-07,Rauigkeit + Wald,0.0713927277476133
Bad Berleburg,BB-04--BB-05,Rauigkeit + Wald,0.0622651688737685
Bad Berleburg,BB-04--BB-06,Rauigkeit + Wald,0.0763615475177601
Bad Berleburg,BB-04--BB-07,Rauigkeit + Wald,0.0706478747471646
Bad Berleburg,BB-05--BB-06,Rauigkeit + Wald,0.0774984173375442
Bad Berleburg,BB-05--BB-07,Rauigkeit + Wald,0.0831973126625046
Bad Berleburg,BB-06--BB-07,Rauigkeit + Wald,0.0540317120869451
Borken-Coesfeld,BC-01--BC-02,Rauigkeit + Wald,0.0732177384393958
Borken-Coesfeld,BC-01--BC-03,Rauigkeit + Wald,0.0749151717806625
Borken-Coesfeld,BC-01--BC-04,Rauigkeit + Wald,0.0837907369166025
Borken-Coesfeld,BC-01--BC-05,Rauigkeit + Wald,0.073276863226392
Borken-Coesfeld,BC-01--BC-06,Rauigkeit + Wald,0.0821145475245072
Borken-Coesfeld,BC-02--BC-03,Rauigkeit + Wald,0.0750781329406989
Borken-Coesfeld,BC-02--BC-04,Rauigkeit + Wald,0.0763306427741879
Borken-Coesfeld,BC-02--BC-05,Rauigkeit + Wald,0.0712539249626701
Borken-Coesfeld,BC-02--BC-06,Rauigkeit + Wald,0.0849718946482101
Borken-Coesfeld,BC-03--BC-04,Rauigkeit + Wald,0.0659112004888566
Borken-Coesfeld,BC-03--BC-05,Rauigkeit + Wald,0.069866692896661
Borken-Coesfeld,BC-03--BC-06,Rauigkeit + Wald,0.0716942667328395
Borken-Coesfeld,BC-04--BC-05,Rauigkeit + Wald,0.0709912977123036
Borken-Coesfeld,BC-04--BC-06,Rauigkeit + Wald,0.0758659618010266
Borken-Coesfeld,BC-05--BC-06,Rauigkeit + Wald,0.0770094257626324
Lorup,LO-01--LO-02,Rauigkeit + Wald,0.0861916612750878
Lorup,LO-01--LO-03,Rauigkeit + Wald,0.113661082726272
Lorup,LO-02--LO-03,Rauigkeit + Wald,0.0891817221639342
Ostfriesland,OF-01--OF-02,Rauigkeit + Wald,0.0594327058767252
Ostfriesland,OF-01--OF-03,Rauigkeit + Wald,0.0624745931981061
Ostfriesland,OF-01--OF-04,Rauigkeit + Wald,0.0642201177565193
Ostfriesland,OF-02--OF-03,Rauigkeit + Wald,0.0593719178244451
Ostfriesland,OF-02--OF-04,Rauigkeit + Wald,0.0678616769498503
Ostfriesland,OF-03--OF-04,Rauigkeit + Wald,0.0729374675158849
Paderborn,PA-01--PA-10,Rauigkeit + Wald,0.0924892081367599
Paderborn,PA-01--PA-11,Rauigkeit + Wald,0.1029810457689754
Paderborn,PA-01--PA-12,Rauigkeit + Wald,0.1295533675176075
Paderborn,PA-01--PA-02,Rauigkeit + Wald,0.112710523901947
Paderborn,PA-01--PA-03,Rauigkeit + Wald,0.0807919589232615
Paderborn,PA-01--PA-04,Rauigkeit + Wald,0.1030995608569211
Paderborn,PA-01--PA-05,Rauigkeit + Wald,0.1009670604117499
Paderborn,PA-01--PA-06,Rauigkeit + Wald,0.0807144860814883
Paderborn,PA-01--PA-07,Rauigkeit + Wald,0.1091288837931456
Paderborn,PA-01--PA-08,Rauigkeit + Wald,0.0872746229220487
Paderborn,PA-01--PA-09,Rauigkeit + Wald,0.1087833862018345
Paderborn,PA-10--PA-11,Rauigkeit + Wald,0.0998188544962632
Paderborn,PA-10--PA-12,Rauigkeit + Wald,0.137714670281928
Paderborn,PA-02--PA-10,Rauigkeit + Wald,0.1250860740495034
Paderborn,PA-03--PA-10,Rauigkeit + Wald,0.0770710634098943
Paderborn,PA-04--PA-10,Rauigkeit + Wald,0.0746308981787161
Paderborn,PA-05--PA-10,Rauigkeit + Wald,0.0918890339925154
Paderborn,PA-06--PA-10,Rauigkeit + Wald,0.0739886087186372
Paderborn,PA-07--PA-10,Rauigkeit + Wald,0.0986955685934935
Paderborn,PA-08--PA-10,Rauigkeit + Wald,0.0729181364704771
Paderborn,PA-09--PA-10,Rauigkeit + Wald,0.0919909330516448
Paderborn,PA-11--PA-12,Rauigkeit + Wald,0.0702381558996775
Paderborn,PA-02--PA-11,Rauigkeit + Wald,0.0947405769731184
Paderborn,PA-03--PA-11,Rauigkeit + Wald,0.1083025777890167
Paderborn,PA-04--PA-11,Rauigkeit + Wald,0.0883796412129925
Paderborn,PA-05--PA-11,Rauigkeit + Wald,0.066954238489774
Paderborn,PA-06--PA-11,Rauigkeit + Wald,0.0786325783036646
Paderborn,PA-07--PA-11,Rauigkeit + Wald,0.0740677510257862
Paderborn,PA-08--PA-11,Rauigkeit + Wald,0.0829696567019853
Paderborn,PA-09--PA-11,Rauigkeit + Wald,0.0938846801128193
Paderborn,PA-02--PA-12,Rauigkeit + Wald,0.0914867730135454
Paderborn,PA-03--PA-12,Rauigkeit + Wald,0.1463494656975672
Paderborn,PA-04--PA-12,Rauigkeit + Wald,0.1230846138227176
Paderborn,PA-05--PA-12,Rauigkeit + Wald,0.0945972371246504
Paderborn,PA-06--PA-12,Rauigkeit + Wald,0.1088907077363159
Paderborn,PA-07--PA-12,Rauigkeit + Wald,0.0905106234379917
Paderborn,PA-08--PA-12,Rauigkeit + Wald,0.1112771432750646
Paderborn,PA-09--PA-12,Rauigkeit + Wald,0.122788965953532
Paderborn,PA-02--PA-03,Rauigkeit + Wald,0.1243126333626288
Paderborn,PA-02--PA-04,Rauigkeit + Wald,0.123906695908141
Paderborn,PA-02--PA-05,Rauigkeit + Wald,0.1094986443940083
Paderborn,PA-02--PA-06,Rauigkeit + Wald,0.106764603887351
Paderborn,PA-02--PA-07,Rauigkeit + Wald,0.096014331321151
Paderborn,PA-02--PA-08,Rauigkeit + Wald,0.1195412781679176
Paderborn,PA-02--PA-09,Rauigkeit + Wald,0.1141510115789404
Paderborn,PA-03--PA-04,Rauigkeit + Wald,0.0863853241557092
Paderborn,PA-03--PA-05,Rauigkeit + Wald,0.1018910576629327
Paderborn,PA-03--PA-06,Rauigkeit + Wald,0.0840908882910182
Paderborn,PA-03--PA-07,Rauigkeit + Wald,0.0998535320781073
Paderborn,PA-03--PA-08,Rauigkeit + Wald,0.0756088992940533
Paderborn,PA-03--PA-09,Rauigkeit + Wald,0.0887619690420424
Paderborn,PA-04--PA-05,Rauigkeit + Wald,0.0733992252409817
Paderborn,PA-04--PA-06,Rauigkeit + Wald,0.0694538856154598
Paderborn,PA-04--PA-07,Rauigkeit + Wald,0.0839927299089294
Paderborn,PA-04--PA-08,Rauigkeit + Wald,0.070071818258203
Paderborn,PA-04--PA-09,Rauigkeit + Wald,0.0797687052296666
Paderborn,PA-05--PA-06,Rauigkeit + Wald,0.0670638490216075
Paderborn,PA-05--PA-07,Rauigkeit + Wald,0.0700890072002306
Paderborn,PA-05--PA-08,Rauigkeit + Wald,0.0759318978035044
Paderborn,PA-05--PA-09,Rauigkeit + Wald,0.0848386380955538
Paderborn,PA-06--PA-07,Rauigkeit + Wald,0.0761418807430076
Paderborn,PA-06--PA-08,Rauigkeit + Wald,0.0649987223299944
Paderborn,PA-06--PA-09,Rauigkeit + Wald,0.0785617765250706
Paderborn,PA-07--PA-08,Rauigkeit + Wald,0.0767028334216165
Paderborn,PA-07--PA-09,Rauigkeit + Wald,0.0668104943904581
Paderborn,PA-08--PA-09,Rauigkeit + Wald,0.0773353431418357
Rheda-Beckum,RB-01--RB-02,Rauigkeit + Wald,0.0561705675677796
Rheda-Beckum,RB-01--RB-03,Rauigkeit + Wald,0.058920700350942
Rheda-Beckum,RB-01--RB-04,Rauigkeit + Wald,0.0633075612303588
Rheda-Beckum,RB-01--RB-05,Rauigkeit + Wald,0.0627415568690542
Rheda-Beckum,RB-02--RB-03,Rauigkeit + Wald,0.0561534862992691
Rheda-Beckum,RB-02--RB-04,Rauigkeit + Wald,0.0658822004266018
Rheda-Beckum,RB-02--RB-05,Rauigkeit + Wald,0.0644223867331637
Rheda-Beckum,RB-03--RB-04,Rauigkeit + Wald,0.0683027566018718
Rheda-Beckum,RB-03--RB-05,Rauigkeit + Wald,0.066749545500935
Rheda-Beckum,RB-04--RB-05,Rauigkeit + Wald,0.0563165127692484
Alpen-Sevelen,AS-01--AS-02,Rauigkeit + Wind,0.0536977206099397
Alpen-Sevelen,AS-01--AS-03,Rauigkeit + Wind,0.05814244412495
Alpen-Sevelen,AS-01--AS-04,Rauigkeit + Wind,0.055802195376381
Alpen-Sevelen,AS-01--AS-05,Rauigkeit + Wind,0.0575946367721748
Alpen-Sevelen,AS-01--AS-06,Rauigkeit + Wind,0.0567861745767957
Alpen-Sevelen,AS-02--AS-03,Rauigkeit + Wind,0.0642582668670015
Alpen-Sevelen,AS-02--AS-04,Rauigkeit + Wind,0.0614240936235817
Alpen-Sevelen,AS-02--AS-05,Rauigkeit + Wind,0.062537143256994
Alpen-Sevelen,AS-02--AS-06,Rauigkeit + Wind,0.0627861192162862
Alpen-Sevelen,AS-03--AS-04,Rauigkeit + Wind,0.0495014732137878
Alpen-Sevelen,AS-03--AS-05,Rauigkeit + Wind,0.0529220476070842
Alpen-Sevelen,AS-03--AS-06,Rauigkeit + Wind,0.0512204680292704
Alpen-Sevelen,AS-04--AS-05,Rauigkeit + Wind,0.0511611849182642
Alpen-Sevelen,AS-04--AS-06,Rauigkeit + Wind,0.0489246734726251
Alpen-Sevelen,AS-05--AS-06,Rauigkeit + Wind,0.0483957418550545
Altenmellrich,AM-01--AM-02,Rauigkeit + Wind,0.0594687129932707
Altenmellrich,AM-01--AM-03,Rauigkeit + Wind,0.0653961997953455
Altenmellrich,AM-01--AM-04,Rauigkeit + Wind,0.0844049532202234
Altenmellrich,AM-02--AM-03,Rauigkeit + Wind,0.0537739473820332
Altenmellrich,AM-02--AM-04,Rauigkeit + Wind,0.0700652470591049
Altenmellrich,AM-03--AM-04,Rauigkeit + Wind,0.0571079585893267
Bad Berleburg,BB-01--BB-02,Rauigkeit + Wind,0.1242883506707732
Bad Berleburg,BB-01--BB-03,Rauigkeit + Wind,0.0674145402596852
Bad Berleburg,BB-01--BB-04,Rauigkeit + Wind,0.1131529061506267
Bad Berleburg,BB-01--BB-05,Rauigkeit + Wind,0.0611391723387149
Bad Berleburg,BB-01--BB-06,Rauigkeit + Wind,0.2143190136170776
Bad Berleburg,BB-01--BB-07,Rauigkeit + Wind,0.1706491846493218
Bad Berleburg,BB-02--BB-03,Rauigkeit + Wind,0.1470471945084988
Bad Berleburg,BB-02--BB-04,Rauigkeit + Wind,0.0857225083804236
Bad Berleburg,BB-02--BB-05,Rauigkeit + Wind,0.1405516219441104
Bad Berleburg,BB-02--BB-06,Rauigkeit + Wind,0.4428055108857651
Bad Berleburg,BB-02--BB-07,Rauigkeit + Wind,0.071635172330099
Bad Berleburg,BB-03--BB-04,Rauigkeit + Wind,0.1652428334900783
Bad Berleburg,BB-03--BB-05,Rauigkeit + Wind,0.1105972170429066
Bad Berleburg,BB-03--BB-06,Rauigkeit + Wind,0.215248798621246
Bad Berleburg,BB-03--BB-07,Rauigkeit + Wind,0.3254944338065175
Bad Berleburg,BB-04--BB-05,Rauigkeit + Wind,0.1266144773174427
Bad Berleburg,BB-04--BB-06,Rauigkeit + Wind,0.2694344652203161
Bad Berleburg,BB-04--BB-07,Rauigkeit + Wind,0.1273515152255885
Bad Berleburg,BB-05--BB-06,Rauigkeit + Wind,0.2721283798460877
Bad Berleburg,BB-05--BB-07,Rauigkeit + Wind,0.1515875585552809
Bad Berleburg,BB-06--BB-07,Rauigkeit + Wind,0.7909370827635679
Borken-Coesfeld,BC-01--BC-02,Rauigkeit + Wind,0.0578206127241481
Borken-Coesfeld,BC-01--BC-03,Rauigkeit + Wind,0.0644913172199953
Borken-Coesfeld,BC-01--BC-04,Rauigkeit + Wind,0.0666235656323827
Borken-Coesfeld,BC-01--BC-05,Rauigkeit + Wind,0.0622335177506284
Borken-Coesfeld,BC-01--BC-06,Rauigkeit + Wind,0.0706352107539683
Borken-Coesfeld,BC-02--BC-03,Rauigkeit + Wind,0.0695153923595834
Borken-Coesfeld,BC-02--BC-04,Rauigkeit + Wind,0.0710241425242281
Borken-Coesfeld,BC-02--BC-05,Rauigkeit + Wind,0.0585204255208326
Borken-Coesfeld,BC-02--BC-06,Rauigkeit + Wind,0.0701629615390164
Borken-Coesfeld,BC-03--BC-04,Rauigkeit + Wind,0.0491621700933027
Borken-Coesfeld,BC-03--BC-05,Rauigkeit + Wind,0.0596702329699354
Borken-Coesfeld,BC-03--BC-06,Rauigkeit + Wind,0.0569700144915863
Borken-Coesfeld,BC-04--BC-05,Rauigkeit + Wind,0.0606600072575665
Borken-Coesfeld,BC-04--BC-06,Rauigkeit + Wind,0.0576472521277234
Borken-Coesfeld,BC-05--BC-06,Rauigkeit + Wind,0.0591130075620124
Lorup,LO-01--LO-02,Rauigkeit + Wind,0.0561263353249632
Lorup,LO-01--LO-03,Rauigkeit + Wind,0.0688613009661818
Lorup,LO-02--LO-03,Rauigkeit + Wind,0.0602462791488824
Ostfriesland,OF-01--OF-02,Rauigkeit + Wind,0.0515970293739713
Ostfriesland,OF-01--OF-03,Rauigkeit + Wind,0.0545579831843257
Ostfriesland,OF-01--OF-04,Rauigkeit + Wind,0.0634387545776749
Ostfriesland,OF-02--OF-03,Rauigkeit + Wind,0.0555557611116718
Ostfriesland,OF-02--OF-04,Rauigkeit + Wind,0.0630784047765393
Ostfriesland,OF-03--OF-04,Rauigkeit + Wind,0.0739618431361338
Paderborn,PA-01--PA-10,Rauigkeit + Wind,0.1533227706148497
Paderborn,PA-01--PA-11,Rauigkeit + Wind,0.1511820771666183
Paderborn,PA-01--PA-12,Rauigkeit + Wind,0.1472315873812819
Paderborn,PA-01--PA-02,Rauigkeit + Wind,0.0908394854077415
Paderborn,PA-01--PA-03,Rauigkeit + Wind,0.0962139110275766
Paderborn,PA-01--PA-04,Rauigkeit + Wind,0.071781178188083
Paderborn,PA-01--PA-05,Rauigkeit + Wind,0.1146935337782381
Paderborn,PA-01--PA-06,Rauigkeit + Wind,0.1389403827612843
Paderborn,PA-01--PA-07,Rauigkeit + Wind,0.1179140644226762
Paderborn,PA-01--PA-08,Rauigkeit + Wind,0.1286401059035989
Paderborn,PA-01--PA-09,Rauigkeit + Wind,0.1445618572152958
Paderborn,PA-10--PA-11,Rauigkeit + Wind,0.0590103752480541
Paderborn,PA-10--PA-12,Rauigkeit + Wind,0.0658592836867857
Paderborn,PA-02--PA-10,Rauigkeit + Wind,0.1199308205669086
Paderborn,PA-03--PA-10,Rauigkeit + Wind,0.092462221829075
Paderborn,PA-04--PA-10,Rauigkeit + Wind,0.0995167611328167
Paderborn,PA-05--PA-10,Rauigkeit + Wind,0.0769435743684441
Paderborn,PA-06--PA-10,Rauigkeit + Wind,0.0644376213495584
Paderborn,PA-07--PA-10,Rauigkeit + Wind,0.0703004735474035
Paderborn,PA-08--PA-10,Rauigkeit + Wind,0.0669895974214535
Paderborn,PA-09--PA-10,Rauigkeit + Wind,0.0592768736047838
Paderborn,PA-11--PA-12,Rauigkeit + Wind,0.0550836687953705
Paderborn,PA-02--PA-11,Rauigkeit + Wind,0.1274654602153496
Paderborn,PA-03--PA-11,Rauigkeit + Wind,0.092435241852334
Paderborn,PA-04--PA-11,Rauigkeit + Wind,0.1094066655887984
Paderborn,PA-05--PA-11,Rauigkeit + Wind,0.0741086256490448
Paderborn,PA-06--PA-11,Rauigkeit + Wind,0.0649146444474703
Paderborn,PA-07--PA-11,Rauigkeit + Wind,0.068130094474829
Paderborn,PA-08--PA-11,Rauigkeit + Wind,0.0610616226108901
Paderborn,PA-09--PA-11,Rauigkeit + Wind,0.0625897880319758
Paderborn,PA-02--PA-12,Rauigkeit + Wind,0.1122062509619495
Paderborn,PA-03--PA-12,Rauigkeit + Wind,0.0988957720701795
Paderborn,PA-04--PA-12,Rauigkeit + Wind,0.1086706389116204
Paderborn,PA-05--PA-12,Rauigkeit + Wind,0.0887168968817806
Paderborn,PA-06--PA-12,Rauigkeit + Wind,0.0756910623039426
Paderborn,PA-07--PA-12,Rauigkeit + Wind,0.0821464868248579
Paderborn,PA-08--PA-12,Rauigkeit + Wind,0.0733508902683618
Paderborn,PA-09--PA-12,Rauigkeit + Wind,0.072054333999598
Paderborn,PA-02--PA-03,Rauigkeit + Wind,0.1067890073232839
Paderborn,PA-02--PA-04,Rauigkeit + Wind,0.0809870029952694
Paderborn,PA-02--PA-05,Rauigkeit + Wind,0.1292665671044036
Paderborn,PA-02--PA-06,Rauigkeit + Wind,0.1328951527530094
Paderborn,PA-02--PA-07,Rauigkeit + Wind,0.1211707034137579
Paderborn,PA-02--PA-08,Rauigkeit + Wind,0.1211551670664751
Paderborn,PA-02--PA-09,Rauigkeit + Wind,0.125224709892563
Paderborn,PA-03--PA-04,Rauigkeit + Wind,0.070566475640136
Paderborn,PA-03--PA-05,Rauigkeit + Wind,0.0618997286028035
Paderborn,PA-03--PA-06,Rauigkeit + Wind,0.074577676925377
Paderborn,PA-03--PA-07,Rauigkeit + Wind,0.0662816792209725
Paderborn,PA-03--PA-08,Rauigkeit + Wind,0.0693023538723411
Paderborn,PA-03--PA-09,Rauigkeit + Wind,0.0769077475872789
Paderborn,PA-04--PA-05,Rauigkeit + Wind,0.0810294340904723
Paderborn,PA-04--PA-06,Rauigkeit + Wind,0.091170050725257
Paderborn,PA-04--PA-07,Rauigkeit + Wind,0.082271231282165
Paderborn,PA-04--PA-08,Rauigkeit + Wind,0.0901408343943575
Paderborn,PA-04--PA-09,Rauigkeit + Wind,0.0920642820614501
Paderborn,PA-05--PA-06,Rauigkeit + Wind,0.0570548523309299
Paderborn,PA-05--PA-07,Rauigkeit + Wind,0.0491504841102438
Paderborn,PA-05--PA-08,Rauigkeit + Wind,0.0567239584101805
Paderborn,PA-05--PA-09,Rauigkeit + Wind,0.0621256891881639
Paderborn,PA-06--PA-07,Rauigkeit + Wind,0.0549129579061046
Paderborn,PA-06--PA-08,Rauigkeit + Wind,0.0586268985125828
Paderborn,PA-06--PA-09,Rauigkeit + Wind,0.0505103318678549
Paderborn,PA-07--PA-08,Rauigkeit + Wind,0.0518763286135615
Paderborn,PA-07--PA-09,Rauigkeit + Wind,0.0599783772326377
Paderborn,PA-08--PA-09,Rauigkeit + Wind,0.060562540081632
Rheda-Beckum,RB-01--RB-02,Rauigkeit + Wind,0.0460605583650872
Rheda-Beckum,RB-01--RB-03,Rauigkeit + Wind,0.0485803959248049
Rheda-Beckum,RB-01--RB-04,Rauigkeit + Wind,0.0677754157059365
Rheda-Beckum,RB-01--RB-05,Rauigkeit + Wind,0.0637845510093431
Rheda-Beckum,RB-02--RB-03,Rauigkeit + Wind,0.0470923028644944
Rheda-Beckum,RB-02--RB-04,Rauigkeit + Wind,0.0693338900062197
Rheda-Beckum,RB-02--RB-05,Rauigkeit + Wind,0.064872597513798
Rheda-Beckum,RB-03--RB-04,Rauigkeit + Wind,0.0643594892303903
Rheda-Beckum,RB-03--RB-05,Rauigkeit + Wind,0.0605934738366647
Rheda-Beckum,RB-04--RB-05,Rauigkeit + Wind,0.0480548741458469
Alpen-Sevelen,AS-01--AS-02,Wald + Wind,0.0589281902772258
Alpen-Sevelen,AS-01--AS-03,Wald + Wind,0.0566796021282838
Alpen-Sevelen,AS-01--AS-04,Wald + Wind,0.0604531205664504
Alpen-Sevelen,AS-01--AS-05,Wald + Wind,0.0641487995481512
Alpen-Sevelen,AS-01--AS-06,Wald + Wind,0.0634147236738976
Alpen-Sevelen,AS-02--AS-03,Wald + Wind,0.0607308560440681
Alpen-Sevelen,AS-02--AS-04,Wald + Wind,0.0529064666787281
Alpen-Sevelen,AS-02--AS-05,Wald + Wind,0.0547313552744126
Alpen-Sevelen,AS-02--AS-06,Wald + Wind,0.0532670507593767
Alpen-Sevelen,AS-03--AS-04,Wald + Wind,0.0477931054092758
Alpen-Sevelen,AS-03--AS-05,Wald + Wind,0.0525201512311283
Alpen-Sevelen,AS-03--AS-06,Wald + Wind,0.050985054859685
Alpen-Sevelen,AS-04--AS-05,Wald + Wind,0.0454346407003331
Alpen-Sevelen,AS-04--AS-06,Wald + Wind,0.0426593146281468
Alpen-Sevelen,AS-05--AS-06,Wald + Wind,0.0426556071798321
Altenmellrich,AM-01--AM-02,Wald + Wind,0.060662663588042
Altenmellrich,AM-01--AM-03,Wald + Wind,0.0619009558192301
Altenmellrich,AM-01--AM-04,Wald + Wind,0.0879262162975643
Altenmellrich,AM-02--AM-03,Wald + Wind,0.0590024193034441
Altenmellrich,AM-02--AM-04,Wald + Wind,0.0647486506016564
Altenmellrich,AM-03--AM-04,Wald + Wind,0.0675719339294975
Bad Berleburg,BB-01--BB-02,Wald + Wind,0.0733996290429039
Bad Berleburg,BB-01--BB-03,Wald + Wind,0.0657851997119096
Bad Berleburg,BB-01--BB-04,Wald + Wind,0.0840110459515829
Bad Berleburg,BB-01--BB-05,Wald + Wind,0.0678824133820973
Bad Berleburg,BB-01--BB-06,Wald + Wind,0.1100675666370707
Bad Berleburg,BB-01--BB-07,Wald + Wind,0.0991056686241436
Bad Berleburg,BB-02--BB-03,Wald + Wind,0.0949441502578534
Bad Berleburg,BB-02--BB-04,Wald + Wind,0.0717026182551215
Bad Berleburg,BB-02--BB-05,Wald + Wind,0.0942928959956562
Bad Berleburg,BB-02--BB-06,Wald + Wind,0.1503090624515917
Bad Berleburg,BB-02--BB-07,Wald + Wind,0.0696436268033073
Bad Berleburg,BB-03--BB-04,Wald + Wind,0.0907794670817636
Bad Berleburg,BB-03--BB-05,Wald + Wind,0.0833291531535921
Bad Berleburg,BB-03--BB-06,Wald + Wind,0.1009957123590085
Bad Berleburg,BB-03--BB-07,Wald + Wind,0.1225088365186248
Bad Berleburg,BB-04--BB-05,Wald + Wind,0.0756181232531488
Bad Berleburg,BB-04--BB-06,Wald + Wind,0.1136031310568449
Bad Berleburg,BB-04--BB-07,Wald + Wind,0.0840199833434566
Bad Berleburg,BB-05--BB-06,Wald + Wind,0.1088450206368071
Bad Berleburg,BB-05--BB-07,Wald + Wind,0.09590135572951
Bad Berleburg,BB-06--BB-07,Wald + Wind,0.1638468321657576
Borken-Coesfeld,BC-01--BC-02,Wald + Wind,0.0564463077760915
Borken-Coesfeld,BC-01--BC-03,Wald + Wind,0.0576887108752654
Borken-Coesfeld,BC-01--BC-04,Wald + Wind,0.0594467101983941
Borken-Coesfeld,BC-01--BC-05,Wald + Wind,0.0557493567796717
Borken-Coesfeld,BC-01--BC-06,Wald + Wind,0.0629886415929649
Borken-Coesfeld,BC-02--BC-03,Wald + Wind,0.0633001795736363
Borken-Coesfeld,BC-02--BC-04,Wald + Wind,0.0605790063259792
Borken-Coesfeld,BC-02--BC-05,Wald + Wind,0.0532395806257152
Borken-Coesfeld,BC-02--BC-06,Wald + Wind,0.0684713799649468
Borken-Coesfeld,BC-03--BC-04,Wald + Wind,0.0477965709969879
Borken-Coesfeld,BC-03--BC-05,Wald + Wind,0.056997542586283
Borken-Coesfeld,BC-03--BC-06,Wald + Wind,0.0535983197308367
Borken-Coesfeld,BC-04--BC-05,Wald + Wind,0.0565605858006724
Borken-Coesfeld,BC-04--BC-06,Wald + Wind,0.0560603983487499
Borken-Coesfeld,BC-05--BC-06,Wald + Wind,0.0586183117331499
Lorup,LO-01--LO-02,Wald + Wind,0.0605652473556965
Lorup,LO-01--LO-03,Wald + Wind,0.073362832383255
Lorup,LO-02--LO-03,Wald + Wind,0.0630361140503926
Ostfriesland,OF-01--OF-02,Wald + Wind,0.0464321042608424
Ostfriesland,OF-01--OF-03,Wald + Wind,0.0480723905575715
Ostfriesland,OF-01--OF-04,Wald + Wind,0.0558581566554955
Ostfriesland,OF-02--OF-03,Wald + Wind,0.0485278113392556
Ostfriesland,OF-02--OF-04,Wald + Wind,0.0551175621685818
Ostfriesland,OF-03--OF-04,Wald + Wind,0.0622236724993569
Paderborn,PA-01--PA-10,Wald + Wind,0.1574409106058627
Paderborn,PA-01--PA-11,Wald + Wind,0.1632551423756582
Paderborn,PA-01--PA-12,Wald + Wind,0.1844728393337318
Paderborn,PA-01--PA-02,Wald + Wind,0.1144454767745401
Paderborn,PA-01--PA-03,Wald + Wind,0.095875734803145
Paderborn,PA-01--PA-04,Wald + Wind,0.0853985659037638
Paderborn,PA-01--PA-05,Wald + Wind,0.1330029408592694
Paderborn,PA-01--PA-06,Wald + Wind,0.1405666721635192
Paderborn,PA-01--PA-07,Wald + Wind,0.1407123221428398
Paderborn,PA-01--PA-08,Wald + Wind,0.1309640458483338
Paderborn,PA-01--PA-09,Wald + Wind,0.1665606167621018
Paderborn,PA-10--PA-11,Wald + Wind,0.0667741901339592
Paderborn,PA-10--PA-12,Wald + Wind,0.0895104364752288
Paderborn,PA-02--PA-10,Wald + Wind,0.1536369480183415
Paderborn,PA-03--PA-10,Wald + Wind,0.0938780639751351
Paderborn,PA-04--PA-10,Wald + Wind,0.0944075776891975
Paderborn,PA-05--PA-10,Wald + Wind,0.0811357711408611
Paderborn,PA-06--PA-10,Wald + Wind,0.057974794953876
Paderborn,PA-07--PA-10,Wald + Wind,0.0791942332584213
Paderborn,PA-08--PA-10,Wald + Wind,0.0635727734213912
Paderborn,PA-09--PA-10,Wald + Wind,0.0649396614137416
Paderborn,PA-11--PA-12,Wald + Wind,0.0553496047366214
Paderborn,PA-02--PA-11,Wald + Wind,0.1348094620094536
Paderborn,PA-03--PA-11,Wald + Wind,0.1043108787021691
Paderborn,PA-04--PA-11,Wald + Wind,0.1127898928968853
Paderborn,PA-05--PA-11,Wald + Wind,0.0669871543824936
Paderborn,PA-06--PA-11,Wald + Wind,0.0656150180892397
Paderborn,PA-07--PA-11,Wald + Wind,0.066657496099859
Paderborn,PA-08--PA-11,Wald + Wind,0.0654414255810179
Paderborn,PA-09--PA-11,Wald + Wind,0.0726370725809501
Paderborn,PA-02--PA-12,Wald + Wind,0.1160236165558124
Paderborn,PA-03--PA-12,Wald + Wind,0.1321612652663182
Paderborn,PA-04--PA-12,Wald + Wind,0.1360941063773942
Paderborn,PA-05--PA-12,Wald + Wind,0.0962210744858954
Paderborn,PA-06--PA-12,Wald + Wind,0.0927078543713758
Paderborn,PA-07--PA-12,Wald + Wind,0.0902646466310522
Paderborn,PA-08--PA-12,Wald + Wind,0.0949058072774999
Paderborn,PA-09--PA-12,Wald + Wind,0.0976728338180403
Paderborn,PA-02--PA-03,Wald + Wind,0.1393151697971643
Paderborn,PA-02--PA-04,Wald + Wind,0.1089929041310344
Paderborn,PA-02--PA-05,Wald + Wind,0.152520082133197
Paderborn,PA-02--PA-06,Wald + Wind,0.158878438863583
Paderborn,PA-02--PA-07,Wald + Wind,0.1410407159820846
Paderborn,PA-02--PA-08,Wald + Wind,0.1616565628405203
Paderborn,PA-02--PA-09,Wald + Wind,0.1659151967220894
Paderborn,PA-03--PA-04,Wald + Wind,0.0794943158319483
Paderborn,PA-03--PA-05,Wald + Wind,0.0727984918414086
Paderborn,PA-03--PA-06,Wald + Wind,0.0755003845876921
Paderborn,PA-03--PA-07,Wald + Wind,0.0764624518209519
Paderborn,PA-03--PA-08,Wald + Wind,0.0672701801708225
Paderborn,PA-03--PA-09,Wald + Wind,0.0808905058394736
Paderborn,PA-04--PA-05,Wald + Wind,0.0794763931220023
Paderborn,PA-04--PA-06,Wald + Wind,0.0825274858758609
Paderborn,PA-04--PA-07,Wald + Wind,0.0877875228011629
Paderborn,PA-04--PA-08,Wald + Wind,0.086734688723821
Paderborn,PA-04--PA-09,Wald + Wind,0.0936726550770097
Paderborn,PA-05--PA-06,Wald + Wind,0.0553545180455422
Paderborn,PA-05--PA-07,Wald + Wind,0.0485632486436371
Paderborn,PA-05--PA-08,Wald + Wind,0.057941640209269
Paderborn,PA-05--PA-09,Wald + Wind,0.0678653559003975
Paderborn,PA-06--PA-07,Wald + Wind,0.0576485452425594
Paderborn,PA-06--PA-08,Wald + Wind,0.0533976806113787
Paderborn,PA-06--PA-09,Wald + Wind,0.0532165146951834
Paderborn,PA-07--PA-08,Wald + Wind,0.0571947484224558
Paderborn,PA-07--PA-09,Wald + Wind,0.0602807879804325
Paderborn,PA-08--PA-09,Wald + Wind,0.0640307403049772
Rheda-Beckum,RB-01--RB-02,Wald + Wind,0.042476337334772
Rheda-Beckum,RB-01--RB-03,Wald + Wind,0.0463686149075874
Rheda-Beckum,RB-01--RB-04,Wald + Wind,0.064751207778006
Rheda-Beckum,RB-01--RB-05,Wald + Wind,0.0613751732247506
Rheda-Beckum,RB-02--RB-03,Wald + Wind,0.0430338094500839
Rheda-Beckum,RB-02--RB-04,Wald + Wind,0.0653063343125145
Rheda-Beckum,RB-02--RB-05,Wald + Wind,0.0618382430253827
Rheda-Beckum,RB-03--RB-04,Wald + Wind,0.0643162826171316
Rheda-Beckum,RB-03--RB-05,Wald + Wind,0.0604035520019311
Rheda-Beckum,RB-04--RB-05,Wald + Wind,0.0441576635822531
Alpen-Sevelen,AS-01--AS-02,Distanz + RIX + Gelaendehoehe,0.0534327159011751
Alpen-Sevelen,AS-01--AS-03,Distanz + RIX + Gelaendehoehe,0.0537283698776949
Alpen-Sevelen,AS-01--AS-04,Distanz + RIX + Gelaendehoehe,0.054005483431314
Alpen-Sevelen,AS-01--AS-05,Distanz + RIX + Gelaendehoehe,0.0570478105849613
Alpen-Sevelen,AS-01--AS-06,Distanz + RIX + Gelaendehoehe,0.0560931886474681
Alpen-Sevelen,AS-02--AS-03,Distanz + RIX + Gelaendehoehe,0.0552544430108185
Alpen-Sevelen,AS-02--AS-04,Distanz + RIX + Gelaendehoehe,0.0555148348979671
Alpen-Sevelen,AS-02--AS-05,Distanz + RIX + Gelaendehoehe,0.0585576953373399
Alpen-Sevelen,AS-02--AS-06,Distanz + RIX + Gelaendehoehe,0.0575944618262107
Alpen-Sevelen,AS-03--AS-04,Distanz + RIX + Gelaendehoehe,0.0514472959879664
Alpen-Sevelen,AS-03--AS-05,Distanz + RIX + Gelaendehoehe,0.0545559411847982
Alpen-Sevelen,AS-03--AS-06,Distanz + RIX + Gelaendehoehe,0.0534913000816999
Alpen-Sevelen,AS-04--AS-05,Distanz + RIX + Gelaendehoehe,0.0539880884600797
Alpen-Sevelen,AS-04--AS-06,Distanz + RIX + Gelaendehoehe,0.0529720294020654
Alpen-Sevelen,AS-05--AS-06,Distanz + RIX + Gelaendehoehe,0.0531409048440546
Altenmellrich,AM-01--AM-02,Distanz + RIX + Gelaendehoehe,0.058685763379368
Altenmellrich,AM-01--AM-03,Distanz + RIX + Gelaendehoehe,0.0601748992698303
Altenmellrich,AM-01--AM-04,Distanz + RIX + Gelaendehoehe,0.0703410936529881
Altenmellrich,AM-02--AM-03,Distanz + RIX + Gelaendehoehe,0.0589316878042982
Altenmellrich,AM-02--AM-04,Distanz + RIX + Gelaendehoehe,0.064455050924594
Altenmellrich,AM-03--AM-04,Distanz + RIX + Gelaendehoehe,0.065450088293861
Bad Berleburg,BB-01--BB-02,Distanz + RIX + Gelaendehoehe,0.1294683364584033
Bad Berleburg,BB-01--BB-03,Distanz + RIX + Gelaendehoehe,0.1297935600560829
Bad Berleburg,BB-01--BB-04,Distanz + RIX + Gelaendehoehe,0.1254897078267157
Bad Berleburg,BB-01--BB-05,Distanz + RIX + Gelaendehoehe,0.1126929747370713
Bad Berleburg,BB-01--BB-06,Distanz + RIX + Gelaendehoehe,0.1310024802852557
Bad Berleburg,BB-01--BB-07,Distanz + RIX + Gelaendehoehe,0.1695687533805578
Bad Berleburg,BB-02--BB-03,Distanz + RIX + Gelaendehoehe,0.156322967641522
Bad Berleburg,BB-02--BB-04,Distanz + RIX + Gelaendehoehe,0.1495859219065319
Bad Berleburg,BB-02--BB-05,Distanz + RIX + Gelaendehoehe,0.1297384159481183
Bad Berleburg,BB-02--BB-06,Distanz + RIX + Gelaendehoehe,0.1559481453830378
Bad Berleburg,BB-02--BB-07,Distanz + RIX + Gelaendehoehe,0.1360070922152932
Bad Berleburg,BB-03--BB-04,Distanz + RIX + Gelaendehoehe,0.1098420041964331
Bad Berleburg,BB-03--BB-05,Distanz + RIX + Gelaendehoehe,0.1344276899650051
Bad Berleburg,BB-03--BB-06,Distanz + RIX + Gelaendehoehe,0.1115795215498161
Bad Berleburg,BB-03--BB-07,Distanz + RIX + Gelaendehoehe,0.2022485709471397
Bad Berleburg,BB-04--BB-05,Distanz + RIX + Gelaendehoehe,0.1276114530068568
Bad Berleburg,BB-04--BB-06,Distanz + RIX + Gelaendehoehe,0.1087270184967038
Bad Berleburg,BB-04--BB-07,Distanz + RIX + Gelaendehoehe,0.191991085094866
Bad Berleburg,BB-05--BB-06,Distanz + RIX + Gelaendehoehe,0.1305988313086613
Bad Berleburg,BB-05--BB-07,Distanz + RIX + Gelaendehoehe,0.1634014514178008
Bad Berleburg,BB-06--BB-07,Distanz + RIX + Gelaendehoehe,0.1924988256442678
Borken-Coesfeld,BC-01--BC-02,Distanz + RIX + Gelaendehoehe,0.0627495923867265
Borken-Coesfeld,BC-01--BC-03,Distanz + RIX + Gelaendehoehe,0.0603949717649327
Borken-Coesfeld,BC-01--BC-04,Distanz + RIX + Gelaendehoehe,0.0567019919291998
Borken-Coesfeld,BC-01--BC-05,Distanz + RIX + Gelaendehoehe,0.061379709067185
Borken-Coesfeld,BC-01--BC-06,Distanz + RIX + Gelaendehoehe,0.0589396185069975
Borken-Coesfeld,BC-02--BC-03,Distanz + RIX + Gelaendehoehe,0.0728231465617768
Borken-Coesfeld,BC-02--BC-04,Distanz + RIX + Gelaendehoehe,0.0672545961639623
Borken-Coesfeld,BC-02--BC-05,Distanz + RIX + Gelaendehoehe,0.062055115138434
Borken-Coesfeld,BC-02--BC-06,Distanz + RIX + Gelaendehoehe,0.0702859636234136
Borken-Coesfeld,BC-03--BC-04,Distanz + RIX + Gelaendehoehe,0.0568483336317072
Borken-Coesfeld,BC-03--BC-05,Distanz + RIX + Gelaendehoehe,0.0632817072063089
Borken-Coesfeld,BC-03--BC-06,Distanz + RIX + Gelaendehoehe,0.0550135454183283
Borken-Coesfeld,BC-04--BC-05,Distanz + RIX + Gelaendehoehe,0.0584342058393895
Borken-Coesfeld,BC-04--BC-06,Distanz + RIX + Gelaendehoehe,0.0595365654828789
Borken-Coesfeld,BC-05--BC-06,Distanz + RIX + Gelaendehoehe,0.0647283046325516
Lorup,LO-01--LO-02,Distanz + RIX + Gelaendehoehe,0.0596971443848031
Lorup,LO-01--LO-03,Distanz + RIX + Gelaendehoehe,0.0622477712835037
Lorup,LO-02--LO-03,Distanz + RIX + Gelaendehoehe,0.0602778872027953
Ostfriesland,OF-01--OF-02,Distanz + RIX + Gelaendehoehe,0.0505578885248555
Ostfriesland,OF-01--OF-03,Distanz + RIX + Gelaendehoehe,0.0636970681012914
Ostfriesland,OF-01--OF-04,Distanz + RIX + Gelaendehoehe,0.0747784287402416
Ostfriesland,OF-02--OF-03,Distanz + RIX + Gelaendehoehe,0.0602224262384979
Ostfriesland,OF-02--OF-04,Distanz + RIX + Gelaendehoehe,0.0709497908359384
Ostfriesland,OF-03--OF-04,Distanz + RIX + Gelaendehoehe,0.057915859414519
Paderborn,PA-01--PA-10,Distanz + RIX + Gelaendehoehe,0.0758612058587304
Paderborn,PA-01--PA-11,Distanz + RIX + Gelaendehoehe,0.0840518596291375
Paderborn,PA-01--PA-12,Distanz + RIX + Gelaendehoehe,0.0846492028169388
Paderborn,PA-01--PA-02,Distanz + RIX + Gelaendehoehe,0.0906622855925737
Paderborn,PA-01--PA-03,Distanz + RIX + Gelaendehoehe,0.0829202796909241
Paderborn,PA-01--PA-04,Distanz + RIX + Gelaendehoehe,0.0709666962165449
Paderborn,PA-01--PA-05,Distanz + RIX + Gelaendehoehe,0.0802130031013881
Paderborn,PA-01--PA-06,Distanz + RIX + Gelaendehoehe,0.0726055585628695
Paderborn,PA-01--PA-07,Distanz + RIX + Gelaendehoehe,0.0783971475057964
Paderborn,PA-01--PA-08,Distanz + RIX + Gelaendehoehe,0.0811867373906608
Paderborn,PA-01--PA-09,Distanz + RIX + Gelaendehoehe,0.0814468952692841
Paderborn,PA-10--PA-11,Distanz + RIX + Gelaendehoehe,0.0776784351232839
Paderborn,PA-10--PA-12,Distanz + RIX + Gelaendehoehe,0.0782398643391697
Paderborn,PA-02--PA-10,Distanz + RIX + Gelaendehoehe,0.0802431886857945
Paderborn,PA-03--PA-10,Distanz + RIX + Gelaendehoehe,0.074215464017389
Paderborn,PA-04--PA-10,Distanz + RIX + Gelaendehoehe,0.0745146408527997
Paderborn,PA-05--PA-10,Distanz + RIX + Gelaendehoehe,0.0726990935690322
Paderborn,PA-06--PA-10,Distanz + RIX + Gelaendehoehe,0.0729671008775318
Paderborn,PA-07--PA-10,Distanz + RIX + Gelaendehoehe,0.0715545207886114
Paderborn,PA-08--PA-10,Distanz + RIX + Gelaendehoehe,0.0739455279118682
Paderborn,PA-09--PA-10,Distanz + RIX + Gelaendehoehe,0.075056042146293
Paderborn,PA-11--PA-12,Distanz + RIX + Gelaendehoehe,0.0684299683763845
Paderborn,PA-02--PA-11,Distanz + RIX + Gelaendehoehe,0.0696225008023426
Paderborn,PA-03--PA-11,Distanz + RIX + Gelaendehoehe,0.0721404021901504
Paderborn,PA-04--PA-11,Distanz + RIX + Gelaendehoehe,0.0825603082422708
Paderborn,PA-05--PA-11,Distanz + RIX + Gelaendehoehe,0.0734378678747568
Paderborn,PA-06--PA-11,Distanz + RIX + Gelaendehoehe,0.0808349740299619
Paderborn,PA-07--PA-11,Distanz + RIX + Gelaendehoehe,0.0748920197587922
Paderborn,PA-08--PA-11,Distanz + RIX + Gelaendehoehe,0.0723278356601856
Paderborn,PA-09--PA-11,Distanz + RIX + Gelaendehoehe,0.0703641559224275
Paderborn,PA-02--PA-12,Distanz + RIX + Gelaendehoehe,0.0693439470804321
Paderborn,PA-03--PA-12,Distanz + RIX + Gelaendehoehe,0.0726332266629075
Paderborn,PA-04--PA-12,Distanz + RIX + Gelaendehoehe,0.0831462955328891
Paderborn,PA-05--PA-12,Distanz + RIX + Gelaendehoehe,0.0739472136640589
Paderborn,PA-06--PA-12,Distanz + RIX + Gelaendehoehe,0.0814302264891053
Paderborn,PA-07--PA-12,Distanz + RIX + Gelaendehoehe,0.0754041315513778
Paderborn,PA-08--PA-12,Distanz + RIX + Gelaendehoehe,0.0728083159939095
Paderborn,PA-09--PA-12,Distanz + RIX + Gelaendehoehe,0.071016503663815
Paderborn,PA-02--PA-03,Distanz + RIX + Gelaendehoehe,0.0770337502329801
Paderborn,PA-02--PA-04,Distanz + RIX + Gelaendehoehe,0.0877501053227225
Paderborn,PA-02--PA-05,Distanz + RIX + Gelaendehoehe,0.0773644048059155
Paderborn,PA-02--PA-06,Distanz + RIX + Gelaendehoehe,0.0843974846085195
Paderborn,PA-02--PA-07,Distanz + RIX + Gelaendehoehe,0.0783319162672401
Paderborn,PA-02--PA-08,Distanz + RIX + Gelaendehoehe,0.0758029601927227
Paderborn,PA-02--PA-09,Distanz + RIX + Gelaendehoehe,0.0725756967138121
Paderborn,PA-03--PA-04,Distanz + RIX + Gelaendehoehe,0.0810188197131135
Paderborn,PA-03--PA-05,Distanz + RIX + Gelaendehoehe,0.0715525258077202
Paderborn,PA-03--PA-06,Distanz + RIX + Gelaendehoehe,0.0780192599975946
Paderborn,PA-03--PA-07,Distanz + RIX + Gelaendehoehe,0.0724619466508312
Paderborn,PA-03--PA-08,Distanz + RIX + Gelaendehoehe,0.0701390270172362
Paderborn,PA-03--PA-09,Distanz + RIX + Gelaendehoehe,0.0697897251164322
Paderborn,PA-04--PA-05,Distanz + RIX + Gelaendehoehe,0.0787770916615804
Paderborn,PA-04--PA-06,Distanz + RIX + Gelaendehoehe,0.0713102894746466
Paderborn,PA-04--PA-07,Distanz + RIX + Gelaendehoehe,0.0769977657698562
Paderborn,PA-04--PA-08,Distanz + RIX + Gelaendehoehe,0.0797029350724498
Paderborn,PA-04--PA-09,Distanz + RIX + Gelaendehoehe,0.0799705109117753
Paderborn,PA-05--PA-06,Distanz + RIX + Gelaendehoehe,0.0764171906226582
Paderborn,PA-05--PA-07,Distanz + RIX + Gelaendehoehe,0.0709658057807022
Paderborn,PA-05--PA-08,Distanz + RIX + Gelaendehoehe,0.0709039294734366
Paderborn,PA-05--PA-09,Distanz + RIX + Gelaendehoehe,0.0710513082146042
Paderborn,PA-06--PA-07,Distanz + RIX + Gelaendehoehe,0.0750837665157515
Paderborn,PA-06--PA-08,Distanz + RIX + Gelaendehoehe,0.0775454661870012
Paderborn,PA-06--PA-09,Distanz + RIX + Gelaendehoehe,0.0783174028986993
Paderborn,PA-07--PA-08,Distanz + RIX + Gelaendehoehe,0.0721584573728151
Paderborn,PA-07--PA-09,Distanz + RIX + Gelaendehoehe,0.0723894461248628
Paderborn,PA-08--PA-09,Distanz + RIX + Gelaendehoehe,0.0698475499430551
Rheda-Beckum,RB-01--RB-02,Distanz + RIX + Gelaendehoehe,0.0485988650823329
Rheda-Beckum,RB-01--RB-03,Distanz + RIX + Gelaendehoehe,0.054076874970315
Rheda-Beckum,RB-01--RB-04,Distanz + RIX + Gelaendehoehe,0.0559470751479044
Rheda-Beckum,RB-01--RB-05,Distanz + RIX + Gelaendehoehe,0.0534171576982919
Rheda-Beckum,RB-02--RB-03,Distanz + RIX + Gelaendehoehe,0.0521586452574558
Rheda-Beckum,RB-02--RB-04,Distanz + RIX + Gelaendehoehe,0.0539624641779555
Rheda-Beckum,RB-02--RB-05,Distanz + RIX + Gelaendehoehe,0.0515222956905807
Rheda-Beckum,RB-03--RB-04,Distanz + RIX + Gelaendehoehe,0.0505221657427278
Rheda-Beckum,RB-03--RB-05,Distanz + RIX + Gelaendehoehe,0.048237565085763
Rheda-Beckum,RB-04--RB-05,Distanz + RIX + Gelaendehoehe,0.0494034907738227
Alpen-Sevelen,AS-01--AS-02,Distanz + RIX + Rauigkeit,0.0778113087023179
Alpen-Sevelen,AS-01--AS-03,Distanz + RIX + Rauigkeit,0.0769818090771038
Alpen-Sevelen,AS-01--AS-04,Distanz + RIX + Rauigkeit,0.0773379541553193
Alpen-Sevelen,AS-01--AS-05,Distanz + RIX + Rauigkeit,0.0773900630653292
Alpen-Sevelen,AS-01--AS-06,Distanz + RIX + Rauigkeit,0.0772399507840499
Alpen-Sevelen,AS-02--AS-03,Distanz + RIX + Rauigkeit,0.0769864046289293
Alpen-Sevelen,AS-02--AS-04,Distanz + RIX + Rauigkeit,0.0765643320826886
Alpen-Sevelen,AS-02--AS-05,Distanz + RIX + Rauigkeit,0.0779017280492045
Alpen-Sevelen,AS-02--AS-06,Distanz + RIX + Rauigkeit,0.0774241896464843
Alpen-Sevelen,AS-03--AS-04,Distanz + RIX + Rauigkeit,0.0767493501171567
Alpen-Sevelen,AS-03--AS-05,Distanz + RIX + Rauigkeit,0.0775304298958116
Alpen-Sevelen,AS-03--AS-06,Distanz + RIX + Rauigkeit,0.0769460737934021
Alpen-Sevelen,AS-04--AS-05,Distanz + RIX + Rauigkeit,0.077548937140254
Alpen-Sevelen,AS-04--AS-06,Distanz + RIX + Rauigkeit,0.0771626251746456
Alpen-Sevelen,AS-05--AS-06,Distanz + RIX + Rauigkeit,0.0767821660357693
Altenmellrich,AM-01--AM-02,Distanz + RIX + Rauigkeit,0.0561009931649977
Altenmellrich,AM-01--AM-03,Distanz + RIX + Rauigkeit,0.0612525583149959
Altenmellrich,AM-01--AM-04,Distanz + RIX + Rauigkeit,0.0628477692874765
Altenmellrich,AM-02--AM-03,Distanz + RIX + Rauigkeit,0.0623552036638799
Altenmellrich,AM-02--AM-04,Distanz + RIX + Rauigkeit,0.0624579164999808
Altenmellrich,AM-03--AM-04,Distanz + RIX + Rauigkeit,0.0607648148667154
Bad Berleburg,BB-01--BB-02,Distanz + RIX + Rauigkeit,0.1579082774856554
Bad Berleburg,BB-01--BB-03,Distanz + RIX + Rauigkeit,0.1566228227762775
Bad Berleburg,BB-01--BB-04,Distanz + RIX + Rauigkeit,0.1600706602864617
Bad Berleburg,BB-01--BB-05,Distanz + RIX + Rauigkeit,0.1661813747464886
Bad Berleburg,BB-01--BB-06,Distanz + RIX + Rauigkeit,0.1652398900051792
Bad Berleburg,BB-01--BB-07,Distanz + RIX + Rauigkeit,0.170983851676288
Bad Berleburg,BB-02--BB-03,Distanz + RIX + Rauigkeit,0.1549748971983823
Bad Berleburg,BB-02--BB-04,Distanz + RIX + Rauigkeit,0.1562296737487892
Bad Berleburg,BB-02--BB-05,Distanz + RIX + Rauigkeit,0.1623738211138329
Bad Berleburg,BB-02--BB-06,Distanz + RIX + Rauigkeit,0.1616097293434018
Bad Berleburg,BB-02--BB-07,Distanz + RIX + Rauigkeit,0.1670418141109965
Bad Berleburg,BB-03--BB-04,Distanz + RIX + Rauigkeit,0.1545181896179417
Bad Berleburg,BB-03--BB-05,Distanz + RIX + Rauigkeit,0.1603772581907439
Bad Berleburg,BB-03--BB-06,Distanz + RIX + Rauigkeit,0.1592355514681654
Bad Berleburg,BB-03--BB-07,Distanz + RIX + Rauigkeit,0.1647030438451117
Bad Berleburg,BB-04--BB-05,Distanz + RIX + Rauigkeit,0.1599992390193014
Bad Berleburg,BB-04--BB-06,Distanz + RIX + Rauigkeit,0.1594605486491741
Bad Berleburg,BB-04--BB-07,Distanz + RIX + Rauigkeit,0.1652478059089275
Bad Berleburg,BB-05--BB-06,Distanz + RIX + Rauigkeit,0.1619039727056053
Bad Berleburg,BB-05--BB-07,Distanz + RIX + Rauigkeit,0.1684985797487242
Bad Berleburg,BB-06--BB-07,Distanz + RIX + Rauigkeit,0.164150086263061
Borken-Coesfeld,BC-01--BC-02,Distanz + RIX + Rauigkeit,0.078344975643888
Borken-Coesfeld,BC-01--BC-03,Distanz + RIX + Rauigkeit,0.079938598915215
Borken-Coesfeld,BC-01--BC-04,Distanz + RIX + Rauigkeit,0.0812842913212907
Borken-Coesfeld,BC-01--BC-05,Distanz + RIX + Rauigkeit,0.0799162575826522
Borken-Coesfeld,BC-01--BC-06,Distanz + RIX + Rauigkeit,0.0808378296259106
Borken-Coesfeld,BC-02--BC-03,Distanz + RIX + Rauigkeit,0.0797728104223653
Borken-Coesfeld,BC-02--BC-04,Distanz + RIX + Rauigkeit,0.0809173087083083
Borken-Coesfeld,BC-02--BC-05,Distanz + RIX + Rauigkeit,0.0795106295463945
Borken-Coesfeld,BC-02--BC-06,Distanz + RIX + Rauigkeit,0.0800283987037188
Borken-Coesfeld,BC-03--BC-04,Distanz + RIX + Rauigkeit,0.0773734072856327
Borken-Coesfeld,BC-03--BC-05,Distanz + RIX + Rauigkeit,0.0783952432529219
Borken-Coesfeld,BC-03--BC-06,Distanz + RIX + Rauigkeit,0.0787390365204513
Borken-Coesfeld,BC-04--BC-05,Distanz + RIX + Rauigkeit,0.0789558288870636
Borken-Coesfeld,BC-04--BC-06,Distanz + RIX + Rauigkeit,0.0789639848141687
Borken-Coesfeld,BC-05--BC-06,Distanz + RIX + Rauigkeit,0.0790150608028473
Lorup,LO-01--LO-02,Distanz + RIX + Rauigkeit,0.0695043349663143
Lorup,LO-01--LO-03,Distanz + RIX + Rauigkeit,0.0825869738517359
Lorup,LO-02--LO-03,Distanz + RIX + Rauigkeit,0.0725466127733759
Ostfriesland,OF-01--OF-02,Distanz + RIX + Rauigkeit,0.055897645116341
Ostfriesland,OF-01--OF-03,Distanz + RIX + Rauigkeit,0.0713814951474719
Ostfriesland,OF-01--OF-04,Distanz + RIX + Rauigkeit,0.0833754484242223
Ostfriesland,OF-02--OF-03,Distanz + RIX + Rauigkeit,0.06666707114636
Ostfriesland,OF-02--OF-04,Distanz + RIX + Rauigkeit,0.0822355549768319
Ostfriesland,OF-03--OF-04,Distanz + RIX + Rauigkeit,0.0725465317374466
Paderborn,PA-01--PA-10,Distanz + RIX + Rauigkeit,0.0752361223895701
Paderborn,PA-01--PA-11,Distanz + RIX + Rauigkeit,0.0742807705396333
Paderborn,PA-01--PA-12,Distanz + RIX + Rauigkeit,0.0747735655580908
Paderborn,PA-01--PA-02,Distanz + RIX + Rauigkeit,0.0775541828605869
Paderborn,PA-01--PA-03,Distanz + RIX + Rauigkeit,0.0764473593558377
Paderborn,PA-01--PA-04,Distanz + RIX + Rauigkeit,0.0759423815814765
Paderborn,PA-01--PA-05,Distanz + RIX + Rauigkeit,0.0752576902151884
Paderborn,PA-01--PA-06,Distanz + RIX + Rauigkeit,0.0739831712446116
Paderborn,PA-01--PA-07,Distanz + RIX + Rauigkeit,0.0753530613111786
Paderborn,PA-01--PA-08,Distanz + RIX + Rauigkeit,0.0752460392917377
Paderborn,PA-01--PA-09,Distanz + RIX + Rauigkeit,0.0742469914581131
Paderborn,PA-10--PA-11,Distanz + RIX + Rauigkeit,0.0760760891835956
Paderborn,PA-10--PA-12,Distanz + RIX + Rauigkeit,0.0770458324078466
Paderborn,PA-02--PA-10,Distanz + RIX + Rauigkeit,0.0765322451725363
Paderborn,PA-03--PA-10,Distanz + RIX + Rauigkeit,0.0745664321857702
Paderborn,PA-04--PA-10,Distanz + RIX + Rauigkeit,0.0747353767763291
Paderborn,PA-05--PA-10,Distanz + RIX + Rauigkeit,0.0766188954833641
Paderborn,PA-06--PA-10,Distanz + RIX + Rauigkeit,0.0771901151910291
Paderborn,PA-07--PA-10,Distanz + RIX + Rauigkeit,0.0766100271709832
Paderborn,PA-08--PA-10,Distanz + RIX + Rauigkeit,0.0756144473863197
Paderborn,PA-09--PA-10,Distanz + RIX + Rauigkeit,0.0757070995735239
Paderborn,PA-11--PA-12,Distanz + RIX + Rauigkeit,0.0727223600624126
Paderborn,PA-02--PA-11,Distanz + RIX + Rauigkeit,0.0747339179133514
Paderborn,PA-03--PA-11,Distanz + RIX + Rauigkeit,0.0759173435835693
Paderborn,PA-04--PA-11,Distanz + RIX + Rauigkeit,0.0738555396426477
Paderborn,PA-05--PA-11,Distanz + RIX + Rauigkeit,0.0736435276552678
Paderborn,PA-06--PA-11,Distanz + RIX + Rauigkeit,0.0741216287986784
Paderborn,PA-07--PA-11,Distanz + RIX + Rauigkeit,0.0738065656366262
Paderborn,PA-08--PA-11,Distanz + RIX + Rauigkeit,0.0737192705104506
Paderborn,PA-09--PA-11,Distanz + RIX + Rauigkeit,0.073532384457372
Paderborn,PA-02--PA-12,Distanz + RIX + Rauigkeit,0.0749790535154717
Paderborn,PA-03--PA-12,Distanz + RIX + Rauigkeit,0.0769014650022446
Paderborn,PA-04--PA-12,Distanz + RIX + Rauigkeit,0.074870618942833
Paderborn,PA-05--PA-12,Distanz + RIX + Rauigkeit,0.0748218146627874
Paderborn,PA-06--PA-12,Distanz + RIX + Rauigkeit,0.0748848520557128
Paderborn,PA-07--PA-12,Distanz + RIX + Rauigkeit,0.0741881459526336
Paderborn,PA-08--PA-12,Distanz + RIX + Rauigkeit,0.073983376844963
Paderborn,PA-09--PA-12,Distanz + RIX + Rauigkeit,0.0743728695156275
Paderborn,PA-02--PA-03,Distanz + RIX + Rauigkeit,0.0782820565717811
Paderborn,PA-02--PA-04,Distanz + RIX + Rauigkeit,0.0769289628550403
Paderborn,PA-02--PA-05,Distanz + RIX + Rauigkeit,0.0769509106500911
Paderborn,PA-02--PA-06,Distanz + RIX + Rauigkeit,0.0757137193502214
Paderborn,PA-02--PA-07,Distanz + RIX + Rauigkeit,0.0749486126432803
Paderborn,PA-02--PA-08,Distanz + RIX + Rauigkeit,0.0754869055165262
Paderborn,PA-02--PA-09,Distanz + RIX + Rauigkeit,0.0732670568979287
Paderborn,PA-03--PA-04,Distanz + RIX + Rauigkeit,0.0753286563407672
Paderborn,PA-03--PA-05,Distanz + RIX + Rauigkeit,0.0771123114008825
Paderborn,PA-03--PA-06,Distanz + RIX + Rauigkeit,0.0764818385011617
Paderborn,PA-03--PA-07,Distanz + RIX + Rauigkeit,0.0766946958399575
Paderborn,PA-03--PA-08,Distanz + RIX + Rauigkeit,0.0761752285497196
Paderborn,PA-03--PA-09,Distanz + RIX + Rauigkeit,0.0749836235056911
Paderborn,PA-04--PA-05,Distanz + RIX + Rauigkeit,0.0748839760719857
Paderborn,PA-04--PA-06,Distanz + RIX + Rauigkeit,0.0750549787829567
Paderborn,PA-04--PA-07,Distanz + RIX + Rauigkeit,0.0747054334066132
Paderborn,PA-04--PA-08,Distanz + RIX + Rauigkeit,0.0740495739677042
Paderborn,PA-04--PA-09,Distanz + RIX + Rauigkeit,0.0732737640238775
Paderborn,PA-05--PA-06,Distanz + RIX + Rauigkeit,0.0743455947819074
Paderborn,PA-05--PA-07,Distanz + RIX + Rauigkeit,0.0750085268288257
Paderborn,PA-05--PA-08,Distanz + RIX + Rauigkeit,0.0753093723667521
Paderborn,PA-05--PA-09,Distanz + RIX + Rauigkeit,0.0738104633590787
Paderborn,PA-06--PA-07,Distanz + RIX + Rauigkeit,0.0746694009354391
Paderborn,PA-06--PA-08,Distanz + RIX + Rauigkeit,0.0749911135572183
Paderborn,PA-06--PA-09,Distanz + RIX + Rauigkeit,0.0740475480498533
Paderborn,PA-07--PA-08,Distanz + RIX + Rauigkeit,0.074037568133631
Paderborn,PA-07--PA-09,Distanz + RIX + Rauigkeit,0.072187112668736
Paderborn,PA-08--PA-09,Distanz + RIX + Rauigkeit,0.0731242379513223
Rheda-Beckum,RB-01--RB-02,Distanz + RIX + Rauigkeit,0.0520230429591474
Rheda-Beckum,RB-01--RB-03,Distanz + RIX + Rauigkeit,0.0530415299268764
Rheda-Beckum,RB-01--RB-04,Distanz + RIX + Rauigkeit,0.052911511147941
Rheda-Beckum,RB-01--RB-05,Distanz + RIX + Rauigkeit,0.0519773468272227
Rheda-Beckum,RB-02--RB-03,Distanz + RIX + Rauigkeit,0.0537920217186926
Rheda-Beckum,RB-02--RB-04,Distanz + RIX + Rauigkeit,0.0555802966570048
Rheda-Beckum,RB-02--RB-05,Distanz + RIX + Rauigkeit,0.0538151368781409
Rheda-Beckum,RB-03--RB-04,Distanz + RIX + Rauigkeit,0.0555054591295592
Rheda-Beckum,RB-03--RB-05,Distanz + RIX + Rauigkeit,0.0544568707277639
Rheda-Beckum,RB-04--RB-05,Distanz + RIX + Rauigkeit,0.0530240132343576
Alpen-Sevelen,AS-01--AS-02,Distanz + RIX + Wald,0.0686284955248778
Alpen-Sevelen,AS-01--AS-03,Distanz + RIX + Wald,0.0589848887837044
Alpen-Sevelen,AS-01--AS-04,Distanz + RIX + Wald,0.0671383774987186
Alpen-Sevelen,AS-01--AS-05,Distanz + RIX + Wald,0.0702999698224473
Alpen-Sevelen,AS-01--AS-06,Distanz + RIX + Wald,0.0701858112955786
Alpen-Sevelen,AS-02--AS-03,Distanz + RIX + Wald,0.0573935350821621
Alpen-Sevelen,AS-02--AS-04,Distanz + RIX + Wald,0.0505721357387881
Alpen-Sevelen,AS-02--AS-05,Distanz + RIX + Wald,0.053699160705788
Alpen-Sevelen,AS-02--AS-06,Distanz + RIX + Wald,0.0511918674490552
Alpen-Sevelen,AS-03--AS-04,Distanz + RIX + Wald,0.0562938259748789
Alpen-Sevelen,AS-03--AS-05,Distanz + RIX + Wald,0.0602651011672782
Alpen-Sevelen,AS-03--AS-06,Distanz + RIX + Wald,0.0593907219807947
Alpen-Sevelen,AS-04--AS-05,Distanz + RIX + Wald,0.0525524931978713
Alpen-Sevelen,AS-04--AS-06,Distanz + RIX + Wald,0.0506899265048546
Alpen-Sevelen,AS-05--AS-06,Distanz + RIX + Wald,0.0512373713850915
Altenmellrich,AM-01--AM-02,Distanz + RIX + Wald,0.0575144237464916
Altenmellrich,AM-01--AM-03,Distanz + RIX + Wald,0.0579568838306662
Altenmellrich,AM-01--AM-04,Distanz + RIX + Wald,0.066607227615127
Altenmellrich,AM-02--AM-03,Distanz + RIX + Wald,0.0681688277597336
Altenmellrich,AM-02--AM-04,Distanz + RIX + Wald,0.0577347572226428
Altenmellrich,AM-03--AM-04,Distanz + RIX + Wald,0.0723641936220611
Bad Berleburg,BB-01--BB-02,Distanz + RIX + Wald,0.1254913124226907
Bad Berleburg,BB-01--BB-03,Distanz + RIX + Wald,0.1483789326126471
Bad Berleburg,BB-01--BB-04,Distanz + RIX + Wald,0.1451996715630024
Bad Berleburg,BB-01--BB-05,Distanz + RIX + Wald,0.1534438353596716
Bad Berleburg,BB-01--BB-06,Distanz + RIX + Wald,0.1458899864701042
Bad Berleburg,BB-01--BB-07,Distanz + RIX + Wald,0.1473249994912377
Bad Berleburg,BB-02--BB-03,Distanz + RIX + Wald,0.1458603085181525
Bad Berleburg,BB-02--BB-04,Distanz + RIX + Wald,0.1405065509796379
Bad Berleburg,BB-02--BB-05,Distanz + RIX + Wald,0.1467031024422292
Bad Berleburg,BB-02--BB-06,Distanz + RIX + Wald,0.1405413757224265
Bad Berleburg,BB-02--BB-07,Distanz + RIX + Wald,0.1434366280492847
Bad Berleburg,BB-03--BB-04,Distanz + RIX + Wald,0.1404312184539422
Bad Berleburg,BB-03--BB-05,Distanz + RIX + Wald,0.1522719122075026
Bad Berleburg,BB-03--BB-06,Distanz + RIX + Wald,0.1409826680298343
Bad Berleburg,BB-03--BB-07,Distanz + RIX + Wald,0.1479281849272554
Bad Berleburg,BB-04--BB-05,Distanz + RIX + Wald,0.1381610587347063
Bad Berleburg,BB-04--BB-06,Distanz + RIX + Wald,0.1463754612795423
Bad Berleburg,BB-04--BB-07,Distanz + RIX + Wald,0.1477132748931658
Bad Berleburg,BB-05--BB-06,Distanz + RIX + Wald,0.1489604268302116
Bad Berleburg,BB-05--BB-07,Distanz + RIX + Wald,0.1575075829130582
Bad Berleburg,BB-06--BB-07,Distanz + RIX + Wald,0.1354832795584994
Borken-Coesfeld,BC-01--BC-02,Distanz + RIX + Wald,0.0602941382252448
Borken-Coesfeld,BC-01--BC-03,Distanz + RIX + Wald,0.0601139133547364
Borken-Coesfeld,BC-01--BC-04,Distanz + RIX + Wald,0.0629663004776526
Borken-Coesfeld,BC-01--BC-05,Distanz + RIX + Wald,0.0600336420180441
Borken-Coesfeld,BC-01--BC-06,Distanz + RIX + Wald,0.060832690301843
Borken-Coesfeld,BC-02--BC-03,Distanz + RIX + Wald,0.0616774843645838
Borken-Coesfeld,BC-02--BC-04,Distanz + RIX + Wald,0.0594089993302803
Borken-Coesfeld,BC-02--BC-05,Distanz + RIX + Wald,0.0605035814341438
Borken-Coesfeld,BC-02--BC-06,Distanz + RIX + Wald,0.0658779632053481
Borken-Coesfeld,BC-03--BC-04,Distanz + RIX + Wald,0.0573631282740606
Borken-Coesfeld,BC-03--BC-05,Distanz + RIX + Wald,0.0596897744847606
Borken-Coesfeld,BC-03--BC-06,Distanz + RIX + Wald,0.0598518032639591
Borken-Coesfeld,BC-04--BC-05,Distanz + RIX + Wald,0.059199233620402
Borken-Coesfeld,BC-04--BC-06,Distanz + RIX + Wald,0.0627107905247074
Borken-Coesfeld,BC-05--BC-06,Distanz + RIX + Wald,0.0644446709188993
Lorup,LO-01--LO-02,Distanz + RIX + Wald,0.073833140428066
Lorup,LO-01--LO-03,Distanz + RIX + Wald,0.0838358116023272
Lorup,LO-02--LO-03,Distanz + RIX + Wald,0.0739368411976724
Ostfriesland,OF-01--OF-02,Distanz + RIX + Wald,0.0492493000932569
Ostfriesland,OF-01--OF-03,Distanz + RIX + Wald,0.0614516655384888
Ostfriesland,OF-01--OF-04,Distanz + RIX + Wald,0.0722745333333619
Ostfriesland,OF-02--OF-03,Distanz + RIX + Wald,0.0569187436104174
Ostfriesland,OF-02--OF-04,Distanz + RIX + Wald,0.0700005847612269
Ostfriesland,OF-03--OF-04,Distanz + RIX + Wald,0.058017692534575
Paderborn,PA-01--PA-10,Distanz + RIX + Wald,0.0748185533609977
Paderborn,PA-01--PA-11,Distanz + RIX + Wald,0.0742432174910813
Paderborn,PA-01--PA-12,Distanz + RIX + Wald,0.077015185219629
Paderborn,PA-01--PA-02,Distanz + RIX + Wald,0.080544448201158
Paderborn,PA-01--PA-03,Distanz + RIX + Wald,0.075402769167227
Paderborn,PA-01--PA-04,Distanz + RIX + Wald,0.0773194764089556
Paderborn,PA-01--PA-05,Distanz + RIX + Wald,0.0772683346369234
Paderborn,PA-01--PA-06,Distanz + RIX + Wald,0.0745303211117741
Paderborn,PA-01--PA-07,Distanz + RIX + Wald,0.0774664900083299
Paderborn,PA-01--PA-08,Distanz + RIX + Wald,0.0747861325702606
Paderborn,PA-01--PA-09,Distanz + RIX + Wald,0.0756903088290284
Paderborn,PA-10--PA-11,Distanz + RIX + Wald,0.0755072172330584
Paderborn,PA-10--PA-12,Distanz + RIX + Wald,0.0792152684853828
Paderborn,PA-02--PA-10,Distanz + RIX + Wald,0.0795479365305033
Paderborn,PA-03--PA-10,Distanz + RIX + Wald,0.0747595395239684
Paderborn,PA-04--PA-10,Distanz + RIX + Wald,0.0731260598021552
Paderborn,PA-05--PA-10,Distanz + RIX + Wald,0.0753241130828189
Paderborn,PA-06--PA-10,Distanz + RIX + Wald,0.0725762854404317
Paderborn,PA-07--PA-10,Distanz + RIX + Wald,0.076506885749839
Paderborn,PA-08--PA-10,Distanz + RIX + Wald,0.0732328535523912
Paderborn,PA-09--PA-10,Distanz + RIX + Wald,0.0750716550139959
Paderborn,PA-11--PA-12,Distanz + RIX + Wald,0.0723346611836471
Paderborn,PA-02--PA-11,Distanz + RIX + Wald,0.0745895700252454
Paderborn,PA-03--PA-11,Distanz + RIX + Wald,0.0754497706948469
Paderborn,PA-04--PA-11,Distanz + RIX + Wald,0.073273638525266
Paderborn,PA-05--PA-11,Distanz + RIX + Wald,0.0710133581001425
Paderborn,PA-06--PA-11,Distanz + RIX + Wald,0.0729451802616892
Paderborn,PA-07--PA-11,Distanz + RIX + Wald,0.0723912718526427
Paderborn,PA-08--PA-11,Distanz + RIX + Wald,0.0737582833833086
Paderborn,PA-09--PA-11,Distanz + RIX + Wald,0.0748392311747414
Paderborn,PA-02--PA-12,Distanz + RIX + Wald,0.0741516293431703
Paderborn,PA-03--PA-12,Distanz + RIX + Wald,0.0788071870338079
Paderborn,PA-04--PA-12,Distanz + RIX + Wald,0.0769190352248253
Paderborn,PA-05--PA-12,Distanz + RIX + Wald,0.0745809152122417
Paderborn,PA-06--PA-12,Distanz + RIX + Wald,0.0767347226565939
Paderborn,PA-07--PA-12,Distanz + RIX + Wald,0.0747705011060592
Paderborn,PA-08--PA-12,Distanz + RIX + Wald,0.0774561457023286
Paderborn,PA-09--PA-12,Distanz + RIX + Wald,0.0781773586448265
Paderborn,PA-02--PA-03,Distanz + RIX + Wald,0.0817492308762883
Paderborn,PA-02--PA-04,Distanz + RIX + Wald,0.0808008465042467
Paderborn,PA-02--PA-05,Distanz + RIX + Wald,0.0788757047137119
Paderborn,PA-02--PA-06,Distanz + RIX + Wald,0.0785446178204733
Paderborn,PA-02--PA-07,Distanz + RIX + Wald,0.0779403996607225
Paderborn,PA-02--PA-08,Distanz + RIX + Wald,0.0806411588687095
Paderborn,PA-02--PA-09,Distanz + RIX + Wald,0.0787855477715327
Paderborn,PA-03--PA-04,Distanz + RIX + Wald,0.0770041535885859
Paderborn,PA-03--PA-05,Distanz + RIX + Wald,0.0778198419583078
Paderborn,PA-03--PA-06,Distanz + RIX + Wald,0.074817351647021
Paderborn,PA-03--PA-07,Distanz + RIX + Wald,0.0771622309360397
Paderborn,PA-03--PA-08,Distanz + RIX + Wald,0.0741985782003168
Paderborn,PA-03--PA-09,Distanz + RIX + Wald,0.0741238328922385
Paderborn,PA-04--PA-05,Distanz + RIX + Wald,0.0740824654736548
Paderborn,PA-04--PA-06,Distanz + RIX + Wald,0.0724709819462909
Paderborn,PA-04--PA-07,Distanz + RIX + Wald,0.0752072476029128
Paderborn,PA-04--PA-08,Distanz + RIX + Wald,0.0734751832389691
Paderborn,PA-04--PA-09,Distanz + RIX + Wald,0.073095455828274
Paderborn,PA-05--PA-06,Distanz + RIX + Wald,0.0734111684218721
Paderborn,PA-05--PA-07,Distanz + RIX + Wald,0.073738305761348
Paderborn,PA-05--PA-08,Distanz + RIX + Wald,0.0745552610539243
Paderborn,PA-05--PA-09,Distanz + RIX + Wald,0.0742941498815746
Paderborn,PA-06--PA-07,Distanz + RIX + Wald,0.0747742796304506
Paderborn,PA-06--PA-08,Distanz + RIX + Wald,0.072311279280775
Paderborn,PA-06--PA-09,Distanz + RIX + Wald,0.0736777560120098
Paderborn,PA-07--PA-08,Distanz + RIX + Wald,0.0756427467721252
Paderborn,PA-07--PA-09,Distanz + RIX + Wald,0.0727018628628901
Paderborn,PA-08--PA-09,Distanz + RIX + Wald,0.0735779066602853
Rheda-Beckum,RB-01--RB-02,Distanz + RIX + Wald,0.049106105753581
Rheda-Beckum,RB-01--RB-03,Distanz + RIX + Wald,0.0523965065283584
Rheda-Beckum,RB-01--RB-04,Distanz + RIX + Wald,0.0533441894317094
Rheda-Beckum,RB-01--RB-05,Distanz + RIX + Wald,0.0530798542729178
Rheda-Beckum,RB-02--RB-03,Distanz + RIX + Wald,0.050101217797869
Rheda-Beckum,RB-02--RB-04,Distanz + RIX + Wald,0.0539844019287652
Rheda-Beckum,RB-02--RB-05,Distanz + RIX + Wald,0.0536162970139943
Rheda-Beckum,RB-03--RB-04,Distanz + RIX + Wald,0.0582328725635988
Rheda-Beckum,RB-03--RB-05,Distanz + RIX + Wald,0.0572358193475505
Rheda-Beckum,RB-04--RB-05,Distanz + RIX + Wald,0.0498738048488668
Alpen-Sevelen,AS-01--AS-02,Distanz + RIX + Wind,0.0480386115114557
Alpen-Sevelen,AS-01--AS-03,Distanz + RIX + Wind,0.0515632528124846
Alpen-Sevelen,AS-01--AS-04,Distanz + RIX + Wind,0.0494987662062538
Alpen-Sevelen,AS-01--AS-05,Distanz + RIX + Wind,0.0515505343430165
Alpen-Sevelen,AS-01--AS-06,Distanz + RIX + Wind,0.0508894100539253
Alpen-Sevelen,AS-02--AS-03,Distanz + RIX + Wind,0.0557226449481949
Alpen-Sevelen,AS-02--AS-04,Distanz + RIX + Wind,0.0541110900887346
Alpen-Sevelen,AS-02--AS-05,Distanz + RIX + Wind,0.0544228765409844
Alpen-Sevelen,AS-02--AS-06,Distanz + RIX + Wind,0.0549165185644688
Alpen-Sevelen,AS-03--AS-04,Distanz + RIX + Wind,0.045113909390193
Alpen-Sevelen,AS-03--AS-05,Distanz + RIX + Wind,0.0476383334857083
Alpen-Sevelen,AS-03--AS-06,Distanz + RIX + Wind,0.0467662255053188
Alpen-Sevelen,AS-04--AS-05,Distanz + RIX + Wind,0.0463330197043151
Alpen-Sevelen,AS-04--AS-06,Distanz + RIX + Wind,0.0448020537394328
Alpen-Sevelen,AS-05--AS-06,Distanz + RIX + Wind,0.0453867365907689
Altenmellrich,AM-01--AM-02,Distanz + RIX + Wind,0.0578625482156446
Altenmellrich,AM-01--AM-03,Distanz + RIX + Wind,0.0637244723864384
Altenmellrich,AM-01--AM-04,Distanz + RIX + Wind,0.0773285746110621
Altenmellrich,AM-02--AM-03,Distanz + RIX + Wind,0.054417148718118
Altenmellrich,AM-02--AM-04,Distanz + RIX + Wind,0.0674177128448328
Altenmellrich,AM-03--AM-04,Distanz + RIX + Wind,0.0573406927553532
Bad Berleburg,BB-01--BB-02,Distanz + RIX + Wind,0.1412031837822164
Bad Berleburg,BB-01--BB-03,Distanz + RIX + Wind,0.1113694842418158
Bad Berleburg,BB-01--BB-04,Distanz + RIX + Wind,0.1428371510580479
Bad Berleburg,BB-01--BB-05,Distanz + RIX + Wind,0.1192312293971097
Bad Berleburg,BB-01--BB-06,Distanz + RIX + Wind,0.1859460507237355
Bad Berleburg,BB-01--BB-07,Distanz + RIX + Wind,0.1759839125986405
Bad Berleburg,BB-02--BB-03,Distanz + RIX + Wind,0.1518919894895034
Bad Berleburg,BB-02--BB-04,Distanz + RIX + Wind,0.1245713422195902
Bad Berleburg,BB-02--BB-05,Distanz + RIX + Wind,0.1592705751112653
Bad Berleburg,BB-02--BB-06,Distanz + RIX + Wind,0.2432040458896323
Bad Berleburg,BB-02--BB-07,Distanz + RIX + Wind,0.128987935595436
Bad Berleburg,BB-03--BB-04,Distanz + RIX + Wind,0.1510407294873831
Bad Berleburg,BB-03--BB-05,Distanz + RIX + Wind,0.1376275168428577
Bad Berleburg,BB-03--BB-06,Distanz + RIX + Wind,0.1707830469943735
Bad Berleburg,BB-03--BB-07,Distanz + RIX + Wind,0.2024201727513433
Bad Berleburg,BB-04--BB-05,Distanz + RIX + Wind,0.1375907067175072
Bad Berleburg,BB-04--BB-06,Distanz + RIX + Wind,0.1843290114154193
Bad Berleburg,BB-04--BB-07,Distanz + RIX + Wind,0.147436061038373
Bad Berleburg,BB-05--BB-06,Distanz + RIX + Wind,0.1802127508670826
Bad Berleburg,BB-05--BB-07,Distanz + RIX + Wind,0.1613614075836554
Bad Berleburg,BB-06--BB-07,Distanz + RIX + Wind,0.2798250035742856
Borken-Coesfeld,BC-01--BC-02,Distanz + RIX + Wind,0.0514862452377654
Borken-Coesfeld,BC-01--BC-03,Distanz + RIX + Wind,0.0553011500271894
Borken-Coesfeld,BC-01--BC-04,Distanz + RIX + Wind,0.0552642502229743
Borken-Coesfeld,BC-01--BC-05,Distanz + RIX + Wind,0.054635219024286
Borken-Coesfeld,BC-01--BC-06,Distanz + RIX + Wind,0.058045385619332
Borken-Coesfeld,BC-02--BC-03,Distanz + RIX + Wind,0.0599243336341143
Borken-Coesfeld,BC-02--BC-04,Distanz + RIX + Wind,0.0595806873019561
Borken-Coesfeld,BC-02--BC-05,Distanz + RIX + Wind,0.0526215328091909
Borken-Coesfeld,BC-02--BC-06,Distanz + RIX + Wind,0.0592334509900621
Borken-Coesfeld,BC-03--BC-04,Distanz + RIX + Wind,0.0458013371687091
Borken-Coesfeld,BC-03--BC-05,Distanz + RIX + Wind,0.0542162968563942
Borken-Coesfeld,BC-03--BC-06,Distanz + RIX + Wind,0.0507169285713981
Borken-Coesfeld,BC-04--BC-05,Distanz + RIX + Wind,0.0545076583931364
Borken-Coesfeld,BC-04--BC-06,Distanz + RIX + Wind,0.0512161960087134
Borken-Coesfeld,BC-05--BC-06,Distanz + RIX + Wind,0.0530806400432103
Lorup,LO-01--LO-02,Distanz + RIX + Wind,0.0511335439857253
Lorup,LO-01--LO-03,Distanz + RIX + Wind,0.0551601444447438
Lorup,LO-02--LO-03,Distanz + RIX + Wind,0.0533479432188212
Ostfriesland,OF-01--OF-02,Distanz + RIX + Wind,0.0457384527269551
Ostfriesland,OF-01--OF-03,Distanz + RIX + Wind,0.0559052344810774
Ostfriesland,OF-01--OF-04,Distanz + RIX + Wind,0.0714968880681201
Ostfriesland,OF-02--OF-03,Distanz + RIX + Wind,0.0551750110123148
Ostfriesland,OF-02--OF-04,Distanz + RIX + Wind,0.0672396991607634
Ostfriesland,OF-03--OF-04,Distanz + RIX + Wind,0.0643579793881236
Paderborn,PA-01--PA-10,Distanz + RIX + Wind,0.0826066925496984
Paderborn,PA-01--PA-11,Distanz + RIX + Wind,0.08077307743203
Paderborn,PA-01--PA-12,Distanz + RIX + Wind,0.0804841279376004
Paderborn,PA-01--PA-02,Distanz + RIX + Wind,0.0781028173681459
Paderborn,PA-01--PA-03,Distanz + RIX + Wind,0.0780307843033019
Paderborn,PA-01--PA-04,Distanz + RIX + Wind,0.0732651729121907
Paderborn,PA-01--PA-05,Distanz + RIX + Wind,0.0793703302995529
Paderborn,PA-01--PA-06,Distanz + RIX + Wind,0.0816468761481588
Paderborn,PA-01--PA-07,Distanz + RIX + Wind,0.079284250123805
Paderborn,PA-01--PA-08,Distanz + RIX + Wind,0.0805810822267623
Paderborn,PA-01--PA-09,Distanz + RIX + Wind,0.080609730607364
Paderborn,PA-10--PA-11,Distanz + RIX + Wind,0.0700980823091514
Paderborn,PA-10--PA-12,Distanz + RIX + Wind,0.0714992403243198
Paderborn,PA-02--PA-10,Distanz + RIX + Wind,0.0801054521238658
Paderborn,PA-03--PA-10,Distanz + RIX + Wind,0.0767558107086996
Paderborn,PA-04--PA-10,Distanz + RIX + Wind,0.0770546101288915
Paderborn,PA-05--PA-10,Distanz + RIX + Wind,0.0740974642470903
Paderborn,PA-06--PA-10,Distanz + RIX + Wind,0.0720203984405105
Paderborn,PA-07--PA-10,Distanz + RIX + Wind,0.0730946649535674
Paderborn,PA-08--PA-10,Distanz + RIX + Wind,0.0724602935128145
Paderborn,PA-09--PA-10,Distanz + RIX + Wind,0.0703602428130516
Paderborn,PA-11--PA-12,Distanz + RIX + Wind,0.0688298588832585
Paderborn,PA-02--PA-11,Distanz + RIX + Wind,0.0794486263779198
Paderborn,PA-03--PA-11,Distanz + RIX + Wind,0.0750612339332255
Paderborn,PA-04--PA-11,Distanz + RIX + Wind,0.0767816526295853
Paderborn,PA-05--PA-11,Distanz + RIX + Wind,0.0723410793604453
Paderborn,PA-06--PA-11,Distanz + RIX + Wind,0.0708462228531713
Paderborn,PA-07--PA-11,Distanz + RIX + Wind,0.0714416270665383
Paderborn,PA-08--PA-11,Distanz + RIX + Wind,0.0700368401186108
Paderborn,PA-09--PA-11,Distanz + RIX + Wind,0.0700221233049019
Paderborn,PA-02--PA-12,Distanz + RIX + Wind,0.0777907589039426
Paderborn,PA-03--PA-12,Distanz + RIX + Wind,0.0759645307728623
Paderborn,PA-04--PA-12,Distanz + RIX + Wind,0.0767229115580493
Paderborn,PA-05--PA-12,Distanz + RIX + Wind,0.0746495839936098
Paderborn,PA-06--PA-12,Distanz + RIX + Wind,0.0728425564312769
Paderborn,PA-07--PA-12,Distanz + RIX + Wind,0.0738743235391328
Paderborn,PA-08--PA-12,Distanz + RIX + Wind,0.0723689758102467
Paderborn,PA-09--PA-12,Distanz + RIX + Wind,0.0719812457064781
Paderborn,PA-02--PA-03,Distanz + RIX + Wind,0.0805134218486044
Paderborn,PA-02--PA-04,Distanz + RIX + Wind,0.0757418145465514
Paderborn,PA-02--PA-05,Distanz + RIX + Wind,0.0820195931046332
Paderborn,PA-02--PA-06,Distanz + RIX + Wind,0.0819318305518108
Paderborn,PA-02--PA-07,Distanz + RIX + Wind,0.0808209396010982
Paderborn,PA-02--PA-08,Distanz + RIX + Wind,0.0808831925920531
Paderborn,PA-02--PA-09,Distanz + RIX + Wind,0.0797283127411629
Paderborn,PA-03--PA-04,Distanz + RIX + Wind,0.0739643667986021
Paderborn,PA-03--PA-05,Distanz + RIX + Wind,0.0721496778513234
Paderborn,PA-03--PA-06,Distanz + RIX + Wind,0.074002119407048
Paderborn,PA-03--PA-07,Distanz + RIX + Wind,0.0726486208789474
Paderborn,PA-03--PA-08,Distanz + RIX + Wind,0.073381816767041
Paderborn,PA-03--PA-09,Distanz + RIX + Wind,0.073054278106155
Paderborn,PA-04--PA-05,Distanz + RIX + Wind,0.075114229776009
Paderborn,PA-04--PA-06,Distanz + RIX + Wind,0.0761568715410588
Paderborn,PA-04--PA-07,Distanz + RIX + Wind,0.074897784967544
Paderborn,PA-04--PA-08,Distanz + RIX + Wind,0.0761915435488672
Paderborn,PA-04--PA-09,Distanz + RIX + Wind,0.0749532140508896
Paderborn,PA-05--PA-06,Distanz + RIX + Wind,0.0707310211802901
Paderborn,PA-05--PA-07,Distanz + RIX + Wind,0.0690150394188854
Paderborn,PA-05--PA-08,Distanz + RIX + Wind,0.0707563460984825
Paderborn,PA-05--PA-09,Distanz + RIX + Wind,0.0704168573442767
Paderborn,PA-06--PA-07,Distanz + RIX + Wind,0.0702451577060972
Paderborn,PA-06--PA-08,Distanz + RIX + Wind,0.0708740080637748
Paderborn,PA-06--PA-09,Distanz + RIX + Wind,0.0681978959127807
Paderborn,PA-07--PA-08,Distanz + RIX + Wind,0.0697671370762561
Paderborn,PA-07--PA-09,Distanz + RIX + Wind,0.0702114357151326
Paderborn,PA-08--PA-09,Distanz + RIX + Wind,0.0701193118764973
Rheda-Beckum,RB-01--RB-02,Distanz + RIX + Wind,0.0433693330745964
Rheda-Beckum,RB-01--RB-03,Distanz + RIX + Wind,0.0460781771788277
Rheda-Beckum,RB-01--RB-04,Distanz + RIX + Wind,0.0584730525204079
Rheda-Beckum,RB-01--RB-05,Distanz + RIX + Wind,0.0552869299720744
Rheda-Beckum,RB-02--RB-03,Distanz + RIX + Wind,0.0449369456302516
Rheda-Beckum,RB-02--RB-04,Distanz + RIX + Wind,0.0589703338952149
Rheda-Beckum,RB-02--RB-05,Distanz + RIX + Wind,0.0557866720976491
Rheda-Beckum,RB-03--RB-04,Distanz + RIX + Wind,0.0569652107649597
Rheda-Beckum,RB-03--RB-05,Distanz + RIX + Wind,0.0539081168326926
Rheda-Beckum,RB-04--RB-05,Distanz + RIX + Wind,0.045481396877705
Alpen-Sevelen,AS-01--AS-02,Distanz + Gelaendehoehe + Rauigkeit,0.0661835297550622
Alpen-Sevelen,AS-01--AS-03,Distanz + Gelaendehoehe + Rauigkeit,0.0632401163220703
Alpen-Sevelen,AS-01--AS-04,Distanz + Gelaendehoehe + Rauigkeit,0.0649459501273565
Alpen-Sevelen,AS-01--AS-05,Distanz + Gelaendehoehe + Rauigkeit,0.0674660848982258
Alpen-Sevelen,AS-01--AS-06,Distanz + Gelaendehoehe + Rauigkeit,0.0657791146857324
Alpen-Sevelen,AS-02--AS-03,Distanz + Gelaendehoehe + Rauigkeit,0.0646079073499146
Alpen-Sevelen,AS-02--AS-04,Distanz + Gelaendehoehe + Rauigkeit,0.0641393646836441
Alpen-Sevelen,AS-02--AS-05,Distanz + Gelaendehoehe + Rauigkeit,0.0706314349609193
Alpen-Sevelen,AS-02--AS-06,Distanz + Gelaendehoehe + Rauigkeit,0.0678630580703965
Alpen-Sevelen,AS-03--AS-04,Distanz + Gelaendehoehe + Rauigkeit,0.0629050908448474
Alpen-Sevelen,AS-03--AS-05,Distanz + Gelaendehoehe + Rauigkeit,0.0671746683899647
Alpen-Sevelen,AS-03--AS-06,Distanz + Gelaendehoehe + Rauigkeit,0.064468798928313
Alpen-Sevelen,AS-04--AS-05,Distanz + Gelaendehoehe + Rauigkeit,0.0669166156215529
Alpen-Sevelen,AS-04--AS-06,Distanz + Gelaendehoehe + Rauigkeit,0.0647314737496947
Alpen-Sevelen,AS-05--AS-06,Distanz + Gelaendehoehe + Rauigkeit,0.0628137185524369
Altenmellrich,AM-01--AM-02,Distanz + Gelaendehoehe + Rauigkeit,0.059628844608025
Altenmellrich,AM-01--AM-03,Distanz + Gelaendehoehe + Rauigkeit,0.0610770665899412
Altenmellrich,AM-01--AM-04,Distanz + Gelaendehoehe + Rauigkeit,0.0775014714054646
Altenmellrich,AM-02--AM-03,Distanz + Gelaendehoehe + Rauigkeit,0.0606924186408069
Altenmellrich,AM-02--AM-04,Distanz + Gelaendehoehe + Rauigkeit,0.0677667971702711
Altenmellrich,AM-03--AM-04,Distanz + Gelaendehoehe + Rauigkeit,0.0683655939506811
Bad Berleburg,BB-01--BB-02,Distanz + Gelaendehoehe + Rauigkeit,0.0691842624457828
Bad Berleburg,BB-01--BB-03,Distanz + Gelaendehoehe + Rauigkeit,0.0697302861555067
Bad Berleburg,BB-01--BB-04,Distanz + Gelaendehoehe + Rauigkeit,0.0663495034212081
Bad Berleburg,BB-01--BB-05,Distanz + Gelaendehoehe + Rauigkeit,0.0553479087503938
Bad Berleburg,BB-01--BB-06,Distanz + Gelaendehoehe + Rauigkeit,0.0684257423799392
Bad Berleburg,BB-01--BB-07,Distanz + Gelaendehoehe + Rauigkeit,0.0945736340134785
Bad Berleburg,BB-02--BB-03,Distanz + Gelaendehoehe + Rauigkeit,0.0926406783260185
Bad Berleburg,BB-02--BB-04,Distanz + Gelaendehoehe + Rauigkeit,0.0861036935242075
Bad Berleburg,BB-02--BB-05,Distanz + Gelaendehoehe + Rauigkeit,0.0690424473504212
Bad Berleburg,BB-02--BB-06,Distanz + Gelaendehoehe + Rauigkeit,0.0899765010474951
Bad Berleburg,BB-02--BB-07,Distanz + Gelaendehoehe + Rauigkeit,0.0720052764826999
Bad Berleburg,BB-03--BB-04,Distanz + Gelaendehoehe + Rauigkeit,0.0558409147742112
Bad Berleburg,BB-03--BB-05,Distanz + Gelaendehoehe + Rauigkeit,0.0718848317072265
Bad Berleburg,BB-03--BB-06,Distanz + Gelaendehoehe + Rauigkeit,0.0554535741641371
Bad Berleburg,BB-03--BB-07,Distanz + Gelaendehoehe + Rauigkeit,0.121913243061221
Bad Berleburg,BB-04--BB-05,Distanz + Gelaendehoehe + Rauigkeit,0.0656583803090069
Bad Berleburg,BB-04--BB-06,Distanz + Gelaendehoehe + Rauigkeit,0.0532633972800135
Bad Berleburg,BB-04--BB-07,Distanz + Gelaendehoehe + Rauigkeit,0.1140459444649314
Bad Berleburg,BB-05--BB-06,Distanz + Gelaendehoehe + Rauigkeit,0.0664940033655215
Bad Berleburg,BB-05--BB-07,Distanz + Gelaendehoehe + Rauigkeit,0.0898381607531854
Bad Berleburg,BB-06--BB-07,Distanz + Gelaendehoehe + Rauigkeit,0.1143578053403564
Borken-Coesfeld,BC-01--BC-02,Distanz + Gelaendehoehe + Rauigkeit,0.07666418763326
Borken-Coesfeld,BC-01--BC-03,Distanz + Gelaendehoehe + Rauigkeit,0.0736874133034554
Borken-Coesfeld,BC-01--BC-04,Distanz + Gelaendehoehe + Rauigkeit,0.073065597745986
Borken-Coesfeld,BC-01--BC-05,Distanz + Gelaendehoehe + Rauigkeit,0.0739203057893325
Borken-Coesfeld,BC-01--BC-06,Distanz + Gelaendehoehe + Rauigkeit,0.0777974994573866
Borken-Coesfeld,BC-02--BC-03,Distanz + Gelaendehoehe + Rauigkeit,0.0871015266247832
Borken-Coesfeld,BC-02--BC-04,Distanz + Gelaendehoehe + Rauigkeit,0.0843039661987974
Borken-Coesfeld,BC-02--BC-05,Distanz + Gelaendehoehe + Rauigkeit,0.0722875749167025
Borken-Coesfeld,BC-02--BC-06,Distanz + Gelaendehoehe + Rauigkeit,0.089446046330268
Borken-Coesfeld,BC-03--BC-04,Distanz + Gelaendehoehe + Rauigkeit,0.0663367837354795
Borken-Coesfeld,BC-03--BC-05,Distanz + Gelaendehoehe + Rauigkeit,0.0746846561448904
Borken-Coesfeld,BC-03--BC-06,Distanz + Gelaendehoehe + Rauigkeit,0.0653824297095322
Borken-Coesfeld,BC-04--BC-05,Distanz + Gelaendehoehe + Rauigkeit,0.0703987506955606
Borken-Coesfeld,BC-04--BC-06,Distanz + Gelaendehoehe + Rauigkeit,0.0715503745769416
Borken-Coesfeld,BC-05--BC-06,Distanz + Gelaendehoehe + Rauigkeit,0.077229762865532
Lorup,LO-01--LO-02,Distanz + Gelaendehoehe + Rauigkeit,0.0731490924669171
Lorup,LO-01--LO-03,Distanz + Gelaendehoehe + Rauigkeit,0.0900539453089423
Lorup,LO-02--LO-03,Distanz + Gelaendehoehe + Rauigkeit,0.0770466066942685
Ostfriesland,OF-01--OF-02,Distanz + Gelaendehoehe + Rauigkeit,0.0600849049887983
Ostfriesland,OF-01--OF-03,Distanz + Gelaendehoehe + Rauigkeit,0.0713481477768595
Ostfriesland,OF-01--OF-04,Distanz + Gelaendehoehe + Rauigkeit,0.0793894764067153
Ostfriesland,OF-02--OF-03,Distanz + Gelaendehoehe + Rauigkeit,0.0677050535414846
Ostfriesland,OF-02--OF-04,Distanz + Gelaendehoehe + Rauigkeit,0.0791910457623893
Ostfriesland,OF-03--OF-04,Distanz + Gelaendehoehe + Rauigkeit,0.0739958668787811
Paderborn,PA-01--PA-10,Distanz + Gelaendehoehe + Rauigkeit,0.0855198460708963
Paderborn,PA-01--PA-11,Distanz + Gelaendehoehe + Rauigkeit,0.1455929956578081
Paderborn,PA-01--PA-12,Distanz + Gelaendehoehe + Rauigkeit,0.1498012493358004
Paderborn,PA-01--PA-02,Distanz + Gelaendehoehe + Rauigkeit,0.1780209413464957
Paderborn,PA-01--PA-03,Distanz + Gelaendehoehe + Rauigkeit,0.1223135294638654
Paderborn,PA-01--PA-04,Distanz + Gelaendehoehe + Rauigkeit,0.0651869781920691
Paderborn,PA-01--PA-05,Distanz + Gelaendehoehe + Rauigkeit,0.1085931917605399
Paderborn,PA-01--PA-06,Distanz + Gelaendehoehe + Rauigkeit,0.0685023865873629
Paderborn,PA-01--PA-07,Distanz + Gelaendehoehe + Rauigkeit,0.0997869388874724
Paderborn,PA-01--PA-08,Distanz + Gelaendehoehe + Rauigkeit,0.1157049825531736
Paderborn,PA-01--PA-09,Distanz + Gelaendehoehe + Rauigkeit,0.122767396467866
Paderborn,PA-10--PA-11,Distanz + Gelaendehoehe + Rauigkeit,0.1061278445209516
Paderborn,PA-10--PA-12,Distanz + Gelaendehoehe + Rauigkeit,0.1106128204959502
Paderborn,PA-02--PA-10,Distanz + Gelaendehoehe + Rauigkeit,0.103715789171592
Paderborn,PA-03--PA-10,Distanz + Gelaendehoehe + Rauigkeit,0.0722714691360422
Paderborn,PA-04--PA-10,Distanz + Gelaendehoehe + Rauigkeit,0.0792818233182874
Paderborn,PA-05--PA-10,Distanz + Gelaendehoehe + Rauigkeit,0.0731584657582256
Paderborn,PA-06--PA-10,Distanz + Gelaendehoehe + Rauigkeit,0.0760223903435695
Paderborn,PA-07--PA-10,Distanz + Gelaendehoehe + Rauigkeit,0.0686611606213567
Paderborn,PA-08--PA-10,Distanz + Gelaendehoehe + Rauigkeit,0.0771685441408698
Paderborn,PA-09--PA-10,Distanz + Gelaendehoehe + Rauigkeit,0.0878186445886505
Paderborn,PA-11--PA-12,Distanz + Gelaendehoehe + Rauigkeit,0.0597432360318224
Paderborn,PA-02--PA-11,Distanz + Gelaendehoehe + Rauigkeit,0.0584658043789814
Paderborn,PA-03--PA-11,Distanz + Gelaendehoehe + Rauigkeit,0.0734125127379056
Paderborn,PA-04--PA-11,Distanz + Gelaendehoehe + Rauigkeit,0.1352364062813152
Paderborn,PA-05--PA-11,Distanz + Gelaendehoehe + Rauigkeit,0.078258435104742
Paderborn,PA-06--PA-11,Distanz + Gelaendehoehe + Rauigkeit,0.1221618760003603
Paderborn,PA-07--PA-11,Distanz + Gelaendehoehe + Rauigkeit,0.0863333208014006
Paderborn,PA-08--PA-11,Distanz + Gelaendehoehe + Rauigkeit,0.0736479819974528
Paderborn,PA-09--PA-11,Distanz + Gelaendehoehe + Rauigkeit,0.0687209986787912
Paderborn,PA-02--PA-12,Distanz + Gelaendehoehe + Rauigkeit,0.056889567314321
Paderborn,PA-03--PA-12,Distanz + Gelaendehoehe + Rauigkeit,0.0764459502609101
Paderborn,PA-04--PA-12,Distanz + Gelaendehoehe + Rauigkeit,0.1411757786846248
Paderborn,PA-05--PA-12,Distanz + Gelaendehoehe + Rauigkeit,0.0820258302329075
Paderborn,PA-06--PA-12,Distanz + Gelaendehoehe + Rauigkeit,0.1267483258462456
Paderborn,PA-07--PA-12,Distanz + Gelaendehoehe + Rauigkeit,0.0884817812153323
Paderborn,PA-08--PA-12,Distanz + Gelaendehoehe + Rauigkeit,0.0751854078017368
Paderborn,PA-09--PA-12,Distanz + Gelaendehoehe + Rauigkeit,0.0719287710048486
Paderborn,PA-02--PA-03,Distanz + Gelaendehoehe + Rauigkeit,0.0845307951328187
Paderborn,PA-02--PA-04,Distanz + Gelaendehoehe + Rauigkeit,0.1564850199020946
Paderborn,PA-02--PA-05,Distanz + Gelaendehoehe + Rauigkeit,0.0884279234778151
Paderborn,PA-02--PA-06,Distanz + Gelaendehoehe + Rauigkeit,0.127762479674124
Paderborn,PA-02--PA-07,Distanz + Gelaendehoehe + Rauigkeit,0.0897429649373033
Paderborn,PA-02--PA-08,Distanz + Gelaendehoehe + Rauigkeit,0.0784237343235431
Paderborn,PA-02--PA-09,Distanz + Gelaendehoehe + Rauigkeit,0.0654986739376054
Paderborn,PA-03--PA-04,Distanz + Gelaendehoehe + Rauigkeit,0.1095272691828919
Paderborn,PA-03--PA-05,Distanz + Gelaendehoehe + Rauigkeit,0.065296705162977
Paderborn,PA-03--PA-06,Distanz + Gelaendehoehe + Rauigkeit,0.0957523198247956
Paderborn,PA-03--PA-07,Distanz + Gelaendehoehe + Rauigkeit,0.0692396047579035
Paderborn,PA-03--PA-08,Distanz + Gelaendehoehe + Rauigkeit,0.0588371218246878
Paderborn,PA-03--PA-09,Distanz + Gelaendehoehe + Rauigkeit,0.0600616245406288
Paderborn,PA-04--PA-05,Distanz + Gelaendehoehe + Rauigkeit,0.1009728113113171
Paderborn,PA-04--PA-06,Distanz + Gelaendehoehe + Rauigkeit,0.0663047816334482
Paderborn,PA-04--PA-07,Distanz + Gelaendehoehe + Rauigkeit,0.0921043162538405
Paderborn,PA-04--PA-08,Distanz + Gelaendehoehe + Rauigkeit,0.1050239986311262
Paderborn,PA-04--PA-09,Distanz + Gelaendehoehe + Rauigkeit,0.1121459832949918
Paderborn,PA-05--PA-06,Distanz + Gelaendehoehe + Rauigkeit,0.0864150537903951
Paderborn,PA-05--PA-07,Distanz + Gelaendehoehe + Rauigkeit,0.0632538107531401
Paderborn,PA-05--PA-08,Distanz + Gelaendehoehe + Rauigkeit,0.0633249874539039
Paderborn,PA-05--PA-09,Distanz + Gelaendehoehe + Rauigkeit,0.066009468519973
Paderborn,PA-06--PA-07,Distanz + Gelaendehoehe + Rauigkeit,0.0813699003085281
Paderborn,PA-06--PA-08,Distanz + Gelaendehoehe + Rauigkeit,0.0945932601891055
Paderborn,PA-06--PA-09,Distanz + Gelaendehoehe + Rauigkeit,0.1028388400075189
Paderborn,PA-07--PA-08,Distanz + Gelaendehoehe + Rauigkeit,0.0666681138093003
Paderborn,PA-07--PA-09,Distanz + Gelaendehoehe + Rauigkeit,0.0690149898385588
Paderborn,PA-08--PA-09,Distanz + Gelaendehoehe + Rauigkeit,0.0604222238723075
Rheda-Beckum,RB-01--RB-02,Distanz + Gelaendehoehe + Rauigkeit,0.0588802303952636
Rheda-Beckum,RB-01--RB-03,Distanz + Gelaendehoehe + Rauigkeit,0.0638699782331268
Rheda-Beckum,RB-01--RB-04,Distanz + Gelaendehoehe + Rauigkeit,0.0648796793320981
Rheda-Beckum,RB-01--RB-05,Distanz + Gelaendehoehe + Rauigkeit,0.061134745362508
Rheda-Beckum,RB-02--RB-03,Distanz + Gelaendehoehe + Rauigkeit,0.0616615440136174
Rheda-Beckum,RB-02--RB-04,Distanz + Gelaendehoehe + Rauigkeit,0.0644443769177103
Rheda-Beckum,RB-02--RB-05,Distanz + Gelaendehoehe + Rauigkeit,0.0600114119111764
Rheda-Beckum,RB-03--RB-04,Distanz + Gelaendehoehe + Rauigkeit,0.0583882226529422
Rheda-Beckum,RB-03--RB-05,Distanz + Gelaendehoehe + Rauigkeit,0.0549630838981935
Rheda-Beckum,RB-04--RB-05,Distanz + Gelaendehoehe + Rauigkeit,0.0589360426937812
Alpen-Sevelen,AS-01--AS-02,Distanz + Gelaendehoehe + Wald,0.0736142969656928
Alpen-Sevelen,AS-01--AS-03,Distanz + Gelaendehoehe + Wald,0.0635314921120198
Alpen-Sevelen,AS-01--AS-04,Distanz + Gelaendehoehe + Wald,0.0719647123737556
Alpen-Sevelen,AS-01--AS-05,Distanz + Gelaendehoehe + Wald,0.0768741900870565
Alpen-Sevelen,AS-01--AS-06,Distanz + Gelaendehoehe + Wald,0.0754742854629862
Alpen-Sevelen,AS-02--AS-03,Distanz + Gelaendehoehe + Wald,0.0628933374792658
Alpen-Sevelen,AS-02--AS-04,Distanz + Gelaendehoehe + Wald,0.0570200319629343
Alpen-Sevelen,AS-02--AS-05,Distanz + Gelaendehoehe + Wald,0.0618279311144992
Alpen-Sevelen,AS-02--AS-06,Distanz + Gelaendehoehe + Wald,0.0582704219140877
Alpen-Sevelen,AS-03--AS-04,Distanz + Gelaendehoehe + Wald,0.0623328224913497
Alpen-Sevelen,AS-03--AS-05,Distanz + Gelaendehoehe + Wald,0.0673868979035598
Alpen-Sevelen,AS-03--AS-06,Distanz + Gelaendehoehe + Wald,0.065768089422562
Alpen-Sevelen,AS-04--AS-05,Distanz + Gelaendehoehe + Wald,0.0597021598071972
Alpen-Sevelen,AS-04--AS-06,Distanz + Gelaendehoehe + Wald,0.0571086234881148
Alpen-Sevelen,AS-05--AS-06,Distanz + Gelaendehoehe + Wald,0.0568203663774862
Altenmellrich,AM-01--AM-02,Distanz + Gelaendehoehe + Wald,0.0620665318423877
Altenmellrich,AM-01--AM-03,Distanz + Gelaendehoehe + Wald,0.0569203795725242
Altenmellrich,AM-01--AM-04,Distanz + Gelaendehoehe + Wald,0.0813391860363823
Altenmellrich,AM-02--AM-03,Distanz + Gelaendehoehe + Wald,0.0674386395927619
Altenmellrich,AM-02--AM-04,Distanz + Gelaendehoehe + Wald,0.0607194618906323
Altenmellrich,AM-03--AM-04,Distanz + Gelaendehoehe + Wald,0.0843785716876111
Bad Berleburg,BB-01--BB-02,Distanz + Gelaendehoehe + Wald,0.061116779291735
Bad Berleburg,BB-01--BB-03,Distanz + Gelaendehoehe + Wald,0.0735786998901336
Bad Berleburg,BB-01--BB-04,Distanz + Gelaendehoehe + Wald,0.0667795383369017
Bad Berleburg,BB-01--BB-05,Distanz + Gelaendehoehe + Wald,0.0579107292864423
Bad Berleburg,BB-01--BB-06,Distanz + Gelaendehoehe + Wald,0.0666204090204851
Bad Berleburg,BB-01--BB-07,Distanz + Gelaendehoehe + Wald,0.0864341602497707
Bad Berleburg,BB-02--BB-03,Distanz + Gelaendehoehe + Wald,0.0929539019871643
Bad Berleburg,BB-02--BB-04,Distanz + Gelaendehoehe + Wald,0.08352635785683
Bad Berleburg,BB-02--BB-05,Distanz + Gelaendehoehe + Wald,0.0686974944365773
Bad Berleburg,BB-02--BB-06,Distanz + Gelaendehoehe + Wald,0.0830140131129759
Bad Berleburg,BB-02--BB-07,Distanz + Gelaendehoehe + Wald,0.0674818283024659
Bad Berleburg,BB-03--BB-04,Distanz + Gelaendehoehe + Wald,0.0581893524913249
Bad Berleburg,BB-03--BB-05,Distanz + Gelaendehoehe + Wald,0.0756311574126896
Bad Berleburg,BB-03--BB-06,Distanz + Gelaendehoehe + Wald,0.0562630731182193
Bad Berleburg,BB-03--BB-07,Distanz + Gelaendehoehe + Wald,0.1142348021121181
Bad Berleburg,BB-04--BB-05,Distanz + Gelaendehoehe + Wald,0.0642749107560699
Bad Berleburg,BB-04--BB-06,Distanz + Gelaendehoehe + Wald,0.0564989449398347
Bad Berleburg,BB-04--BB-07,Distanz + Gelaendehoehe + Wald,0.106917934441975
Bad Berleburg,BB-05--BB-06,Distanz + Gelaendehoehe + Wald,0.0696230705225841
Bad Berleburg,BB-05--BB-07,Distanz + Gelaendehoehe + Wald,0.0907891238659049
Bad Berleburg,BB-06--BB-07,Distanz + Gelaendehoehe + Wald,0.0995598586215964
Borken-Coesfeld,BC-01--BC-02,Distanz + Gelaendehoehe + Wald,0.0751339564155252
Borken-Coesfeld,BC-01--BC-03,Distanz + Gelaendehoehe + Wald,0.0656381912826613
Borken-Coesfeld,BC-01--BC-04,Distanz + Gelaendehoehe + Wald,0.0639150896340298
Borken-Coesfeld,BC-01--BC-05,Distanz + Gelaendehoehe + Wald,0.0659786979682106
Borken-Coesfeld,BC-01--BC-06,Distanz + Gelaendehoehe + Wald,0.0679383706715868
Borken-Coesfeld,BC-02--BC-03,Distanz + Gelaendehoehe + Wald,0.0785207855784276
Borken-Coesfeld,BC-02--BC-04,Distanz + Gelaendehoehe + Wald,0.070340923446583
Borken-Coesfeld,BC-02--BC-05,Distanz + Gelaendehoehe + Wald,0.0659630957875955
Borken-Coesfeld,BC-02--BC-06,Distanz + Gelaendehoehe + Wald,0.0855677113893774
Borken-Coesfeld,BC-03--BC-04,Distanz + Gelaendehoehe + Wald,0.0659567218937151
Borken-Coesfeld,BC-03--BC-05,Distanz + Gelaendehoehe + Wald,0.0720806713558232
Borken-Coesfeld,BC-03--BC-06,Distanz + Gelaendehoehe + Wald,0.0623743716092316
Borken-Coesfeld,BC-04--BC-05,Distanz + Gelaendehoehe + Wald,0.0661736636450828
Borken-Coesfeld,BC-04--BC-06,Distanz + Gelaendehoehe + Wald,0.069921357780262
Borken-Coesfeld,BC-05--BC-06,Distanz + Gelaendehoehe + Wald,0.0766543804290092
Lorup,LO-01--LO-02,Distanz + Gelaendehoehe + Wald,0.0789025195344911
Lorup,LO-01--LO-03,Distanz + Gelaendehoehe + Wald,0.0924766680558922
Lorup,LO-02--LO-03,Distanz + Gelaendehoehe + Wald,0.0798544372143177
Ostfriesland,OF-01--OF-02,Distanz + Gelaendehoehe + Wald,0.0556552489883994
Ostfriesland,OF-01--OF-03,Distanz + Gelaendehoehe + Wald,0.0645154294620807
Ostfriesland,OF-01--OF-04,Distanz + Gelaendehoehe + Wald,0.0720336194654827
Ostfriesland,OF-02--OF-03,Distanz + Gelaendehoehe + Wald,0.0609878120074657
Ostfriesland,OF-02--OF-04,Distanz + Gelaendehoehe + Wald,0.0705426586381759
Ostfriesland,OF-03--OF-04,Distanz + Gelaendehoehe + Wald,0.0622812961319981
Paderborn,PA-01--PA-10,Distanz + Gelaendehoehe + Wald,0.089099590984768
Paderborn,PA-01--PA-11,Distanz + Gelaendehoehe + Wald,0.1488533572058016
Paderborn,PA-01--PA-12,Distanz + Gelaendehoehe + Wald,0.1743141121208047
Paderborn,PA-01--PA-02,Distanz + Gelaendehoehe + Wald,0.1980539756429342
Paderborn,PA-01--PA-03,Distanz + Gelaendehoehe + Wald,0.1150030256480414
Paderborn,PA-01--PA-04,Distanz + Gelaendehoehe + Wald,0.075576383742142
Paderborn,PA-01--PA-05,Distanz + Gelaendehoehe + Wald,0.1217062498236336
Paderborn,PA-01--PA-06,Distanz + Gelaendehoehe + Wald,0.0733594308314665
Paderborn,PA-01--PA-07,Distanz + Gelaendehoehe + Wald,0.115496408244021
Paderborn,PA-01--PA-08,Distanz + Gelaendehoehe + Wald,0.1144144469468188
Paderborn,PA-01--PA-09,Distanz + Gelaendehoehe + Wald,0.136587211258178
Paderborn,PA-10--PA-11,Distanz + Gelaendehoehe + Wald,0.1075643708810278
Paderborn,PA-10--PA-12,Distanz + Gelaendehoehe + Wald,0.1318044280573746
Paderborn,PA-02--PA-10,Distanz + Gelaendehoehe + Wald,0.1275485561168117
Paderborn,PA-03--PA-10,Distanz + Gelaendehoehe + Wald,0.0751752328821795
Paderborn,PA-04--PA-10,Distanz + Gelaendehoehe + Wald,0.0756182219541132
Paderborn,PA-05--PA-10,Distanz + Gelaendehoehe + Wald,0.0742715038549798
Paderborn,PA-06--PA-10,Distanz + Gelaendehoehe + Wald,0.0646585866146523
Paderborn,PA-07--PA-10,Distanz + Gelaendehoehe + Wald,0.0742345835409598
Paderborn,PA-08--PA-10,Distanz + Gelaendehoehe + Wald,0.0710725551227753
Paderborn,PA-09--PA-10,Distanz + Gelaendehoehe + Wald,0.0892521089945531
Paderborn,PA-11--PA-12,Distanz + Gelaendehoehe + Wald,0.0601441383200775
Paderborn,PA-02--PA-11,Distanz + Gelaendehoehe + Wald,0.0647748189619639
Paderborn,PA-03--PA-11,Distanz + Gelaendehoehe + Wald,0.0801814159864162
Paderborn,PA-04--PA-11,Distanz + Gelaendehoehe + Wald,0.1313702814632796
Paderborn,PA-05--PA-11,Distanz + Gelaendehoehe + Wald,0.0701437887717836
Paderborn,PA-06--PA-11,Distanz + Gelaendehoehe + Wald,0.1137180039199925
Paderborn,PA-07--PA-11,Distanz + Gelaendehoehe + Wald,0.0817351205543974
Paderborn,PA-08--PA-11,Distanz + Gelaendehoehe + Wald,0.0768788091916641
Paderborn,PA-09--PA-11,Distanz + Gelaendehoehe + Wald,0.0775005688725236
Paderborn,PA-02--PA-12,Distanz + Gelaendehoehe + Wald,0.0612423797534872
Paderborn,PA-03--PA-12,Distanz + Gelaendehoehe + Wald,0.096529845040714
Paderborn,PA-04--PA-12,Distanz + Gelaendehoehe + Wald,0.1613724710502811
Paderborn,PA-05--PA-12,Distanz + Gelaendehoehe + Wald,0.0863248463665204
Paderborn,PA-06--PA-12,Distanz + Gelaendehoehe + Wald,0.1408664872437646
Paderborn,PA-07--PA-12,Distanz + Gelaendehoehe + Wald,0.0940706958151864
Paderborn,PA-08--PA-12,Distanz + Gelaendehoehe + Wald,0.094577971748347
Paderborn,PA-09--PA-12,Distanz + Gelaendehoehe + Wald,0.0933261906207285
Paderborn,PA-02--PA-03,Distanz + Gelaendehoehe + Wald,0.1062056564754555
Paderborn,PA-02--PA-04,Distanz + Gelaendehoehe + Wald,0.1868110535213872
Paderborn,PA-02--PA-05,Distanz + Gelaendehoehe + Wald,0.1027376547704096
Paderborn,PA-02--PA-06,Distanz + Gelaendehoehe + Wald,0.1471081084949473
Paderborn,PA-02--PA-07,Distanz + Gelaendehoehe + Wald,0.1056802411190369
Paderborn,PA-02--PA-08,Distanz + Gelaendehoehe + Wald,0.1057144955121041
Paderborn,PA-02--PA-09,Distanz + Gelaendehoehe + Wald,0.0916336030741136
Paderborn,PA-03--PA-04,Distanz + Gelaendehoehe + Wald,0.1164658126777396
Paderborn,PA-03--PA-05,Distanz + Gelaendehoehe + Wald,0.0736110990280272
Paderborn,PA-03--PA-06,Distanz + Gelaendehoehe + Wald,0.0915263755202044
Paderborn,PA-03--PA-07,Distanz + Gelaendehoehe + Wald,0.0767730740837029
Paderborn,PA-03--PA-08,Distanz + Gelaendehoehe + Wald,0.0572219314895149
Paderborn,PA-03--PA-09,Distanz + Gelaendehoehe + Wald,0.0634086014498968
Paderborn,PA-04--PA-05,Distanz + Gelaendehoehe + Wald,0.0956142916414143
Paderborn,PA-04--PA-06,Distanz + Gelaendehoehe + Wald,0.0609877310996631
Paderborn,PA-04--PA-07,Distanz + Gelaendehoehe + Wald,0.0954117145818331
Paderborn,PA-04--PA-08,Distanz + Gelaendehoehe + Wald,0.0991546865908692
Paderborn,PA-04--PA-09,Distanz + Gelaendehoehe + Wald,0.1104655921226225
Paderborn,PA-05--PA-06,Distanz + Gelaendehoehe + Wald,0.0812944209859431
Paderborn,PA-05--PA-07,Distanz + Gelaendehoehe + Wald,0.0613247944929067
Paderborn,PA-05--PA-08,Distanz + Gelaendehoehe + Wald,0.0636707011080821
Paderborn,PA-05--PA-09,Distanz + Gelaendehoehe + Wald,0.0714179158459451
Paderborn,PA-06--PA-07,Distanz + Gelaendehoehe + Wald,0.0821878669530906
Paderborn,PA-06--PA-08,Distanz + Gelaendehoehe + Wald,0.0819959921329927
Paderborn,PA-06--PA-09,Distanz + Gelaendehoehe + Wald,0.1005166214686382
Paderborn,PA-07--PA-08,Distanz + Gelaendehoehe + Wald,0.0728030264433135
Paderborn,PA-07--PA-09,Distanz + Gelaendehoehe + Wald,0.0706178387354337
Paderborn,PA-08--PA-09,Distanz + Gelaendehoehe + Wald,0.0646537614342773
Rheda-Beckum,RB-01--RB-02,Distanz + Gelaendehoehe + Wald,0.057121407343668
Rheda-Beckum,RB-01--RB-03,Distanz + Gelaendehoehe + Wald,0.0638446251957452
Rheda-Beckum,RB-01--RB-04,Distanz + Gelaendehoehe + Wald,0.0654641429533252
Rheda-Beckum,RB-01--RB-05,Distanz + Gelaendehoehe + Wald,0.0625610927047598
Rheda-Beckum,RB-02--RB-03,Distanz + Gelaendehoehe + Wald,0.0589621531593719
Rheda-Beckum,RB-02--RB-04,Distanz + Gelaendehoehe + Wald,0.0633322426983658
Rheda-Beckum,RB-02--RB-05,Distanz + Gelaendehoehe + Wald,0.0604333919793929
Rheda-Beckum,RB-03--RB-04,Distanz + Gelaendehoehe + Wald,0.0617113552711915
Rheda-Beckum,RB-03--RB-05,Distanz + Gelaendehoehe + Wald,0.058380532985428
Rheda-Beckum,RB-04--RB-05,Distanz + Gelaendehoehe + Wald,0.0570316499705306
Alpen-Sevelen,AS-01--AS-02,Distanz + Gelaendehoehe + Wind,0.0511921541806919
Alpen-Sevelen,AS-01--AS-03,Distanz + Gelaendehoehe + Wind,0.0543198336241251
Alpen-Sevelen,AS-01--AS-04,Distanz + Gelaendehoehe + Wind,0.0526202005172352
Alpen-Sevelen,AS-01--AS-05,Distanz + Gelaendehoehe + Wind,0.0558056038750003
Alpen-Sevelen,AS-01--AS-06,Distanz + Gelaendehoehe + Wind,0.0543813118368153
Alpen-Sevelen,AS-02--AS-03,Distanz + Gelaendehoehe + Wind,0.0593410711217332
Alpen-Sevelen,AS-02--AS-04,Distanz + Gelaendehoehe + Wind,0.0581890525002545
Alpen-Sevelen,AS-02--AS-05,Distanz + Gelaendehoehe + Wind,0.0597281940920894
Alpen-Sevelen,AS-02--AS-06,Distanz + Gelaendehoehe + Wind,0.0594682361015994
Alpen-Sevelen,AS-03--AS-04,Distanz + Gelaendehoehe + Wind,0.0484294098507635
Alpen-Sevelen,AS-03--AS-05,Distanz + Gelaendehoehe + Wind,0.0517710699012584
Alpen-Sevelen,AS-03--AS-06,Distanz + Gelaendehoehe + Wind,0.0503862774895475
Alpen-Sevelen,AS-04--AS-05,Distanz + Gelaendehoehe + Wind,0.050301495066443
Alpen-Sevelen,AS-04--AS-06,Distanz + Gelaendehoehe + Wind,0.0481694150209435
Alpen-Sevelen,AS-05--AS-06,Distanz + Gelaendehoehe + Wind,0.0481807032116469
Altenmellrich,AM-01--AM-02,Distanz + Gelaendehoehe + Wind,0.0597370337283617
Altenmellrich,AM-01--AM-03,Distanz + Gelaendehoehe + Wind,0.0632203612846755
Altenmellrich,AM-01--AM-04,Distanz + Gelaendehoehe + Wind,0.08933291656373
Altenmellrich,AM-02--AM-03,Distanz + Gelaendehoehe + Wind,0.0507763404438105
Altenmellrich,AM-02--AM-04,Distanz + Gelaendehoehe + Wind,0.0705751077592775
Altenmellrich,AM-03--AM-04,Distanz + Gelaendehoehe + Wind,0.0590157906605813
Bad Berleburg,BB-01--BB-02,Distanz + Gelaendehoehe + Wind,0.0828680805452764
Bad Berleburg,BB-01--BB-03,Distanz + Gelaendehoehe + Wind,0.06542590467195
Bad Berleburg,BB-01--BB-04,Distanz + Gelaendehoehe + Wind,0.0804461828297167
Bad Berleburg,BB-01--BB-05,Distanz + Gelaendehoehe + Wind,0.0578566131109879
Bad Berleburg,BB-01--BB-06,Distanz + Gelaendehoehe + Wind,0.1050182975434103
Bad Berleburg,BB-01--BB-07,Distanz + Gelaendehoehe + Wind,0.1172380169280142
Bad Berleburg,BB-02--BB-03,Distanz + Gelaendehoehe + Wind,0.1077534163507374
Bad Berleburg,BB-02--BB-04,Distanz + Gelaendehoehe + Wind,0.0834190677108134
Bad Berleburg,BB-02--BB-05,Distanz + Gelaendehoehe + Wind,0.0912178246172813
Bad Berleburg,BB-02--BB-06,Distanz + Gelaendehoehe + Wind,0.1666569168917762
Bad Berleburg,BB-02--BB-07,Distanz + Gelaendehoehe + Wind,0.0730346703465624
Bad Berleburg,BB-03--BB-04,Distanz + Gelaendehoehe + Wind,0.0797547667705148
Bad Berleburg,BB-03--BB-05,Distanz + Gelaendehoehe + Wind,0.0815723587789442
Bad Berleburg,BB-03--BB-06,Distanz + Gelaendehoehe + Wind,0.0879889999480951
Bad Berleburg,BB-03--BB-07,Distanz + Gelaendehoehe + Wind,0.1646950714027297
Bad Berleburg,BB-04--BB-05,Distanz + Gelaendehoehe + Wind,0.0780758443091136
Bad Berleburg,BB-04--BB-06,Distanz + Gelaendehoehe + Wind,0.0932201252749424
Bad Berleburg,BB-04--BB-07,Distanz + Gelaendehoehe + Wind,0.1131141426712481
Bad Berleburg,BB-05--BB-06,Distanz + Gelaendehoehe + Wind,0.1037640726729742
Bad Berleburg,BB-05--BB-07,Distanz + Gelaendehoehe + Wind,0.1062470117930135
Bad Berleburg,BB-06--BB-07,Distanz + Gelaendehoehe + Wind,0.2244021316351606
Borken-Coesfeld,BC-01--BC-02,Distanz + Gelaendehoehe + Wind,0.0607246324411659
Borken-Coesfeld,BC-01--BC-03,Distanz + Gelaendehoehe + Wind,0.0586219664623599
Borken-Coesfeld,BC-01--BC-04,Distanz + Gelaendehoehe + Wind,0.0557005276864298
Borken-Coesfeld,BC-01--BC-05,Distanz + Gelaendehoehe + Wind,0.0581186035200909
Borken-Coesfeld,BC-01--BC-06,Distanz + Gelaendehoehe + Wind,0.0627785602254834
Borken-Coesfeld,BC-02--BC-03,Distanz + Gelaendehoehe + Wind,0.0714694237878837
Borken-Coesfeld,BC-02--BC-04,Distanz + Gelaendehoehe + Wind,0.0668916317176431
Borken-Coesfeld,BC-02--BC-05,Distanz + Gelaendehoehe + Wind,0.0556680308372038
Borken-Coesfeld,BC-02--BC-06,Distanz + Gelaendehoehe + Wind,0.0725603860141627
Borken-Coesfeld,BC-03--BC-04,Distanz + Gelaendehoehe + Wind,0.0505882126553363
Borken-Coesfeld,BC-03--BC-05,Distanz + Gelaendehoehe + Wind,0.0621155021362897
Borken-Coesfeld,BC-03--BC-06,Distanz + Gelaendehoehe + Wind,0.0520270388625047
Borken-Coesfeld,BC-04--BC-05,Distanz + Gelaendehoehe + Wind,0.0587795505673611
Borken-Coesfeld,BC-04--BC-06,Distanz + Gelaendehoehe + Wind,0.055616130043724
Borken-Coesfeld,BC-05--BC-06,Distanz + Gelaendehoehe + Wind,0.0606519002176636
Lorup,LO-01--LO-02,Distanz + Gelaendehoehe + Wind,0.0539435332391809
Lorup,LO-01--LO-03,Distanz + Gelaendehoehe + Wind,0.060167380221103
Lorup,LO-02--LO-03,Distanz + Gelaendehoehe + Wind,0.0567514677983184
Ostfriesland,OF-01--OF-02,Distanz + Gelaendehoehe + Wind,0.0486985740086462
Ostfriesland,OF-01--OF-03,Distanz + Gelaendehoehe + Wind,0.0563672645300159
Ostfriesland,OF-01--OF-04,Distanz + Gelaendehoehe + Wind,0.0696167859044418
Ostfriesland,OF-02--OF-03,Distanz + Gelaendehoehe + Wind,0.0563180517887576
Ostfriesland,OF-02--OF-04,Distanz + Gelaendehoehe + Wind,0.0661520059851712
Ostfriesland,OF-03--OF-04,Distanz + Gelaendehoehe + Wind,0.0665990554454231
Paderborn,PA-01--PA-10,Distanz + Gelaendehoehe + Wind,0.1448215322434675
Paderborn,PA-01--PA-11,Distanz + Gelaendehoehe + Wind,0.1981551904575001
Paderborn,PA-01--PA-12,Distanz + Gelaendehoehe + Wind,0.1956438738457174
Paderborn,PA-01--PA-02,Distanz + Gelaendehoehe + Wind,0.1521045435101336
Paderborn,PA-01--PA-03,Distanz + Gelaendehoehe + Wind,0.1259932557856009
Paderborn,PA-01--PA-04,Distanz + Gelaendehoehe + Wind,0.0655113836108515
Paderborn,PA-01--PA-05,Distanz + Gelaendehoehe + Wind,0.1352038222331643
Paderborn,PA-01--PA-06,Distanz + Gelaendehoehe + Wind,0.1202136896767442
Paderborn,PA-01--PA-07,Distanz + Gelaendehoehe + Wind,0.1294195746625081
Paderborn,PA-01--PA-08,Distanz + Gelaendehoehe + Wind,0.1535038859748788
Paderborn,PA-01--PA-09,Distanz + Gelaendehoehe + Wind,0.1730794844587652
Paderborn,PA-10--PA-11,Distanz + Gelaendehoehe + Wind,0.0745902115545635
Paderborn,PA-10--PA-12,Distanz + Gelaendehoehe + Wind,0.0822900561515052
Paderborn,PA-02--PA-10,Distanz + Gelaendehoehe + Wind,0.1326732495156327
Paderborn,PA-03--PA-10,Distanz + Gelaendehoehe + Wind,0.0890275545981577
Paderborn,PA-04--PA-10,Distanz + Gelaendehoehe + Wind,0.098593213868926
Paderborn,PA-05--PA-10,Distanz + Gelaendehoehe + Wind,0.0735245937284006
Paderborn,PA-06--PA-10,Distanz + Gelaendehoehe + Wind,0.0646170145566434
Paderborn,PA-07--PA-10,Distanz + Gelaendehoehe + Wind,0.0658101756479219
Paderborn,PA-08--PA-10,Distanz + Gelaendehoehe + Wind,0.0694849143678955
Paderborn,PA-09--PA-10,Distanz + Gelaendehoehe + Wind,0.0671636640043904
Paderborn,PA-11--PA-12,Distanz + Gelaendehoehe + Wind,0.0519296669457643
Paderborn,PA-02--PA-11,Distanz + Gelaendehoehe + Wind,0.0973018606483391
Paderborn,PA-03--PA-11,Distanz + Gelaendehoehe + Wind,0.0841033509785365
Paderborn,PA-04--PA-11,Distanz + Gelaendehoehe + Wind,0.1475824121983948
Paderborn,PA-05--PA-11,Distanz + Gelaendehoehe + Wind,0.0768650531065335
Paderborn,PA-06--PA-11,Distanz + Gelaendehoehe + Wind,0.0909881931646486
Paderborn,PA-07--PA-11,Distanz + Gelaendehoehe + Wind,0.076392018678826
Paderborn,PA-08--PA-11,Distanz + Gelaendehoehe + Wind,0.0630549197514671
Paderborn,PA-09--PA-11,Distanz + Gelaendehoehe + Wind,0.061425837719788
Paderborn,PA-02--PA-12,Distanz + Gelaendehoehe + Wind,0.0857242001136435
Paderborn,PA-03--PA-12,Distanz + Gelaendehoehe + Wind,0.0894328844605431
Paderborn,PA-04--PA-12,Distanz + Gelaendehoehe + Wind,0.1476789024567507
Paderborn,PA-05--PA-12,Distanz + Gelaendehoehe + Wind,0.0896442493138566
Paderborn,PA-06--PA-12,Distanz + Gelaendehoehe + Wind,0.1042555416638822
Paderborn,PA-07--PA-12,Distanz + Gelaendehoehe + Wind,0.0899837202792642
Paderborn,PA-08--PA-12,Distanz + Gelaendehoehe + Wind,0.0740322661800165
Paderborn,PA-09--PA-12,Distanz + Gelaendehoehe + Wind,0.0701757446962141
Paderborn,PA-02--PA-03,Distanz + Gelaendehoehe + Wind,0.1068559757332354
Paderborn,PA-02--PA-04,Distanz + Gelaendehoehe + Wind,0.126550034583021
Paderborn,PA-02--PA-05,Distanz + Gelaendehoehe + Wind,0.1289637901145407
Paderborn,PA-02--PA-06,Distanz + Gelaendehoehe + Wind,0.1693468988476889
Paderborn,PA-02--PA-07,Distanz + Gelaendehoehe + Wind,0.1278060135252518
Paderborn,PA-02--PA-08,Distanz + Gelaendehoehe + Wind,0.116111918757137
Paderborn,PA-02--PA-09,Distanz + Gelaendehoehe + Wind,0.1075625212562498
Paderborn,PA-03--PA-04,Distanz + Gelaendehoehe + Wind,0.0931028571723437
Paderborn,PA-03--PA-05,Distanz + Gelaendehoehe + Wind,0.0576350712637083
Paderborn,PA-03--PA-06,Distanz + Gelaendehoehe + Wind,0.0858562593940692
Paderborn,PA-03--PA-07,Distanz + Gelaendehoehe + Wind,0.063284972524855
Paderborn,PA-03--PA-08,Distanz + Gelaendehoehe + Wind,0.0600702553914427
Paderborn,PA-03--PA-09,Distanz + Gelaendehoehe + Wind,0.0653192988996728
Paderborn,PA-04--PA-05,Distanz + Gelaendehoehe + Wind,0.0986124485226006
Paderborn,PA-04--PA-06,Distanz + Gelaendehoehe + Wind,0.0818359415352804
Paderborn,PA-04--PA-07,Distanz + Gelaendehoehe + Wind,0.0935838785221695
Paderborn,PA-04--PA-08,Distanz + Gelaendehoehe + Wind,0.1115279145984129
Paderborn,PA-04--PA-09,Distanz + Gelaendehoehe + Wind,0.116111164374482
Paderborn,PA-05--PA-06,Distanz + Gelaendehoehe + Wind,0.0676334589936657
Paderborn,PA-05--PA-07,Distanz + Gelaendehoehe + Wind,0.0484338114836071
Paderborn,PA-05--PA-08,Distanz + Gelaendehoehe + Wind,0.0542282497292502
Paderborn,PA-05--PA-09,Distanz + Gelaendehoehe + Wind,0.0597322307988111
Paderborn,PA-06--PA-07,Distanz + Gelaendehoehe + Wind,0.0626220208956815
Paderborn,PA-06--PA-08,Distanz + Gelaendehoehe + Wind,0.0719455374044029
Paderborn,PA-06--PA-09,Distanz + Gelaendehoehe + Wind,0.0669607561542824
Paderborn,PA-07--PA-08,Distanz + Gelaendehoehe + Wind,0.0536126390076442
Paderborn,PA-07--PA-09,Distanz + Gelaendehoehe + Wind,0.0621967070190828
Paderborn,PA-08--PA-09,Distanz + Gelaendehoehe + Wind,0.0561241649528292
Rheda-Beckum,RB-01--RB-02,Distanz + Gelaendehoehe + Wind,0.0474927510441609
Rheda-Beckum,RB-01--RB-03,Distanz + Gelaendehoehe + Wind,0.0525834908684465
Rheda-Beckum,RB-01--RB-04,Distanz + Gelaendehoehe + Wind,0.0673506335334432
Rheda-Beckum,RB-01--RB-05,Distanz + Gelaendehoehe + Wind,0.0617385040781946
Rheda-Beckum,RB-02--RB-03,Distanz + Gelaendehoehe + Wind,0.0495857586074343
Rheda-Beckum,RB-02--RB-04,Distanz + Gelaendehoehe + Wind,0.065646560138746
Rheda-Beckum,RB-02--RB-05,Distanz + Gelaendehoehe + Wind,0.0602106836079381
Rheda-Beckum,RB-03--RB-04,Distanz + Gelaendehoehe + Wind,0.0590535413176687
Rheda-Beckum,RB-03--RB-05,Distanz + Gelaendehoehe + Wind,0.0541811939938444
Rheda-Beckum,RB-04--RB-05,Distanz + Gelaendehoehe + Wind,0.0491292946135895
Alpen-Sevelen,AS-01--AS-02,Distanz + Rauigkeit + Wald,0.0858025284385663
Alpen-Sevelen,AS-01--AS-03,Distanz + Rauigkeit + Wald,0.0691133734979179
Alpen-Sevelen,AS-01--AS-04,Distanz + Rauigkeit + Wald,0.0812201782799122
Alpen-Sevelen,AS-01--AS-05,Distanz + Rauigkeit + Wald,0.0837008786682699
Alpen-Sevelen,AS-01--AS-06,Distanz + Rauigkeit + Wald,0.0828802724176686
Alpen-Sevelen,AS-02--AS-03,Distanz + Rauigkeit + Wald,0.066551313853646
Alpen-Sevelen,AS-02--AS-04,Distanz + Rauigkeit + Wald,0.0573659702814895
Alpen-Sevelen,AS-02--AS-05,Distanz + Rauigkeit + Wald,0.0638241873911693
Alpen-Sevelen,AS-02--AS-06,Distanz + Rauigkeit + Wald,0.0592144228718061
Alpen-Sevelen,AS-03--AS-04,Distanz + Rauigkeit + Wald,0.0685395620453194
Alpen-Sevelen,AS-03--AS-05,Distanz + Rauigkeit + Wald,0.0740914927556841
Alpen-Sevelen,AS-03--AS-06,Distanz + Rauigkeit + Wald,0.0714116810582377
Alpen-Sevelen,AS-04--AS-05,Distanz + Rauigkeit + Wald,0.0644089501552475
Alpen-Sevelen,AS-04--AS-06,Distanz + Rauigkeit + Wald,0.0611065810773603
Alpen-Sevelen,AS-05--AS-06,Distanz + Rauigkeit + Wald,0.0597369586525572
Altenmellrich,AM-01--AM-02,Distanz + Rauigkeit + Wald,0.0633739382624102
Altenmellrich,AM-01--AM-03,Distanz + Rauigkeit + Wald,0.0636368250330089
Altenmellrich,AM-01--AM-04,Distanz + Rauigkeit + Wald,0.0665203249526135
Altenmellrich,AM-02--AM-03,Distanz + Rauigkeit + Wald,0.0668035347988534
Altenmellrich,AM-02--AM-04,Distanz + Rauigkeit + Wald,0.0638024125221938
Altenmellrich,AM-03--AM-04,Distanz + Rauigkeit + Wald,0.0674248672773672
Bad Berleburg,BB-01--BB-02,Distanz + Rauigkeit + Wald,0.0573935562020886
Bad Berleburg,BB-01--BB-03,Distanz + Rauigkeit + Wald,0.0749553960329886
Bad Berleburg,BB-01--BB-04,Distanz + Rauigkeit + Wald,0.0731561662535404
Bad Berleburg,BB-01--BB-05,Distanz + Rauigkeit + Wald,0.076889513681036
Bad Berleburg,BB-01--BB-06,Distanz + Rauigkeit + Wald,0.0710709069417883
Bad Berleburg,BB-01--BB-07,Distanz + Rauigkeit + Wald,0.0690536219449672
Bad Berleburg,BB-02--BB-03,Distanz + Rauigkeit + Wald,0.0763257269015108
Bad Berleburg,BB-02--BB-04,Distanz + Rauigkeit + Wald,0.0706720285919861
Bad Berleburg,BB-02--BB-05,Distanz + Rauigkeit + Wald,0.0742514557877939
Bad Berleburg,BB-02--BB-06,Distanz + Rauigkeit + Wald,0.0704120696055009
Bad Berleburg,BB-02--BB-07,Distanz + Rauigkeit + Wald,0.0696726165735667
Bad Berleburg,BB-03--BB-04,Distanz + Rauigkeit + Wald,0.0693527813683868
Bad Berleburg,BB-03--BB-05,Distanz + Rauigkeit + Wald,0.0766242982622722
Bad Berleburg,BB-03--BB-06,Distanz + Rauigkeit + Wald,0.0672237977810473
Bad Berleburg,BB-03--BB-07,Distanz + Rauigkeit + Wald,0.0689681275176846
Bad Berleburg,BB-04--BB-05,Distanz + Rauigkeit + Wald,0.0632846639267934
Bad Berleburg,BB-04--BB-06,Distanz + Rauigkeit + Wald,0.0708599219605484
Bad Berleburg,BB-04--BB-07,Distanz + Rauigkeit + Wald,0.0698504370657762
Bad Berleburg,BB-05--BB-06,Distanz + Rauigkeit + Wald,0.0691355923055627
Bad Berleburg,BB-05--BB-07,Distanz + Rauigkeit + Wald,0.0762290047172758
Bad Berleburg,BB-06--BB-07,Distanz + Rauigkeit + Wald,0.060688797556206
Borken-Coesfeld,BC-01--BC-02,Distanz + Rauigkeit + Wald,0.0736296621903004
Borken-Coesfeld,BC-01--BC-03,Distanz + Rauigkeit + Wald,0.0738056758950131
Borken-Coesfeld,BC-01--BC-04,Distanz + Rauigkeit + Wald,0.0827182020500774
Borken-Coesfeld,BC-01--BC-05,Distanz + Rauigkeit + Wald,0.0726324620391368
Borken-Coesfeld,BC-01--BC-06,Distanz + Rauigkeit + Wald,0.081751612073836
Borken-Coesfeld,BC-02--BC-03,Distanz + Rauigkeit + Wald,0.0737874272494908
Borken-Coesfeld,BC-02--BC-04,Distanz + Rauigkeit + Wald,0.0751940582127068
Borken-Coesfeld,BC-02--BC-05,Distanz + Rauigkeit + Wald,0.0704745786544122
Borken-Coesfeld,BC-02--BC-06,Distanz + Rauigkeit + Wald,0.0846619931286446
Borken-Coesfeld,BC-03--BC-04,Distanz + Rauigkeit + Wald,0.066420913871984
Borken-Coesfeld,BC-03--BC-05,Distanz + Rauigkeit + Wald,0.0701658300161756
Borken-Coesfeld,BC-03--BC-06,Distanz + Rauigkeit + Wald,0.0712220519263708
Borken-Coesfeld,BC-04--BC-05,Distanz + Rauigkeit + Wald,0.0714431982222901
Borken-Coesfeld,BC-04--BC-06,Distanz + Rauigkeit + Wald,0.075572146375361
Borken-Coesfeld,BC-05--BC-06,Distanz + Rauigkeit + Wald,0.0769817991038324
Lorup,LO-01--LO-02,Distanz + Rauigkeit + Wald,0.0889903370883276
Lorup,LO-01--LO-03,Distanz + Rauigkeit + Wald,0.1181494719711032
Lorup,LO-02--LO-03,Distanz + Rauigkeit + Wald,0.0927230299636148
Ostfriesland,OF-01--OF-02,Distanz + Rauigkeit + Wald,0.0578974393278175
Ostfriesland,OF-01--OF-03,Distanz + Rauigkeit + Wald,0.0680438544792442
Ostfriesland,OF-01--OF-04,Distanz + Rauigkeit + Wald,0.075632116418748
Ostfriesland,OF-02--OF-03,Distanz + Rauigkeit + Wald,0.0630654185529791
Ostfriesland,OF-02--OF-04,Distanz + Rauigkeit + Wald,0.0777121815302946
Ostfriesland,OF-03--OF-04,Distanz + Rauigkeit + Wald,0.075152542071072
Paderborn,PA-01--PA-10,Distanz + Rauigkeit + Wald,0.084440382578633
Paderborn,PA-01--PA-11,Distanz + Rauigkeit + Wald,0.0911537875409382
Paderborn,PA-01--PA-12,Distanz + Rauigkeit + Wald,0.1130699233847795
Paderborn,PA-01--PA-02,Distanz + Rauigkeit + Wald,0.1155889911385738
Paderborn,PA-01--PA-03,Distanz + Rauigkeit + Wald,0.0814763229423378
Paderborn,PA-01--PA-04,Distanz + Rauigkeit + Wald,0.1027118219689693
Paderborn,PA-01--PA-05,Distanz + Rauigkeit + Wald,0.0975554690345154
Paderborn,PA-01--PA-06,Distanz + Rauigkeit + Wald,0.0763530303474698
Paderborn,PA-01--PA-07,Distanz + Rauigkeit + Wald,0.1028493120171147
Paderborn,PA-01--PA-08,Distanz + Rauigkeit + Wald,0.0830289034017569
Paderborn,PA-01--PA-09,Distanz + Rauigkeit + Wald,0.0965810708113079
Paderborn,PA-10--PA-11,Distanz + Rauigkeit + Wald,0.1021161805516094
Paderborn,PA-10--PA-12,Distanz + Rauigkeit + Wald,0.138700985661857
Paderborn,PA-02--PA-10,Distanz + Rauigkeit + Wald,0.1122983393351221
Paderborn,PA-03--PA-10,Distanz + Rauigkeit + Wald,0.0731603806748827
Paderborn,PA-04--PA-10,Distanz + Rauigkeit + Wald,0.0722375934472422
Paderborn,PA-05--PA-10,Distanz + Rauigkeit + Wald,0.0910695141894533
Paderborn,PA-06--PA-10,Distanz + Rauigkeit + Wald,0.0760307775635998
Paderborn,PA-07--PA-10,Distanz + Rauigkeit + Wald,0.0996500316697524
Paderborn,PA-08--PA-10,Distanz + Rauigkeit + Wald,0.0734305381919316
Paderborn,PA-09--PA-10,Distanz + Rauigkeit + Wald,0.0931156532151576
Paderborn,PA-11--PA-12,Distanz + Rauigkeit + Wald,0.0736081626991814
Paderborn,PA-02--PA-11,Distanz + Rauigkeit + Wald,0.0835160566654548
Paderborn,PA-03--PA-11,Distanz + Rauigkeit + Wald,0.0995579547199073
Paderborn,PA-04--PA-11,Distanz + Rauigkeit + Wald,0.0827751290790436
Paderborn,PA-05--PA-11,Distanz + Rauigkeit + Wald,0.0650981673944144
Paderborn,PA-06--PA-11,Distanz + Rauigkeit + Wald,0.0780673244573797
Paderborn,PA-07--PA-11,Distanz + Rauigkeit + Wald,0.0734127207574535
Paderborn,PA-08--PA-11,Distanz + Rauigkeit + Wald,0.0812493366598265
Paderborn,PA-09--PA-11,Distanz + Rauigkeit + Wald,0.094369451525663
Paderborn,PA-02--PA-12,Distanz + Rauigkeit + Wald,0.0801354948841778
Paderborn,PA-03--PA-12,Distanz + Rauigkeit + Wald,0.1322261204557324
Paderborn,PA-04--PA-12,Distanz + Rauigkeit + Wald,0.1133826621783897
Paderborn,PA-05--PA-12,Distanz + Rauigkeit + Wald,0.0903576970370317
Paderborn,PA-06--PA-12,Distanz + Rauigkeit + Wald,0.1064677358453892
Paderborn,PA-07--PA-12,Distanz + Rauigkeit + Wald,0.088378472371068
Paderborn,PA-08--PA-12,Distanz + Rauigkeit + Wald,0.1068508056335644
Paderborn,PA-09--PA-12,Distanz + Rauigkeit + Wald,0.1232470825354964
Paderborn,PA-02--PA-03,Distanz + Rauigkeit + Wald,0.1239529642916801
Paderborn,PA-02--PA-04,Distanz + Rauigkeit + Wald,0.1216396260234701
Paderborn,PA-02--PA-05,Distanz + Rauigkeit + Wald,0.1051173929846728
Paderborn,PA-02--PA-06,Distanz + Rauigkeit + Wald,0.0993081587906232
Paderborn,PA-02--PA-07,Distanz + Rauigkeit + Wald,0.0902093444790445
Paderborn,PA-02--PA-08,Distanz + Rauigkeit + Wald,0.1120946990674251
Paderborn,PA-02--PA-09,Distanz + Rauigkeit + Wald,0.0996955305867014
Paderborn,PA-03--PA-04,Distanz + Rauigkeit + Wald,0.0884066289752376
Paderborn,PA-03--PA-05,Distanz + Rauigkeit + Wald,0.1023942696737
Paderborn,PA-03--PA-06,Distanz + Rauigkeit + Wald,0.0822115952121838
Paderborn,PA-03--PA-07,Distanz + Rauigkeit + Wald,0.0982714329017092
Paderborn,PA-03--PA-08,Distanz + Rauigkeit + Wald,0.0755083706066512
Paderborn,PA-03--PA-09,Distanz + Rauigkeit + Wald,0.0815809895990393
Paderborn,PA-04--PA-05,Distanz + Rauigkeit + Wald,0.0754098971021769
Paderborn,PA-04--PA-06,Distanz + Rauigkeit + Wald,0.0696889474815898
Paderborn,PA-04--PA-07,Distanz + Rauigkeit + Wald,0.0839844732160926
Paderborn,PA-04--PA-08,Distanz + Rauigkeit + Wald,0.070351773764737
Paderborn,PA-04--PA-09,Distanz + Rauigkeit + Wald,0.0750798638122932
Paderborn,PA-05--PA-06,Distanz + Rauigkeit + Wald,0.0687773372218193
Paderborn,PA-05--PA-07,Distanz + Rauigkeit + Wald,0.0726973787009724
Paderborn,PA-05--PA-08,Distanz + Rauigkeit + Wald,0.078453981554021
Paderborn,PA-05--PA-09,Distanz + Rauigkeit + Wald,0.0814618914487802
Paderborn,PA-06--PA-07,Distanz + Rauigkeit + Wald,0.0786060540736557
Paderborn,PA-06--PA-08,Distanz + Rauigkeit + Wald,0.0665202219300726
Paderborn,PA-06--PA-09,Distanz + Rauigkeit + Wald,0.0783020972325218
Paderborn,PA-07--PA-08,Distanz + Rauigkeit + Wald,0.0797754885496489
Paderborn,PA-07--PA-09,Distanz + Rauigkeit + Wald,0.0655377769043412
Paderborn,PA-08--PA-09,Distanz + Rauigkeit + Wald,0.0746109466887425
Rheda-Beckum,RB-01--RB-02,Distanz + Rauigkeit + Wald,0.0582599820221518
Rheda-Beckum,RB-01--RB-03,Distanz + Rauigkeit + Wald,0.060718172706047
Rheda-Beckum,RB-01--RB-04,Distanz + Rauigkeit + Wald,0.0607435961980464
Rheda-Beckum,RB-01--RB-05,Distanz + Rauigkeit + Wald,0.0595874713282107
Rheda-Beckum,RB-02--RB-03,Distanz + Rauigkeit + Wald,0.0579881247770919
Rheda-Beckum,RB-02--RB-04,Distanz + Rauigkeit + Wald,0.0634996280540936
Rheda-Beckum,RB-02--RB-05,Distanz + Rauigkeit + Wald,0.0613828117944595
Rheda-Beckum,RB-03--RB-04,Distanz + Rauigkeit + Wald,0.0664097881535645
Rheda-Beckum,RB-03--RB-05,Distanz + Rauigkeit + Wald,0.0642380505914177
Rheda-Beckum,RB-04--RB-05,Distanz + Rauigkeit + Wald,0.0582648752182865
Alpen-Sevelen,AS-01--AS-02,Distanz + Rauigkeit + Wind,0.0545050872882291
Alpen-Sevelen,AS-01--AS-03,Distanz + Rauigkeit + Wind,0.0571005538452693
Alpen-Sevelen,AS-01--AS-04,Distanz + Rauigkeit + Wind,0.0552691602096987
Alpen-Sevelen,AS-01--AS-05,Distanz + Rauigkeit + Wind,0.0570062595205817
Alpen-Sevelen,AS-01--AS-06,Distanz + Rauigkeit + Wind,0.0559110295874368
Alpen-Sevelen,AS-02--AS-03,Distanz + Rauigkeit + Wind,0.0618893829039947
Alpen-Sevelen,AS-02--AS-04,Distanz + Rauigkeit + Wind,0.0595696915475779
Alpen-Sevelen,AS-02--AS-05,Distanz + Rauigkeit + Wind,0.0611516018883674
Alpen-Sevelen,AS-02--AS-06,Distanz + Rauigkeit + Wind,0.0609513949024572
Alpen-Sevelen,AS-03--AS-04,Distanz + Rauigkeit + Wind,0.0508448120581333
Alpen-Sevelen,AS-03--AS-05,Distanz + Rauigkeit + Wind,0.0538575926405699
Alpen-Sevelen,AS-03--AS-06,Distanz + Rauigkeit + Wind,0.0521999027074923
Alpen-Sevelen,AS-04--AS-05,Distanz + Rauigkeit + Wind,0.0524897795477121
Alpen-Sevelen,AS-04--AS-06,Distanz + Rauigkeit + Wind,0.0501966078765055
Alpen-Sevelen,AS-05--AS-06,Distanz + Rauigkeit + Wind,0.0498371919219333
Altenmellrich,AM-01--AM-02,Distanz + Rauigkeit + Wind,0.0576337862686356
Altenmellrich,AM-01--AM-03,Distanz + Rauigkeit + Wind,0.0639580357134072
Altenmellrich,AM-01--AM-04,Distanz + Rauigkeit + Wind,0.0834890738017768
Altenmellrich,AM-02--AM-03,Distanz + Rauigkeit + Wind,0.0524925442169166
Altenmellrich,AM-02--AM-04,Distanz + Rauigkeit + Wind,0.0692214930649332
Altenmellrich,AM-03--AM-04,Distanz + Rauigkeit + Wind,0.0558198373317742
Bad Berleburg,BB-01--BB-02,Distanz + Rauigkeit + Wind,0.1307851513989623
Bad Berleburg,BB-01--BB-03,Distanz + Rauigkeit + Wind,0.0708696485084849
Bad Berleburg,BB-01--BB-04,Distanz + Rauigkeit + Wind,0.1183266361155733
Bad Berleburg,BB-01--BB-05,Distanz + Rauigkeit + Wind,0.0628308066609166
Bad Berleburg,BB-01--BB-06,Distanz + Rauigkeit + Wind,0.217396791029098
Bad Berleburg,BB-01--BB-07,Distanz + Rauigkeit + Wind,0.1696098971481554
Bad Berleburg,BB-02--BB-03,Distanz + Rauigkeit + Wind,0.1564499566302794
Bad Berleburg,BB-02--BB-04,Distanz + Rauigkeit + Wind,0.0911087659990309
Bad Berleburg,BB-02--BB-05,Distanz + Rauigkeit + Wind,0.1483623041325721
Bad Berleburg,BB-02--BB-06,Distanz + Rauigkeit + Wind,0.4627367346593825
Bad Berleburg,BB-02--BB-07,Distanz + Rauigkeit + Wind,0.0729298506166237
Bad Berleburg,BB-03--BB-04,Distanz + Rauigkeit + Wind,0.1759575657988044
Bad Berleburg,BB-03--BB-05,Distanz + Rauigkeit + Wind,0.1162858223809101
Bad Berleburg,BB-03--BB-06,Distanz + Rauigkeit + Wind,0.2223824391058624
Bad Berleburg,BB-03--BB-07,Distanz + Rauigkeit + Wind,0.3300330795951835
Bad Berleburg,BB-04--BB-05,Distanz + Rauigkeit + Wind,0.1344523011418046
Bad Berleburg,BB-04--BB-06,Distanz + Rauigkeit + Wind,0.2829145606333064
Bad Berleburg,BB-04--BB-07,Distanz + Rauigkeit + Wind,0.1311419015303721
Bad Berleburg,BB-05--BB-06,Distanz + Rauigkeit + Wind,0.2891332961413954
Bad Berleburg,BB-05--BB-07,Distanz + Rauigkeit + Wind,0.1592926542073685
Bad Berleburg,BB-06--BB-07,Distanz + Rauigkeit + Wind,0.8487062889508926
Borken-Coesfeld,BC-01--BC-02,Distanz + Rauigkeit + Wind,0.0583873476911259
Borken-Coesfeld,BC-01--BC-03,Distanz + Rauigkeit + Wind,0.0626091730577501
Borken-Coesfeld,BC-01--BC-04,Distanz + Rauigkeit + Wind,0.0649062802716376
Borken-Coesfeld,BC-01--BC-05,Distanz + Rauigkeit + Wind,0.0611240248447771
Borken-Coesfeld,BC-01--BC-06,Distanz + Rauigkeit + Wind,0.0699560522436656
Borken-Coesfeld,BC-02--BC-03,Distanz + Rauigkeit + Wind,0.0671960320401914
Borken-Coesfeld,BC-02--BC-04,Distanz + Rauigkeit + Wind,0.0689435937636889
Borken-Coesfeld,BC-02--BC-05,Distanz + Rauigkeit + Wind,0.0572385186459955
Borken-Coesfeld,BC-02--BC-06,Distanz + Rauigkeit + Wind,0.0696054544939062
Borken-Coesfeld,BC-03--BC-04,Distanz + Rauigkeit + Wind,0.0498384134657668
Borken-Coesfeld,BC-03--BC-05,Distanz + Rauigkeit + Wind,0.0601143810219003
Borken-Coesfeld,BC-03--BC-06,Distanz + Rauigkeit + Wind,0.0561931754089574
Borken-Coesfeld,BC-04--BC-05,Distanz + Rauigkeit + Wind,0.061347296493608
Borken-Coesfeld,BC-04--BC-06,Distanz + Rauigkeit + Wind,0.0571545459404545
Borken-Coesfeld,BC-05--BC-06,Distanz + Rauigkeit + Wind,0.0590097507338626
Lorup,LO-01--LO-02,Distanz + Rauigkeit + Wind,0.0580661229187809
Lorup,LO-01--LO-03,Distanz + Rauigkeit + Wind,0.0718180824851275
Lorup,LO-02--LO-03,Distanz + Rauigkeit + Wind,0.0627886234800582
Ostfriesland,OF-01--OF-02,Distanz + Rauigkeit + Wind,0.0504562274554803
Ostfriesland,OF-01--OF-03,Distanz + Rauigkeit + Wind,0.0586531313272182
Ostfriesland,OF-01--OF-04,Distanz + Rauigkeit + Wind,0.0728328924524569
Ostfriesland,OF-02--OF-03,Distanz + Rauigkeit + Wind,0.0584408694482527
Ostfriesland,OF-02--OF-04,Distanz + Rauigkeit + Wind,0.0707590084297733
Ostfriesland,OF-03--OF-04,Distanz + Rauigkeit + Wind,0.0758619755945802
Paderborn,PA-01--PA-10,Distanz + Rauigkeit + Wind,0.1403736427200032
Paderborn,PA-01--PA-11,Distanz + Rauigkeit + Wind,0.1348671609061482
Paderborn,PA-01--PA-12,Distanz + Rauigkeit + Wind,0.1305552567225139
Paderborn,PA-01--PA-02,Distanz + Rauigkeit + Wind,0.0937992485630368
Paderborn,PA-01--PA-03,Distanz + Rauigkeit + Wind,0.0967579163400298
Paderborn,PA-01--PA-04,Distanz + Rauigkeit + Wind,0.0721292166406827
Paderborn,PA-01--PA-05,Distanz + Rauigkeit + Wind,0.111471448326865
Paderborn,PA-01--PA-06,Distanz + Rauigkeit + Wind,0.1313873082039569
Paderborn,PA-01--PA-07,Distanz + Rauigkeit + Wind,0.1121407723587943
Paderborn,PA-01--PA-08,Distanz + Rauigkeit + Wind,0.1224400448051911
Paderborn,PA-01--PA-09,Distanz + Rauigkeit + Wind,0.1297238492552816
Paderborn,PA-10--PA-11,Distanz + Rauigkeit + Wind,0.0607407366270193
Paderborn,PA-10--PA-12,Distanz + Rauigkeit + Wind,0.0673264973925361
Paderborn,PA-02--PA-10,Distanz + Rauigkeit + Wind,0.1094182147613884
Paderborn,PA-03--PA-10,Distanz + Rauigkeit + Wind,0.0880212476117406
Paderborn,PA-04--PA-10,Distanz + Rauigkeit + Wind,0.0961259435521269
Paderborn,PA-05--PA-10,Distanz + Rauigkeit + Wind,0.0765080232175611
Paderborn,PA-06--PA-10,Distanz + Rauigkeit + Wind,0.0658796713995574
Paderborn,PA-07--PA-10,Distanz + Rauigkeit + Wind,0.0713675952878281
Paderborn,PA-08--PA-10,Distanz + Rauigkeit + Wind,0.0673349300259402
Paderborn,PA-09--PA-10,Distanz + Rauigkeit + Wind,0.060322895861025
Paderborn,PA-11--PA-12,Distanz + Rauigkeit + Wind,0.0576508044575135
Paderborn,PA-02--PA-11,Distanz + Rauigkeit + Wind,0.1133160223707017
Paderborn,PA-03--PA-11,Distanz + Rauigkeit + Wind,0.0859115587971024
Paderborn,PA-04--PA-11,Distanz + Rauigkeit + Wind,0.1028448992117051
Paderborn,PA-05--PA-11,Distanz + Rauigkeit + Wind,0.0718958139678749
Paderborn,PA-06--PA-11,Distanz + Rauigkeit + Wind,0.0645960726845843
Paderborn,PA-07--PA-11,Distanz + Rauigkeit + Wind,0.0675605714611688
Paderborn,PA-08--PA-11,Distanz + Rauigkeit + Wind,0.0601793627199676
Paderborn,PA-09--PA-11,Distanz + Rauigkeit + Wind,0.0634001149696221
Paderborn,PA-02--PA-12,Distanz + Rauigkeit + Wind,0.099176226153835
Paderborn,PA-03--PA-12,Distanz + Rauigkeit + Wind,0.091121908298176
Paderborn,PA-04--PA-12,Distanz + Rauigkeit + Wind,0.1015144198548355
Paderborn,PA-05--PA-12,Distanz + Rauigkeit + Wind,0.0852659969323659
Paderborn,PA-06--PA-12,Distanz + Rauigkeit + Wind,0.0748247027257702
Paderborn,PA-07--PA-12,Distanz + Rauigkeit + Wind,0.0806452055981399
Paderborn,PA-08--PA-12,Distanz + Rauigkeit + Wind,0.0714898640468192
Paderborn,PA-09--PA-12,Distanz + Rauigkeit + Wind,0.0733249271978112
Paderborn,PA-02--PA-03,Distanz + Rauigkeit + Wind,0.1074908549680654
Paderborn,PA-02--PA-04,Distanz + Rauigkeit + Wind,0.0806476095490075
Paderborn,PA-02--PA-05,Distanz + Rauigkeit + Wind,0.1248888379329771
Paderborn,PA-02--PA-06,Distanz + Rauigkeit + Wind,0.1247353530640776
Paderborn,PA-02--PA-07,Distanz + Rauigkeit + Wind,0.1147056394067308
Paderborn,PA-02--PA-08,Distanz + Rauigkeit + Wind,0.1151987179206405
Paderborn,PA-02--PA-09,Distanz + Rauigkeit + Wind,0.1114403337307914
Paderborn,PA-03--PA-04,Distanz + Rauigkeit + Wind,0.0724869981772875
Paderborn,PA-03--PA-05,Distanz + Rauigkeit + Wind,0.0627497106998017
Paderborn,PA-03--PA-06,Distanz + Rauigkeit + Wind,0.0731063384475653
Paderborn,PA-03--PA-07,Distanz + Rauigkeit + Wind,0.0658177094207952
Paderborn,PA-03--PA-08,Distanz + Rauigkeit + Wind,0.0691779093190923
Paderborn,PA-03--PA-09,Distanz + Rauigkeit + Wind,0.071326062014799
Paderborn,PA-04--PA-05,Distanz + Rauigkeit + Wind,0.0829316312789669
Paderborn,PA-04--PA-06,Distanz + Rauigkeit + Wind,0.0909055085379393
Paderborn,PA-04--PA-07,Distanz + Rauigkeit + Wind,0.0824305418304869
Paderborn,PA-04--PA-08,Distanz + Rauigkeit + Wind,0.0901518956401258
Paderborn,PA-04--PA-09,Distanz + Rauigkeit + Wind,0.0869829740558545
Paderborn,PA-05--PA-06,Distanz + Rauigkeit + Wind,0.0584277381972202
Paderborn,PA-05--PA-07,Distanz + Rauigkeit + Wind,0.0509718992196141
Paderborn,PA-05--PA-08,Distanz + Rauigkeit + Wind,0.0586398539766506
Paderborn,PA-05--PA-09,Distanz + Rauigkeit + Wind,0.0601705800131909
Paderborn,PA-06--PA-07,Distanz + Rauigkeit + Wind,0.0568006039805874
Paderborn,PA-06--PA-08,Distanz + Rauigkeit + Wind,0.0597552569457027
Paderborn,PA-06--PA-09,Distanz + Rauigkeit + Wind,0.0506336045333058
Paderborn,PA-07--PA-08,Distanz + Rauigkeit + Wind,0.0541574173577827
Paderborn,PA-07--PA-09,Distanz + Rauigkeit + Wind,0.0590109147295029
Paderborn,PA-08--PA-09,Distanz + Rauigkeit + Wind,0.0588284260324273
Rheda-Beckum,RB-01--RB-02,Distanz + Rauigkeit + Wind,0.0479521638087418
Rheda-Beckum,RB-01--RB-03,Distanz + Rauigkeit + Wind,0.0502311039993898
Rheda-Beckum,RB-01--RB-04,Distanz + Rauigkeit + Wind,0.0648295509578464
Rheda-Beckum,RB-01--RB-05,Distanz + Rauigkeit + Wind,0.0603413723957464
Rheda-Beckum,RB-02--RB-03,Distanz + Rauigkeit + Wind,0.0487883245061556
Rheda-Beckum,RB-02--RB-04,Distanz + Rauigkeit + Wind,0.0666152844406828
Rheda-Beckum,RB-02--RB-05,Distanz + Rauigkeit + Wind,0.0615689881023198
Rheda-Beckum,RB-03--RB-04,Distanz + Rauigkeit + Wind,0.0624579204956885
Rheda-Beckum,RB-03--RB-05,Distanz + Rauigkeit + Wind,0.058153922324505
Rheda-Beckum,RB-04--RB-05,Distanz + Rauigkeit + Wind,0.0498908930762445
Alpen-Sevelen,AS-01--AS-02,Distanz + Wald + Wind,0.0597268823822617
Alpen-Sevelen,AS-01--AS-03,Distanz + Wald + Wind,0.0560986471123281
Alpen-Sevelen,AS-01--AS-04,Distanz + Wald + Wind,0.0601324232990762
Alpen-Sevelen,AS-01--AS-05,Distanz + Wald + Wind,0.0637808673015017
Alpen-Sevelen,AS-01--AS-06,Distanz + Wald + Wind,0.0628048280316533
Alpen-Sevelen,AS-02--AS-03,Distanz + Wald + Wind,0.0591510258178204
Alpen-Sevelen,AS-02--AS-04,Distanz + Wald + Wind,0.0519368928718869
Alpen-Sevelen,AS-02--AS-05,Distanz + Wald + Wind,0.0538825233101301
Alpen-Sevelen,AS-02--AS-06,Distanz + Wald + Wind,0.0522192087701179
Alpen-Sevelen,AS-03--AS-04,Distanz + Wald + Wind,0.049108471230861
Alpen-Sevelen,AS-03--AS-05,Distanz + Wald + Wind,0.0534354274406216
Alpen-Sevelen,AS-03--AS-06,Distanz + Wald + Wind,0.0520291360288443
Alpen-Sevelen,AS-04--AS-05,Distanz + Wald + Wind,0.0465775376993733
Alpen-Sevelen,AS-04--AS-06,Distanz + Wald + Wind,0.0437937408667953
Alpen-Sevelen,AS-05--AS-06,Distanz + Wald + Wind,0.0439974494397224
Altenmellrich,AM-01--AM-02,Distanz + Wald + Wind,0.0586087924581768
Altenmellrich,AM-01--AM-03,Distanz + Wald + Wind,0.0604966805527312
Altenmellrich,AM-01--AM-04,Distanz + Wald + Wind,0.0870079763787164
Altenmellrich,AM-02--AM-03,Distanz + Wald + Wind,0.057592441109639
Altenmellrich,AM-02--AM-04,Distanz + Wald + Wind,0.0639817045805541
Altenmellrich,AM-03--AM-04,Distanz + Wald + Wind,0.0659565296972888
Bad Berleburg,BB-01--BB-02,Distanz + Wald + Wind,0.0746906349246863
Bad Berleburg,BB-01--BB-03,Distanz + Wald + Wind,0.0668021274655244
Bad Berleburg,BB-01--BB-04,Distanz + Wald + Wind,0.0850424448920752
Bad Berleburg,BB-01--BB-05,Distanz + Wald + Wind,0.0682745242778813
Bad Berleburg,BB-01--BB-06,Distanz + Wald + Wind,0.1103669447093306
Bad Berleburg,BB-01--BB-07,Distanz + Wald + Wind,0.0987596139259904
Bad Berleburg,BB-02--BB-03,Distanz + Wald + Wind,0.0966328345744679
Bad Berleburg,BB-02--BB-04,Distanz + Wald + Wind,0.0730189776600097
Bad Berleburg,BB-02--BB-05,Distanz + Wald + Wind,0.0956408984052407
Bad Berleburg,BB-02--BB-06,Distanz + Wald + Wind,0.1520046472652999
Bad Berleburg,BB-02--BB-07,Distanz + Wald + Wind,0.069853837718051
Bad Berleburg,BB-03--BB-04,Distanz + Wald + Wind,0.0926491596620387
Bad Berleburg,BB-03--BB-05,Distanz + Wald + Wind,0.0845573802893452
Bad Berleburg,BB-03--BB-06,Distanz + Wald + Wind,0.1021247237362537
Bad Berleburg,BB-03--BB-07,Distanz + Wald + Wind,0.1231566375638739
Bad Berleburg,BB-04--BB-05,Distanz + Wald + Wind,0.0772231089986385
Bad Berleburg,BB-04--BB-06,Distanz + Wald + Wind,0.1154251459727239
Bad Berleburg,BB-04--BB-07,Distanz + Wald + Wind,0.0847858199749846
Bad Berleburg,BB-05--BB-06,Distanz + Wald + Wind,0.1111649970062814
Bad Berleburg,BB-05--BB-07,Distanz + Wald + Wind,0.0972602384520086
Bad Berleburg,BB-06--BB-07,Distanz + Wald + Wind,0.1677568369088876
Borken-Coesfeld,BC-01--BC-02,Distanz + Wald + Wind,0.0568844489883961
Borken-Coesfeld,BC-01--BC-03,Distanz + Wald + Wind,0.0564510549642158
Borken-Coesfeld,BC-01--BC-04,Distanz + Wald + Wind,0.0582693673390616
Borken-Coesfeld,BC-01--BC-05,Distanz + Wald + Wind,0.0550267271091654
Borken-Coesfeld,BC-01--BC-06,Distanz + Wald + Wind,0.0624959951833277
Borken-Coesfeld,BC-02--BC-03,Distanz + Wald + Wind,0.061755569176036
Borken-Coesfeld,BC-02--BC-04,Distanz + Wald + Wind,0.0592483486680294
Borken-Coesfeld,BC-02--BC-05,Distanz + Wald + Wind,0.0524063769249249
Borken-Coesfeld,BC-02--BC-06,Distanz + Wald + Wind,0.0680430818230327
Borken-Coesfeld,BC-03--BC-04,Distanz + Wald + Wind,0.0483403209031671
Borken-Coesfeld,BC-03--BC-05,Distanz + Wald + Wind,0.0573548922096636
Borken-Coesfeld,BC-03--BC-06,Distanz + Wald + Wind,0.0530932668129386
Borken-Coesfeld,BC-04--BC-05,Distanz + Wald + Wind,0.0570589033811375
Borken-Coesfeld,BC-04--BC-06,Distanz + Wald + Wind,0.0557292224253343
Borken-Coesfeld,BC-05--BC-06,Distanz + Wald + Wind,0.0585643542613033
Lorup,LO-01--LO-02,Distanz + Wald + Wind,0.0622204139270713
Lorup,LO-01--LO-03,Distanz + Wald + Wind,0.0752928956410047
Lorup,LO-02--LO-03,Distanz + Wald + Wind,0.065038822564992
Ostfriesland,OF-01--OF-02,Distanz + Wald + Wind,0.0449725141895521
Ostfriesland,OF-01--OF-03,Distanz + Wald + Wind,0.0519238029970551
Ostfriesland,OF-01--OF-04,Distanz + Wald + Wind,0.0650036770108027
Ostfriesland,OF-02--OF-03,Distanz + Wald + Wind,0.051071147419707
Ostfriesland,OF-02--OF-04,Distanz + Wald + Wind,0.0626398827352551
Ostfriesland,OF-03--OF-04,Distanz + Wald + Wind,0.0641986901450938
Paderborn,PA-01--PA-10,Distanz + Wald + Wind,0.1493007334984587
Paderborn,PA-01--PA-11,Distanz + Wald + Wind,0.1522157659754653
Paderborn,PA-01--PA-12,Distanz + Wald + Wind,0.1706053251264592
Paderborn,PA-01--PA-02,Distanz + Wald + Wind,0.115841169497996
Paderborn,PA-01--PA-03,Distanz + Wald + Wind,0.0962310347551778
Paderborn,PA-01--PA-04,Distanz + Wald + Wind,0.0852279209629902
Paderborn,PA-01--PA-05,Distanz + Wald + Wind,0.1302135185205251
Paderborn,PA-01--PA-06,Distanz + Wald + Wind,0.1359761661794639
Paderborn,PA-01--PA-07,Distanz + Wald + Wind,0.1358749298333535
Paderborn,PA-01--PA-08,Distanz + Wald + Wind,0.1271315406492503
Paderborn,PA-01--PA-09,Distanz + Wald + Wind,0.1555487261909738
Paderborn,PA-10--PA-11,Distanz + Wald + Wind,0.0676978466974776
Paderborn,PA-10--PA-12,Distanz + Wald + Wind,0.0898549483096863
Paderborn,PA-02--PA-10,Distanz + Wald + Wind,0.1444379390712108
Paderborn,PA-03--PA-10,Distanz + Wald + Wind,0.0911959464920275
Paderborn,PA-04--PA-10,Distanz + Wald + Wind,0.0926730014440811
Paderborn,PA-05--PA-10,Distanz + Wald + Wind,0.0807559659452783
Paderborn,PA-06--PA-10,Distanz + Wald + Wind,0.0589481976055821
Paderborn,PA-07--PA-10,Distanz + Wald + Wind,0.0796408682322508
Paderborn,PA-08--PA-10,Distanz + Wald + Wind,0.0639053931873699
Paderborn,PA-09--PA-10,Distanz + Wald + Wind,0.0654676688718426
Paderborn,PA-11--PA-12,Distanz + Wald + Wind,0.0569054130532253
Paderborn,PA-02--PA-11,Distanz + Wald + Wind,0.125548252752637
Paderborn,PA-03--PA-11,Distanz + Wald + Wind,0.0995359282906495
Paderborn,PA-04--PA-11,Distanz + Wald + Wind,0.1086593640584739
Paderborn,PA-05--PA-11,Distanz + Wald + Wind,0.0660422390026791
Paderborn,PA-06--PA-11,Distanz + Wald + Wind,0.0654454645756565
Paderborn,PA-07--PA-11,Distanz + Wald + Wind,0.0664158963741015
Paderborn,PA-08--PA-11,Distanz + Wald + Wind,0.0647939645166141
Paderborn,PA-09--PA-11,Distanz + Wald + Wind,0.0729087262581102
Paderborn,PA-02--PA-12,Distanz + Wald + Wind,0.1077697302691821
Paderborn,PA-03--PA-12,Distanz + Wald + Wind,0.124793990985907
Paderborn,PA-04--PA-12,Distanz + Wald + Wind,0.1298313996034578
Paderborn,PA-05--PA-12,Distanz + Wald + Wind,0.0937841740626873
Paderborn,PA-06--PA-12,Distanz + Wald + Wind,0.0915474308453614
Paderborn,PA-07--PA-12,Distanz + Wald + Wind,0.0890698835827313
Paderborn,PA-08--PA-12,Distanz + Wald + Wind,0.0927971782341045
Paderborn,PA-09--PA-12,Distanz + Wald + Wind,0.0978172644151512
Paderborn,PA-02--PA-03,Distanz + Wald + Wind,0.1387293374558309
Paderborn,PA-02--PA-04,Distanz + Wald + Wind,0.1077786188386094
Paderborn,PA-02--PA-05,Distanz + Wald + Wind,0.1486854930532025
Paderborn,PA-02--PA-06,Distanz + Wald + Wind,0.1522207907170282
Paderborn,PA-02--PA-07,Distanz + Wald + Wind,0.1359558575399044
Paderborn,PA-02--PA-08,Distanz + Wald + Wind,0.1555717707600277
Paderborn,PA-02--PA-09,Distanz + Wald + Wind,0.1536044178851092
Paderborn,PA-03--PA-04,Distanz + Wald + Wind,0.08052827158724
Paderborn,PA-03--PA-05,Distanz + Wald + Wind,0.0730625734540467
Paderborn,PA-03--PA-06,Distanz + Wald + Wind,0.0746192225136878
Paderborn,PA-03--PA-07,Distanz + Wald + Wind,0.0758510850604056
Paderborn,PA-03--PA-08,Distanz + Wald + Wind,0.0672973691419124
Paderborn,PA-03--PA-09,Distanz + Wald + Wind,0.0772854250663068
Paderborn,PA-04--PA-05,Distanz + Wald + Wind,0.0806646491624121
Paderborn,PA-04--PA-06,Distanz + Wald + Wind,0.082666328665533
Paderborn,PA-04--PA-07,Distanz + Wald + Wind,0.0877587977056392
Paderborn,PA-04--PA-08,Distanz + Wald + Wind,0.0868916949658634
Paderborn,PA-04--PA-09,Distanz + Wald + Wind,0.0905790299004513
Paderborn,PA-05--PA-06,Distanz + Wald + Wind,0.0562434744964843
Paderborn,PA-05--PA-07,Distanz + Wald + Wind,0.0496856915452061
Paderborn,PA-05--PA-08,Distanz + Wald + Wind,0.0590994342211775
Paderborn,PA-05--PA-09,Distanz + Wald + Wind,0.0664687247495744
Paderborn,PA-06--PA-07,Distanz + Wald + Wind,0.0587780937010849
Paderborn,PA-06--PA-08,Distanz + Wald + Wind,0.0542001760769879
Paderborn,PA-06--PA-09,Distanz + Wald + Wind,0.0532588182203971
Paderborn,PA-07--PA-08,Distanz + Wald + Wind,0.0585574951544285
Paderborn,PA-07--PA-09,Distanz + Wald + Wind,0.059762476784474
Paderborn,PA-08--PA-09,Distanz + Wald + Wind,0.062892906233319
Rheda-Beckum,RB-01--RB-02,Distanz + Wald + Wind,0.0444326991540344
Rheda-Beckum,RB-01--RB-03,Distanz + Wald + Wind,0.048218519752758
Rheda-Beckum,RB-01--RB-04,Distanz + Wald + Wind,0.0631711692530236
Rheda-Beckum,RB-01--RB-05,Distanz + Wald + Wind,0.0594028332912992
Rheda-Beckum,RB-02--RB-03,Distanz + Wald + Wind,0.0448250878503333
Rheda-Beckum,RB-02--RB-04,Distanz + Wald + Wind,0.0637364583133291
Rheda-Beckum,RB-02--RB-05,Distanz + Wald + Wind,0.0598795727554786
Rheda-Beckum,RB-03--RB-04,Distanz + Wald + Wind,0.0633332572607834
Rheda-Beckum,RB-03--RB-05,Distanz + Wald + Wind,0.0590217900091542
Rheda-Beckum,RB-04--RB-05,Distanz + Wald + Wind,0.0460831586831884
Alpen-Sevelen,AS-01--AS-02,RIX + Gelaendehoehe + Rauigkeit,0.0539108476561705
Alpen-Sevelen,AS-01--AS-03,RIX + Gelaendehoehe + Rauigkeit,0.0532444531151947
Alpen-Sevelen,AS-01--AS-04,RIX + Gelaendehoehe + Rauigkeit,0.0538560373038969
Alpen-Sevelen,AS-01--AS-05,RIX + Gelaendehoehe + Rauigkeit,0.0567458331316339
Alpen-Sevelen,AS-01--AS-06,RIX + Gelaendehoehe + Rauigkeit,0.0556508208360974
Alpen-Sevelen,AS-02--AS-03,RIX + Gelaendehoehe + Rauigkeit,0.0544562998710092
Alpen-Sevelen,AS-02--AS-04,RIX + Gelaendehoehe + Rauigkeit,0.0545652598703987
Alpen-Sevelen,AS-02--AS-05,RIX + Gelaendehoehe + Rauigkeit,0.0583741546865978
Alpen-Sevelen,AS-02--AS-06,RIX + Gelaendehoehe + Rauigkeit,0.0570274652516723
Alpen-Sevelen,AS-03--AS-04,RIX + Gelaendehoehe + Rauigkeit,0.0516330804987989
Alpen-Sevelen,AS-03--AS-05,RIX + Gelaendehoehe + Rauigkeit,0.0549107679613104
Alpen-Sevelen,AS-03--AS-06,RIX + Gelaendehoehe + Rauigkeit,0.0535507473778593
Alpen-Sevelen,AS-04--AS-05,RIX + Gelaendehoehe + Rauigkeit,0.0544893475520678
Alpen-Sevelen,AS-04--AS-06,RIX + Gelaendehoehe + Rauigkeit,0.0532715865989736
Alpen-Sevelen,AS-05--AS-06,RIX + Gelaendehoehe + Rauigkeit,0.0531731735731581
Altenmellrich,AM-01--AM-02,RIX + Gelaendehoehe + Rauigkeit,0.0643343973251818
Altenmellrich,AM-01--AM-03,RIX + Gelaendehoehe + Rauigkeit,0.0649215533495905
Altenmellrich,AM-01--AM-04,RIX + Gelaendehoehe + Rauigkeit,0.0736912819559746
Altenmellrich,AM-02--AM-03,RIX + Gelaendehoehe + Rauigkeit,0.0645975020806665
Altenmellrich,AM-02--AM-04,RIX + Gelaendehoehe + Rauigkeit,0.0676740066994768
Altenmellrich,AM-03--AM-04,RIX + Gelaendehoehe + Rauigkeit,0.070722659111729
Bad Berleburg,BB-01--BB-02,RIX + Gelaendehoehe + Rauigkeit,0.3441479978020959
Bad Berleburg,BB-01--BB-03,RIX + Gelaendehoehe + Rauigkeit,0.3590311258051212
Bad Berleburg,BB-01--BB-04,RIX + Gelaendehoehe + Rauigkeit,0.2837397885865022
Bad Berleburg,BB-01--BB-05,RIX + Gelaendehoehe + Rauigkeit,0.2269936440670118
Bad Berleburg,BB-01--BB-06,RIX + Gelaendehoehe + Rauigkeit,0.2761229556221176
Bad Berleburg,BB-01--BB-07,RIX + Gelaendehoehe + Rauigkeit,0.3810658668676004
Bad Berleburg,BB-02--BB-03,RIX + Gelaendehoehe + Rauigkeit,0.4070954968362262
Bad Berleburg,BB-02--BB-04,RIX + Gelaendehoehe + Rauigkeit,0.3987749051234023
Bad Berleburg,BB-02--BB-05,RIX + Gelaendehoehe + Rauigkeit,0.2800193519103128
Bad Berleburg,BB-02--BB-06,RIX + Gelaendehoehe + Rauigkeit,0.3353820134797987
Bad Berleburg,BB-02--BB-07,RIX + Gelaendehoehe + Rauigkeit,0.2695300170805389
Bad Berleburg,BB-03--BB-04,RIX + Gelaendehoehe + Rauigkeit,0.3010429793377536
Bad Berleburg,BB-03--BB-05,RIX + Gelaendehoehe + Rauigkeit,0.3566364081365251
Bad Berleburg,BB-03--BB-06,RIX + Gelaendehoehe + Rauigkeit,0.2874848060180077
Bad Berleburg,BB-03--BB-07,RIX + Gelaendehoehe + Rauigkeit,0.6484571436213212
Bad Berleburg,BB-04--BB-05,RIX + Gelaendehoehe + Rauigkeit,0.4092344283772345
Bad Berleburg,BB-04--BB-06,RIX + Gelaendehoehe + Rauigkeit,0.2927559267408011
Bad Berleburg,BB-04--BB-07,RIX + Gelaendehoehe + Rauigkeit,0.5761152874446025
Bad Berleburg,BB-05--BB-06,RIX + Gelaendehoehe + Rauigkeit,0.4508380027464882
Bad Berleburg,BB-05--BB-07,RIX + Gelaendehoehe + Rauigkeit,0.4575477705949788
Bad Berleburg,BB-06--BB-07,RIX + Gelaendehoehe + Rauigkeit,0.656236927571171
Borken-Coesfeld,BC-01--BC-02,RIX + Gelaendehoehe + Rauigkeit,0.06400977087084
Borken-Coesfeld,BC-01--BC-03,RIX + Gelaendehoehe + Rauigkeit,0.0596123747474913
Borken-Coesfeld,BC-01--BC-04,RIX + Gelaendehoehe + Rauigkeit,0.0578637135177996
Borken-Coesfeld,BC-01--BC-05,RIX + Gelaendehoehe + Rauigkeit,0.0613554121891159
Borken-Coesfeld,BC-01--BC-06,RIX + Gelaendehoehe + Rauigkeit,0.0613086705922956
Borken-Coesfeld,BC-02--BC-03,RIX + Gelaendehoehe + Rauigkeit,0.0704112358194476
Borken-Coesfeld,BC-02--BC-04,RIX + Gelaendehoehe + Rauigkeit,0.0671009424209728
Borken-Coesfeld,BC-02--BC-05,RIX + Gelaendehoehe + Rauigkeit,0.0610068259222495
Borken-Coesfeld,BC-02--BC-06,RIX + Gelaendehoehe + Rauigkeit,0.0715039404861889
Borken-Coesfeld,BC-03--BC-04,RIX + Gelaendehoehe + Rauigkeit,0.0574513212561895
Borken-Coesfeld,BC-03--BC-05,RIX + Gelaendehoehe + Rauigkeit,0.0639653177321964
Borken-Coesfeld,BC-03--BC-06,RIX + Gelaendehoehe + Rauigkeit,0.0547043874570518
Borken-Coesfeld,BC-04--BC-05,RIX + Gelaendehoehe + Rauigkeit,0.0602265679301589
Borken-Coesfeld,BC-04--BC-06,RIX + Gelaendehoehe + Rauigkeit,0.0596691421737172
Borken-Coesfeld,BC-05--BC-06,RIX + Gelaendehoehe + Rauigkeit,0.0651676324110665
Lorup,LO-01--LO-02,RIX + Gelaendehoehe + Rauigkeit,0.060618622917435
Lorup,LO-01--LO-03,RIX + Gelaendehoehe + Rauigkeit,0.0700967125096382
Lorup,LO-02--LO-03,RIX + Gelaendehoehe + Rauigkeit,0.0626395521551348
Ostfriesland,OF-01--OF-02,RIX + Gelaendehoehe + Rauigkeit,0.0540038782806008
Ostfriesland,OF-01--OF-03,RIX + Gelaendehoehe + Rauigkeit,0.0551746509468504
Ostfriesland,OF-01--OF-04,RIX + Gelaendehoehe + Rauigkeit,0.0556174582516835
Ostfriesland,OF-02--OF-03,RIX + Gelaendehoehe + Rauigkeit,0.0544728829046578
Ostfriesland,OF-02--OF-04,RIX + Gelaendehoehe + Rauigkeit,0.0564888045946773
Ostfriesland,OF-03--OF-04,RIX + Gelaendehoehe + Rauigkeit,0.0582284062112308
Paderborn,PA-01--PA-10,RIX + Gelaendehoehe + Rauigkeit,0.0784328353577129
Paderborn,PA-01--PA-11,RIX + Gelaendehoehe + Rauigkeit,0.0877534239269871
Paderborn,PA-01--PA-12,RIX + Gelaendehoehe + Rauigkeit,0.08883408717542
Paderborn,PA-01--PA-02,RIX + Gelaendehoehe + Rauigkeit,0.0913394039892512
Paderborn,PA-01--PA-03,RIX + Gelaendehoehe + Rauigkeit,0.0837873192605442
Paderborn,PA-01--PA-04,RIX + Gelaendehoehe + Rauigkeit,0.0721681350667344
Paderborn,PA-01--PA-05,RIX + Gelaendehoehe + Rauigkeit,0.0814339402547176
Paderborn,PA-01--PA-06,RIX + Gelaendehoehe + Rauigkeit,0.0734447119340706
Paderborn,PA-01--PA-07,RIX + Gelaendehoehe + Rauigkeit,0.0803443378859406
Paderborn,PA-01--PA-08,RIX + Gelaendehoehe + Rauigkeit,0.0829975937711164
Paderborn,PA-01--PA-09,RIX + Gelaendehoehe + Rauigkeit,0.0845637308013536
Paderborn,PA-10--PA-11,RIX + Gelaendehoehe + Rauigkeit,0.0793678865032299
Paderborn,PA-10--PA-12,RIX + Gelaendehoehe + Rauigkeit,0.0807344497505875
Paderborn,PA-02--PA-10,RIX + Gelaendehoehe + Rauigkeit,0.0832890914315496
Paderborn,PA-03--PA-10,RIX + Gelaendehoehe + Rauigkeit,0.0749312135303742
Paderborn,PA-04--PA-10,RIX + Gelaendehoehe + Rauigkeit,0.075689346067826
Paderborn,PA-05--PA-10,RIX + Gelaendehoehe + Rauigkeit,0.0745786589106417
Paderborn,PA-06--PA-10,RIX + Gelaendehoehe + Rauigkeit,0.0747912298749248
Paderborn,PA-07--PA-10,RIX + Gelaendehoehe + Rauigkeit,0.0730394441992201
Paderborn,PA-08--PA-10,RIX + Gelaendehoehe + Rauigkeit,0.0748767629721186
Paderborn,PA-09--PA-10,RIX + Gelaendehoehe + Rauigkeit,0.0764027637391819
Paderborn,PA-11--PA-12,RIX + Gelaendehoehe + Rauigkeit,0.0678177013012523
Paderborn,PA-02--PA-11,RIX + Gelaendehoehe + Rauigkeit,0.0724441344853532
Paderborn,PA-03--PA-11,RIX + Gelaendehoehe + Rauigkeit,0.075448590117619
Paderborn,PA-04--PA-11,RIX + Gelaendehoehe + Rauigkeit,0.0847482860156799
Paderborn,PA-05--PA-11,RIX + Gelaendehoehe + Rauigkeit,0.0744569673606469
Paderborn,PA-06--PA-11,RIX + Gelaendehoehe + Rauigkeit,0.0818130539168316
Paderborn,PA-07--PA-11,RIX + Gelaendehoehe + Rauigkeit,0.0756452257955213
Paderborn,PA-08--PA-11,RIX + Gelaendehoehe + Rauigkeit,0.0731474011248295
Paderborn,PA-09--PA-11,RIX + Gelaendehoehe + Rauigkeit,0.0709583622234072
Paderborn,PA-02--PA-12,RIX + Gelaendehoehe + Rauigkeit,0.0723580586663388
Paderborn,PA-03--PA-12,RIX + Gelaendehoehe + Rauigkeit,0.0767879098677786
Paderborn,PA-04--PA-12,RIX + Gelaendehoehe + Rauigkeit,0.0862866283371814
Paderborn,PA-05--PA-12,RIX + Gelaendehoehe + Rauigkeit,0.0759569547106139
Paderborn,PA-06--PA-12,RIX + Gelaendehoehe + Rauigkeit,0.083047444743878
Paderborn,PA-07--PA-12,RIX + Gelaendehoehe + Rauigkeit,0.0765040822352854
Paderborn,PA-08--PA-12,RIX + Gelaendehoehe + Rauigkeit,0.073895313703388
Paderborn,PA-09--PA-12,RIX + Gelaendehoehe + Rauigkeit,0.0719735950920597
Paderborn,PA-02--PA-03,RIX + Gelaendehoehe + Rauigkeit,0.0784386251028637
Paderborn,PA-02--PA-04,RIX + Gelaendehoehe + Rauigkeit,0.0892053473818477
Paderborn,PA-02--PA-05,RIX + Gelaendehoehe + Rauigkeit,0.0791984216903798
Paderborn,PA-02--PA-06,RIX + Gelaendehoehe + Rauigkeit,0.0861117538576767
Paderborn,PA-02--PA-07,RIX + Gelaendehoehe + Rauigkeit,0.0791123148280495
Paderborn,PA-02--PA-08,RIX + Gelaendehoehe + Rauigkeit,0.0768838358898693
Paderborn,PA-02--PA-09,RIX + Gelaendehoehe + Rauigkeit,0.0739848677567739
Paderborn,PA-03--PA-04,RIX + Gelaendehoehe + Rauigkeit,0.0807054171531419
Paderborn,PA-03--PA-05,RIX + Gelaendehoehe + Rauigkeit,0.0729045429228874
Paderborn,PA-03--PA-06,RIX + Gelaendehoehe + Rauigkeit,0.0798219780840786
Paderborn,PA-03--PA-07,RIX + Gelaendehoehe + Rauigkeit,0.0740663554340629
Paderborn,PA-03--PA-08,RIX + Gelaendehoehe + Rauigkeit,0.0711504567653006
Paderborn,PA-03--PA-09,RIX + Gelaendehoehe + Rauigkeit,0.0721080578898197
Paderborn,PA-04--PA-05,RIX + Gelaendehoehe + Rauigkeit,0.0787052755501376
Paderborn,PA-04--PA-06,RIX + Gelaendehoehe + Rauigkeit,0.072109765201138
Paderborn,PA-04--PA-07,RIX + Gelaendehoehe + Rauigkeit,0.0774174905256018
Paderborn,PA-04--PA-08,RIX + Gelaendehoehe + Rauigkeit,0.0795237254102774
Paderborn,PA-04--PA-09,RIX + Gelaendehoehe + Rauigkeit,0.0812008305778901
Paderborn,PA-05--PA-06,RIX + Gelaendehoehe + Rauigkeit,0.0759378868830068
Paderborn,PA-05--PA-07,RIX + Gelaendehoehe + Rauigkeit,0.0708209960394558
Paderborn,PA-05--PA-08,RIX + Gelaendehoehe + Rauigkeit,0.0709944121401438
Paderborn,PA-05--PA-09,RIX + Gelaendehoehe + Rauigkeit,0.0720094906568679
Paderborn,PA-06--PA-07,RIX + Gelaendehoehe + Rauigkeit,0.0747571013082286
Paderborn,PA-06--PA-08,RIX + Gelaendehoehe + Rauigkeit,0.077774062013409
Paderborn,PA-06--PA-09,RIX + Gelaendehoehe + Rauigkeit,0.0788152559123549
Paderborn,PA-07--PA-08,RIX + Gelaendehoehe + Rauigkeit,0.0711348899764823
Paderborn,PA-07--PA-09,RIX + Gelaendehoehe + Rauigkeit,0.0717745832169743
Paderborn,PA-08--PA-09,RIX + Gelaendehoehe + Rauigkeit,0.0702631567842074
Rheda-Beckum,RB-01--RB-02,RIX + Gelaendehoehe + Rauigkeit,0.0461010014411669
Rheda-Beckum,RB-01--RB-03,RIX + Gelaendehoehe + Rauigkeit,0.0511352898172303
Rheda-Beckum,RB-01--RB-04,RIX + Gelaendehoehe + Rauigkeit,0.0537013454044024
Rheda-Beckum,RB-01--RB-05,RIX + Gelaendehoehe + Rauigkeit,0.051111195524348
Rheda-Beckum,RB-02--RB-03,RIX + Gelaendehoehe + Rauigkeit,0.0495392423752042
Rheda-Beckum,RB-02--RB-04,RIX + Gelaendehoehe + Rauigkeit,0.0528197351176568
Rheda-Beckum,RB-02--RB-05,RIX + Gelaendehoehe + Rauigkeit,0.0499611164665771
Rheda-Beckum,RB-03--RB-04,RIX + Gelaendehoehe + Rauigkeit,0.0490098783841438
Rheda-Beckum,RB-03--RB-05,RIX + Gelaendehoehe + Rauigkeit,0.0466204311133923
Rheda-Beckum,RB-04--RB-05,RIX + Gelaendehoehe + Rauigkeit,0.0469175631876145
Alpen-Sevelen,AS-01--AS-02,RIX + Gelaendehoehe + Wald,0.0595787229226363
Alpen-Sevelen,AS-01--AS-03,RIX + Gelaendehoehe + Wald,0.0531905886699413
Alpen-Sevelen,AS-01--AS-04,RIX + Gelaendehoehe + Wald,0.0588428352104611
Alpen-Sevelen,AS-01--AS-05,RIX + Gelaendehoehe + Wald,0.0631054718258477
Alpen-Sevelen,AS-01--AS-06,RIX + Gelaendehoehe + Wald,0.0621224924919511
Alpen-Sevelen,AS-02--AS-03,RIX + Gelaendehoehe + Wald,0.053109404724825
Alpen-Sevelen,AS-02--AS-04,RIX + Gelaendehoehe + Wald,0.048777489217175
Alpen-Sevelen,AS-02--AS-05,RIX + Gelaendehoehe + Wald,0.0528640907538089
Alpen-Sevelen,AS-02--AS-06,RIX + Gelaendehoehe + Wald,0.0503179413620677
Alpen-Sevelen,AS-03--AS-04,RIX + Gelaendehoehe + Wald,0.0507538223252815
Alpen-Sevelen,AS-03--AS-05,RIX + Gelaendehoehe + Wald,0.0552626090389233
Alpen-Sevelen,AS-03--AS-06,RIX + Gelaendehoehe + Wald,0.0539273608839841
Alpen-Sevelen,AS-04--AS-05,RIX + Gelaendehoehe + Wald,0.0497464743826588
Alpen-Sevelen,AS-04--AS-06,RIX + Gelaendehoehe + Wald,0.0477841865538007
Alpen-Sevelen,AS-05--AS-06,RIX + Gelaendehoehe + Wald,0.0479980300890757
Altenmellrich,AM-01--AM-02,RIX + Gelaendehoehe + Wald,0.0649370408488877
Altenmellrich,AM-01--AM-03,RIX + Gelaendehoehe + Wald,0.061707702640074
Altenmellrich,AM-01--AM-04,RIX + Gelaendehoehe + Wald,0.0760499370006469
Altenmellrich,AM-02--AM-03,RIX + Gelaendehoehe + Wald,0.0704651410338394
Altenmellrich,AM-02--AM-04,RIX + Gelaendehoehe + Wald,0.0625432179373634
Altenmellrich,AM-03--AM-04,RIX + Gelaendehoehe + Wald,0.0814980373460662
Bad Berleburg,BB-01--BB-02,RIX + Gelaendehoehe + Wald,0.1172561919754649
Bad Berleburg,BB-01--BB-03,RIX + Gelaendehoehe + Wald,0.1309080396031455
Bad Berleburg,BB-01--BB-04,RIX + Gelaendehoehe + Wald,0.1231659061221232
Bad Berleburg,BB-01--BB-05,RIX + Gelaendehoehe + Wald,0.1124970006472552
Bad Berleburg,BB-01--BB-06,RIX + Gelaendehoehe + Wald,0.1238951222516118
Bad Berleburg,BB-01--BB-07,RIX + Gelaendehoehe + Wald,0.1525519598778757
Bad Berleburg,BB-02--BB-03,RIX + Gelaendehoehe + Wald,0.1542784273157776
Bad Berleburg,BB-02--BB-04,RIX + Gelaendehoehe + Wald,0.1445514025169827
Bad Berleburg,BB-02--BB-05,RIX + Gelaendehoehe + Wald,0.1272045810060112
Bad Berleburg,BB-02--BB-06,RIX + Gelaendehoehe + Wald,0.1451115921161125
Bad Berleburg,BB-02--BB-07,RIX + Gelaendehoehe + Wald,0.1265790431698438
Bad Berleburg,BB-03--BB-04,RIX + Gelaendehoehe + Wald,0.110380269825629
Bad Berleburg,BB-03--BB-05,RIX + Gelaendehoehe + Wald,0.1352828137773226
Bad Berleburg,BB-03--BB-06,RIX + Gelaendehoehe + Wald,0.1085414145954635
Bad Berleburg,BB-03--BB-07,RIX + Gelaendehoehe + Wald,0.1847809592210468
Bad Berleburg,BB-04--BB-05,RIX + Gelaendehoehe + Wald,0.1227273933962997
Bad Berleburg,BB-04--BB-06,RIX + Gelaendehoehe + Wald,0.1093630935549219
Bad Berleburg,BB-04--BB-07,RIX + Gelaendehoehe + Wald,0.1777093405513942
Bad Berleburg,BB-05--BB-06,RIX + Gelaendehoehe + Wald,0.1302257503512117
Bad Berleburg,BB-05--BB-07,RIX + Gelaendehoehe + Wald,0.1599813554678614
Bad Berleburg,BB-06--BB-07,RIX + Gelaendehoehe + Wald,0.1727243070893908
Borken-Coesfeld,BC-01--BC-02,RIX + Gelaendehoehe + Wald,0.0627244762974279
Borken-Coesfeld,BC-01--BC-03,RIX + Gelaendehoehe + Wald,0.0553228370444282
Borken-Coesfeld,BC-01--BC-04,RIX + Gelaendehoehe + Wald,0.0541816606025621
Borken-Coesfeld,BC-01--BC-05,RIX + Gelaendehoehe + Wald,0.0567915193184652
Borken-Coesfeld,BC-01--BC-06,RIX + Gelaendehoehe + Wald,0.0570302975709761
Borken-Coesfeld,BC-02--BC-03,RIX + Gelaendehoehe + Wald,0.0652375023285681
Borken-Coesfeld,BC-02--BC-04,RIX + Gelaendehoehe + Wald,0.0595995002063953
Borken-Coesfeld,BC-02--BC-05,RIX + Gelaendehoehe + Wald,0.0569982641666869
Borken-Coesfeld,BC-02--BC-06,RIX + Gelaendehoehe + Wald,0.0701934715758474
Borken-Coesfeld,BC-03--BC-04,RIX + Gelaendehoehe + Wald,0.0562022656272514
Borken-Coesfeld,BC-03--BC-05,RIX + Gelaendehoehe + Wald,0.0616386932210697
Borken-Coesfeld,BC-03--BC-06,RIX + Gelaendehoehe + Wald,0.0529100421602365
Borken-Coesfeld,BC-04--BC-05,RIX + Gelaendehoehe + Wald,0.0574554590960142
Borken-Coesfeld,BC-04--BC-06,RIX + Gelaendehoehe + Wald,0.0588659249425984
Borken-Coesfeld,BC-05--BC-06,RIX + Gelaendehoehe + Wald,0.0648074437642923
Lorup,LO-01--LO-02,RIX + Gelaendehoehe + Wald,0.0659114162439251
Lorup,LO-01--LO-03,RIX + Gelaendehoehe + Wald,0.0755554030948058
Lorup,LO-02--LO-03,RIX + Gelaendehoehe + Wald,0.0663387519564662
Ostfriesland,OF-01--OF-02,RIX + Gelaendehoehe + Wald,0.0501647024928676
Ostfriesland,OF-01--OF-03,RIX + Gelaendehoehe + Wald,0.05037040918256
Ostfriesland,OF-01--OF-04,RIX + Gelaendehoehe + Wald,0.0508571314843351
Ostfriesland,OF-02--OF-03,RIX + Gelaendehoehe + Wald,0.0494268888023907
Ostfriesland,OF-02--OF-04,RIX + Gelaendehoehe + Wald,0.0512912510418987
Ostfriesland,OF-03--OF-04,RIX + Gelaendehoehe + Wald,0.0513251978393057
Paderborn,PA-01--PA-10,RIX + Gelaendehoehe + Wald,0.0987772445041671
Paderborn,PA-01--PA-11,RIX + Gelaendehoehe + Wald,0.1470786484633935
Paderborn,PA-01--PA-12,RIX + Gelaendehoehe + Wald,0.1690981233346274
Paderborn,PA-01--PA-02,RIX + Gelaendehoehe + Wald,0.1975226900104713
Paderborn,PA-01--PA-03,RIX + Gelaendehoehe + Wald,0.1229871959817688
Paderborn,PA-01--PA-04,RIX + Gelaendehoehe + Wald,0.0789239186657784
Paderborn,PA-01--PA-05,RIX + Gelaendehoehe + Wald,0.124470472433331
Paderborn,PA-01--PA-06,RIX + Gelaendehoehe + Wald,0.0810072767961283
Paderborn,PA-01--PA-07,RIX + Gelaendehoehe + Wald,0.1189957867039536
Paderborn,PA-01--PA-08,RIX + Gelaendehoehe + Wald,0.1203868641020836
Paderborn,PA-01--PA-09,RIX + Gelaendehoehe + Wald,0.1375881099289791
Paderborn,PA-10--PA-11,RIX + Gelaendehoehe + Wald,0.1010690900080447
Paderborn,PA-10--PA-12,RIX + Gelaendehoehe + Wald,0.1202586102291534
Paderborn,PA-02--PA-10,RIX + Gelaendehoehe + Wald,0.1423048612733535
Paderborn,PA-03--PA-10,RIX + Gelaendehoehe + Wald,0.0865392642578736
Paderborn,PA-04--PA-10,RIX + Gelaendehoehe + Wald,0.0824082810159508
Paderborn,PA-05--PA-10,RIX + Gelaendehoehe + Wald,0.0798882081795108
Paderborn,PA-06--PA-10,RIX + Gelaendehoehe + Wald,0.0703345711351998
Paderborn,PA-07--PA-10,RIX + Gelaendehoehe + Wald,0.0777371417453055
Paderborn,PA-08--PA-10,RIX + Gelaendehoehe + Wald,0.0771231595982923
Paderborn,PA-09--PA-10,RIX + Gelaendehoehe + Wald,0.0883255267647901
Paderborn,PA-11--PA-12,RIX + Gelaendehoehe + Wald,0.0570867207482778
Paderborn,PA-02--PA-11,RIX + Gelaendehoehe + Wald,0.075180819045324
Paderborn,PA-03--PA-11,RIX + Gelaendehoehe + Wald,0.0854155596008713
Paderborn,PA-04--PA-11,RIX + Gelaendehoehe + Wald,0.1264334305929624
Paderborn,PA-05--PA-11,RIX + Gelaendehoehe + Wald,0.0732948561562892
Paderborn,PA-06--PA-11,RIX + Gelaendehoehe + Wald,0.1089738306712963
Paderborn,PA-07--PA-11,RIX + Gelaendehoehe + Wald,0.0816036616018836
Paderborn,PA-08--PA-11,RIX + Gelaendehoehe + Wald,0.0770277336174912
Paderborn,PA-09--PA-11,RIX + Gelaendehoehe + Wald,0.0722133893203008
Paderborn,PA-02--PA-12,RIX + Gelaendehoehe + Wald,0.0730063066631249
Paderborn,PA-03--PA-12,RIX + Gelaendehoehe + Wald,0.1003911934582415
Paderborn,PA-04--PA-12,RIX + Gelaendehoehe + Wald,0.1507839178729937
Paderborn,PA-05--PA-12,RIX + Gelaendehoehe + Wald,0.0875807857740059
Paderborn,PA-06--PA-12,RIX + Gelaendehoehe + Wald,0.130691412025097
Paderborn,PA-07--PA-12,RIX + Gelaendehoehe + Wald,0.0926614076111332
Paderborn,PA-08--PA-12,RIX + Gelaendehoehe + Wald,0.0920986116902219
Paderborn,PA-09--PA-12,RIX + Gelaendehoehe + Wald,0.0842495368252482
Paderborn,PA-02--PA-03,RIX + Gelaendehoehe + Wald,0.1179849523963851
Paderborn,PA-02--PA-04,RIX + Gelaendehoehe + Wald,0.1871129969808913
Paderborn,PA-02--PA-05,RIX + Gelaendehoehe + Wald,0.1140834151425982
Paderborn,PA-02--PA-06,RIX + Gelaendehoehe + Wald,0.1586265763928508
Paderborn,PA-02--PA-07,RIX + Gelaendehoehe + Wald,0.1180784946047959
Paderborn,PA-02--PA-08,RIX + Gelaendehoehe + Wald,0.1160997811064802
Paderborn,PA-02--PA-09,RIX + Gelaendehoehe + Wald,0.1019412370974727
Paderborn,PA-03--PA-04,RIX + Gelaendehoehe + Wald,0.1194313008824332
Paderborn,PA-03--PA-05,RIX + Gelaendehoehe + Wald,0.0805662664265597
Paderborn,PA-03--PA-06,RIX + Gelaendehoehe + Wald,0.1007020029746139
Paderborn,PA-03--PA-07,RIX + Gelaendehoehe + Wald,0.0842212856080173
Paderborn,PA-03--PA-08,RIX + Gelaendehoehe + Wald,0.0660593766449277
Paderborn,PA-03--PA-09,RIX + Gelaendehoehe + Wald,0.0716753464390316
Paderborn,PA-04--PA-05,RIX + Gelaendehoehe + Wald,0.097929193580212
Paderborn,PA-04--PA-06,RIX + Gelaendehoehe + Wald,0.0665425348437135
Paderborn,PA-04--PA-07,RIX + Gelaendehoehe + Wald,0.0972776567629125
Paderborn,PA-04--PA-08,RIX + Gelaendehoehe + Wald,0.1022290977579158
Paderborn,PA-04--PA-09,RIX + Gelaendehoehe + Wald,0.1107620291439972
Paderborn,PA-05--PA-06,RIX + Gelaendehoehe + Wald,0.0857148574736801
Paderborn,PA-05--PA-07,RIX + Gelaendehoehe + Wald,0.0661172486476741
Paderborn,PA-05--PA-08,RIX + Gelaendehoehe + Wald,0.0682314820175716
Paderborn,PA-05--PA-09,RIX + Gelaendehoehe + Wald,0.0746101354032933
Paderborn,PA-06--PA-07,RIX + Gelaendehoehe + Wald,0.0845982438247095
Paderborn,PA-06--PA-08,RIX + Gelaendehoehe + Wald,0.0867843656396056
Paderborn,PA-06--PA-09,RIX + Gelaendehoehe + Wald,0.0991134733863859
Paderborn,PA-07--PA-08,RIX + Gelaendehoehe + Wald,0.0753619000204174
Paderborn,PA-07--PA-09,RIX + Gelaendehoehe + Wald,0.0734738895213513
Paderborn,PA-08--PA-09,RIX + Gelaendehoehe + Wald,0.0681293218627312
Rheda-Beckum,RB-01--RB-02,RIX + Gelaendehoehe + Wald,0.0446000551170029
Rheda-Beckum,RB-01--RB-03,RIX + Gelaendehoehe + Wald,0.0504437653794094
Rheda-Beckum,RB-01--RB-04,RIX + Gelaendehoehe + Wald,0.0532439862024098
Rheda-Beckum,RB-01--RB-05,RIX + Gelaendehoehe + Wald,0.0511225745450652
Rheda-Beckum,RB-02--RB-03,RIX + Gelaendehoehe + Wald,0.0473358813199314
Rheda-Beckum,RB-02--RB-04,RIX + Gelaendehoehe + Wald,0.0518178814453141
Rheda-Beckum,RB-02--RB-05,RIX + Gelaendehoehe + Wald,0.0496931762241946
Rheda-Beckum,RB-03--RB-04,RIX + Gelaendehoehe + Wald,0.0507427201301298
Rheda-Beckum,RB-03--RB-05,RIX + Gelaendehoehe + Wald,0.0483377204126529
Rheda-Beckum,RB-04--RB-05,RIX + Gelaendehoehe + Wald,0.0452910684800956
Alpen-Sevelen,AS-01--AS-02,RIX + Gelaendehoehe + Wind,0.0454497828040286
Alpen-Sevelen,AS-01--AS-03,RIX + Gelaendehoehe + Wind,0.0485818582674053
Alpen-Sevelen,AS-01--AS-04,RIX + Gelaendehoehe + Wind,0.0470822050511413
Alpen-Sevelen,AS-01--AS-05,RIX + Gelaendehoehe + Wind,0.0501349413058677
Alpen-Sevelen,AS-01--AS-06,RIX + Gelaendehoehe + Wind,0.0490886123109697
Alpen-Sevelen,AS-02--AS-03,RIX + Gelaendehoehe + Wind,0.0529787569466331
Alpen-Sevelen,AS-02--AS-04,RIX + Gelaendehoehe + Wind,0.0518330125040466
Alpen-Sevelen,AS-02--AS-05,RIX + Gelaendehoehe + Wind,0.0535324894042537
Alpen-Sevelen,AS-02--AS-06,RIX + Gelaendehoehe + Wind,0.0534112371613886
Alpen-Sevelen,AS-03--AS-04,RIX + Gelaendehoehe + Wind,0.0423902042957769
Alpen-Sevelen,AS-03--AS-05,RIX + Gelaendehoehe + Wind,0.0457876597510766
Alpen-Sevelen,AS-03--AS-06,RIX + Gelaendehoehe + Wind,0.0445380126410204
Alpen-Sevelen,AS-04--AS-05,RIX + Gelaendehoehe + Wind,0.0444171182331144
Alpen-Sevelen,AS-04--AS-06,RIX + Gelaendehoehe + Wind,0.0426730926309567
Alpen-Sevelen,AS-05--AS-06,RIX + Gelaendehoehe + Wind,0.0429205294998401
Altenmellrich,AM-01--AM-02,RIX + Gelaendehoehe + Wind,0.0634456601370368
Altenmellrich,AM-01--AM-03,RIX + Gelaendehoehe + Wind,0.0668122191135848
Altenmellrich,AM-01--AM-04,RIX + Gelaendehoehe + Wind,0.0843574658230724
Altenmellrich,AM-02--AM-03,RIX + Gelaendehoehe + Wind,0.0566701548589525
Altenmellrich,AM-02--AM-04,RIX + Gelaendehoehe + Wind,0.0708883393964739
Altenmellrich,AM-03--AM-04,RIX + Gelaendehoehe + Wind,0.0630375001493432
Bad Berleburg,BB-01--BB-02,RIX + Gelaendehoehe + Wind,0.1295384701140196
Bad Berleburg,BB-01--BB-03,RIX + Gelaendehoehe + Wind,0.1059952192002213
Bad Berleburg,BB-01--BB-04,RIX + Gelaendehoehe + Wind,0.1274774627887373
Bad Berleburg,BB-01--BB-05,RIX + Gelaendehoehe + Wind,0.1001082295643201
Bad Berleburg,BB-01--BB-06,RIX + Gelaendehoehe + Wind,0.1609059982159529
Bad Berleburg,BB-01--BB-07,RIX + Gelaendehoehe + Wind,0.1753447061751498
Bad Berleburg,BB-02--BB-03,RIX + Gelaendehoehe + Wind,0.1561621011012892
Bad Berleburg,BB-02--BB-04,RIX + Gelaendehoehe + Wind,0.1275869883609096
Bad Berleburg,BB-02--BB-05,RIX + Gelaendehoehe + Wind,0.1422562177489422
Bad Berleburg,BB-02--BB-06,RIX + Gelaendehoehe + Wind,0.2291080392977092
Bad Berleburg,BB-02--BB-07,RIX + Gelaendehoehe + Wind,0.1193735969041318
Bad Berleburg,BB-03--BB-04,RIX + Gelaendehoehe + Wind,0.1260620937028561
Bad Berleburg,BB-03--BB-05,RIX + Gelaendehoehe + Wind,0.1286140622134202
Bad Berleburg,BB-03--BB-06,RIX + Gelaendehoehe + Wind,0.1386740189947593
Bad Berleburg,BB-03--BB-07,RIX + Gelaendehoehe + Wind,0.2245886398533694
Bad Berleburg,BB-04--BB-05,RIX + Gelaendehoehe + Wind,0.1250094504699791
Bad Berleburg,BB-04--BB-06,RIX + Gelaendehoehe + Wind,0.146284813514031
Bad Berleburg,BB-04--BB-07,RIX + Gelaendehoehe + Wind,0.165768176660782
Bad Berleburg,BB-05--BB-06,RIX + Gelaendehoehe + Wind,0.1592430035617546
Bad Berleburg,BB-05--BB-07,RIX + Gelaendehoehe + Wind,0.1620582094763604
Bad Berleburg,BB-06--BB-07,RIX + Gelaendehoehe + Wind,0.2926587337291049
Borken-Coesfeld,BC-01--BC-02,RIX + Gelaendehoehe + Wind,0.054170856665531
Borken-Coesfeld,BC-01--BC-03,RIX + Gelaendehoehe + Wind,0.053090506333139
Borken-Coesfeld,BC-01--BC-04,RIX + Gelaendehoehe + Wind,0.0508276089970384
Borken-Coesfeld,BC-01--BC-05,RIX + Gelaendehoehe + Wind,0.0533117313287187
Borken-Coesfeld,BC-01--BC-06,RIX + Gelaendehoehe + Wind,0.0558455390900087
Borken-Coesfeld,BC-02--BC-03,RIX + Gelaendehoehe + Wind,0.0638509778332317
Borken-Coesfeld,BC-02--BC-04,RIX + Gelaendehoehe + Wind,0.0602723271190437
Borken-Coesfeld,BC-02--BC-05,RIX + Gelaendehoehe + Wind,0.0516366402859878
Borken-Coesfeld,BC-02--BC-06,RIX + Gelaendehoehe + Wind,0.0639758947083748
Borken-Coesfeld,BC-03--BC-04,RIX + Gelaendehoehe + Wind,0.0461426464562937
Borken-Coesfeld,BC-03--BC-05,RIX + Gelaendehoehe + Wind,0.056051804409136
Borken-Coesfeld,BC-03--BC-06,RIX + Gelaendehoehe + Wind,0.047441261241858
Borken-Coesfeld,BC-04--BC-05,RIX + Gelaendehoehe + Wind,0.0534084040114273
Borken-Coesfeld,BC-04--BC-06,RIX + Gelaendehoehe + Wind,0.0505896244083547
Borken-Coesfeld,BC-05--BC-06,RIX + Gelaendehoehe + Wind,0.0551712573568934
Lorup,LO-01--LO-02,RIX + Gelaendehoehe + Wind,0.0488069089265531
Lorup,LO-01--LO-03,RIX + Gelaendehoehe + Wind,0.0535283469268773
Lorup,LO-02--LO-03,RIX + Gelaendehoehe + Wind,0.0507489430400535
Ostfriesland,OF-01--OF-02,RIX + Gelaendehoehe + Wind,0.0461749952618253
Ostfriesland,OF-01--OF-03,RIX + Gelaendehoehe + Wind,0.0473850577419096
Ostfriesland,OF-01--OF-04,RIX + Gelaendehoehe + Wind,0.0531504892428734
Ostfriesland,OF-02--OF-03,RIX + Gelaendehoehe + Wind,0.0485055486943147
Ostfriesland,OF-02--OF-04,RIX + Gelaendehoehe + Wind,0.0519729217078133
Ostfriesland,OF-03--OF-04,RIX + Gelaendehoehe + Wind,0.0572268980237521
Paderborn,PA-01--PA-10,RIX + Gelaendehoehe + Wind,0.0857587325066062
Paderborn,PA-01--PA-11,RIX + Gelaendehoehe + Wind,0.0942842712369253
Paderborn,PA-01--PA-12,RIX + Gelaendehoehe + Wind,0.0945515427130088
Paderborn,PA-01--PA-02,RIX + Gelaendehoehe + Wind,0.0911569190684895
Paderborn,PA-01--PA-03,RIX + Gelaendehoehe + Wind,0.0851283921569187
Paderborn,PA-01--PA-04,RIX + Gelaendehoehe + Wind,0.0703514926237122
Paderborn,PA-01--PA-05,RIX + Gelaendehoehe + Wind,0.0853948889053973
Paderborn,PA-01--PA-06,RIX + Gelaendehoehe + Wind,0.0807991480405677
Paderborn,PA-01--PA-07,RIX + Gelaendehoehe + Wind,0.0842306457480983
Paderborn,PA-01--PA-08,RIX + Gelaendehoehe + Wind,0.0882124343098345
Paderborn,PA-01--PA-09,RIX + Gelaendehoehe + Wind,0.0909131149491447
Paderborn,PA-10--PA-11,RIX + Gelaendehoehe + Wind,0.0736775205726064
Paderborn,PA-10--PA-12,RIX + Gelaendehoehe + Wind,0.0755116991140442
Paderborn,PA-02--PA-10,RIX + Gelaendehoehe + Wind,0.0868356595239067
Paderborn,PA-03--PA-10,RIX + Gelaendehoehe + Wind,0.0771464010436038
Paderborn,PA-04--PA-10,RIX + Gelaendehoehe + Wind,0.078085327301265
Paderborn,PA-05--PA-10,RIX + Gelaendehoehe + Wind,0.0728065433513732
Paderborn,PA-06--PA-10,RIX + Gelaendehoehe + Wind,0.0706539737601947
Paderborn,PA-07--PA-10,RIX + Gelaendehoehe + Wind,0.0704962844436258
Paderborn,PA-08--PA-10,RIX + Gelaendehoehe + Wind,0.0722715624061374
Paderborn,PA-09--PA-10,RIX + Gelaendehoehe + Wind,0.0716243422977324
Paderborn,PA-11--PA-12,RIX + Gelaendehoehe + Wind,0.0648593806255843
Paderborn,PA-02--PA-11,RIX + Gelaendehoehe + Wind,0.0772910808834027
Paderborn,PA-03--PA-11,RIX + Gelaendehoehe + Wind,0.0751821497619152
Paderborn,PA-04--PA-11,RIX + Gelaendehoehe + Wind,0.0873793793914073
Paderborn,PA-05--PA-11,RIX + Gelaendehoehe + Wind,0.073407091683409
Paderborn,PA-06--PA-11,RIX + Gelaendehoehe + Wind,0.0781255707351241
Paderborn,PA-07--PA-11,RIX + Gelaendehoehe + Wind,0.0734754675847015
Paderborn,PA-08--PA-11,RIX + Gelaendehoehe + Wind,0.0699888428285092
Paderborn,PA-09--PA-11,RIX + Gelaendehoehe + Wind,0.0681937776196072
Paderborn,PA-02--PA-12,RIX + Gelaendehoehe + Wind,0.0755015248672938
Paderborn,PA-03--PA-12,RIX + Gelaendehoehe + Wind,0.0765203472121144
Paderborn,PA-04--PA-12,RIX + Gelaendehoehe + Wind,0.0878592683920456
Paderborn,PA-05--PA-12,RIX + Gelaendehoehe + Wind,0.0760784916915723
Paderborn,PA-06--PA-12,RIX + Gelaendehoehe + Wind,0.0806614552751654
Paderborn,PA-07--PA-12,RIX + Gelaendehoehe + Wind,0.0763042864556398
Paderborn,PA-08--PA-12,RIX + Gelaendehoehe + Wind,0.0726474757399716
Paderborn,PA-09--PA-12,RIX + Gelaendehoehe + Wind,0.0702661160594713
Paderborn,PA-02--PA-03,RIX + Gelaendehoehe + Wind,0.0808815580028233
Paderborn,PA-02--PA-04,RIX + Gelaendehoehe + Wind,0.0873090172872932
Paderborn,PA-02--PA-05,RIX + Gelaendehoehe + Wind,0.0842718477583384
Paderborn,PA-02--PA-06,RIX + Gelaendehoehe + Wind,0.0921601974745442
Paderborn,PA-02--PA-07,RIX + Gelaendehoehe + Wind,0.0847611892622059
Paderborn,PA-02--PA-08,RIX + Gelaendehoehe + Wind,0.0821525271036959
Paderborn,PA-02--PA-09,RIX + Gelaendehoehe + Wind,0.0802186037318208
Paderborn,PA-03--PA-04,RIX + Gelaendehoehe + Wind,0.0790874092212756
Paderborn,PA-03--PA-05,RIX + Gelaendehoehe + Wind,0.0691119720062929
Paderborn,PA-03--PA-06,RIX + Gelaendehoehe + Wind,0.0775097703647883
Paderborn,PA-03--PA-07,RIX + Gelaendehoehe + Wind,0.0709198231458217
Paderborn,PA-03--PA-08,RIX + Gelaendehoehe + Wind,0.0693203973805211
Paderborn,PA-03--PA-09,RIX + Gelaendehoehe + Wind,0.0709250070877669
Paderborn,PA-04--PA-05,RIX + Gelaendehoehe + Wind,0.0788251591719172
Paderborn,PA-04--PA-06,RIX + Gelaendehoehe + Wind,0.0735737747280572
Paderborn,PA-04--PA-07,RIX + Gelaendehoehe + Wind,0.0776156713673663
Paderborn,PA-04--PA-08,RIX + Gelaendehoehe + Wind,0.081387481510154
Paderborn,PA-04--PA-09,RIX + Gelaendehoehe + Wind,0.0825631632661377
Paderborn,PA-05--PA-06,RIX + Gelaendehoehe + Wind,0.0724780184325099
Paderborn,PA-05--PA-07,RIX + Gelaendehoehe + Wind,0.0659457009340297
Paderborn,PA-05--PA-08,RIX + Gelaendehoehe + Wind,0.0674488487502679
Paderborn,PA-05--PA-09,RIX + Gelaendehoehe + Wind,0.0692536529289089
Paderborn,PA-06--PA-07,RIX + Gelaendehoehe + Wind,0.0707400365386808
Paderborn,PA-06--PA-08,RIX + Gelaendehoehe + Wind,0.0737711411242278
Paderborn,PA-06--PA-09,RIX + Gelaendehoehe + Wind,0.0728425742531879
Paderborn,PA-07--PA-08,RIX + Gelaendehoehe + Wind,0.067547422890914
Paderborn,PA-07--PA-09,RIX + Gelaendehoehe + Wind,0.070007155972137
Paderborn,PA-08--PA-09,RIX + Gelaendehoehe + Wind,0.067912028859094
Rheda-Beckum,RB-01--RB-02,RIX + Gelaendehoehe + Wind,0.0402034733996901
Rheda-Beckum,RB-01--RB-03,RIX + Gelaendehoehe + Wind,0.045041853584116
Rheda-Beckum,RB-01--RB-04,RIX + Gelaendehoehe + Wind,0.0577229750800708
Rheda-Beckum,RB-01--RB-05,RIX + Gelaendehoehe + Wind,0.0537004853406809
Rheda-Beckum,RB-02--RB-03,RIX + Gelaendehoehe + Wind,0.0428865459490069
Rheda-Beckum,RB-02--RB-04,RIX + Gelaendehoehe + Wind,0.0564811053099829
Rheda-Beckum,RB-02--RB-05,RIX + Gelaendehoehe + Wind,0.0525660229321342
Rheda-Beckum,RB-03--RB-04,RIX + Gelaendehoehe + Wind,0.0516847033917393
Rheda-Beckum,RB-03--RB-05,RIX + Gelaendehoehe + Wind,0.0481157470959515
Rheda-Beckum,RB-04--RB-05,RIX + Gelaendehoehe + Wind,0.0419206215413116
Alpen-Sevelen,AS-01--AS-02,RIX + Rauigkeit + Wald,0.0683911818869804
Alpen-Sevelen,AS-01--AS-03,RIX + Rauigkeit + Wald,0.0582178082886363
Alpen-Sevelen,AS-01--AS-04,RIX + Rauigkeit + Wald,0.0664410393983112
Alpen-Sevelen,AS-01--AS-05,RIX + Rauigkeit + Wald,0.0693670645146902
Alpen-Sevelen,AS-01--AS-06,RIX + Rauigkeit + Wald,0.0690982605113064
Alpen-Sevelen,AS-02--AS-03,RIX + Rauigkeit + Wald,0.056684491576574
Alpen-Sevelen,AS-02--AS-04,RIX + Rauigkeit + Wald,0.0497980817870847
Alpen-Sevelen,AS-02--AS-05,RIX + Rauigkeit + Wald,0.0537903460332385
Alpen-Sevelen,AS-02--AS-06,RIX + Rauigkeit + Wald,0.0509608720058586
Alpen-Sevelen,AS-03--AS-04,RIX + Rauigkeit + Wald,0.0556551011006259
Alpen-Sevelen,AS-03--AS-05,RIX + Rauigkeit + Wald,0.0600248058264269
Alpen-Sevelen,AS-03--AS-06,RIX + Rauigkeit + Wald,0.058662991878333
Alpen-Sevelen,AS-04--AS-05,RIX + Rauigkeit + Wald,0.052563712084955
Alpen-Sevelen,AS-04--AS-06,RIX + Rauigkeit + Wald,0.0504596137970275
Alpen-Sevelen,AS-05--AS-06,RIX + Rauigkeit + Wald,0.0505715571007879
Altenmellrich,AM-01--AM-02,RIX + Rauigkeit + Wald,0.063081125460948
Altenmellrich,AM-01--AM-03,RIX + Rauigkeit + Wald,0.062236413553876
Altenmellrich,AM-01--AM-04,RIX + Rauigkeit + Wald,0.0696256285186929
Altenmellrich,AM-02--AM-03,RIX + Rauigkeit + Wald,0.0744094385473554
Altenmellrich,AM-02--AM-04,RIX + Rauigkeit + Wald,0.0603233318313435
Altenmellrich,AM-03--AM-04,RIX + Rauigkeit + Wald,0.078292258500869
Bad Berleburg,BB-01--BB-02,RIX + Rauigkeit + Wald,0.1289650713304084
Bad Berleburg,BB-01--BB-03,RIX + Rauigkeit + Wald,0.1539701400067139
Bad Berleburg,BB-01--BB-04,RIX + Rauigkeit + Wald,0.1475727633598387
Bad Berleburg,BB-01--BB-05,RIX + Rauigkeit + Wald,0.153925589703114
Bad Berleburg,BB-01--BB-06,RIX + Rauigkeit + Wald,0.1449530663350582
Bad Berleburg,BB-01--BB-07,RIX + Rauigkeit + Wald,0.14452022078744
Bad Berleburg,BB-02--BB-03,RIX + Rauigkeit + Wald,0.1502953566522239
Bad Berleburg,BB-02--BB-04,RIX + Rauigkeit + Wald,0.1450823891350748
Bad Berleburg,BB-02--BB-05,RIX + Rauigkeit + Wald,0.1487490866413727
Bad Berleburg,BB-02--BB-06,RIX + Rauigkeit + Wald,0.1406561066906844
Bad Berleburg,BB-02--BB-07,RIX + Rauigkeit + Wald,0.1419513307950302
Bad Berleburg,BB-03--BB-04,RIX + Rauigkeit + Wald,0.1467636762255611
Bad Berleburg,BB-03--BB-05,RIX + Rauigkeit + Wald,0.156988495589215
Bad Berleburg,BB-03--BB-06,RIX + Rauigkeit + Wald,0.1443927662088172
Bad Berleburg,BB-03--BB-07,RIX + Rauigkeit + Wald,0.1499957861474655
Bad Berleburg,BB-04--BB-05,RIX + Rauigkeit + Wald,0.145001252490429
Bad Berleburg,BB-04--BB-06,RIX + Rauigkeit + Wald,0.1516236134899317
Bad Berleburg,BB-04--BB-07,RIX + Rauigkeit + Wald,0.1503540545817482
Bad Berleburg,BB-05--BB-06,RIX + Rauigkeit + Wald,0.157166152830553
Bad Berleburg,BB-05--BB-07,RIX + Rauigkeit + Wald,0.1615050015593643
Bad Berleburg,BB-06--BB-07,RIX + Rauigkeit + Wald,0.1408065326011667
Borken-Coesfeld,BC-01--BC-02,RIX + Rauigkeit + Wald,0.0610956476182185
Borken-Coesfeld,BC-01--BC-03,RIX + Rauigkeit + Wald,0.0606284406205931
Borken-Coesfeld,BC-01--BC-04,RIX + Rauigkeit + Wald,0.0659709382401449
Borken-Coesfeld,BC-01--BC-05,RIX + Rauigkeit + Wald,0.0609611740850825
Borken-Coesfeld,BC-01--BC-06,RIX + Rauigkeit + Wald,0.0646488382208065
Borken-Coesfeld,BC-02--BC-03,RIX + Rauigkeit + Wald,0.0612925976284659
Borken-Coesfeld,BC-02--BC-04,RIX + Rauigkeit + Wald,0.0614182991316173
Borken-Coesfeld,BC-02--BC-05,RIX + Rauigkeit + Wald,0.06023465442714
Borken-Coesfeld,BC-02--BC-06,RIX + Rauigkeit + Wald,0.067993854835767
Borken-Coesfeld,BC-03--BC-04,RIX + Rauigkeit + Wald,0.0568784511295805
Borken-Coesfeld,BC-03--BC-05,RIX + Rauigkeit + Wald,0.0599522272373576
Borken-Coesfeld,BC-03--BC-06,RIX + Rauigkeit + Wald,0.0595323433433269
Borken-Coesfeld,BC-04--BC-05,RIX + Rauigkeit + Wald,0.0606622052028567
Borken-Coesfeld,BC-04--BC-06,RIX + Rauigkeit + Wald,0.0628516355131458
Borken-Coesfeld,BC-05--BC-06,RIX + Rauigkeit + Wald,0.0647658988816824
Lorup,LO-01--LO-02,RIX + Rauigkeit + Wald,0.0729868545849414
Lorup,LO-01--LO-03,RIX + Rauigkeit + Wald,0.0907494347449504
Lorup,LO-02--LO-03,RIX + Rauigkeit + Wald,0.0746878737880534
Ostfriesland,OF-01--OF-02,RIX + Rauigkeit + Wald,0.0516603369493804
Ostfriesland,OF-01--OF-03,RIX + Rauigkeit + Wald,0.0533655090656941
Ostfriesland,OF-01--OF-04,RIX + Rauigkeit + Wald,0.0544778587614246
Ostfriesland,OF-02--OF-03,RIX + Rauigkeit + Wald,0.051331236611097
Ostfriesland,OF-02--OF-04,RIX + Rauigkeit + Wald,0.0566289778916781
Ostfriesland,OF-03--OF-04,RIX + Rauigkeit + Wald,0.0592814086155024
Paderborn,PA-01--PA-10,RIX + Rauigkeit + Wald,0.0776060843627415
Paderborn,PA-01--PA-11,RIX + Rauigkeit + Wald,0.0779191897482
Paderborn,PA-01--PA-12,RIX + Rauigkeit + Wald,0.0812826534652376
Paderborn,PA-01--PA-02,RIX + Rauigkeit + Wald,0.0813672852289808
Paderborn,PA-01--PA-03,RIX + Rauigkeit + Wald,0.0763669440181693
Paderborn,PA-01--PA-04,RIX + Rauigkeit + Wald,0.0787523010416371
Paderborn,PA-01--PA-05,RIX + Rauigkeit + Wald,0.0785972782569614
Paderborn,PA-01--PA-06,RIX + Rauigkeit + Wald,0.0754121421996528
Paderborn,PA-01--PA-07,RIX + Rauigkeit + Wald,0.0796047411142927
Paderborn,PA-01--PA-08,RIX + Rauigkeit + Wald,0.0766782246374442
Paderborn,PA-01--PA-09,RIX + Rauigkeit + Wald,0.0789087895882234
Paderborn,PA-10--PA-11,RIX + Rauigkeit + Wald,0.0774358810877268
Paderborn,PA-10--PA-12,RIX + Rauigkeit + Wald,0.0821323324014295
Paderborn,PA-02--PA-10,RIX + Rauigkeit + Wald,0.0828789989443083
Paderborn,PA-03--PA-10,RIX + Rauigkeit + Wald,0.0754946938778296
Paderborn,PA-04--PA-10,RIX + Rauigkeit + Wald,0.0743956452223854
Paderborn,PA-05--PA-10,RIX + Rauigkeit + Wald,0.0775080262789958
Paderborn,PA-06--PA-10,RIX + Rauigkeit + Wald,0.0746663494092989
Paderborn,PA-07--PA-10,RIX + Rauigkeit + Wald,0.078286222945135
Paderborn,PA-08--PA-10,RIX + Rauigkeit + Wald,0.0742801342268249
Paderborn,PA-09--PA-10,RIX + Rauigkeit + Wald,0.0766219988251059
Paderborn,PA-11--PA-12,RIX + Rauigkeit + Wald,0.0715951769436205
Paderborn,PA-02--PA-11,RIX + Rauigkeit + Wald,0.0778309661198256
Paderborn,PA-03--PA-11,RIX + Rauigkeit + Wald,0.0792724584122044
Paderborn,PA-04--PA-11,RIX + Rauigkeit + Wald,0.07548697927743
Paderborn,PA-05--PA-11,RIX + Rauigkeit + Wald,0.0721008588096275
Paderborn,PA-06--PA-11,RIX + Rauigkeit + Wald,0.0739996320570317
Paderborn,PA-07--PA-11,RIX + Rauigkeit + Wald,0.0732156685665003
Paderborn,PA-08--PA-11,RIX + Rauigkeit + Wald,0.0746621132631721
Paderborn,PA-09--PA-11,RIX + Rauigkeit + Wald,0.075523192541743
Paderborn,PA-02--PA-12,RIX + Rauigkeit + Wald,0.0776133438364451
Paderborn,PA-03--PA-12,RIX + Rauigkeit + Wald,0.0837974236591397
Paderborn,PA-04--PA-12,RIX + Rauigkeit + Wald,0.0802087661711518
Paderborn,PA-05--PA-12,RIX + Rauigkeit + Wald,0.0768308083235369
Paderborn,PA-06--PA-12,RIX + Rauigkeit + Wald,0.07849924005167
Paderborn,PA-07--PA-12,RIX + Rauigkeit + Wald,0.0759873124458599
Paderborn,PA-08--PA-12,RIX + Rauigkeit + Wald,0.078690314593048
Paderborn,PA-09--PA-12,RIX + Rauigkeit + Wald,0.0793352523673212
Paderborn,PA-02--PA-03,RIX + Rauigkeit + Wald,0.0834228030575488
Paderborn,PA-02--PA-04,RIX + Rauigkeit + Wald,0.0823894032298238
Paderborn,PA-02--PA-05,RIX + Rauigkeit + Wald,0.0809520261459458
Paderborn,PA-02--PA-06,RIX + Rauigkeit + Wald,0.080331211147693
Paderborn,PA-02--PA-07,RIX + Rauigkeit + Wald,0.0787481567411499
Paderborn,PA-02--PA-08,RIX + Rauigkeit + Wald,0.0818370638420591
Paderborn,PA-02--PA-09,RIX + Rauigkeit + Wald,0.0803037939879762
Paderborn,PA-03--PA-04,RIX + Rauigkeit + Wald,0.0767226471114842
Paderborn,PA-03--PA-05,RIX + Rauigkeit + Wald,0.0794481247311291
Paderborn,PA-03--PA-06,RIX + Rauigkeit + Wald,0.0767819293571404
Paderborn,PA-03--PA-07,RIX + Rauigkeit + Wald,0.0790492150097135
Paderborn,PA-03--PA-08,RIX + Rauigkeit + Wald,0.075360471378258
Paderborn,PA-03--PA-09,RIX + Rauigkeit + Wald,0.0767805615993112
Paderborn,PA-04--PA-05,RIX + Rauigkeit + Wald,0.0740614083234526
Paderborn,PA-04--PA-06,RIX + Rauigkeit + Wald,0.0733674738603099
Paderborn,PA-04--PA-07,RIX + Rauigkeit + Wald,0.0756815856395095
Paderborn,PA-04--PA-08,RIX + Rauigkeit + Wald,0.073324201794642
Paderborn,PA-04--PA-09,RIX + Rauigkeit + Wald,0.0743524686112709
Paderborn,PA-05--PA-06,RIX + Rauigkeit + Wald,0.072918295366597
Paderborn,PA-05--PA-07,RIX + Rauigkeit + Wald,0.0735625734967968
Paderborn,PA-05--PA-08,RIX + Rauigkeit + Wald,0.0746524745682973
Paderborn,PA-05--PA-09,RIX + Rauigkeit + Wald,0.0753465515275719
Paderborn,PA-06--PA-07,RIX + Rauigkeit + Wald,0.074429096046766
Paderborn,PA-06--PA-08,RIX + Rauigkeit + Wald,0.0726010572448348
Paderborn,PA-06--PA-09,RIX + Rauigkeit + Wald,0.0742355833652678
Paderborn,PA-07--PA-08,RIX + Rauigkeit + Wald,0.0744208650508281
Paderborn,PA-07--PA-09,RIX + Rauigkeit + Wald,0.0719468418359088
Paderborn,PA-08--PA-09,RIX + Rauigkeit + Wald,0.073981903974292
Rheda-Beckum,RB-01--RB-02,RIX + Rauigkeit + Wald,0.0457011159839245
Rheda-Beckum,RB-01--RB-03,RIX + Rauigkeit + Wald,0.0486255552198607
Rheda-Beckum,RB-01--RB-04,RIX + Rauigkeit + Wald,0.0508367932996351
Rheda-Beckum,RB-01--RB-05,RIX + Rauigkeit + Wald,0.0503317830893168
Rheda-Beckum,RB-02--RB-03,RIX + Rauigkeit + Wald,0.046850943161822
Rheda-Beckum,RB-02--RB-04,RIX + Rauigkeit + Wald,0.0526631822035867
Rheda-Beckum,RB-02--RB-05,RIX + Rauigkeit + Wald,0.0516279394850349
Rheda-Beckum,RB-03--RB-04,RIX + Rauigkeit + Wald,0.0556563717114316
Rheda-Beckum,RB-03--RB-05,RIX + Rauigkeit + Wald,0.0544394365761657
Rheda-Beckum,RB-04--RB-05,RIX + Rauigkeit + Wald,0.0465076794823447
Alpen-Sevelen,AS-01--AS-02,RIX + Rauigkeit + Wind,0.0477661872438034
Alpen-Sevelen,AS-01--AS-03,RIX + Rauigkeit + Wind,0.0515727474428341
Alpen-Sevelen,AS-01--AS-04,RIX + Rauigkeit + Wind,0.0494656833508368
Alpen-Sevelen,AS-01--AS-05,RIX + Rauigkeit + Wind,0.0515010988101164
Alpen-Sevelen,AS-01--AS-06,RIX + Rauigkeit + Wind,0.0508916891241549
Alpen-Sevelen,AS-02--AS-03,RIX + Rauigkeit + Wind,0.0560178680853127
Alpen-Sevelen,AS-02--AS-04,RIX + Rauigkeit + Wind,0.054222230390611
Alpen-Sevelen,AS-02--AS-05,RIX + Rauigkeit + Wind,0.0546431270230739
Alpen-Sevelen,AS-02--AS-06,RIX + Rauigkeit + Wind,0.0551552433115663
Alpen-Sevelen,AS-03--AS-04,RIX + Rauigkeit + Wind,0.0445840970750624
Alpen-Sevelen,AS-03--AS-05,RIX + Rauigkeit + Wind,0.0472931473452327
Alpen-Sevelen,AS-03--AS-06,RIX + Rauigkeit + Wind,0.0463203339645894
Alpen-Sevelen,AS-04--AS-05,RIX + Rauigkeit + Wind,0.0459052605307693
Alpen-Sevelen,AS-04--AS-06,RIX + Rauigkeit + Wind,0.0443367398662106
Alpen-Sevelen,AS-05--AS-06,RIX + Rauigkeit + Wind,0.0447864093146921
Altenmellrich,AM-01--AM-02,RIX + Rauigkeit + Wind,0.0625376165304202
Altenmellrich,AM-01--AM-03,RIX + Rauigkeit + Wind,0.0674108659976045
Altenmellrich,AM-01--AM-04,RIX + Rauigkeit + Wind,0.0802120450860729
Altenmellrich,AM-02--AM-03,RIX + Rauigkeit + Wind,0.057507727591568
Altenmellrich,AM-02--AM-04,RIX + Rauigkeit + Wind,0.0697991834964281
Altenmellrich,AM-03--AM-04,RIX + Rauigkeit + Wind,0.0605512664044489
Bad Berleburg,BB-01--BB-02,RIX + Rauigkeit + Wind,0.304324733714213
Bad Berleburg,BB-01--BB-03,RIX + Rauigkeit + Wind,0.1978430293607119
Bad Berleburg,BB-01--BB-04,RIX + Rauigkeit + Wind,0.2631744178826546
Bad Berleburg,BB-01--BB-05,RIX + Rauigkeit + Wind,0.1656081896274467
Bad Berleburg,BB-01--BB-06,RIX + Rauigkeit + Wind,0.4099318288749963
Bad Berleburg,BB-01--BB-07,RIX + Rauigkeit + Wind,0.3499614645692584
Bad Berleburg,BB-02--BB-03,RIX + Rauigkeit + Wind,0.3211047927270379
Bad Berleburg,BB-02--BB-04,RIX + Rauigkeit + Wind,0.2230073351175913
Bad Berleburg,BB-02--BB-05,RIX + Rauigkeit + Wind,0.301005110136439
Bad Berleburg,BB-02--BB-06,RIX + Rauigkeit + Wind,0.6651015062807176
Bad Berleburg,BB-02--BB-07,RIX + Rauigkeit + Wind,0.177485803387673
Bad Berleburg,BB-03--BB-04,RIX + Rauigkeit + Wind,0.3887050178785741
Bad Berleburg,BB-03--BB-05,RIX + Rauigkeit + Wind,0.2801880270049908
Bad Berleburg,BB-03--BB-06,RIX + Rauigkeit + Wind,0.4650062720776747
Bad Berleburg,BB-03--BB-07,RIX + Rauigkeit + Wind,0.6441546839077041
Bad Berleburg,BB-04--BB-05,RIX + Rauigkeit + Wind,0.3486943282675639
Bad Berleburg,BB-04--BB-06,RIX + Rauigkeit + Wind,0.5654184844858658
Bad Berleburg,BB-04--BB-07,RIX + Rauigkeit + Wind,0.3161973175059325
Bad Berleburg,BB-05--BB-06,RIX + Rauigkeit + Wind,0.639382906013503
Bad Berleburg,BB-05--BB-07,RIX + Rauigkeit + Wind,0.3623612883860942
Bad Berleburg,BB-06--BB-07,RIX + Rauigkeit + Wind,1.2828658874631214
Borken-Coesfeld,BC-01--BC-02,RIX + Rauigkeit + Wind,0.0517593669000662
Borken-Coesfeld,BC-01--BC-03,RIX + Rauigkeit + Wind,0.0558338930149942
Borken-Coesfeld,BC-01--BC-04,RIX + Rauigkeit + Wind,0.0567871206670422
Borken-Coesfeld,BC-01--BC-05,RIX + Rauigkeit + Wind,0.0551926076087269
Borken-Coesfeld,BC-01--BC-06,RIX + Rauigkeit + Wind,0.0597190487775425
Borken-Coesfeld,BC-02--BC-03,RIX + Rauigkeit + Wind,0.0601216455818635
Borken-Coesfeld,BC-02--BC-04,RIX + Rauigkeit + Wind,0.0607058511840027
Borken-Coesfeld,BC-02--BC-05,RIX + Rauigkeit + Wind,0.0527811182023051
Borken-Coesfeld,BC-02--BC-06,RIX + Rauigkeit + Wind,0.0602715435985583
Borken-Coesfeld,BC-03--BC-04,RIX + Rauigkeit + Wind,0.0455828482250042
Borken-Coesfeld,BC-03--BC-05,RIX + Rauigkeit + Wind,0.0542329204908637
Borken-Coesfeld,BC-03--BC-06,RIX + Rauigkeit + Wind,0.0508023529299822
Borken-Coesfeld,BC-04--BC-05,RIX + Rauigkeit + Wind,0.054942434951539
Borken-Coesfeld,BC-04--BC-06,RIX + Rauigkeit + Wind,0.051488555621412
Borken-Coesfeld,BC-05--BC-06,RIX + Rauigkeit + Wind,0.0533587488730659
Lorup,LO-01--LO-02,RIX + Rauigkeit + Wind,0.0516242326489328
Lorup,LO-01--LO-03,RIX + Rauigkeit + Wind,0.0606606685222106
Lorup,LO-02--LO-03,RIX + Rauigkeit + Wind,0.0546975124190453
Ostfriesland,OF-01--OF-02,RIX + Rauigkeit + Wind,0.0476979969015017
Ostfriesland,OF-01--OF-03,RIX + Rauigkeit + Wind,0.0496909322267793
Ostfriesland,OF-01--OF-04,RIX + Rauigkeit + Wind,0.0566899638697064
Ostfriesland,OF-02--OF-03,RIX + Rauigkeit + Wind,0.0507398953466831
Ostfriesland,OF-02--OF-04,RIX + Rauigkeit + Wind,0.0559725664369943
Ostfriesland,OF-03--OF-04,RIX + Rauigkeit + Wind,0.0636401185893755
Paderborn,PA-01--PA-10,RIX + Rauigkeit + Wind,0.0854138740916869
Paderborn,PA-01--PA-11,RIX + Rauigkeit + Wind,0.0844385940310689
Paderborn,PA-01--PA-12,RIX + Rauigkeit + Wind,0.0845844357513866
Paderborn,PA-01--PA-02,RIX + Rauigkeit + Wind,0.078782998742244
Paderborn,PA-01--PA-03,RIX + Rauigkeit + Wind,0.0788972317382005
Paderborn,PA-01--PA-04,RIX + Rauigkeit + Wind,0.0744971612086564
Paderborn,PA-01--PA-05,RIX + Rauigkeit + Wind,0.08061297291508
Paderborn,PA-01--PA-06,RIX + Rauigkeit + Wind,0.0825479424546579
Paderborn,PA-01--PA-07,RIX + Rauigkeit + Wind,0.0812875566201063
Paderborn,PA-01--PA-08,RIX + Rauigkeit + Wind,0.082424849842317
Paderborn,PA-01--PA-09,RIX + Rauigkeit + Wind,0.0837752688399002
Paderborn,PA-10--PA-11,RIX + Rauigkeit + Wind,0.0716875409781499
Paderborn,PA-10--PA-12,RIX + Rauigkeit + Wind,0.073847925822513
Paderborn,PA-02--PA-10,RIX + Rauigkeit + Wind,0.0832127009771431
Paderborn,PA-03--PA-10,RIX + Rauigkeit + Wind,0.0775006314257795
Paderborn,PA-04--PA-10,RIX + Rauigkeit + Wind,0.0782748127834367
Paderborn,PA-05--PA-10,RIX + Rauigkeit + Wind,0.0760224710375341
Paderborn,PA-06--PA-10,RIX + Rauigkeit + Wind,0.0738387314117482
Paderborn,PA-07--PA-10,RIX + Rauigkeit + Wind,0.074608979084899
Paderborn,PA-08--PA-10,RIX + Rauigkeit + Wind,0.0733922278964438
Paderborn,PA-09--PA-10,RIX + Rauigkeit + Wind,0.0716660368773257
Paderborn,PA-11--PA-12,RIX + Rauigkeit + Wind,0.0681914467846693
Paderborn,PA-02--PA-11,RIX + Rauigkeit + Wind,0.0826545702244823
Paderborn,PA-03--PA-11,RIX + Rauigkeit + Wind,0.0785354720592956
Paderborn,PA-04--PA-11,RIX + Rauigkeit + Wind,0.0789070573160431
Paderborn,PA-05--PA-11,RIX + Rauigkeit + Wind,0.073372929569412
Paderborn,PA-06--PA-11,RIX + Rauigkeit + Wind,0.0717898613107371
Paderborn,PA-07--PA-11,RIX + Rauigkeit + Wind,0.0721972074782328
Paderborn,PA-08--PA-11,RIX + Rauigkeit + Wind,0.0708592238094839
Paderborn,PA-09--PA-11,RIX + Rauigkeit + Wind,0.0706174273317104
Paderborn,PA-02--PA-12,RIX + Rauigkeit + Wind,0.0811717378906362
Paderborn,PA-03--PA-12,RIX + Rauigkeit + Wind,0.0803505004331946
Paderborn,PA-04--PA-12,RIX + Rauigkeit + Wind,0.079726784331426
Paderborn,PA-05--PA-12,RIX + Rauigkeit + Wind,0.0767062474380509
Paderborn,PA-06--PA-12,RIX + Rauigkeit + Wind,0.0743751923634807
Paderborn,PA-07--PA-12,RIX + Rauigkeit + Wind,0.0749823670296011
Paderborn,PA-08--PA-12,RIX + Rauigkeit + Wind,0.0734712951167644
Paderborn,PA-09--PA-12,RIX + Rauigkeit + Wind,0.0729482479052274
Paderborn,PA-02--PA-03,RIX + Rauigkeit + Wind,0.0819707326133994
Paderborn,PA-02--PA-04,RIX + Rauigkeit + Wind,0.0771065377205211
Paderborn,PA-02--PA-05,RIX + Rauigkeit + Wind,0.0839624871246314
Paderborn,PA-02--PA-06,RIX + Rauigkeit + Wind,0.0836619455376058
Paderborn,PA-02--PA-07,RIX + Rauigkeit + Wind,0.0816384176231805
Paderborn,PA-02--PA-08,RIX + Rauigkeit + Wind,0.0820279890049941
Paderborn,PA-02--PA-09,RIX + Rauigkeit + Wind,0.0812727598863349
Paderborn,PA-03--PA-04,RIX + Rauigkeit + Wind,0.0737245537954383
Paderborn,PA-03--PA-05,RIX + Rauigkeit + Wind,0.0735159727505577
Paderborn,PA-03--PA-06,RIX + Rauigkeit + Wind,0.0757678542509505
Paderborn,PA-03--PA-07,RIX + Rauigkeit + Wind,0.0742724141598732
Paderborn,PA-03--PA-08,RIX + Rauigkeit + Wind,0.0744234165096806
Paderborn,PA-03--PA-09,RIX + Rauigkeit + Wind,0.0754983216550585
Paderborn,PA-04--PA-05,RIX + Rauigkeit + Wind,0.0750708539949908
Paderborn,PA-04--PA-06,RIX + Rauigkeit + Wind,0.0769822345757357
Paderborn,PA-04--PA-07,RIX + Rauigkeit + Wind,0.0753293696027938
Paderborn,PA-04--PA-08,RIX + Rauigkeit + Wind,0.0760511703965236
Paderborn,PA-04--PA-09,RIX + Rauigkeit + Wind,0.0761779158678051
Paderborn,PA-05--PA-06,RIX + Rauigkeit + Wind,0.0703202236927444
Paderborn,PA-05--PA-07,RIX + Rauigkeit + Wind,0.0688759971085681
Paderborn,PA-05--PA-08,RIX + Rauigkeit + Wind,0.0708382070543123
Paderborn,PA-05--PA-09,RIX + Rauigkeit + Wind,0.0713882045672229
Paderborn,PA-06--PA-07,RIX + Rauigkeit + Wind,0.0699641501429189
Paderborn,PA-06--PA-08,RIX + Rauigkeit + Wind,0.0711309170932644
Paderborn,PA-06--PA-09,RIX + Rauigkeit + Wind,0.0687094562414445
Paderborn,PA-07--PA-08,RIX + Rauigkeit + Wind,0.0687740223489324
Paderborn,PA-07--PA-09,RIX + Rauigkeit + Wind,0.069630498735128
Paderborn,PA-08--PA-09,RIX + Rauigkeit + Wind,0.0705448080793966
Rheda-Beckum,RB-01--RB-02,RIX + Rauigkeit + Wind,0.0411040268002669
Rheda-Beckum,RB-01--RB-03,RIX + Rauigkeit + Wind,0.0437376471760023
Rheda-Beckum,RB-01--RB-04,RIX + Rauigkeit + Wind,0.0573949808509273
Rheda-Beckum,RB-01--RB-05,RIX + Rauigkeit + Wind,0.0543796289331902
Rheda-Beckum,RB-02--RB-03,RIX + Rauigkeit + Wind,0.0427550674799732
Rheda-Beckum,RB-02--RB-04,RIX + Rauigkeit + Wind,0.0585525485491559
Rheda-Beckum,RB-02--RB-05,RIX + Rauigkeit + Wind,0.0552817956163396
Rheda-Beckum,RB-03--RB-04,RIX + Rauigkeit + Wind,0.055973974625812
Rheda-Beckum,RB-03--RB-05,RIX + Rauigkeit + Wind,0.0530581542554011
Rheda-Beckum,RB-04--RB-05,RIX + Rauigkeit + Wind,0.0431591560399506
Alpen-Sevelen,AS-01--AS-02,RIX + Wald + Wind,0.0526566984797373
Alpen-Sevelen,AS-01--AS-03,RIX + Wald + Wind,0.0507271913672289
Alpen-Sevelen,AS-01--AS-04,RIX + Wald + Wind,0.0536394217322943
Alpen-Sevelen,AS-01--AS-05,RIX + Wald + Wind,0.0570100476366867
Alpen-Sevelen,AS-01--AS-06,RIX + Wald + Wind,0.0563818619630625
Alpen-Sevelen,AS-02--AS-03,RIX + Wald + Wind,0.0536910172194777
Alpen-Sevelen,AS-02--AS-04,RIX + Wald + Wind,0.04763227532872
Alpen-Sevelen,AS-02--AS-05,RIX + Wald + Wind,0.0495180284949982
Alpen-Sevelen,AS-02--AS-06,RIX + Wald + Wind,0.048315423262463
Alpen-Sevelen,AS-03--AS-04,RIX + Wald + Wind,0.0434365311563316
Alpen-Sevelen,AS-03--AS-05,RIX + Wald + Wind,0.0475897324729461
Alpen-Sevelen,AS-03--AS-06,RIX + Wald + Wind,0.046329268217323
Alpen-Sevelen,AS-04--AS-05,RIX + Wald + Wind,0.0419641400481822
Alpen-Sevelen,AS-04--AS-06,RIX + Wald + Wind,0.0396861723883785
Alpen-Sevelen,AS-05--AS-06,RIX + Wald + Wind,0.0400586598540956
Altenmellrich,AM-01--AM-02,RIX + Wald + Wind,0.0625133255088839
Altenmellrich,AM-01--AM-03,RIX + Wald + Wind,0.0645446008661807
Altenmellrich,AM-01--AM-04,RIX + Wald + Wind,0.082958650907583
Altenmellrich,AM-02--AM-03,RIX + Wald + Wind,0.0621565498923374
Altenmellrich,AM-02--AM-04,RIX + Wald + Wind,0.0659030997917518
Altenmellrich,AM-03--AM-04,RIX + Wald + Wind,0.0685725464411284
Bad Berleburg,BB-01--BB-02,RIX + Wald + Wind,0.1249501562655622
Bad Berleburg,BB-01--BB-03,RIX + Wald + Wind,0.1098640688992557
Bad Berleburg,BB-01--BB-04,RIX + Wald + Wind,0.1361720297518931
Bad Berleburg,BB-01--BB-05,RIX + Wald + Wind,0.1156702088148562
Bad Berleburg,BB-01--BB-06,RIX + Wald + Wind,0.1721324253238083
Bad Berleburg,BB-01--BB-07,RIX + Wald + Wind,0.1608694883045703
Bad Berleburg,BB-02--BB-03,RIX + Wald + Wind,0.14755946435382
Bad Berleburg,BB-02--BB-04,RIX + Wald + Wind,0.1189922807937394
Bad Berleburg,BB-02--BB-05,RIX + Wald + Wind,0.1511105681562704
Bad Berleburg,BB-02--BB-06,RIX + Wald + Wind,0.2213904646878169
Bad Berleburg,BB-02--BB-07,RIX + Wald + Wind,0.1196386700227556
Bad Berleburg,BB-03--BB-04,RIX + Wald + Wind,0.1437451617250761
Bad Berleburg,BB-03--BB-05,RIX + Wald + Wind,0.1348438536084885
Bad Berleburg,BB-03--BB-06,RIX + Wald + Wind,0.1588663410935147
Bad Berleburg,BB-03--BB-07,RIX + Wald + Wind,0.1881579302211506
Bad Berleburg,BB-04--BB-05,RIX + Wald + Wind,0.1278028014506625
Bad Berleburg,BB-04--BB-06,RIX + Wald + Wind,0.174750868158504
Bad Berleburg,BB-04--BB-07,RIX + Wald + Wind,0.1389739362797464
Bad Berleburg,BB-05--BB-06,RIX + Wald + Wind,0.1714411030265777
Bad Berleburg,BB-05--BB-07,RIX + Wald + Wind,0.1559279494013339
Bad Berleburg,BB-06--BB-07,RIX + Wald + Wind,0.2463129532948954
Borken-Coesfeld,BC-01--BC-02,RIX + Wald + Wind,0.0511733948661835
Borken-Coesfeld,BC-01--BC-03,RIX + Wald + Wind,0.0520639796517735
Borken-Coesfeld,BC-01--BC-04,RIX + Wald + Wind,0.053679954796111
Borken-Coesfeld,BC-01--BC-05,RIX + Wald + Wind,0.0513346252179373
Borken-Coesfeld,BC-01--BC-06,RIX + Wald + Wind,0.0561962690556558
Borken-Coesfeld,BC-02--BC-03,RIX + Wald + Wind,0.0566379228267627
Borken-Coesfeld,BC-02--BC-04,RIX + Wald + Wind,0.0547909477577757
Borken-Coesfeld,BC-02--BC-05,RIX + Wald + Wind,0.049470331003843
Borken-Coesfeld,BC-02--BC-06,RIX + Wald + Wind,0.060592941396063
Borken-Coesfeld,BC-03--BC-04,RIX + Wald + Wind,0.0444227786126781
Borken-Coesfeld,BC-03--BC-05,RIX + Wald + Wind,0.0523699020226729
Borken-Coesfeld,BC-03--BC-06,RIX + Wald + Wind,0.0488565901523713
Borken-Coesfeld,BC-04--BC-05,RIX + Wald + Wind,0.0522755642139564
Borken-Coesfeld,BC-04--BC-06,RIX + Wald + Wind,0.0510309836663317
Borken-Coesfeld,BC-05--BC-06,RIX + Wald + Wind,0.0536284521227909
Lorup,LO-01--LO-02,RIX + Wald + Wind,0.0563567117821024
Lorup,LO-01--LO-03,RIX + Wald + Wind,0.0666830845359277
Lorup,LO-02--LO-03,RIX + Wald + Wind,0.0582916500572463
Ostfriesland,OF-01--OF-02,RIX + Wald + Wind,0.0434637370350985
Ostfriesland,OF-01--OF-03,RIX + Wald + Wind,0.0448067591978856
Ostfriesland,OF-01--OF-04,RIX + Wald + Wind,0.0511219139028052
Ostfriesland,OF-02--OF-03,RIX + Wald + Wind,0.045222155429152
Ostfriesland,OF-02--OF-04,RIX + Wald + Wind,0.0504960163804671
Ostfriesland,OF-03--OF-04,RIX + Wald + Wind,0.0561869921195441
Paderborn,PA-01--PA-10,RIX + Wald + Wind,0.0851167275385932
Paderborn,PA-01--PA-11,RIX + Wald + Wind,0.0846252826104415
Paderborn,PA-01--PA-12,RIX + Wald + Wind,0.0873000689767716
Paderborn,PA-01--PA-02,RIX + Wald + Wind,0.0818959288014453
Paderborn,PA-01--PA-03,RIX + Wald + Wind,0.0780151272158007
Paderborn,PA-01--PA-04,RIX + Wald + Wind,0.0760141859173766
Paderborn,PA-01--PA-05,RIX + Wald + Wind,0.0827816392056712
Paderborn,PA-01--PA-06,RIX + Wald + Wind,0.0830869512203056
Paderborn,PA-01--PA-07,RIX + Wald + Wind,0.0836367128148626
Paderborn,PA-01--PA-08,RIX + Wald + Wind,0.0820764745542067
Paderborn,PA-01--PA-09,RIX + Wald + Wind,0.0855010384851291
Paderborn,PA-10--PA-11,RIX + Wald + Wind,0.0715261775789921
Paderborn,PA-10--PA-12,RIX + Wald + Wind,0.0763108792243387
Paderborn,PA-02--PA-10,RIX + Wald + Wind,0.0865659389210522
Paderborn,PA-03--PA-10,RIX + Wald + Wind,0.0776638186921544
Paderborn,PA-04--PA-10,RIX + Wald + Wind,0.0767509924985273
Paderborn,PA-05--PA-10,RIX + Wald + Wind,0.0750915873656235
Paderborn,PA-06--PA-10,RIX + Wald + Wind,0.0699587445200819
Paderborn,PA-07--PA-10,RIX + Wald + Wind,0.074810132432419
Paderborn,PA-08--PA-10,RIX + Wald + Wind,0.0713466894362909
Paderborn,PA-09--PA-10,RIX + Wald + Wind,0.0713625252135738
Paderborn,PA-11--PA-12,RIX + Wald + Wind,0.0678741081003212
Paderborn,PA-02--PA-11,RIX + Wald + Wind,0.0826503298960886
Paderborn,PA-03--PA-11,RIX + Wald + Wind,0.0784297826008429
Paderborn,PA-04--PA-11,RIX + Wald + Wind,0.0784717629922427
Paderborn,PA-05--PA-11,RIX + Wald + Wind,0.0709509781686564
Paderborn,PA-06--PA-11,RIX + Wald + Wind,0.07084845822529
Paderborn,PA-07--PA-11,RIX + Wald + Wind,0.0709793694475694
Paderborn,PA-08--PA-11,RIX + Wald + Wind,0.0710024529695121
Paderborn,PA-09--PA-11,RIX + Wald + Wind,0.071965633055731
Paderborn,PA-02--PA-12,RIX + Wald + Wind,0.0804837315582918
Paderborn,PA-03--PA-12,RIX + Wald + Wind,0.0827482166901554
Paderborn,PA-04--PA-12,RIX + Wald + Wind,0.0821085906538798
Paderborn,PA-05--PA-12,RIX + Wald + Wind,0.076694097507515
Paderborn,PA-06--PA-12,RIX + Wald + Wind,0.0763636944341907
Paderborn,PA-07--PA-12,RIX + Wald + Wind,0.0756791349474436
Paderborn,PA-08--PA-12,RIX + Wald + Wind,0.0768892426024709
Paderborn,PA-09--PA-12,RIX + Wald + Wind,0.0767425520536244
Paderborn,PA-02--PA-03,RIX + Wald + Wind,0.0856988119905621
Paderborn,PA-02--PA-04,RIX + Wald + Wind,0.081036780848319
Paderborn,PA-02--PA-05,RIX + Wald + Wind,0.0861678192403111
Paderborn,PA-02--PA-06,RIX + Wald + Wind,0.0867196534994396
Paderborn,PA-02--PA-07,RIX + Wald + Wind,0.0847003608675121
Paderborn,PA-02--PA-08,RIX + Wald + Wind,0.087396053992671
Paderborn,PA-02--PA-09,RIX + Wald + Wind,0.086992253797152
Paderborn,PA-03--PA-04,RIX + Wald + Wind,0.0753333911776562
Paderborn,PA-03--PA-05,RIX + Wald + Wind,0.0744335879017132
Paderborn,PA-03--PA-06,RIX + Wald + Wind,0.0744196536431078
Paderborn,PA-03--PA-07,RIX + Wald + Wind,0.0749601438034497
Paderborn,PA-03--PA-08,RIX + Wald + Wind,0.072739362751507
Paderborn,PA-03--PA-09,RIX + Wald + Wind,0.0748587893363461
Paderborn,PA-04--PA-05,RIX + Wald + Wind,0.0743612449348379
Paderborn,PA-04--PA-06,RIX + Wald + Wind,0.0745644408994462
Paderborn,PA-04--PA-07,RIX + Wald + Wind,0.0758910679887937
Paderborn,PA-04--PA-08,RIX + Wald + Wind,0.0754621596137612
Paderborn,PA-04--PA-09,RIX + Wald + Wind,0.0760366790533304
Paderborn,PA-05--PA-06,RIX + Wald + Wind,0.0694811976047713
Paderborn,PA-05--PA-07,RIX + Wald + Wind,0.0678448194915133
Paderborn,PA-05--PA-08,RIX + Wald + Wind,0.0702715387376096
Paderborn,PA-05--PA-09,RIX + Wald + Wind,0.0719190168916863
Paderborn,PA-06--PA-07,RIX + Wald + Wind,0.0701142036257813
Paderborn,PA-06--PA-08,RIX + Wald + Wind,0.0687963611079601
Paderborn,PA-06--PA-09,RIX + Wald + Wind,0.068486254939375
Paderborn,PA-07--PA-08,RIX + Wald + Wind,0.0701643211810855
Paderborn,PA-07--PA-09,RIX + Wald + Wind,0.0699784276617322
Paderborn,PA-08--PA-09,RIX + Wald + Wind,0.0709660075021113
Rheda-Beckum,RB-01--RB-02,RIX + Wald + Wind,0.0385186555685126
Rheda-Beckum,RB-01--RB-03,RIX + Wald + Wind,0.0421371333491541
Rheda-Beckum,RB-01--RB-04,RIX + Wald + Wind,0.055405342635787
Rheda-Beckum,RB-01--RB-05,RIX + Wald + Wind,0.0527980921087333
Rheda-Beckum,RB-02--RB-03,RIX + Wald + Wind,0.0397232341438248
Rheda-Beckum,RB-02--RB-04,RIX + Wald + Wind,0.0560604544827141
Rheda-Beckum,RB-02--RB-05,RIX + Wald + Wind,0.0533760132552312
Rheda-Beckum,RB-03--RB-04,RIX + Wald + Wind,0.0561867581780397
Rheda-Beckum,RB-03--RB-05,RIX + Wald + Wind,0.0531244151713364
Rheda-Beckum,RB-04--RB-05,RIX + Wald + Wind,0.0402851192379547
Alpen-Sevelen,AS-01--AS-02,Gelaendehoehe + Rauigkeit + Wald,0.0722507385520289
Alpen-Sevelen,AS-01--AS-03,Gelaendehoehe + Rauigkeit + Wald,0.0629450943633267
Alpen-Sevelen,AS-01--AS-04,Gelaendehoehe + Rauigkeit + Wald,0.0711738135759147
Alpen-Sevelen,AS-01--AS-05,Gelaendehoehe + Rauigkeit + Wald,0.0757869637631634
Alpen-Sevelen,AS-01--AS-06,Gelaendehoehe + Rauigkeit + Wald,0.0744692332066305
Alpen-Sevelen,AS-02--AS-03,Gelaendehoehe + Rauigkeit + Wald,0.0631830508592897
Alpen-Sevelen,AS-02--AS-04,Gelaendehoehe + Rauigkeit + Wald,0.0567402680672362
Alpen-Sevelen,AS-02--AS-05,Gelaendehoehe + Rauigkeit + Wald,0.0625405719984161
Alpen-Sevelen,AS-02--AS-06,Gelaendehoehe + Rauigkeit + Wald,0.0587587007545199
Alpen-Sevelen,AS-03--AS-04,Gelaendehoehe + Rauigkeit + Wald,0.0599863561144754
Alpen-Sevelen,AS-03--AS-05,Gelaendehoehe + Rauigkeit + Wald,0.065902615569039
Alpen-Sevelen,AS-03--AS-06,Gelaendehoehe + Rauigkeit + Wald,0.0635764688430382
Alpen-Sevelen,AS-04--AS-05,Gelaendehoehe + Rauigkeit + Wald,0.0583280834067842
Alpen-Sevelen,AS-04--AS-06,Gelaendehoehe + Rauigkeit + Wald,0.0554456344251683
Alpen-Sevelen,AS-05--AS-06,Gelaendehoehe + Rauigkeit + Wald,0.0544469175569661
Altenmellrich,AM-01--AM-02,Gelaendehoehe + Rauigkeit + Wald,0.0623559016390101
Altenmellrich,AM-01--AM-03,Gelaendehoehe + Rauigkeit + Wald,0.058796299497927
Altenmellrich,AM-01--AM-04,Gelaendehoehe + Rauigkeit + Wald,0.0820022479800625
Altenmellrich,AM-02--AM-03,Gelaendehoehe + Rauigkeit + Wald,0.0701801478836042
Altenmellrich,AM-02--AM-04,Gelaendehoehe + Rauigkeit + Wald,0.0622094505313584
Altenmellrich,AM-03--AM-04,Gelaendehoehe + Rauigkeit + Wald,0.0845098119180695
Bad Berleburg,BB-01--BB-02,Gelaendehoehe + Rauigkeit + Wald,0.0616448649665337
Bad Berleburg,BB-01--BB-03,Gelaendehoehe + Rauigkeit + Wald,0.074238473679017
Bad Berleburg,BB-01--BB-04,Gelaendehoehe + Rauigkeit + Wald,0.0673096511678404
Bad Berleburg,BB-01--BB-05,Gelaendehoehe + Rauigkeit + Wald,0.0582887197014045
Bad Berleburg,BB-01--BB-06,Gelaendehoehe + Rauigkeit + Wald,0.0667640424034164
Bad Berleburg,BB-01--BB-07,Gelaendehoehe + Rauigkeit + Wald,0.0861928880315063
Bad Berleburg,BB-02--BB-03,Gelaendehoehe + Rauigkeit + Wald,0.0937720098562978
Bad Berleburg,BB-02--BB-04,Gelaendehoehe + Rauigkeit + Wald,0.0843165352626194
Bad Berleburg,BB-02--BB-05,Gelaendehoehe + Rauigkeit + Wald,0.0693242224253211
Bad Berleburg,BB-02--BB-06,Gelaendehoehe + Rauigkeit + Wald,0.083433149707006
Bad Berleburg,BB-02--BB-07,Gelaendehoehe + Rauigkeit + Wald,0.0677110302742073
Bad Berleburg,BB-03--BB-04,Gelaendehoehe + Rauigkeit + Wald,0.0588632636558423
Bad Berleburg,BB-03--BB-05,Gelaendehoehe + Rauigkeit + Wald,0.0762686502237526
Bad Berleburg,BB-03--BB-06,Gelaendehoehe + Rauigkeit + Wald,0.0566191456261897
Bad Berleburg,BB-03--BB-07,Gelaendehoehe + Rauigkeit + Wald,0.1140748669778876
Bad Berleburg,BB-04--BB-05,Gelaendehoehe + Rauigkeit + Wald,0.0649457120060897
Bad Berleburg,BB-04--BB-06,Gelaendehoehe + Rauigkeit + Wald,0.0570121477404276
Bad Berleburg,BB-04--BB-07,Gelaendehoehe + Rauigkeit + Wald,0.1071653829681382
Bad Berleburg,BB-05--BB-06,Gelaendehoehe + Rauigkeit + Wald,0.0703075056537078
Bad Berleburg,BB-05--BB-07,Gelaendehoehe + Rauigkeit + Wald,0.0914121486213638
Bad Berleburg,BB-06--BB-07,Gelaendehoehe + Rauigkeit + Wald,0.1003217730190433
Borken-Coesfeld,BC-01--BC-02,Gelaendehoehe + Rauigkeit + Wald,0.0739926301036282
Borken-Coesfeld,BC-01--BC-03,Gelaendehoehe + Rauigkeit + Wald,0.0678454408943858
Borken-Coesfeld,BC-01--BC-04,Gelaendehoehe + Rauigkeit + Wald,0.06881175704941
Borken-Coesfeld,BC-01--BC-05,Gelaendehoehe + Rauigkeit + Wald,0.067738572283622
Borken-Coesfeld,BC-01--BC-06,Gelaendehoehe + Rauigkeit + Wald,0.0724999222044575
Borken-Coesfeld,BC-02--BC-03,Gelaendehoehe + Rauigkeit + Wald,0.0797580508603826
Borken-Coesfeld,BC-02--BC-04,Gelaendehoehe + Rauigkeit + Wald,0.0744248404693268
Borken-Coesfeld,BC-02--BC-05,Gelaendehoehe + Rauigkeit + Wald,0.066641210476454
Borken-Coesfeld,BC-02--BC-06,Gelaendehoehe + Rauigkeit + Wald,0.0877375308088762
Borken-Coesfeld,BC-03--BC-04,Gelaendehoehe + Rauigkeit + Wald,0.0633415967734111
Borken-Coesfeld,BC-03--BC-05,Gelaendehoehe + Rauigkeit + Wald,0.0706325603176847
Borken-Coesfeld,BC-03--BC-06,Gelaendehoehe + Rauigkeit + Wald,0.062431695426069
Borken-Coesfeld,BC-04--BC-05,Gelaendehoehe + Rauigkeit + Wald,0.0661970753536031
Borken-Coesfeld,BC-04--BC-06,Gelaendehoehe + Rauigkeit + Wald,0.0699383900337671
Borken-Coesfeld,BC-05--BC-06,Gelaendehoehe + Rauigkeit + Wald,0.0760782228139505
Lorup,LO-01--LO-02,Gelaendehoehe + Rauigkeit + Wald,0.077088737753131
Lorup,LO-01--LO-03,Gelaendehoehe + Rauigkeit + Wald,0.0994638064275504
Lorup,LO-02--LO-03,Gelaendehoehe + Rauigkeit + Wald,0.0796533602096368
Ostfriesland,OF-01--OF-02,Gelaendehoehe + Rauigkeit + Wald,0.0557113828165497
Ostfriesland,OF-01--OF-03,Gelaendehoehe + Rauigkeit + Wald,0.0576369525848179
Ostfriesland,OF-01--OF-04,Gelaendehoehe + Rauigkeit + Wald,0.0588092368279322
Ostfriesland,OF-02--OF-03,Gelaendehoehe + Rauigkeit + Wald,0.0555602571222151
Ostfriesland,OF-02--OF-04,Gelaendehoehe + Rauigkeit + Wald,0.060907531273252
Ostfriesland,OF-03--OF-04,Gelaendehoehe + Rauigkeit + Wald,0.0637942391393909
Paderborn,PA-01--PA-10,Gelaendehoehe + Rauigkeit + Wald,0.09668220682287
Paderborn,PA-01--PA-11,Gelaendehoehe + Rauigkeit + Wald,0.1660998921259826
Paderborn,PA-01--PA-12,Gelaendehoehe + Rauigkeit + Wald,0.196826867057219
Paderborn,PA-01--PA-02,Gelaendehoehe + Rauigkeit + Wald,0.1980643011481834
Paderborn,PA-01--PA-03,Gelaendehoehe + Rauigkeit + Wald,0.116255445271905
Paderborn,PA-01--PA-04,Gelaendehoehe + Rauigkeit + Wald,0.077102338321981
Paderborn,PA-01--PA-05,Gelaendehoehe + Rauigkeit + Wald,0.1260024908013394
Paderborn,PA-01--PA-06,Gelaendehoehe + Rauigkeit + Wald,0.0762673604193888
Paderborn,PA-01--PA-07,Gelaendehoehe + Rauigkeit + Wald,0.1222262240349839
Paderborn,PA-01--PA-08,Gelaendehoehe + Rauigkeit + Wald,0.1203983685622343
Paderborn,PA-01--PA-09,Gelaendehoehe + Rauigkeit + Wald,0.151048209498682
Paderborn,PA-10--PA-11,Gelaendehoehe + Rauigkeit + Wald,0.1092751174339573
Paderborn,PA-10--PA-12,Gelaendehoehe + Rauigkeit + Wald,0.1363074806724884
Paderborn,PA-02--PA-10,Gelaendehoehe + Rauigkeit + Wald,0.1400951508646689
Paderborn,PA-03--PA-10,Gelaendehoehe + Rauigkeit + Wald,0.0778912894520161
Paderborn,PA-04--PA-10,Gelaendehoehe + Rauigkeit + Wald,0.0782488310440529
Paderborn,PA-05--PA-10,Gelaendehoehe + Rauigkeit + Wald,0.0768218207684463
Paderborn,PA-06--PA-10,Gelaendehoehe + Rauigkeit + Wald,0.0657742480678175
Paderborn,PA-07--PA-10,Gelaendehoehe + Rauigkeit + Wald,0.0756336884694797
Paderborn,PA-08--PA-10,Gelaendehoehe + Rauigkeit + Wald,0.0719423314579144
Paderborn,PA-09--PA-10,Gelaendehoehe + Rauigkeit + Wald,0.0906631526499855
Paderborn,PA-11--PA-12,Gelaendehoehe + Rauigkeit + Wald,0.0581991863994852
Paderborn,PA-02--PA-11,Gelaendehoehe + Rauigkeit + Wald,0.0718390106675617
Paderborn,PA-03--PA-11,Gelaendehoehe + Rauigkeit + Wald,0.0877968317550057
Paderborn,PA-04--PA-11,Gelaendehoehe + Rauigkeit + Wald,0.140012915662091
Paderborn,PA-05--PA-11,Gelaendehoehe + Rauigkeit + Wald,0.0722992413745817
Paderborn,PA-06--PA-11,Gelaendehoehe + Rauigkeit + Wald,0.1160180932279104
Paderborn,PA-07--PA-11,Gelaendehoehe + Rauigkeit + Wald,0.0831341417091296
Paderborn,PA-08--PA-11,Gelaendehoehe + Rauigkeit + Wald,0.0786533295768676
Paderborn,PA-09--PA-11,Gelaendehoehe + Rauigkeit + Wald,0.078007240570263
Paderborn,PA-02--PA-12,Gelaendehoehe + Rauigkeit + Wald,0.0683506218964879
Paderborn,PA-03--PA-12,Gelaendehoehe + Rauigkeit + Wald,0.1078069111672801
Paderborn,PA-04--PA-12,Gelaendehoehe + Rauigkeit + Wald,0.1753708884169165
Paderborn,PA-05--PA-12,Gelaendehoehe + Rauigkeit + Wald,0.0909997808634199
Paderborn,PA-06--PA-12,Gelaendehoehe + Rauigkeit + Wald,0.1458851547538656
Paderborn,PA-07--PA-12,Gelaendehoehe + Rauigkeit + Wald,0.0967902291742397
Paderborn,PA-08--PA-12,Gelaendehoehe + Rauigkeit + Wald,0.0979490954294606
Paderborn,PA-09--PA-12,Gelaendehoehe + Rauigkeit + Wald,0.094473168213855
Paderborn,PA-02--PA-03,Gelaendehoehe + Rauigkeit + Wald,0.1085323011963179
Paderborn,PA-02--PA-04,Gelaendehoehe + Rauigkeit + Wald,0.1924796587301515
Paderborn,PA-02--PA-05,Gelaendehoehe + Rauigkeit + Wald,0.1076011988695362
Paderborn,PA-02--PA-06,Gelaendehoehe + Rauigkeit + Wald,0.1560136899219527
Paderborn,PA-02--PA-07,Gelaendehoehe + Rauigkeit + Wald,0.1100801723115769
Paderborn,PA-02--PA-08,Gelaendehoehe + Rauigkeit + Wald,0.110601201769637
Paderborn,PA-02--PA-09,Gelaendehoehe + Rauigkeit + Wald,0.0995973735248396
Paderborn,PA-03--PA-04,Gelaendehoehe + Rauigkeit + Wald,0.1148833280694739
Paderborn,PA-03--PA-05,Gelaendehoehe + Rauigkeit + Wald,0.0749735904357843
Paderborn,PA-03--PA-06,Gelaendehoehe + Rauigkeit + Wald,0.0951245478496183
Paderborn,PA-03--PA-07,Gelaendehoehe + Rauigkeit + Wald,0.0792793606331522
Paderborn,PA-03--PA-08,Gelaendehoehe + Rauigkeit + Wald,0.0581865310468913
Paderborn,PA-03--PA-09,Gelaendehoehe + Rauigkeit + Wald,0.0684333179734566
Paderborn,PA-04--PA-05,Gelaendehoehe + Rauigkeit + Wald,0.0944995823664318
Paderborn,PA-04--PA-06,Gelaendehoehe + Rauigkeit + Wald,0.0617040191469862
Paderborn,PA-04--PA-07,Gelaendehoehe + Rauigkeit + Wald,0.0961141146011749
Paderborn,PA-04--PA-08,Gelaendehoehe + Rauigkeit + Wald,0.0989275806702359
Paderborn,PA-04--PA-09,Gelaendehoehe + Rauigkeit + Wald,0.1159042455093388
Paderborn,PA-05--PA-06,Gelaendehoehe + Rauigkeit + Wald,0.0798719797309902
Paderborn,PA-05--PA-07,Gelaendehoehe + Rauigkeit + Wald,0.060138920559667
Paderborn,PA-05--PA-08,Gelaendehoehe + Rauigkeit + Wald,0.0627774897229296
Paderborn,PA-05--PA-09,Gelaendehoehe + Rauigkeit + Wald,0.0738748017909455
Paderborn,PA-06--PA-07,Gelaendehoehe + Rauigkeit + Wald,0.0806225066954511
Paderborn,PA-06--PA-08,Gelaendehoehe + Rauigkeit + Wald,0.0815716374930231
Paderborn,PA-06--PA-09,Gelaendehoehe + Rauigkeit + Wald,0.1015945056722966
Paderborn,PA-07--PA-08,Gelaendehoehe + Rauigkeit + Wald,0.0702704148854326
Paderborn,PA-07--PA-09,Gelaendehoehe + Rauigkeit + Wald,0.0705577116236724
Paderborn,PA-08--PA-09,Gelaendehoehe + Rauigkeit + Wald,0.0661403539175927
Rheda-Beckum,RB-01--RB-02,Gelaendehoehe + Rauigkeit + Wald,0.0519487254839338
Rheda-Beckum,RB-01--RB-03,Gelaendehoehe + Rauigkeit + Wald,0.058086737190097
Rheda-Beckum,RB-01--RB-04,Gelaendehoehe + Rauigkeit + Wald,0.0636664929220196
Rheda-Beckum,RB-01--RB-05,Gelaendehoehe + Rauigkeit + Wald,0.0609500517810763
Rheda-Beckum,RB-02--RB-03,Gelaendehoehe + Rauigkeit + Wald,0.0539856964960667
Rheda-Beckum,RB-02--RB-04,Gelaendehoehe + Rauigkeit + Wald,0.0629031665766658
Rheda-Beckum,RB-02--RB-05,Gelaendehoehe + Rauigkeit + Wald,0.0597057159982865
Rheda-Beckum,RB-03--RB-04,Gelaendehoehe + Rauigkeit + Wald,0.0599387510775109
Rheda-Beckum,RB-03--RB-05,Gelaendehoehe + Rauigkeit + Wald,0.0568037419750888
Rheda-Beckum,RB-04--RB-05,Gelaendehoehe + Rauigkeit + Wald,0.0520557118143079
Alpen-Sevelen,AS-01--AS-02,Gelaendehoehe + Rauigkeit + Wind,0.0504937759363437
Alpen-Sevelen,AS-01--AS-03,Gelaendehoehe + Rauigkeit + Wind,0.0547223673413439
Alpen-Sevelen,AS-01--AS-04,Gelaendehoehe + Rauigkeit + Wind,0.0527825971024316
Alpen-Sevelen,AS-01--AS-05,Gelaendehoehe + Rauigkeit + Wind,0.0559746146382521
Alpen-Sevelen,AS-01--AS-06,Gelaendehoehe + Rauigkeit + Wind,0.0547281078802974
Alpen-Sevelen,AS-02--AS-03,Gelaendehoehe + Rauigkeit + Wind,0.0607114690621052
Alpen-Sevelen,AS-02--AS-04,Gelaendehoehe + Rauigkeit + Wind,0.0590744229085175
Alpen-Sevelen,AS-02--AS-05,Gelaendehoehe + Rauigkeit + Wind,0.0606786648999595
Alpen-Sevelen,AS-02--AS-06,Gelaendehoehe + Rauigkeit + Wind,0.0605876470742952
Alpen-Sevelen,AS-03--AS-04,Gelaendehoehe + Rauigkeit + Wind,0.047090551719156
Alpen-Sevelen,AS-03--AS-05,Gelaendehoehe + Rauigkeit + Wind,0.0508934770324
Alpen-Sevelen,AS-03--AS-06,Gelaendehoehe + Rauigkeit + Wind,0.0493114149397618
Alpen-Sevelen,AS-04--AS-05,Gelaendehoehe + Rauigkeit + Wind,0.0491440830259898
Alpen-Sevelen,AS-04--AS-06,Gelaendehoehe + Rauigkeit + Wind,0.0469617326285535
Alpen-Sevelen,AS-05--AS-06,Gelaendehoehe + Rauigkeit + Wind,0.0466811351528366
Altenmellrich,AM-01--AM-02,Gelaendehoehe + Rauigkeit + Wind,0.060822559705165
Altenmellrich,AM-01--AM-03,Gelaendehoehe + Rauigkeit + Wind,0.0647651086437727
Altenmellrich,AM-01--AM-04,Gelaendehoehe + Rauigkeit + Wind,0.0900867181960499
Altenmellrich,AM-02--AM-03,Gelaendehoehe + Rauigkeit + Wind,0.0527739267560232
Altenmellrich,AM-02--AM-04,Gelaendehoehe + Rauigkeit + Wind,0.0715286595204681
Altenmellrich,AM-03--AM-04,Gelaendehoehe + Rauigkeit + Wind,0.060250246053081
Bad Berleburg,BB-01--BB-02,Gelaendehoehe + Rauigkeit + Wind,0.1206830693590683
Bad Berleburg,BB-01--BB-03,Gelaendehoehe + Rauigkeit + Wind,0.0717597407110848
Bad Berleburg,BB-01--BB-04,Gelaendehoehe + Rauigkeit + Wind,0.1032167886181331
Bad Berleburg,BB-01--BB-05,Gelaendehoehe + Rauigkeit + Wind,0.0516565192476953
Bad Berleburg,BB-01--BB-06,Gelaendehoehe + Rauigkeit + Wind,0.1803159657231959
Bad Berleburg,BB-01--BB-07,Gelaendehoehe + Rauigkeit + Wind,0.1822126159165689
Bad Berleburg,BB-02--BB-03,Gelaendehoehe + Rauigkeit + Wind,0.1668983456905789
Bad Berleburg,BB-02--BB-04,Gelaendehoehe + Rauigkeit + Wind,0.0997226326638803
Bad Berleburg,BB-02--BB-05,Gelaendehoehe + Rauigkeit + Wind,0.1256522916120884
Bad Berleburg,BB-02--BB-06,Gelaendehoehe + Rauigkeit + Wind,0.4064453211239441
Bad Berleburg,BB-02--BB-07,Gelaendehoehe + Rauigkeit + Wind,0.0694748275420082
Bad Berleburg,BB-03--BB-04,Gelaendehoehe + Rauigkeit + Wind,0.1376467937117785
Bad Berleburg,BB-03--BB-05,Gelaendehoehe + Rauigkeit + Wind,0.1109916775531978
Bad Berleburg,BB-03--BB-06,Gelaendehoehe + Rauigkeit + Wind,0.1694994037757844
Bad Berleburg,BB-03--BB-07,Gelaendehoehe + Rauigkeit + Wind,0.418031233542829
Bad Berleburg,BB-04--BB-05,Gelaendehoehe + Rauigkeit + Wind,0.1246171426747771
Bad Berleburg,BB-04--BB-06,Gelaendehoehe + Rauigkeit + Wind,0.2033545203293246
Bad Berleburg,BB-04--BB-07,Gelaendehoehe + Rauigkeit + Wind,0.1718946246361801
Bad Berleburg,BB-05--BB-06,Gelaendehoehe + Rauigkeit + Wind,0.2505582903499055
Bad Berleburg,BB-05--BB-07,Gelaendehoehe + Rauigkeit + Wind,0.1683042295331451
Bad Berleburg,BB-06--BB-07,Gelaendehoehe + Rauigkeit + Wind,0.885321005948006
Borken-Coesfeld,BC-01--BC-02,Gelaendehoehe + Rauigkeit + Wind,0.0601919410615386
Borken-Coesfeld,BC-01--BC-03,Gelaendehoehe + Rauigkeit + Wind,0.0605927989564924
Borken-Coesfeld,BC-01--BC-04,Gelaendehoehe + Rauigkeit + Wind,0.058634747303568
Borken-Coesfeld,BC-01--BC-05,Gelaendehoehe + Rauigkeit + Wind,0.0595062970150313
Borken-Coesfeld,BC-01--BC-06,Gelaendehoehe + Rauigkeit + Wind,0.0651296987811294
Borken-Coesfeld,BC-02--BC-03,Gelaendehoehe + Rauigkeit + Wind,0.073427996213916
Borken-Coesfeld,BC-02--BC-04,Gelaendehoehe + Rauigkeit + Wind,0.0697913708110571
Borken-Coesfeld,BC-02--BC-05,Gelaendehoehe + Rauigkeit + Wind,0.0567468520200239
Borken-Coesfeld,BC-02--BC-06,Gelaendehoehe + Rauigkeit + Wind,0.0740129221777717
Borken-Coesfeld,BC-03--BC-04,Gelaendehoehe + Rauigkeit + Wind,0.0494702084452087
Borken-Coesfeld,BC-03--BC-05,Gelaendehoehe + Rauigkeit + Wind,0.0614001735892465
Borken-Coesfeld,BC-03--BC-06,Gelaendehoehe + Rauigkeit + Wind,0.0525917796541701
Borken-Coesfeld,BC-04--BC-05,Gelaendehoehe + Rauigkeit + Wind,0.058500844582989
Borken-Coesfeld,BC-04--BC-06,Gelaendehoehe + Rauigkeit + Wind,0.0561286275544161
Borken-Coesfeld,BC-05--BC-06,Gelaendehoehe + Rauigkeit + Wind,0.060778089211369
Lorup,LO-01--LO-02,Gelaendehoehe + Rauigkeit + Wind,0.0539239899634888
Lorup,LO-01--LO-03,Gelaendehoehe + Rauigkeit + Wind,0.0655085423147761
Lorup,LO-02--LO-03,Gelaendehoehe + Rauigkeit + Wind,0.0575450725278003
Ostfriesland,OF-01--OF-02,Gelaendehoehe + Rauigkeit + Wind,0.0493732550442228
Ostfriesland,OF-01--OF-03,Gelaendehoehe + Rauigkeit + Wind,0.0515504583129367
Ostfriesland,OF-01--OF-04,Gelaendehoehe + Rauigkeit + Wind,0.0589483650014352
Ostfriesland,OF-02--OF-03,Gelaendehoehe + Rauigkeit + Wind,0.0525435903706333
Ostfriesland,OF-02--OF-04,Gelaendehoehe + Rauigkeit + Wind,0.0581791737432789
Ostfriesland,OF-03--OF-04,Gelaendehoehe + Rauigkeit + Wind,0.0662850872934961
Paderborn,PA-01--PA-10,Gelaendehoehe + Rauigkeit + Wind,0.1497088522237525
Paderborn,PA-01--PA-11,Gelaendehoehe + Rauigkeit + Wind,0.2094699315667723
Paderborn,PA-01--PA-12,Gelaendehoehe + Rauigkeit + Wind,0.2063160432770437
Paderborn,PA-01--PA-02,Gelaendehoehe + Rauigkeit + Wind,0.1487860951535004
Paderborn,PA-01--PA-03,Gelaendehoehe + Rauigkeit + Wind,0.1246201440053772
Paderborn,PA-01--PA-04,Gelaendehoehe + Rauigkeit + Wind,0.063032534668629
Paderborn,PA-01--PA-05,Gelaendehoehe + Rauigkeit + Wind,0.136798735638342
Paderborn,PA-01--PA-06,Gelaendehoehe + Rauigkeit + Wind,0.1242924430448706
Paderborn,PA-01--PA-07,Gelaendehoehe + Rauigkeit + Wind,0.1313069145373867
Paderborn,PA-01--PA-08,Gelaendehoehe + Rauigkeit + Wind,0.1569377147571659
Paderborn,PA-01--PA-09,Gelaendehoehe + Rauigkeit + Wind,0.1828232660772506
Paderborn,PA-10--PA-11,Gelaendehoehe + Rauigkeit + Wind,0.0703768780133313
Paderborn,PA-10--PA-12,Gelaendehoehe + Rauigkeit + Wind,0.0769476785812906
Paderborn,PA-02--PA-10,Gelaendehoehe + Rauigkeit + Wind,0.1372631192366507
Paderborn,PA-03--PA-10,Gelaendehoehe + Rauigkeit + Wind,0.0917558542655002
Paderborn,PA-04--PA-10,Gelaendehoehe + Rauigkeit + Wind,0.0994027061700067
Paderborn,PA-05--PA-10,Gelaendehoehe + Rauigkeit + Wind,0.0706259487908734
Paderborn,PA-06--PA-10,Gelaendehoehe + Rauigkeit + Wind,0.0605195498062261
Paderborn,PA-07--PA-10,Gelaendehoehe + Rauigkeit + Wind,0.0623640415242314
Paderborn,PA-08--PA-10,Gelaendehoehe + Rauigkeit + Wind,0.0676148498906933
Paderborn,PA-09--PA-10,Gelaendehoehe + Rauigkeit + Wind,0.0641781564375468
Paderborn,PA-11--PA-12,Gelaendehoehe + Rauigkeit + Wind,0.0500587302880534
Paderborn,PA-02--PA-11,Gelaendehoehe + Rauigkeit + Wind,0.1013082058612001
Paderborn,PA-03--PA-11,Gelaendehoehe + Rauigkeit + Wind,0.0835139440044624
Paderborn,PA-04--PA-11,Gelaendehoehe + Rauigkeit + Wind,0.1521994727152594
Paderborn,PA-05--PA-11,Gelaendehoehe + Rauigkeit + Wind,0.0773206391776568
Paderborn,PA-06--PA-11,Gelaendehoehe + Rauigkeit + Wind,0.0905653868054818
Paderborn,PA-07--PA-11,Gelaendehoehe + Rauigkeit + Wind,0.0758845642728244
Paderborn,PA-08--PA-11,Gelaendehoehe + Rauigkeit + Wind,0.0625942094189958
Paderborn,PA-09--PA-11,Gelaendehoehe + Rauigkeit + Wind,0.0595591459145556
Paderborn,PA-02--PA-12,Gelaendehoehe + Rauigkeit + Wind,0.0892200280266341
Paderborn,PA-03--PA-12,Gelaendehoehe + Rauigkeit + Wind,0.0880138785834606
Paderborn,PA-04--PA-12,Gelaendehoehe + Rauigkeit + Wind,0.1505258600910686
Paderborn,PA-05--PA-12,Gelaendehoehe + Rauigkeit + Wind,0.0891304213019947
Paderborn,PA-06--PA-12,Gelaendehoehe + Rauigkeit + Wind,0.1032165887274146
Paderborn,PA-07--PA-12,Gelaendehoehe + Rauigkeit + Wind,0.0896808428810929
Paderborn,PA-08--PA-12,Gelaendehoehe + Rauigkeit + Wind,0.073922515530396
Paderborn,PA-09--PA-12,Gelaendehoehe + Rauigkeit + Wind,0.0672645086865351
Paderborn,PA-02--PA-03,Gelaendehoehe + Rauigkeit + Wind,0.1032311728210964
Paderborn,PA-02--PA-04,Gelaendehoehe + Rauigkeit + Wind,0.1257977737510599
Paderborn,PA-02--PA-05,Gelaendehoehe + Rauigkeit + Wind,0.1287173771091481
Paderborn,PA-02--PA-06,Gelaendehoehe + Rauigkeit + Wind,0.1765754005233383
Paderborn,PA-02--PA-07,Gelaendehoehe + Rauigkeit + Wind,0.1332375370703756
Paderborn,PA-02--PA-08,Gelaendehoehe + Rauigkeit + Wind,0.1192206618680296
Paderborn,PA-02--PA-09,Gelaendehoehe + Rauigkeit + Wind,0.1162605245896026
Paderborn,PA-03--PA-04,Gelaendehoehe + Rauigkeit + Wind,0.0921034151990734
Paderborn,PA-03--PA-05,Gelaendehoehe + Rauigkeit + Wind,0.0547699277736302
Paderborn,PA-03--PA-06,Gelaendehoehe + Rauigkeit + Wind,0.084599401922118
Paderborn,PA-03--PA-07,Gelaendehoehe + Rauigkeit + Wind,0.061135277008634
Paderborn,PA-03--PA-08,Gelaendehoehe + Rauigkeit + Wind,0.0582583625423748
Paderborn,PA-03--PA-09,Gelaendehoehe + Rauigkeit + Wind,0.0659961352022307
Paderborn,PA-04--PA-05,Gelaendehoehe + Rauigkeit + Wind,0.0972400412615088
Paderborn,PA-04--PA-06,Gelaendehoehe + Rauigkeit + Wind,0.0802149019717062
Paderborn,PA-04--PA-07,Gelaendehoehe + Rauigkeit + Wind,0.0929697563361328
Paderborn,PA-04--PA-08,Gelaendehoehe + Rauigkeit + Wind,0.1129006453804004
Paderborn,PA-04--PA-09,Gelaendehoehe + Rauigkeit + Wind,0.1207615301622456
Paderborn,PA-05--PA-06,Gelaendehoehe + Rauigkeit + Wind,0.0669310034930844
Paderborn,PA-05--PA-07,Gelaendehoehe + Rauigkeit + Wind,0.0465927519650745
Paderborn,PA-05--PA-08,Gelaendehoehe + Rauigkeit + Wind,0.0520539442779571
Paderborn,PA-05--PA-09,Gelaendehoehe + Rauigkeit + Wind,0.0599223320486193
Paderborn,PA-06--PA-07,Gelaendehoehe + Rauigkeit + Wind,0.0610595044800875
Paderborn,PA-06--PA-08,Gelaendehoehe + Rauigkeit + Wind,0.0705634746805665
Paderborn,PA-06--PA-09,Gelaendehoehe + Rauigkeit + Wind,0.0664739866360849
Paderborn,PA-07--PA-08,Gelaendehoehe + Rauigkeit + Wind,0.052421590546072
Paderborn,PA-07--PA-09,Gelaendehoehe + Rauigkeit + Wind,0.0638922088159094
Paderborn,PA-08--PA-09,Gelaendehoehe + Rauigkeit + Wind,0.056737789068503
Rheda-Beckum,RB-01--RB-02,Gelaendehoehe + Rauigkeit + Wind,0.0443562392487828
Rheda-Beckum,RB-01--RB-03,Gelaendehoehe + Rauigkeit + Wind,0.0493259010302872
Rheda-Beckum,RB-01--RB-04,Gelaendehoehe + Rauigkeit + Wind,0.0675572975989202
Rheda-Beckum,RB-01--RB-05,Gelaendehoehe + Rauigkeit + Wind,0.0623366775902709
Rheda-Beckum,RB-02--RB-03,Gelaendehoehe + Rauigkeit + Wind,0.0465737660399009
Rheda-Beckum,RB-02--RB-04,Gelaendehoehe + Rauigkeit + Wind,0.0664502727956072
Rheda-Beckum,RB-02--RB-05,Gelaendehoehe + Rauigkeit + Wind,0.0611464937376868
Rheda-Beckum,RB-03--RB-04,Gelaendehoehe + Rauigkeit + Wind,0.0589162372303597
Rheda-Beckum,RB-03--RB-05,Gelaendehoehe + Rauigkeit + Wind,0.0543925843127179
Rheda-Beckum,RB-04--RB-05,Gelaendehoehe + Rauigkeit + Wind,0.0459985729690579
Alpen-Sevelen,AS-01--AS-02,Gelaendehoehe + Wald + Wind,0.0554179064908306
Alpen-Sevelen,AS-01--AS-03,Gelaendehoehe + Wald + Wind,0.0539439708968079
Alpen-Sevelen,AS-01--AS-04,Gelaendehoehe + Wald + Wind,0.0570156931877586
Alpen-Sevelen,AS-01--AS-05,Gelaendehoehe + Wald + Wind,0.0614243185156757
Alpen-Sevelen,AS-01--AS-06,Gelaendehoehe + Wald + Wind,0.0602333868312077
Alpen-Sevelen,AS-02--AS-03,Gelaendehoehe + Wald + Wind,0.0582992912315964
Alpen-Sevelen,AS-02--AS-04,Gelaendehoehe + Wald + Wind,0.0520317699428317
Alpen-Sevelen,AS-02--AS-05,Gelaendehoehe + Wald + Wind,0.0547391271253778
Alpen-Sevelen,AS-02--AS-06,Gelaendehoehe + Wald + Wind,0.053057957796094
Alpen-Sevelen,AS-03--AS-04,Gelaendehoehe + Wald + Wind,0.0458634577481631
Alpen-Sevelen,AS-03--AS-05,Gelaendehoehe + Wald + Wind,0.0509392710435957
Alpen-Sevelen,AS-03--AS-06,Gelaendehoehe + Wald + Wind,0.0491706590260974
Alpen-Sevelen,AS-04--AS-05,Gelaendehoehe + Wald + Wind,0.0448283366290454
Alpen-Sevelen,AS-04--AS-06,Gelaendehoehe + Wald + Wind,0.0420357620751585
Alpen-Sevelen,AS-05--AS-06,Gelaendehoehe + Wald + Wind,0.0418592539030149
Altenmellrich,AM-01--AM-02,Gelaendehoehe + Wald + Wind,0.0614008495841277
Altenmellrich,AM-01--AM-03,Gelaendehoehe + Wald + Wind,0.0617014679066397
Altenmellrich,AM-01--AM-04,Gelaendehoehe + Wald + Wind,0.0924363870726494
Altenmellrich,AM-02--AM-03,Gelaendehoehe + Wald + Wind,0.0579398672330207
Altenmellrich,AM-02--AM-04,Gelaendehoehe + Wald + Wind,0.0662984963877102
Altenmellrich,AM-03--AM-04,Gelaendehoehe + Wald + Wind,0.0696327998969743
Bad Berleburg,BB-01--BB-02,Gelaendehoehe + Wald + Wind,0.074777202577754
Bad Berleburg,BB-01--BB-03,Gelaendehoehe + Wald + Wind,0.0668642225711476
Bad Berleburg,BB-01--BB-04,Gelaendehoehe + Wald + Wind,0.0799071532698842
Bad Berleburg,BB-01--BB-05,Gelaendehoehe + Wald + Wind,0.0599731818001069
Bad Berleburg,BB-01--BB-06,Gelaendehoehe + Wald + Wind,0.1020167272223638
Bad Berleburg,BB-01--BB-07,Gelaendehoehe + Wald + Wind,0.1104981692460079
Bad Berleburg,BB-02--BB-03,Gelaendehoehe + Wald + Wind,0.1058014660287753
Bad Berleburg,BB-02--BB-04,Gelaendehoehe + Wald + Wind,0.0806849442986396
Bad Berleburg,BB-02--BB-05,Gelaendehoehe + Wald + Wind,0.0898163268618908
Bad Berleburg,BB-02--BB-06,Gelaendehoehe + Wald + Wind,0.1541735402210676
Bad Berleburg,BB-02--BB-07,Gelaendehoehe + Wald + Wind,0.0707694332708388
Bad Berleburg,BB-03--BB-04,Gelaendehoehe + Wald + Wind,0.079143030678
Bad Berleburg,BB-03--BB-05,Gelaendehoehe + Wald + Wind,0.0828311714487358
Bad Berleburg,BB-03--BB-06,Gelaendehoehe + Wald + Wind,0.0861883204918855
Bad Berleburg,BB-03--BB-07,Gelaendehoehe + Wald + Wind,0.1532728115233237
Bad Berleburg,BB-04--BB-05,Gelaendehoehe + Wald + Wind,0.0744861462995329
Bad Berleburg,BB-04--BB-06,Gelaendehoehe + Wald + Wind,0.0931585872227534
Bad Berleburg,BB-04--BB-07,Gelaendehoehe + Wald + Wind,0.1069769953527451
Bad Berleburg,BB-05--BB-06,Gelaendehoehe + Wald + Wind,0.101820549998132
Bad Berleburg,BB-05--BB-07,Gelaendehoehe + Wald + Wind,0.1049237691017873
Bad Berleburg,BB-06--BB-07,Gelaendehoehe + Wald + Wind,0.1935692301069614
Borken-Coesfeld,BC-01--BC-02,Gelaendehoehe + Wald + Wind,0.0587639023674375
Borken-Coesfeld,BC-01--BC-03,Gelaendehoehe + Wald + Wind,0.0565294776766354
Borken-Coesfeld,BC-01--BC-04,Gelaendehoehe + Wald + Wind,0.0556219255547795
Borken-Coesfeld,BC-01--BC-05,Gelaendehoehe + Wald + Wind,0.0553553744580869
Borken-Coesfeld,BC-01--BC-06,Gelaendehoehe + Wald + Wind,0.0611946384191784
Borken-Coesfeld,BC-02--BC-03,Gelaendehoehe + Wald + Wind,0.0681482347895872
Borken-Coesfeld,BC-02--BC-04,Gelaendehoehe + Wald + Wind,0.0626181852169577
Borken-Coesfeld,BC-02--BC-05,Gelaendehoehe + Wald + Wind,0.0531672653481933
Borken-Coesfeld,BC-02--BC-06,Gelaendehoehe + Wald + Wind,0.0728297505526137
Borken-Coesfeld,BC-03--BC-04,Gelaendehoehe + Wald + Wind,0.0480683696910449
Borken-Coesfeld,BC-03--BC-05,Gelaendehoehe + Wald + Wind,0.0588843923811345
Borken-Coesfeld,BC-03--BC-06,Gelaendehoehe + Wald + Wind,0.0508314834897851
Borken-Coesfeld,BC-04--BC-05,Gelaendehoehe + Wald + Wind,0.0557495150594455
Borken-Coesfeld,BC-04--BC-06,Gelaendehoehe + Wald + Wind,0.0553435449912299
Borken-Coesfeld,BC-05--BC-06,Gelaendehoehe + Wald + Wind,0.0603286941987407
Lorup,LO-01--LO-02,Gelaendehoehe + Wald + Wind,0.0585935715904606
Lorup,LO-01--LO-03,Gelaendehoehe + Wald + Wind,0.071176086575633
Lorup,LO-02--LO-03,Gelaendehoehe + Wald + Wind,0.0610259956504584
Ostfriesland,OF-01--OF-02,Gelaendehoehe + Wald + Wind,0.0455131499434113
Ostfriesland,OF-01--OF-03,Gelaendehoehe + Wald + Wind,0.0469823934147068
Ostfriesland,OF-01--OF-04,Gelaendehoehe + Wald + Wind,0.0538426232648197
Ostfriesland,OF-02--OF-03,Gelaendehoehe + Wald + Wind,0.0474607111249136
Ostfriesland,OF-02--OF-04,Gelaendehoehe + Wald + Wind,0.0530441985341666
Ostfriesland,OF-03--OF-04,Gelaendehoehe + Wald + Wind,0.0591876289209175
Paderborn,PA-01--PA-10,Gelaendehoehe + Wald + Wind,0.158341560933567
Paderborn,PA-01--PA-11,Gelaendehoehe + Wald + Wind,0.217201999917119
Paderborn,PA-01--PA-12,Gelaendehoehe + Wald + Wind,0.2413798842963962
Paderborn,PA-01--PA-02,Gelaendehoehe + Wald + Wind,0.1660239894146133
Paderborn,PA-01--PA-03,Gelaendehoehe + Wald + Wind,0.1208996550864963
Paderborn,PA-01--PA-04,Gelaendehoehe + Wald + Wind,0.0766875630120404
Paderborn,PA-01--PA-05,Gelaendehoehe + Wald + Wind,0.1512426701154475
Paderborn,PA-01--PA-06,Gelaendehoehe + Wald + Wind,0.1286584177362146
Paderborn,PA-01--PA-07,Gelaendehoehe + Wald + Wind,0.1518771608167998
Paderborn,PA-01--PA-08,Gelaendehoehe + Wald + Wind,0.156863272211722
Paderborn,PA-01--PA-09,Gelaendehoehe + Wald + Wind,0.2014640988209876
Paderborn,PA-10--PA-11,Gelaendehoehe + Wald + Wind,0.0788816503473921
Paderborn,PA-10--PA-12,Gelaendehoehe + Wald + Wind,0.1012627518189175
Paderborn,PA-02--PA-10,Gelaendehoehe + Wald + Wind,0.1684720590635386
Paderborn,PA-03--PA-10,Gelaendehoehe + Wald + Wind,0.0935209977903235
Paderborn,PA-04--PA-10,Gelaendehoehe + Wald + Wind,0.0973232462779782
Paderborn,PA-05--PA-10,Gelaendehoehe + Wald + Wind,0.0784346256291773
Paderborn,PA-06--PA-10,Gelaendehoehe + Wald + Wind,0.0596156249818005
Paderborn,PA-07--PA-10,Gelaendehoehe + Wald + Wind,0.0732701911576319
Paderborn,PA-08--PA-10,Gelaendehoehe + Wald + Wind,0.0667061946176056
Paderborn,PA-09--PA-10,Gelaendehoehe + Wald + Wind,0.0707880525332562
Paderborn,PA-11--PA-12,Gelaendehoehe + Wald + Wind,0.0514784532068759
Paderborn,PA-02--PA-11,Gelaendehoehe + Wald + Wind,0.1145478306714046
Paderborn,PA-03--PA-11,Gelaendehoehe + Wald + Wind,0.0992344463288351
Paderborn,PA-04--PA-11,Gelaendehoehe + Wald + Wind,0.1504293535591732
Paderborn,PA-05--PA-11,Gelaendehoehe + Wald + Wind,0.0723204566015273
Paderborn,PA-06--PA-11,Gelaendehoehe + Wald + Wind,0.0878015082028458
Paderborn,PA-07--PA-11,Gelaendehoehe + Wald + Wind,0.0745786922884801
Paderborn,PA-08--PA-11,Gelaendehoehe + Wald + Wind,0.0671934207604572
Paderborn,PA-09--PA-11,Gelaendehoehe + Wald + Wind,0.0692116196089334
Paderborn,PA-02--PA-12,Gelaendehoehe + Wald + Wind,0.0995258924932978
Paderborn,PA-03--PA-12,Gelaendehoehe + Wald + Wind,0.1214829099715696
Paderborn,PA-04--PA-12,Gelaendehoehe + Wald + Wind,0.1761747562422621
Paderborn,PA-05--PA-12,Gelaendehoehe + Wald + Wind,0.0985375841846168
Paderborn,PA-06--PA-12,Gelaendehoehe + Wald + Wind,0.1178719933700727
Paderborn,PA-07--PA-12,Gelaendehoehe + Wald + Wind,0.0971600734779436
Paderborn,PA-08--PA-12,Gelaendehoehe + Wald + Wind,0.0923106768058128
Paderborn,PA-09--PA-12,Gelaendehoehe + Wald + Wind,0.089311785330384
Paderborn,PA-02--PA-03,Gelaendehoehe + Wald + Wind,0.1323893941210646
Paderborn,PA-02--PA-04,Gelaendehoehe + Wald + Wind,0.1501482106668296
Paderborn,PA-02--PA-05,Gelaendehoehe + Wald + Wind,0.1511277800797792
Paderborn,PA-02--PA-06,Gelaendehoehe + Wald + Wind,0.1952126020822242
Paderborn,PA-02--PA-07,Gelaendehoehe + Wald + Wind,0.1475774986395043
Paderborn,PA-02--PA-08,Gelaendehoehe + Wald + Wind,0.1513439203273113
Paderborn,PA-02--PA-09,Gelaendehoehe + Wald + Wind,0.1468387217703027
Paderborn,PA-03--PA-04,Gelaendehoehe + Wald + Wind,0.0966242559548422
Paderborn,PA-03--PA-05,Gelaendehoehe + Wald + Wind,0.0664086123903793
Paderborn,PA-03--PA-06,Gelaendehoehe + Wald + Wind,0.0866126121216837
Paderborn,PA-03--PA-07,Gelaendehoehe + Wald + Wind,0.0723517627083584
Paderborn,PA-03--PA-08,Gelaendehoehe + Wald + Wind,0.0606625302401683
Paderborn,PA-03--PA-09,Gelaendehoehe + Wald + Wind,0.07351370565288
Paderborn,PA-04--PA-05,Gelaendehoehe + Wald + Wind,0.0933692258630937
Paderborn,PA-04--PA-06,Gelaendehoehe + Wald + Wind,0.0777921657902893
Paderborn,PA-04--PA-07,Gelaendehoehe + Wald + Wind,0.0968720975376809
Paderborn,PA-04--PA-08,Gelaendehoehe + Wald + Wind,0.1048805512417085
Paderborn,PA-04--PA-09,Gelaendehoehe + Wald + Wind,0.1176425154755554
Paderborn,PA-05--PA-06,Gelaendehoehe + Wald + Wind,0.0636082580832655
Paderborn,PA-05--PA-07,Gelaendehoehe + Wald + Wind,0.0473818887159637
Paderborn,PA-05--PA-08,Gelaendehoehe + Wald + Wind,0.0548649244761222
Paderborn,PA-05--PA-09,Gelaendehoehe + Wald + Wind,0.0659629998827734
Paderborn,PA-06--PA-07,Gelaendehoehe + Wald + Wind,0.0627532273191846
Paderborn,PA-06--PA-08,Gelaendehoehe + Wald + Wind,0.0644299172565123
Paderborn,PA-06--PA-09,Gelaendehoehe + Wald + Wind,0.0669448258402052
Paderborn,PA-07--PA-08,Gelaendehoehe + Wald + Wind,0.0562406977632329
Paderborn,PA-07--PA-09,Gelaendehoehe + Wald + Wind,0.0625900139616254
Paderborn,PA-08--PA-09,Gelaendehoehe + Wald + Wind,0.0605258791778163
Rheda-Beckum,RB-01--RB-02,Gelaendehoehe + Wald + Wind,0.0415272054428854
Rheda-Beckum,RB-01--RB-03,Gelaendehoehe + Wald + Wind,0.0470706351055522
Rheda-Beckum,RB-01--RB-04,Gelaendehoehe + Wald + Wind,0.0647870989820237
Rheda-Beckum,RB-01--RB-05,Gelaendehoehe + Wald + Wind,0.0602488292114314
Rheda-Beckum,RB-02--RB-03,Gelaendehoehe + Wald + Wind,0.043151240762065
Rheda-Beckum,RB-02--RB-04,Gelaendehoehe + Wald + Wind,0.0636220673932628
Rheda-Beckum,RB-02--RB-05,Gelaendehoehe + Wald + Wind,0.0591209828057606
Rheda-Beckum,RB-03--RB-04,Gelaendehoehe + Wald + Wind,0.0593630724592316
Rheda-Beckum,RB-03--RB-05,Gelaendehoehe + Wald + Wind,0.0548111536060357
Rheda-Beckum,RB-04--RB-05,Gelaendehoehe + Wald + Wind,0.0429844576986707
Alpen-Sevelen,AS-01--AS-02,Rauigkeit + Wald + Wind,0.0590239666078869
Alpen-Sevelen,AS-01--AS-03,Rauigkeit + Wald + Wind,0.0569604906499386
Alpen-Sevelen,AS-01--AS-04,Rauigkeit + Wald + Wind,0.0606786570902037
Alpen-Sevelen,AS-01--AS-05,Rauigkeit + Wald + Wind,0.0644670366347631
Alpen-Sevelen,AS-01--AS-06,Rauigkeit + Wald + Wind,0.0637722240157861
Alpen-Sevelen,AS-02--AS-03,Rauigkeit + Wald + Wind,0.0609898291230531
Alpen-Sevelen,AS-02--AS-04,Rauigkeit + Wald + Wind,0.0532230608006516
Alpen-Sevelen,AS-02--AS-05,Rauigkeit + Wald + Wind,0.0546656765693398
Alpen-Sevelen,AS-02--AS-06,Rauigkeit + Wald + Wind,0.053335702381058
Alpen-Sevelen,AS-03--AS-04,Rauigkeit + Wald + Wind,0.0480706406505087
Alpen-Sevelen,AS-03--AS-05,Rauigkeit + Wald + Wind,0.0526363688734632
Alpen-Sevelen,AS-03--AS-06,Rauigkeit + Wald + Wind,0.0512815056740111
Alpen-Sevelen,AS-04--AS-05,Rauigkeit + Wald + Wind,0.0454763489569597
Alpen-Sevelen,AS-04--AS-06,Rauigkeit + Wald + Wind,0.0427821649478259
Alpen-Sevelen,AS-05--AS-06,Rauigkeit + Wald + Wind,0.0429396238692941
Altenmellrich,AM-01--AM-02,Rauigkeit + Wald + Wind,0.0602616204356183
Altenmellrich,AM-01--AM-03,Rauigkeit + Wald + Wind,0.0619767100593434
Altenmellrich,AM-01--AM-04,Rauigkeit + Wald + Wind,0.0879400255085033
Altenmellrich,AM-02--AM-03,Rauigkeit + Wald + Wind,0.0591649616349916
Altenmellrich,AM-02--AM-04,Rauigkeit + Wald + Wind,0.0649465904845233
Altenmellrich,AM-03--AM-04,Rauigkeit + Wald + Wind,0.0673149712441434
Bad Berleburg,BB-01--BB-02,Rauigkeit + Wald + Wind,0.1021955421918607
Bad Berleburg,BB-01--BB-03,Rauigkeit + Wald + Wind,0.0747660097123251
Bad Berleburg,BB-01--BB-04,Rauigkeit + Wald + Wind,0.1086545987536795
Bad Berleburg,BB-01--BB-05,Rauigkeit + Wald + Wind,0.0617502391461542
Bad Berleburg,BB-01--BB-06,Rauigkeit + Wald + Wind,0.186703985112234
Bad Berleburg,BB-01--BB-07,Rauigkeit + Wald + Wind,0.1451760354414821
Bad Berleburg,BB-02--BB-03,Rauigkeit + Wald + Wind,0.1478468986420618
Bad Berleburg,BB-02--BB-04,Rauigkeit + Wald + Wind,0.0847181743901794
Bad Berleburg,BB-02--BB-05,Rauigkeit + Wald + Wind,0.1300008330669385
Bad Berleburg,BB-02--BB-06,Rauigkeit + Wald + Wind,0.3532174284157606
Bad Berleburg,BB-02--BB-07,Rauigkeit + Wald + Wind,0.0632843483671927
Bad Berleburg,BB-03--BB-04,Rauigkeit + Wald + Wind,0.1646014629971434
Bad Berleburg,BB-03--BB-05,Rauigkeit + Wald + Wind,0.1173169779248248
Bad Berleburg,BB-03--BB-06,Rauigkeit + Wald + Wind,0.2006931726069069
Bad Berleburg,BB-03--BB-07,Rauigkeit + Wald + Wind,0.3017958767104171
Bad Berleburg,BB-04--BB-05,Rauigkeit + Wald + Wind,0.1226817750398663
Bad Berleburg,BB-04--BB-06,Rauigkeit + Wald + Wind,0.2631871541507719
Bad Berleburg,BB-04--BB-07,Rauigkeit + Wald + Wind,0.12303883906656
Bad Berleburg,BB-05--BB-06,Rauigkeit + Wald + Wind,0.2785170085504037
Bad Berleburg,BB-05--BB-07,Rauigkeit + Wald + Wind,0.1532161054573664
Bad Berleburg,BB-06--BB-07,Rauigkeit + Wald + Wind,0.6189608153262033
Borken-Coesfeld,BC-01--BC-02,Rauigkeit + Wald + Wind,0.0563929221375145
Borken-Coesfeld,BC-01--BC-03,Rauigkeit + Wald + Wind,0.0586516536198227
Borken-Coesfeld,BC-01--BC-04,Rauigkeit + Wald + Wind,0.0613153198867612
Borken-Coesfeld,BC-01--BC-05,Rauigkeit + Wald + Wind,0.0565451176971088
Borken-Coesfeld,BC-01--BC-06,Rauigkeit + Wald + Wind,0.064721229020914
Borken-Coesfeld,BC-02--BC-03,Rauigkeit + Wald + Wind,0.0640474932396875
Borken-Coesfeld,BC-02--BC-04,Rauigkeit + Wald + Wind,0.0621798268006069
Borken-Coesfeld,BC-02--BC-05,Rauigkeit + Wald + Wind,0.0537145871889885
Borken-Coesfeld,BC-02--BC-06,Rauigkeit + Wald + Wind,0.0694577455320037
Borken-Coesfeld,BC-03--BC-04,Rauigkeit + Wald + Wind,0.0473065616700106
Borken-Coesfeld,BC-03--BC-05,Rauigkeit + Wald + Wind,0.0567956351217281
Borken-Coesfeld,BC-03--BC-06,Rauigkeit + Wald + Wind,0.0538015389754888
Borken-Coesfeld,BC-04--BC-05,Rauigkeit + Wald + Wind,0.0567218523563304
Borken-Coesfeld,BC-04--BC-06,Rauigkeit + Wald + Wind,0.0563137012639277
Borken-Coesfeld,BC-05--BC-06,Rauigkeit + Wald + Wind,0.0587435000512008
Lorup,LO-01--LO-02,Rauigkeit + Wald + Wind,0.0613486808792003
Lorup,LO-01--LO-03,Rauigkeit + Wald + Wind,0.0788906991166399
Lorup,LO-02--LO-03,Rauigkeit + Wald + Wind,0.064769032539572
Ostfriesland,OF-01--OF-02,Rauigkeit + Wald + Wind,0.0457851136971863
Ostfriesland,OF-01--OF-03,Rauigkeit + Wald + Wind,0.0479925945353642
Ostfriesland,OF-01--OF-04,Rauigkeit + Wald + Wind,0.055839204968625
Ostfriesland,OF-02--OF-03,Rauigkeit + Wald + Wind,0.0481376842328559
Ostfriesland,OF-02--OF-04,Rauigkeit + Wald + Wind,0.0557128375865566
Ostfriesland,OF-03--OF-04,Rauigkeit + Wald + Wind,0.0640430040860575
Paderborn,PA-01--PA-10,Rauigkeit + Wald + Wind,0.1539337989502423
Paderborn,PA-01--PA-11,Rauigkeit + Wald + Wind,0.1582188065073931
Paderborn,PA-01--PA-12,Rauigkeit + Wald + Wind,0.1780923949137776
Paderborn,PA-01--PA-02,Rauigkeit + Wald + Wind,0.1124680166534828
Paderborn,PA-01--PA-03,Rauigkeit + Wald + Wind,0.0941749831415829
Paderborn,PA-01--PA-04,Rauigkeit + Wald + Wind,0.0832779329399624
Paderborn,PA-01--PA-05,Rauigkeit + Wald + Wind,0.1315005729330833
Paderborn,PA-01--PA-06,Rauigkeit + Wald + Wind,0.1408204773387004
Paderborn,PA-01--PA-07,Rauigkeit + Wald + Wind,0.1380531465960955
Paderborn,PA-01--PA-08,Rauigkeit + Wald + Wind,0.1286193759850584
Paderborn,PA-01--PA-09,Rauigkeit + Wald + Wind,0.1627458471861151
Paderborn,PA-10--PA-11,Rauigkeit + Wald + Wind,0.06398236246565
Paderborn,PA-10--PA-12,Rauigkeit + Wald + Wind,0.0850092198683851
Paderborn,PA-02--PA-10,Rauigkeit + Wald + Wind,0.1496313133338953
Paderborn,PA-03--PA-10,Rauigkeit + Wald + Wind,0.0937749199909545
Paderborn,PA-04--PA-10,Rauigkeit + Wald + Wind,0.0930172086954406
Paderborn,PA-05--PA-10,Rauigkeit + Wald + Wind,0.0781369509299009
Paderborn,PA-06--PA-10,Rauigkeit + Wald + Wind,0.0552379923480124
Paderborn,PA-07--PA-10,Rauigkeit + Wald + Wind,0.0764805157412732
Paderborn,PA-08--PA-10,Rauigkeit + Wald + Wind,0.0620590531076148
Paderborn,PA-09--PA-10,Rauigkeit + Wald + Wind,0.0627604928952828
Paderborn,PA-11--PA-12,Rauigkeit + Wald + Wind,0.0552508020630092
Paderborn,PA-02--PA-11,Rauigkeit + Wald + Wind,0.1315004014938093
Paderborn,PA-03--PA-11,Rauigkeit + Wald + Wind,0.099560159705982
Paderborn,PA-04--PA-11,Rauigkeit + Wald + Wind,0.110246073358317
Paderborn,PA-05--PA-11,Rauigkeit + Wald + Wind,0.0658700304981721
Paderborn,PA-06--PA-11,Rauigkeit + Wald + Wind,0.0642438502975226
Paderborn,PA-07--PA-11,Rauigkeit + Wald + Wind,0.0655786237962107
Paderborn,PA-08--PA-11,Rauigkeit + Wald + Wind,0.0644308102802483
Paderborn,PA-09--PA-11,Rauigkeit + Wald + Wind,0.0714614278660134
Paderborn,PA-02--PA-12,Rauigkeit + Wald + Wind,0.1126787015812251
Paderborn,PA-03--PA-12,Rauigkeit + Wald + Wind,0.1248257758396545
Paderborn,PA-04--PA-12,Rauigkeit + Wald + Wind,0.1314960325064303
Paderborn,PA-05--PA-12,Rauigkeit + Wald + Wind,0.0934488952165785
Paderborn,PA-06--PA-12,Rauigkeit + Wald + Wind,0.0903218649602935
Paderborn,PA-07--PA-12,Rauigkeit + Wald + Wind,0.0887761264615484
Paderborn,PA-08--PA-12,Rauigkeit + Wald + Wind,0.093693530877635
Paderborn,PA-09--PA-12,Rauigkeit + Wald + Wind,0.0956483123382709
Paderborn,PA-02--PA-03,Rauigkeit + Wald + Wind,0.1361792927613639
Paderborn,PA-02--PA-04,Rauigkeit + Wald + Wind,0.1066948778987508
Paderborn,PA-02--PA-05,Rauigkeit + Wald + Wind,0.1494271466533384
Paderborn,PA-02--PA-06,Rauigkeit + Wald + Wind,0.1575359119302986
Paderborn,PA-02--PA-07,Rauigkeit + Wald + Wind,0.1416671810007009
Paderborn,PA-02--PA-08,Rauigkeit + Wald + Wind,0.1616180999496615
Paderborn,PA-02--PA-09,Rauigkeit + Wald + Wind,0.1675524086962986
Paderborn,PA-03--PA-04,Rauigkeit + Wald + Wind,0.0793348889997455
Paderborn,PA-03--PA-05,Rauigkeit + Wald + Wind,0.0705025360515625
Paderborn,PA-03--PA-06,Rauigkeit + Wald + Wind,0.0731413087045276
Paderborn,PA-03--PA-07,Rauigkeit + Wald + Wind,0.0740971180230171
Paderborn,PA-03--PA-08,Rauigkeit + Wald + Wind,0.0657030554497911
Paderborn,PA-03--PA-09,Rauigkeit + Wald + Wind,0.0784920888002285
Paderborn,PA-04--PA-05,Rauigkeit + Wald + Wind,0.0789550957689911
Paderborn,PA-04--PA-06,Rauigkeit + Wald + Wind,0.0811038170346326
Paderborn,PA-04--PA-07,Rauigkeit + Wald + Wind,0.0870200967548016
Paderborn,PA-04--PA-08,Rauigkeit + Wald + Wind,0.0869061644394285
Paderborn,PA-04--PA-09,Rauigkeit + Wald + Wind,0.0928382321825515
Paderborn,PA-05--PA-06,Rauigkeit + Wald + Wind,0.0552597338356278
Paderborn,PA-05--PA-07,Rauigkeit + Wald + Wind,0.0479998096331781
Paderborn,PA-05--PA-08,Rauigkeit + Wald + Wind,0.0571420273962881
Paderborn,PA-05--PA-09,Rauigkeit + Wald + Wind,0.0669551989951937
Paderborn,PA-06--PA-07,Rauigkeit + Wald + Wind,0.0573061200242987
Paderborn,PA-06--PA-08,Rauigkeit + Wald + Wind,0.0525640051148084
Paderborn,PA-06--PA-09,Rauigkeit + Wald + Wind,0.05239593359326
Paderborn,PA-07--PA-08,Rauigkeit + Wald + Wind,0.0576370163290515
Paderborn,PA-07--PA-09,Rauigkeit + Wald + Wind,0.0611197462631347
Paderborn,PA-08--PA-09,Rauigkeit + Wald + Wind,0.0638071671755701
Rheda-Beckum,RB-01--RB-02,Rauigkeit + Wald + Wind,0.0417944357968105
Rheda-Beckum,RB-01--RB-03,Rauigkeit + Wald + Wind,0.0455723695044793
Rheda-Beckum,RB-01--RB-04,Rauigkeit + Wald + Wind,0.063804876949481
Rheda-Beckum,RB-01--RB-05,Rauigkeit + Wald + Wind,0.0604039764876402
Rheda-Beckum,RB-02--RB-03,Rauigkeit + Wald + Wind,0.0423907190382742
Rheda-Beckum,RB-02--RB-04,Rauigkeit + Wald + Wind,0.0647799250134224
Rheda-Beckum,RB-02--RB-05,Rauigkeit + Wald + Wind,0.0611258205032594
Rheda-Beckum,RB-03--RB-04,Rauigkeit + Wald + Wind,0.0635097987696442
Rheda-Beckum,RB-03--RB-05,Rauigkeit + Wald + Wind,0.0595720035293902
Rheda-Beckum,RB-04--RB-05,Rauigkeit + Wald + Wind,0.0434571217513783
Alpen-Sevelen,AS-01--AS-02,Distanz + RIX + Gelaendehoehe + Rauigkeit,0.0534805450373597
Alpen-Sevelen,AS-01--AS-03,Distanz + RIX + Gelaendehoehe + Rauigkeit,0.0533444921089585
Alpen-Sevelen,AS-01--AS-04,Distanz + RIX + Gelaendehoehe + Rauigkeit,0.0538160844808339
Alpen-Sevelen,AS-01--AS-05,Distanz + RIX + Gelaendehoehe + Rauigkeit,0.05673562962647
Alpen-Sevelen,AS-01--AS-06,Distanz + RIX + Gelaendehoehe + Rauigkeit,0.055723366207389
Alpen-Sevelen,AS-02--AS-03,Distanz + RIX + Gelaendehoehe + Rauigkeit,0.054871824081564
Alpen-Sevelen,AS-02--AS-04,Distanz + RIX + Gelaendehoehe + Rauigkeit,0.0548835089396963
Alpen-Sevelen,AS-02--AS-05,Distanz + RIX + Gelaendehoehe + Rauigkeit,0.0585594924176992
Alpen-Sevelen,AS-02--AS-06,Distanz + RIX + Gelaendehoehe + Rauigkeit,0.0573362321165231
Alpen-Sevelen,AS-03--AS-04,Distanz + RIX + Gelaendehoehe + Rauigkeit,0.0510545050149228
Alpen-Sevelen,AS-03--AS-05,Distanz + RIX + Gelaendehoehe + Rauigkeit,0.0544424157047248
Alpen-Sevelen,AS-03--AS-06,Distanz + RIX + Gelaendehoehe + Rauigkeit,0.0530811552075631
Alpen-Sevelen,AS-04--AS-05,Distanz + RIX + Gelaendehoehe + Rauigkeit,0.0538948778675879
Alpen-Sevelen,AS-04--AS-06,Distanz + RIX + Gelaendehoehe + Rauigkeit,0.052693042440586
Alpen-Sevelen,AS-05--AS-06,Distanz + RIX + Gelaendehoehe + Rauigkeit,0.0525579520905809
Altenmellrich,AM-01--AM-02,Distanz + RIX + Gelaendehoehe + Rauigkeit,0.0581479083967666
Altenmellrich,AM-01--AM-03,Distanz + RIX + Gelaendehoehe + Rauigkeit,0.0603019307375141
Altenmellrich,AM-01--AM-04,Distanz + RIX + Gelaendehoehe + Rauigkeit,0.0704044729999155
Altenmellrich,AM-02--AM-03,Distanz + RIX + Gelaendehoehe + Rauigkeit,0.0594543286345051
Altenmellrich,AM-02--AM-04,Distanz + RIX + Gelaendehoehe + Rauigkeit,0.0645901464095652
Altenmellrich,AM-03--AM-04,Distanz + RIX + Gelaendehoehe + Rauigkeit,0.065271651979071
Bad Berleburg,BB-01--BB-02,Distanz + RIX + Gelaendehoehe + Rauigkeit,0.1345998815349197
Bad Berleburg,BB-01--BB-03,Distanz + RIX + Gelaendehoehe + Rauigkeit,0.1358657009019362
Bad Berleburg,BB-01--BB-04,Distanz + RIX + Gelaendehoehe + Rauigkeit,0.1271024153830928
Bad Berleburg,BB-01--BB-05,Distanz + RIX + Gelaendehoehe + Rauigkeit,0.1120722903354318
Bad Berleburg,BB-01--BB-06,Distanz + RIX + Gelaendehoehe + Rauigkeit,0.1317124869248185
Bad Berleburg,BB-01--BB-07,Distanz + RIX + Gelaendehoehe + Rauigkeit,0.1719508951892246
Bad Berleburg,BB-02--BB-03,Distanz + RIX + Gelaendehoehe + Rauigkeit,0.161586970704515
Bad Berleburg,BB-02--BB-04,Distanz + RIX + Gelaendehoehe + Rauigkeit,0.1550925723074577
Bad Berleburg,BB-02--BB-05,Distanz + RIX + Gelaendehoehe + Rauigkeit,0.129913224518835
Bad Berleburg,BB-02--BB-06,Distanz + RIX + Gelaendehoehe + Rauigkeit,0.1564188108375163
Bad Berleburg,BB-02--BB-07,Distanz + RIX + Gelaendehoehe + Rauigkeit,0.1348776447700803
Bad Berleburg,BB-03--BB-04,Distanz + RIX + Gelaendehoehe + Rauigkeit,0.1149511954743525
Bad Berleburg,BB-03--BB-05,Distanz + RIX + Gelaendehoehe + Rauigkeit,0.13942991334133
Bad Berleburg,BB-03--BB-06,Distanz + RIX + Gelaendehoehe + Rauigkeit,0.1160702297890375
Bad Berleburg,BB-03--BB-07,Distanz + RIX + Gelaendehoehe + Rauigkeit,0.216907812586466
Bad Berleburg,BB-04--BB-05,Distanz + RIX + Gelaendehoehe + Rauigkeit,0.1363217213155218
Bad Berleburg,BB-04--BB-06,Distanz + RIX + Gelaendehoehe + Rauigkeit,0.1135253854061274
Bad Berleburg,BB-04--BB-07,Distanz + RIX + Gelaendehoehe + Rauigkeit,0.2027738079210076
Bad Berleburg,BB-05--BB-06,Distanz + RIX + Gelaendehoehe + Rauigkeit,0.1410893469999911
Bad Berleburg,BB-05--BB-07,Distanz + RIX + Gelaendehoehe + Rauigkeit,0.1698028735508815
Bad Berleburg,BB-06--BB-07,Distanz + RIX + Gelaendehoehe + Rauigkeit,0.2061465592967592
Borken-Coesfeld,BC-01--BC-02,Distanz + RIX + Gelaendehoehe + Rauigkeit,0.0626016687907009
Borken-Coesfeld,BC-01--BC-03,Distanz + RIX + Gelaendehoehe + Rauigkeit,0.0616629278327029
Borken-Coesfeld,BC-01--BC-04,Distanz + RIX + Gelaendehoehe + Rauigkeit,0.0594373266431248
Borken-Coesfeld,BC-01--BC-05,Distanz + RIX + Gelaendehoehe + Rauigkeit,0.0624299623496822
Borken-Coesfeld,BC-01--BC-06,Distanz + RIX + Gelaendehoehe + Rauigkeit,0.0615263445932283
Borken-Coesfeld,BC-02--BC-03,Distanz + RIX + Gelaendehoehe + Rauigkeit,0.073462701969565
Borken-Coesfeld,BC-02--BC-04,Distanz + RIX + Gelaendehoehe + Rauigkeit,0.0694538796415431
Borken-Coesfeld,BC-02--BC-05,Distanz + RIX + Gelaendehoehe + Rauigkeit,0.0624846242837974
Borken-Coesfeld,BC-02--BC-06,Distanz + RIX + Gelaendehoehe + Rauigkeit,0.0717643587783034
Borken-Coesfeld,BC-03--BC-04,Distanz + RIX + Gelaendehoehe + Rauigkeit,0.0558542243086546
Borken-Coesfeld,BC-03--BC-05,Distanz + RIX + Gelaendehoehe + Rauigkeit,0.0628219770640068
Borken-Coesfeld,BC-03--BC-06,Distanz + RIX + Gelaendehoehe + Rauigkeit,0.0552878823065969
Borken-Coesfeld,BC-04--BC-05,Distanz + RIX + Gelaendehoehe + Rauigkeit,0.0587517065105212
Borken-Coesfeld,BC-04--BC-06,Distanz + RIX + Gelaendehoehe + Rauigkeit,0.0598882583828685
Borken-Coesfeld,BC-05--BC-06,Distanz + RIX + Gelaendehoehe + Rauigkeit,0.0648305871299732
Lorup,LO-01--LO-02,Distanz + RIX + Gelaendehoehe + Rauigkeit,0.0617923632680629
Lorup,LO-01--LO-03,Distanz + RIX + Gelaendehoehe + Rauigkeit,0.0717733296790746
Lorup,LO-02--LO-03,Distanz + RIX + Gelaendehoehe + Rauigkeit,0.0640479272349595
Ostfriesland,OF-01--OF-02,Distanz + RIX + Gelaendehoehe + Rauigkeit,0.0498058547705109
Ostfriesland,OF-01--OF-03,Distanz + RIX + Gelaendehoehe + Rauigkeit,0.0630643451889223
Ostfriesland,OF-01--OF-04,Distanz + RIX + Gelaendehoehe + Rauigkeit,0.0739505969099167
Ostfriesland,OF-02--OF-03,Distanz + RIX + Gelaendehoehe + Rauigkeit,0.0593396009841611
Ostfriesland,OF-02--OF-04,Distanz + RIX + Gelaendehoehe + Rauigkeit,0.0710363202412892
Ostfriesland,OF-03--OF-04,Distanz + RIX + Gelaendehoehe + Rauigkeit,0.0594906149160471
Paderborn,PA-01--PA-10,Distanz + RIX + Gelaendehoehe + Rauigkeit,0.0773384483011831
Paderborn,PA-01--PA-11,Distanz + RIX + Gelaendehoehe + Rauigkeit,0.0861170060666705
Paderborn,PA-01--PA-12,Distanz + RIX + Gelaendehoehe + Rauigkeit,0.0870796313916686
Paderborn,PA-01--PA-02,Distanz + RIX + Gelaendehoehe + Rauigkeit,0.0917855501149146
Paderborn,PA-01--PA-03,Distanz + RIX + Gelaendehoehe + Rauigkeit,0.083853237398452
Paderborn,PA-01--PA-04,Distanz + RIX + Gelaendehoehe + Rauigkeit,0.0722120127527298
Paderborn,PA-01--PA-05,Distanz + RIX + Gelaendehoehe + Rauigkeit,0.0810628357890302
Paderborn,PA-01--PA-06,Distanz + RIX + Gelaendehoehe + Rauigkeit,0.072821503969784
Paderborn,PA-01--PA-07,Distanz + RIX + Gelaendehoehe + Rauigkeit,0.0796914423743696
Paderborn,PA-01--PA-08,Distanz + RIX + Gelaendehoehe + Rauigkeit,0.0823393841464803
Paderborn,PA-01--PA-09,Distanz + RIX + Gelaendehoehe + Rauigkeit,0.083071581290972
Paderborn,PA-10--PA-11,Distanz + RIX + Gelaendehoehe + Rauigkeit,0.0796908315483315
Paderborn,PA-10--PA-12,Distanz + RIX + Gelaendehoehe + Rauigkeit,0.0809809824254023
Paderborn,PA-02--PA-10,Distanz + RIX + Gelaendehoehe + Rauigkeit,0.0820183980141602
Paderborn,PA-03--PA-10,Distanz + RIX + Gelaendehoehe + Rauigkeit,0.0743131064345342
Paderborn,PA-04--PA-10,Distanz + RIX + Gelaendehoehe + Rauigkeit,0.0752632059313996
Paderborn,PA-05--PA-10,Distanz + RIX + Gelaendehoehe + Rauigkeit,0.074492484576108
Paderborn,PA-06--PA-10,Distanz + RIX + Gelaendehoehe + Rauigkeit,0.0750336323025725
Paderborn,PA-07--PA-10,Distanz + RIX + Gelaendehoehe + Rauigkeit,0.0732058537924326
Paderborn,PA-08--PA-10,Distanz + RIX + Gelaendehoehe + Rauigkeit,0.0749063712754306
Paderborn,PA-09--PA-10,Distanz + RIX + Gelaendehoehe + Rauigkeit,0.0765733869559248
Paderborn,PA-11--PA-12,Distanz + RIX + Gelaendehoehe + Rauigkeit,0.0683145993812272
Paderborn,PA-02--PA-11,Distanz + RIX + Gelaendehoehe + Rauigkeit,0.0710689109263198
Paderborn,PA-03--PA-11,Distanz + RIX + Gelaendehoehe + Rauigkeit,0.0745250319726197
Paderborn,PA-04--PA-11,Distanz + RIX + Gelaendehoehe + Rauigkeit,0.0838702160698683
Paderborn,PA-05--PA-11,Distanz + RIX + Gelaendehoehe + Rauigkeit,0.0740565843806284
Paderborn,PA-06--PA-11,Distanz + RIX + Gelaendehoehe + Rauigkeit,0.0816800438048333
Paderborn,PA-07--PA-11,Distanz + RIX + Gelaendehoehe + Rauigkeit,0.0755041048914246
Paderborn,PA-08--PA-11,Distanz + RIX + Gelaendehoehe + Rauigkeit,0.0729265319415648
Paderborn,PA-09--PA-11,Distanz + RIX + Gelaendehoehe + Rauigkeit,0.0710885635671482
Paderborn,PA-02--PA-12,Distanz + RIX + Gelaendehoehe + Rauigkeit,0.0708965414989983
Paderborn,PA-03--PA-12,Distanz + RIX + Gelaendehoehe + Rauigkeit,0.0757414647565356
Paderborn,PA-04--PA-12,Distanz + RIX + Gelaendehoehe + Rauigkeit,0.0852951642753616
Paderborn,PA-05--PA-12,Distanz + RIX + Gelaendehoehe + Rauigkeit,0.0754499386327466
Paderborn,PA-06--PA-12,Distanz + RIX + Gelaendehoehe + Rauigkeit,0.0828400404274973
Paderborn,PA-07--PA-12,Distanz + RIX + Gelaendehoehe + Rauigkeit,0.076255424707004
Paderborn,PA-08--PA-12,Distanz + RIX + Gelaendehoehe + Rauigkeit,0.073555908972232
Paderborn,PA-09--PA-12,Distanz + RIX + Gelaendehoehe + Rauigkeit,0.0721788620332272
Paderborn,PA-02--PA-03,Distanz + RIX + Gelaendehoehe + Rauigkeit,0.078542904380232
Paderborn,PA-02--PA-04,Distanz + RIX + Gelaendehoehe + Rauigkeit,0.0890766102021809
Paderborn,PA-02--PA-05,Distanz + RIX + Gelaendehoehe + Rauigkeit,0.0787802891389001
Paderborn,PA-02--PA-06,Distanz + RIX + Gelaendehoehe + Rauigkeit,0.0852166614727126
Paderborn,PA-02--PA-07,Distanz + RIX + Gelaendehoehe + Rauigkeit,0.0784110939147267
Paderborn,PA-02--PA-08,Distanz + RIX + Gelaendehoehe + Rauigkeit,0.0762672147558899
Paderborn,PA-02--PA-09,Distanz + RIX + Gelaendehoehe + Rauigkeit,0.0725833315241973
Paderborn,PA-03--PA-04,Distanz + RIX + Gelaendehoehe + Rauigkeit,0.0810223532780829
Paderborn,PA-03--PA-05,Distanz + RIX + Gelaendehoehe + Rauigkeit,0.0730325427537887
Paderborn,PA-03--PA-06,Distanz + RIX + Gelaendehoehe + Rauigkeit,0.0795114145160973
Paderborn,PA-03--PA-07,Distanz + RIX + Gelaendehoehe + Rauigkeit,0.073941874417229
Paderborn,PA-03--PA-08,Distanz + RIX + Gelaendehoehe + Rauigkeit,0.0711093795372605
Paderborn,PA-03--PA-09,Distanz + RIX + Gelaendehoehe + Rauigkeit,0.0711822397269467
Paderborn,PA-04--PA-05,Distanz + RIX + Gelaendehoehe + Rauigkeit,0.0789956155454586
Paderborn,PA-04--PA-06,Distanz + RIX + Gelaendehoehe + Rauigkeit,0.0720928065466076
Paderborn,PA-04--PA-07,Distanz + RIX + Gelaendehoehe + Rauigkeit,0.0774288995934154
Paderborn,PA-04--PA-08,Distanz + RIX + Gelaendehoehe + Rauigkeit,0.0795174129690647
Paderborn,PA-04--PA-09,Distanz + RIX + Gelaendehoehe + Rauigkeit,0.0804112167654576
Paderborn,PA-05--PA-06,Distanz + RIX + Gelaendehoehe + Rauigkeit,0.0761811496465839
Paderborn,PA-05--PA-07,Distanz + RIX + Gelaendehoehe + Rauigkeit,0.0711967149447791
Paderborn,PA-05--PA-08,Distanz + RIX + Gelaendehoehe + Rauigkeit,0.0713521329848755
Paderborn,PA-05--PA-09,Distanz + RIX + Gelaendehoehe + Rauigkeit,0.0715839184402112
Paderborn,PA-06--PA-07,Distanz + RIX + Gelaendehoehe + Rauigkeit,0.0751237035979872
Paderborn,PA-06--PA-08,Distanz + RIX + Gelaendehoehe + Rauigkeit,0.0779593843814494
Paderborn,PA-06--PA-09,Distanz + RIX + Gelaendehoehe + Rauigkeit,0.0787552088004778
Paderborn,PA-07--PA-08,Distanz + RIX + Gelaendehoehe + Rauigkeit,0.0715994401834324
Paderborn,PA-07--PA-09,Distanz + RIX + Gelaendehoehe + Rauigkeit,0.0715367736525094
Paderborn,PA-08--PA-09,Distanz + RIX + Gelaendehoehe + Rauigkeit,0.0698847136485313
Rheda-Beckum,RB-01--RB-02,Distanz + RIX + Gelaendehoehe + Rauigkeit,0.0464291700205847
Rheda-Beckum,RB-01--RB-03,Distanz + RIX + Gelaendehoehe + Rauigkeit,0.0514386082198376
Rheda-Beckum,RB-01--RB-04,Distanz + RIX + Gelaendehoehe + Rauigkeit,0.0534765749679458
Rheda-Beckum,RB-01--RB-05,Distanz + RIX + Gelaendehoehe + Rauigkeit,0.0508275474407118
Rheda-Beckum,RB-02--RB-03,Distanz + RIX + Gelaendehoehe + Rauigkeit,0.0498502298898219
Rheda-Beckum,RB-02--RB-04,Distanz + RIX + Gelaendehoehe + Rauigkeit,0.0526399266306782
Rheda-Beckum,RB-02--RB-05,Distanz + RIX + Gelaendehoehe + Rauigkeit,0.0497125043322338
Rheda-Beckum,RB-03--RB-04,Distanz + RIX + Gelaendehoehe + Rauigkeit,0.0489067800220652
Rheda-Beckum,RB-03--RB-05,Distanz + RIX + Gelaendehoehe + Rauigkeit,0.0464581389370435
Rheda-Beckum,RB-04--RB-05,Distanz + RIX + Gelaendehoehe + Rauigkeit,0.04723120671815
Alpen-Sevelen,AS-01--AS-02,Distanz + RIX + Gelaendehoehe + Wald,0.0591677372224051
Alpen-Sevelen,AS-01--AS-03,Distanz + RIX + Gelaendehoehe + Wald,0.0532227314375055
Alpen-Sevelen,AS-01--AS-04,Distanz + RIX + Gelaendehoehe + Wald,0.0587652312773624
Alpen-Sevelen,AS-01--AS-05,Distanz + RIX + Gelaendehoehe + Wald,0.0630359475695888
Alpen-Sevelen,AS-01--AS-06,Distanz + RIX + Gelaendehoehe + Wald,0.0621221899879444
Alpen-Sevelen,AS-02--AS-03,Distanz + RIX + Gelaendehoehe + Wald,0.0534023195081478
Alpen-Sevelen,AS-02--AS-04,Distanz + RIX + Gelaendehoehe + Wald,0.0489540151193813
Alpen-Sevelen,AS-02--AS-05,Distanz + RIX + Gelaendehoehe + Wald,0.0530115520913284
Alpen-Sevelen,AS-02--AS-06,Distanz + RIX + Gelaendehoehe + Wald,0.0505272939019023
Alpen-Sevelen,AS-03--AS-04,Distanz + RIX + Gelaendehoehe + Wald,0.0502234447562202
Alpen-Sevelen,AS-03--AS-05,Distanz + RIX + Gelaendehoehe + Wald,0.0548458292569933
Alpen-Sevelen,AS-03--AS-06,Distanz + RIX + Gelaendehoehe + Wald,0.0534725905344974
Alpen-Sevelen,AS-04--AS-05,Distanz + RIX + Gelaendehoehe + Wald,0.0492825707333665
Alpen-Sevelen,AS-04--AS-06,Distanz + RIX + Gelaendehoehe + Wald,0.0473212848197811
Alpen-Sevelen,AS-05--AS-06,Distanz + RIX + Gelaendehoehe + Wald,0.0474705907801901
Altenmellrich,AM-01--AM-02,Distanz + RIX + Gelaendehoehe + Wald,0.0585198276026306
Altenmellrich,AM-01--AM-03,Distanz + RIX + Gelaendehoehe + Wald,0.0577944467959718
Altenmellrich,AM-01--AM-04,Distanz + RIX + Gelaendehoehe + Wald,0.0728501377102722
Altenmellrich,AM-02--AM-03,Distanz + RIX + Gelaendehoehe + Wald,0.0651376854672503
Altenmellrich,AM-02--AM-04,Distanz + RIX + Gelaendehoehe + Wald,0.0602811663359594
Altenmellrich,AM-03--AM-04,Distanz + RIX + Gelaendehoehe + Wald,0.074707663100138
Bad Berleburg,BB-01--BB-02,Distanz + RIX + Gelaendehoehe + Wald,0.1152087680018323
Bad Berleburg,BB-01--BB-03,Distanz + RIX + Gelaendehoehe + Wald,0.1282791600416563
Bad Berleburg,BB-01--BB-04,Distanz + RIX + Gelaendehoehe + Wald,0.1217028994781276
Bad Berleburg,BB-01--BB-05,Distanz + RIX + Gelaendehoehe + Wald,0.1121357605235056
Bad Berleburg,BB-01--BB-06,Distanz + RIX + Gelaendehoehe + Wald,0.1249258035374424
Bad Berleburg,BB-01--BB-07,Distanz + RIX + Gelaendehoehe + Wald,0.155951675248976
Bad Berleburg,BB-02--BB-03,Distanz + RIX + Gelaendehoehe + Wald,0.1511906373474116
Bad Berleburg,BB-02--BB-04,Distanz + RIX + Gelaendehoehe + Wald,0.1414129741671572
Bad Berleburg,BB-02--BB-05,Distanz + RIX + Gelaendehoehe + Wald,0.1253956138744868
Bad Berleburg,BB-02--BB-06,Distanz + RIX + Gelaendehoehe + Wald,0.1446749360495361
Bad Berleburg,BB-02--BB-07,Distanz + RIX + Gelaendehoehe + Wald,0.1273317631939391
Bad Berleburg,BB-03--BB-04,Distanz + RIX + Gelaendehoehe + Wald,0.1073963082984473
Bad Berleburg,BB-03--BB-05,Distanz + RIX + Gelaendehoehe + Wald,0.132985312340919
Bad Berleburg,BB-03--BB-06,Distanz + RIX + Gelaendehoehe + Wald,0.1075775465464385
Bad Berleburg,BB-03--BB-07,Distanz + RIX + Gelaendehoehe + Wald,0.1862590702832875
Bad Berleburg,BB-04--BB-05,Distanz + RIX + Gelaendehoehe + Wald,0.1195215998913486
Bad Berleburg,BB-04--BB-06,Distanz + RIX + Gelaendehoehe + Wald,0.1073974181847724
Bad Berleburg,BB-04--BB-07,Distanz + RIX + Gelaendehoehe + Wald,0.1774013359727375
Bad Berleburg,BB-05--BB-06,Distanz + RIX + Gelaendehoehe + Wald,0.1268895336765263
Bad Berleburg,BB-05--BB-07,Distanz + RIX + Gelaendehoehe + Wald,0.1579625948818877
Bad Berleburg,BB-06--BB-07,Distanz + RIX + Gelaendehoehe + Wald,0.1691820623822408
Borken-Coesfeld,BC-01--BC-02,Distanz + RIX + Gelaendehoehe + Wald,0.0613339357576919
Borken-Coesfeld,BC-01--BC-03,Distanz + RIX + Gelaendehoehe + Wald,0.0573850656562974
Borken-Coesfeld,BC-01--BC-04,Distanz + RIX + Gelaendehoehe + Wald,0.055971653177708
Borken-Coesfeld,BC-01--BC-05,Distanz + RIX + Gelaendehoehe + Wald,0.057927573721972
Borken-Coesfeld,BC-01--BC-06,Distanz + RIX + Gelaendehoehe + Wald,0.0575394138809181
Borken-Coesfeld,BC-02--BC-03,Distanz + RIX + Gelaendehoehe + Wald,0.0681660431308082
Borken-Coesfeld,BC-02--BC-04,Distanz + RIX + Gelaendehoehe + Wald,0.0619699831446954
Borken-Coesfeld,BC-02--BC-05,Distanz + RIX + Gelaendehoehe + Wald,0.0584493499617632
Borken-Coesfeld,BC-02--BC-06,Distanz + RIX + Gelaendehoehe + Wald,0.070618283399892
Borken-Coesfeld,BC-03--BC-04,Distanz + RIX + Gelaendehoehe + Wald,0.0545359125507486
Borken-Coesfeld,BC-03--BC-05,Distanz + RIX + Gelaendehoehe + Wald,0.0605027082137219
Borken-Coesfeld,BC-03--BC-06,Distanz + RIX + Gelaendehoehe + Wald,0.0535079797404921
Borken-Coesfeld,BC-04--BC-05,Distanz + RIX + Gelaendehoehe + Wald,0.0561023337737808
Borken-Coesfeld,BC-04--BC-06,Distanz + RIX + Gelaendehoehe + Wald,0.0591174895575384
Borken-Coesfeld,BC-05--BC-06,Distanz + RIX + Gelaendehoehe + Wald,0.0644791009964709
Lorup,LO-01--LO-02,Distanz + RIX + Gelaendehoehe + Wald,0.0668389219902872
Lorup,LO-01--LO-03,Distanz + RIX + Gelaendehoehe + Wald,0.0766307164889568
Lorup,LO-02--LO-03,Distanz + RIX + Gelaendehoehe + Wald,0.0673724855083569
Ostfriesland,OF-01--OF-02,Distanz + RIX + Gelaendehoehe + Wald,0.0459912825829302
Ostfriesland,OF-01--OF-03,Distanz + RIX + Gelaendehoehe + Wald,0.0576637593954286
Ostfriesland,OF-01--OF-04,Distanz + RIX + Gelaendehoehe + Wald,0.0678538568261578
Ostfriesland,OF-02--OF-03,Distanz + RIX + Gelaendehoehe + Wald,0.053759653833826
Ostfriesland,OF-02--OF-04,Distanz + RIX + Gelaendehoehe + Wald,0.0651331727903387
Ostfriesland,OF-03--OF-04,Distanz + RIX + Gelaendehoehe + Wald,0.0536153665691102
Paderborn,PA-01--PA-10,Distanz + RIX + Gelaendehoehe + Wald,0.0771141165752901
Paderborn,PA-01--PA-11,Distanz + RIX + Gelaendehoehe + Wald,0.086068103096172
Paderborn,PA-01--PA-12,Distanz + RIX + Gelaendehoehe + Wald,0.0894605429604893
Paderborn,PA-01--PA-02,Distanz + RIX + Gelaendehoehe + Wald,0.0948017733756919
Paderborn,PA-01--PA-03,Distanz + RIX + Gelaendehoehe + Wald,0.0827918724213917
Paderborn,PA-01--PA-04,Distanz + RIX + Gelaendehoehe + Wald,0.0736715770759017
Paderborn,PA-01--PA-05,Distanz + RIX + Gelaendehoehe + Wald,0.0830303550238421
Paderborn,PA-01--PA-06,Distanz + RIX + Gelaendehoehe + Wald,0.0734115824139892
Paderborn,PA-01--PA-07,Distanz + RIX + Gelaendehoehe + Wald,0.0818080681349508
Paderborn,PA-01--PA-08,Distanz + RIX + Gelaendehoehe + Wald,0.0818928428401249
Paderborn,PA-01--PA-09,Distanz + RIX + Gelaendehoehe + Wald,0.0845524920241673
Paderborn,PA-10--PA-11,Distanz + RIX + Gelaendehoehe + Wald,0.0793376923571752
Paderborn,PA-10--PA-12,Distanz + RIX + Gelaendehoehe + Wald,0.0833122873902945
Paderborn,PA-02--PA-10,Distanz + RIX + Gelaendehoehe + Wald,0.085062473019511
Paderborn,PA-03--PA-10,Distanz + RIX + Gelaendehoehe + Wald,0.07455591743437
Paderborn,PA-04--PA-10,Distanz + RIX + Gelaendehoehe + Wald,0.0739125577992601
Paderborn,PA-05--PA-10,Distanz + RIX + Gelaendehoehe + Wald,0.0736422210470719
Paderborn,PA-06--PA-10,Distanz + RIX + Gelaendehoehe + Wald,0.0712676545332715
Paderborn,PA-07--PA-10,Distanz + RIX + Gelaendehoehe + Wald,0.07342380517347
Paderborn,PA-08--PA-10,Distanz + RIX + Gelaendehoehe + Wald,0.0729331076446271
Paderborn,PA-09--PA-10,Distanz + RIX + Gelaendehoehe + Wald,0.0761870903901965
Paderborn,PA-11--PA-12,Distanz + RIX + Gelaendehoehe + Wald,0.0681198552310342
Paderborn,PA-02--PA-11,Distanz + RIX + Gelaendehoehe + Wald,0.0712358320613861
Paderborn,PA-03--PA-11,Distanz + RIX + Gelaendehoehe + Wald,0.074453217045224
Paderborn,PA-04--PA-11,Distanz + RIX + Gelaendehoehe + Wald,0.0832255851549497
Paderborn,PA-05--PA-11,Distanz + RIX + Gelaendehoehe + Wald,0.071763016885128
Paderborn,PA-06--PA-11,Distanz + RIX + Gelaendehoehe + Wald,0.0804696360388543
Paderborn,PA-07--PA-11,Distanz + RIX + Gelaendehoehe + Wald,0.074269659486783
Paderborn,PA-08--PA-11,Distanz + RIX + Gelaendehoehe + Wald,0.073096596359835
Paderborn,PA-09--PA-11,Distanz + RIX + Gelaendehoehe + Wald,0.0724203185017344
Paderborn,PA-02--PA-12,Distanz + RIX + Gelaendehoehe + Wald,0.0704968317653537
Paderborn,PA-03--PA-12,Distanz + RIX + Gelaendehoehe + Wald,0.0778715444107233
Paderborn,PA-04--PA-12,Distanz + RIX + Gelaendehoehe + Wald,0.0874432857264855
Paderborn,PA-05--PA-12,Distanz + RIX + Gelaendehoehe + Wald,0.0754314164439077
Paderborn,PA-06--PA-12,Distanz + RIX + Gelaendehoehe + Wald,0.0847083890452353
Paderborn,PA-07--PA-12,Distanz + RIX + Gelaendehoehe + Wald,0.0768954465922237
Paderborn,PA-08--PA-12,Distanz + RIX + Gelaendehoehe + Wald,0.0768261333727381
Paderborn,PA-09--PA-12,Distanz + RIX + Gelaendehoehe + Wald,0.0757539463302774
Paderborn,PA-02--PA-03,Distanz + RIX + Gelaendehoehe + Wald,0.0819059816335128
Paderborn,PA-02--PA-04,Distanz + RIX + Gelaendehoehe + Wald,0.0930236331447953
Paderborn,PA-02--PA-05,Distanz + RIX + Gelaendehoehe + Wald,0.0807311299542535
Paderborn,PA-02--PA-06,Distanz + RIX + Gelaendehoehe + Wald,0.088007814949586
Paderborn,PA-02--PA-07,Distanz + RIX + Gelaendehoehe + Wald,0.0812210426446262
Paderborn,PA-02--PA-08,Distanz + RIX + Gelaendehoehe + Wald,0.0810596041495604
Paderborn,PA-02--PA-09,Distanz + RIX + Gelaendehoehe + Wald,0.0775925111786299
Paderborn,PA-03--PA-04,Distanz + RIX + Gelaendehoehe + Wald,0.0825696932761758
Paderborn,PA-03--PA-05,Distanz + RIX + Gelaendehoehe + Wald,0.0739448996260591
Paderborn,PA-03--PA-06,Distanz + RIX + Gelaendehoehe + Wald,0.0780838575194305
Paderborn,PA-03--PA-07,Distanz + RIX + Gelaendehoehe + Wald,0.0746261352490751
Paderborn,PA-03--PA-08,Distanz + RIX + Gelaendehoehe + Wald,0.069697474679473
Paderborn,PA-03--PA-09,Distanz + RIX + Gelaendehoehe + Wald,0.0707279035785284
Paderborn,PA-04--PA-05,Distanz + RIX + Gelaendehoehe + Wald,0.0782090879909376
Paderborn,PA-04--PA-06,Distanz + RIX + Gelaendehoehe + Wald,0.0700368877491476
Paderborn,PA-04--PA-07,Distanz + RIX + Gelaendehoehe + Wald,0.0779358898321084
Paderborn,PA-04--PA-08,Distanz + RIX + Gelaendehoehe + Wald,0.0788628555012385
Paderborn,PA-04--PA-09,Distanz + RIX + Gelaendehoehe + Wald,0.0801653928505036
Paderborn,PA-05--PA-06,Distanz + RIX + Gelaendehoehe + Wald,0.0752975421870297
Paderborn,PA-05--PA-07,Distanz + RIX + Gelaendehoehe + Wald,0.0702615943838703
Paderborn,PA-05--PA-08,Distanz + RIX + Gelaendehoehe + Wald,0.0708900591307883
Paderborn,PA-05--PA-09,Distanz + RIX + Gelaendehoehe + Wald,0.072169354739133
Paderborn,PA-06--PA-07,Distanz + RIX + Gelaendehoehe + Wald,0.0752648527741821
Paderborn,PA-06--PA-08,Distanz + RIX + Gelaendehoehe + Wald,0.0754583615860672
Paderborn,PA-06--PA-09,Distanz + RIX + Gelaendehoehe + Wald,0.0783885022511833
Paderborn,PA-07--PA-08,Distanz + RIX + Gelaendehoehe + Wald,0.0730506466511223
Paderborn,PA-07--PA-09,Distanz + RIX + Gelaendehoehe + Wald,0.0719739183050088
Paderborn,PA-08--PA-09,Distanz + RIX + Gelaendehoehe + Wald,0.0704059692042999
Rheda-Beckum,RB-01--RB-02,Distanz + RIX + Gelaendehoehe + Wald,0.0446961380454973
Rheda-Beckum,RB-01--RB-03,Distanz + RIX + Gelaendehoehe + Wald,0.0505395092449307
Rheda-Beckum,RB-01--RB-04,Distanz + RIX + Gelaendehoehe + Wald,0.0532112302377052
Rheda-Beckum,RB-01--RB-05,Distanz + RIX + Gelaendehoehe + Wald,0.0510760832998885
Rheda-Beckum,RB-02--RB-03,Distanz + RIX + Gelaendehoehe + Wald,0.0474277298162467
Rheda-Beckum,RB-02--RB-04,Distanz + RIX + Gelaendehoehe + Wald,0.0517871851143315
Rheda-Beckum,RB-02--RB-05,Distanz + RIX + Gelaendehoehe + Wald,0.0496492656227925
Rheda-Beckum,RB-03--RB-04,Distanz + RIX + Gelaendehoehe + Wald,0.0507324375428756
Rheda-Beckum,RB-03--RB-05,Distanz + RIX + Gelaendehoehe + Wald,0.0483137579733673
Rheda-Beckum,RB-04--RB-05,Distanz + RIX + Gelaendehoehe + Wald,0.0453835096680243
Alpen-Sevelen,AS-01--AS-02,Distanz + RIX + Gelaendehoehe + Wind,0.0455675385042944
Alpen-Sevelen,AS-01--AS-03,Distanz + RIX + Gelaendehoehe + Wind,0.0485542454005634
Alpen-Sevelen,AS-01--AS-04,Distanz + RIX + Gelaendehoehe + Wind,0.047089259634006
Alpen-Sevelen,AS-01--AS-05,Distanz + RIX + Gelaendehoehe + Wind,0.0501377082418183
Alpen-Sevelen,AS-01--AS-06,Distanz + RIX + Gelaendehoehe + Wind,0.0490668998433615
Alpen-Sevelen,AS-02--AS-03,Distanz + RIX + Gelaendehoehe + Wind,0.0528395771129467
Alpen-Sevelen,AS-02--AS-04,Distanz + RIX + Gelaendehoehe + Wind,0.0517420582017241
Alpen-Sevelen,AS-02--AS-05,Distanz + RIX + Gelaendehoehe + Wind,0.0534553258454844
Alpen-Sevelen,AS-02--AS-06,Distanz + RIX + Gelaendehoehe + Wind,0.0533044389702581
Alpen-Sevelen,AS-03--AS-04,Distanz + RIX + Gelaendehoehe + Wind,0.042570098750978
Alpen-Sevelen,AS-03--AS-05,Distanz + RIX + Gelaendehoehe + Wind,0.0459223082528457
Alpen-Sevelen,AS-03--AS-06,Distanz + RIX + Gelaendehoehe + Wind,0.0446864492147413
Alpen-Sevelen,AS-04--AS-05,Distanz + RIX + Gelaendehoehe + Wind,0.0445855662637899
Alpen-Sevelen,AS-04--AS-06,Distanz + RIX + Gelaendehoehe + Wind,0.0428411855723983
Alpen-Sevelen,AS-05--AS-06,Distanz + RIX + Gelaendehoehe + Wind,0.043115000312958
Altenmellrich,AM-01--AM-02,Distanz + RIX + Gelaendehoehe + Wind,0.058510870114054
Altenmellrich,AM-01--AM-03,Distanz + RIX + Gelaendehoehe + Wind,0.0632447504609434
Altenmellrich,AM-01--AM-04,Distanz + RIX + Gelaendehoehe + Wind,0.0812774744582655
Altenmellrich,AM-02--AM-03,Distanz + RIX + Gelaendehoehe + Wind,0.0538684619613473
Altenmellrich,AM-02--AM-04,Distanz + RIX + Gelaendehoehe + Wind,0.0685186192409893
Altenmellrich,AM-03--AM-04,Distanz + RIX + Gelaendehoehe + Wind,0.0596316810839785
Bad Berleburg,BB-01--BB-02,Distanz + RIX + Gelaendehoehe + Wind,0.1288106986683518
Bad Berleburg,BB-01--BB-03,Distanz + RIX + Gelaendehoehe + Wind,0.1054862855860566
Bad Berleburg,BB-01--BB-04,Distanz + RIX + Gelaendehoehe + Wind,0.1270497964631257
Bad Berleburg,BB-01--BB-05,Distanz + RIX + Gelaendehoehe + Wind,0.1002300115848514
Bad Berleburg,BB-01--BB-06,Distanz + RIX + Gelaendehoehe + Wind,0.1613591061964112
Bad Berleburg,BB-01--BB-07,Distanz + RIX + Gelaendehoehe + Wind,0.1769617074433824
Bad Berleburg,BB-02--BB-03,Distanz + RIX + Gelaendehoehe + Wind,0.1551362141757175
Bad Berleburg,BB-02--BB-04,Distanz + RIX + Gelaendehoehe + Wind,0.1268228082811416
Bad Berleburg,BB-02--BB-05,Distanz + RIX + Gelaendehoehe + Wind,0.1415627800097105
Bad Berleburg,BB-02--BB-06,Distanz + RIX + Gelaendehoehe + Wind,0.2283905837347709
Bad Berleburg,BB-02--BB-07,Distanz + RIX + Gelaendehoehe + Wind,0.1199139738714407
Bad Berleburg,BB-03--BB-04,Distanz + RIX + Gelaendehoehe + Wind,0.1247910171772403
Bad Berleburg,BB-03--BB-05,Distanz + RIX + Gelaendehoehe + Wind,0.1279905407044625
Bad Berleburg,BB-03--BB-06,Distanz + RIX + Gelaendehoehe + Wind,0.1381578449688181
Bad Berleburg,BB-03--BB-07,Distanz + RIX + Gelaendehoehe + Wind,0.2252819744605105
Bad Berleburg,BB-04--BB-05,Distanz + RIX + Gelaendehoehe + Wind,0.1239279633267772
Bad Berleburg,BB-04--BB-06,Distanz + RIX + Gelaendehoehe + Wind,0.1451495749493598
Bad Berleburg,BB-04--BB-07,Distanz + RIX + Gelaendehoehe + Wind,0.1660051330885027
Bad Berleburg,BB-05--BB-06,Distanz + RIX + Gelaendehoehe + Wind,0.1576361028159818
Bad Berleburg,BB-05--BB-07,Distanz + RIX + Gelaendehoehe + Wind,0.1614765254932716
Bad Berleburg,BB-06--BB-07,Distanz + RIX + Gelaendehoehe + Wind,0.2896283371446622
Borken-Coesfeld,BC-01--BC-02,Distanz + RIX + Gelaendehoehe + Wind,0.0537333419288085
Borken-Coesfeld,BC-01--BC-03,Distanz + RIX + Gelaendehoehe + Wind,0.0539718789573915
Borken-Coesfeld,BC-01--BC-04,Distanz + RIX + Gelaendehoehe + Wind,0.0515848399035625
Borken-Coesfeld,BC-01--BC-05,Distanz + RIX + Gelaendehoehe + Wind,0.0538180296639191
Borken-Coesfeld,BC-01--BC-06,Distanz + RIX + Gelaendehoehe + Wind,0.0560958288199413
Borken-Coesfeld,BC-02--BC-03,Distanz + RIX + Gelaendehoehe + Wind,0.0651057772781069
Borken-Coesfeld,BC-02--BC-04,Distanz + RIX + Gelaendehoehe + Wind,0.0613186921263171
Borken-Coesfeld,BC-02--BC-05,Distanz + RIX + Gelaendehoehe + Wind,0.0522573147551969
Borken-Coesfeld,BC-02--BC-06,Distanz + RIX + Gelaendehoehe + Wind,0.0642072102365219
Borken-Coesfeld,BC-03--BC-04,Distanz + RIX + Gelaendehoehe + Wind,0.0456372388200171
Borken-Coesfeld,BC-03--BC-05,Distanz + RIX + Gelaendehoehe + Wind,0.0556742529496974
Borken-Coesfeld,BC-03--BC-06,Distanz + RIX + Gelaendehoehe + Wind,0.0477286474392669
Borken-Coesfeld,BC-04--BC-05,Distanz + RIX + Gelaendehoehe + Wind,0.0529234578609928
Borken-Coesfeld,BC-04--BC-06,Distanz + RIX + Gelaendehoehe + Wind,0.0507554038533137
Borken-Coesfeld,BC-05--BC-06,Distanz + RIX + Gelaendehoehe + Wind,0.0551339924691357
Lorup,LO-01--LO-02,Distanz + RIX + Gelaendehoehe + Wind,0.0497200409612853
Lorup,LO-01--LO-03,Distanz + RIX + Gelaendehoehe + Wind,0.0545615495932722
Lorup,LO-02--LO-03,Distanz + RIX + Gelaendehoehe + Wind,0.0518371164029678
Ostfriesland,OF-01--OF-02,Distanz + RIX + Gelaendehoehe + Wind,0.0431970146366383
Ostfriesland,OF-01--OF-03,Distanz + RIX + Gelaendehoehe + Wind,0.0531479585482457
Ostfriesland,OF-01--OF-04,Distanz + RIX + Gelaendehoehe + Wind,0.0673392718939433
Ostfriesland,OF-02--OF-03,Distanz + RIX + Gelaendehoehe + Wind,0.0520748660255592
Ostfriesland,OF-02--OF-04,Distanz + RIX + Gelaendehoehe + Wind,0.0633111611083811
Ostfriesland,OF-03--OF-04,Distanz + RIX + Gelaendehoehe + Wind,0.0591849255136541
Paderborn,PA-01--PA-10,Distanz + RIX + Gelaendehoehe + Wind,0.0846174060019249
Paderborn,PA-01--PA-11,Distanz + RIX + Gelaendehoehe + Wind,0.0926114088621018
Paderborn,PA-01--PA-12,Distanz + RIX + Gelaendehoehe + Wind,0.0927765572099231
Paderborn,PA-01--PA-02,Distanz + RIX + Gelaendehoehe + Wind,0.0915787762115513
Paderborn,PA-01--PA-03,Distanz + RIX + Gelaendehoehe + Wind,0.0851913341350434
Paderborn,PA-01--PA-04,Distanz + RIX + Gelaendehoehe + Wind,0.070398144638049
Paderborn,PA-01--PA-05,Distanz + RIX + Gelaendehoehe + Wind,0.0850225489438317
Paderborn,PA-01--PA-06,Distanz + RIX + Gelaendehoehe + Wind,0.0801418082402305
Paderborn,PA-01--PA-07,Distanz + RIX + Gelaendehoehe + Wind,0.0835792830820278
Paderborn,PA-01--PA-08,Distanz + RIX + Gelaendehoehe + Wind,0.087544184643054
Paderborn,PA-01--PA-09,Distanz + RIX + Gelaendehoehe + Wind,0.0893867803532878
Paderborn,PA-10--PA-11,Distanz + RIX + Gelaendehoehe + Wind,0.0739721609519803
Paderborn,PA-10--PA-12,Distanz + RIX + Gelaendehoehe + Wind,0.0757401157292497
Paderborn,PA-02--PA-10,Distanz + RIX + Gelaendehoehe + Wind,0.0855785418687253
Paderborn,PA-03--PA-10,Distanz + RIX + Gelaendehoehe + Wind,0.0765438556286256
Paderborn,PA-04--PA-10,Distanz + RIX + Gelaendehoehe + Wind,0.0776686101794029
Paderborn,PA-05--PA-10,Distanz + RIX + Gelaendehoehe + Wind,0.0727328685340645
Paderborn,PA-06--PA-10,Distanz + RIX + Gelaendehoehe + Wind,0.0708799667139375
Paderborn,PA-07--PA-10,Distanz + RIX + Gelaendehoehe + Wind,0.0706554152304067
Paderborn,PA-08--PA-10,Distanz + RIX + Gelaendehoehe + Wind,0.0723056052343269
Paderborn,PA-09--PA-10,Distanz + RIX + Gelaendehoehe + Wind,0.0717857265416039
Paderborn,PA-11--PA-12,Distanz + RIX + Gelaendehoehe + Wind,0.0653170225646564
Paderborn,PA-02--PA-11,Distanz + RIX + Gelaendehoehe + Wind,0.0758985170659715
Paderborn,PA-03--PA-11,Distanz + RIX + Gelaendehoehe + Wind,0.0743150407462442
Paderborn,PA-04--PA-11,Distanz + RIX + Gelaendehoehe + Wind,0.0865204286844502
Paderborn,PA-05--PA-11,Distanz + RIX + Gelaendehoehe + Wind,0.0730383854845984
Paderborn,PA-06--PA-11,Distanz + RIX + Gelaendehoehe + Wind,0.0780131433983561
Paderborn,PA-07--PA-11,Distanz + RIX + Gelaendehoehe + Wind,0.0733520467472955
Paderborn,PA-08--PA-11,Distanz + RIX + Gelaendehoehe + Wind,0.0697969669802915
Paderborn,PA-09--PA-11,Distanz + RIX + Gelaendehoehe + Wind,0.0683198323565423
Paderborn,PA-02--PA-12,Distanz + RIX + Gelaendehoehe + Wind,0.0740570089779429
Paderborn,PA-03--PA-12,Distanz + RIX + Gelaendehoehe + Wind,0.0755372169377563
Paderborn,PA-04--PA-12,Distanz + RIX + Gelaendehoehe + Wind,0.0869032703400211
Paderborn,PA-05--PA-12,Distanz + RIX + Gelaendehoehe + Wind,0.0756009018186853
Paderborn,PA-06--PA-12,Distanz + RIX + Gelaendehoehe + Wind,0.0804765476924353
Paderborn,PA-07--PA-12,Distanz + RIX + Gelaendehoehe + Wind,0.0760728293964926
Paderborn,PA-08--PA-12,Distanz + RIX + Gelaendehoehe + Wind,0.072336924908767
Paderborn,PA-09--PA-12,Distanz + RIX + Gelaendehoehe + Wind,0.0704616907533179
Paderborn,PA-02--PA-03,Distanz + RIX + Gelaendehoehe + Wind,0.0809819493953527
Paderborn,PA-02--PA-04,Distanz + RIX + Gelaendehoehe + Wind,0.0871937512684553
Paderborn,PA-02--PA-05,Distanz + RIX + Gelaendehoehe + Wind,0.0838453323762646
Paderborn,PA-02--PA-06,Distanz + RIX + Gelaendehoehe + Wind,0.0912455418031125
Paderborn,PA-02--PA-07,Distanz + RIX + Gelaendehoehe + Wind,0.0840437353162829
Paderborn,PA-02--PA-08,Distanz + RIX + Gelaendehoehe + Wind,0.0815235091529118
Paderborn,PA-02--PA-09,Distanz + RIX + Gelaendehoehe + Wind,0.0787737964166894
Paderborn,PA-03--PA-04,Distanz + RIX + Gelaendehoehe + Wind,0.0793857229952891
Paderborn,PA-03--PA-05,Distanz + RIX + Gelaendehoehe + Wind,0.0692358071081789
Paderborn,PA-03--PA-06,Distanz + RIX + Gelaendehoehe + Wind,0.0772304982004713
Paderborn,PA-03--PA-07,Distanz + RIX + Gelaendehoehe + Wind,0.0708150656220622
Paderborn,PA-03--PA-08,Distanz + RIX + Gelaendehoehe + Wind,0.0692888518114937
Paderborn,PA-03--PA-09,Distanz + RIX + Gelaendehoehe + Wind,0.0700687258079916
Paderborn,PA-04--PA-05,Distanz + RIX + Gelaendehoehe + Wind,0.0791023565317292
Paderborn,PA-04--PA-06,Distanz + RIX + Gelaendehoehe + Wind,0.0735584881534927
Paderborn,PA-04--PA-07,Distanz + RIX + Gelaendehoehe + Wind,0.077628799006253
Paderborn,PA-04--PA-08,Distanz + RIX + Gelaendehoehe + Wind,0.0813806598721573
Paderborn,PA-04--PA-09,Distanz + RIX + Gelaendehoehe + Wind,0.0818036205512741
Paderborn,PA-05--PA-06,Distanz + RIX + Gelaendehoehe + Wind,0.072705615464964
Paderborn,PA-05--PA-07,Distanz + RIX + Gelaendehoehe + Wind,0.0662873085441327
Paderborn,PA-05--PA-08,Distanz + RIX + Gelaendehoehe + Wind,0.0677790671531636
Paderborn,PA-05--PA-09,Distanz + RIX + Gelaendehoehe + Wind,0.0688740355005581
Paderborn,PA-06--PA-07,Distanz + RIX + Gelaendehoehe + Wind,0.0710771234029663
Paderborn,PA-06--PA-08,Distanz + RIX + Gelaendehoehe + Wind,0.0739460534418217
Paderborn,PA-06--PA-09,Distanz + RIX + Gelaendehoehe + Wind,0.0728014994626174
Paderborn,PA-07--PA-08,Distanz + RIX + Gelaendehoehe + Wind,0.0679733242118298
Paderborn,PA-07--PA-09,Distanz + RIX + Gelaendehoehe + Wind,0.0697936927417924
Paderborn,PA-08--PA-09,Distanz + RIX + Gelaendehoehe + Wind,0.0675731174262781
Rheda-Beckum,RB-01--RB-02,Distanz + RIX + Gelaendehoehe + Wind,0.0409206122399866
Rheda-Beckum,RB-01--RB-03,Distanz + RIX + Gelaendehoehe + Wind,0.0457430703398146
Rheda-Beckum,RB-01--RB-04,Distanz + RIX + Gelaendehoehe + Wind,0.0573871281647275
Rheda-Beckum,RB-01--RB-05,Distanz + RIX + Gelaendehoehe + Wind,0.0532398181267121
Rheda-Beckum,RB-02--RB-03,Distanz + RIX + Gelaendehoehe + Wind,0.0435682713792318
Rheda-Beckum,RB-02--RB-04,Distanz + RIX + Gelaendehoehe + Wind,0.0561668945799626
Rheda-Beckum,RB-02--RB-05,Distanz + RIX + Gelaendehoehe + Wind,0.0521300104108949
Rheda-Beckum,RB-03--RB-04,Distanz + RIX + Gelaendehoehe + Wind,0.0515663875480905
Rheda-Beckum,RB-03--RB-05,Distanz + RIX + Gelaendehoehe + Wind,0.0478733874016652
Rheda-Beckum,RB-04--RB-05,Distanz + RIX + Gelaendehoehe + Wind,0.0426311391040566
Alpen-Sevelen,AS-01--AS-02,Distanz + RIX + Rauigkeit + Wald,0.0682981618768048
Alpen-Sevelen,AS-01--AS-03,Distanz + RIX + Rauigkeit + Wald,0.0582436494595213
Alpen-Sevelen,AS-01--AS-04,Distanz + RIX + Rauigkeit + Wald,0.0664398570787045
Alpen-Sevelen,AS-01--AS-05,Distanz + RIX + Rauigkeit + Wald,0.0693710908925566
Alpen-Sevelen,AS-01--AS-06,Distanz + RIX + Rauigkeit + Wald,0.0691221015435179
Alpen-Sevelen,AS-02--AS-03,Distanz + RIX + Rauigkeit + Wald,0.0567695581804425
Alpen-Sevelen,AS-02--AS-04,Distanz + RIX + Rauigkeit + Wald,0.0498537774679382
Alpen-Sevelen,AS-02--AS-05,Distanz + RIX + Rauigkeit + Wald,0.053824973027878
Alpen-Sevelen,AS-02--AS-06,Distanz + RIX + Rauigkeit + Wald,0.051014403108364
Alpen-Sevelen,AS-03--AS-04,Distanz + RIX + Rauigkeit + Wald,0.0555423072338332
Alpen-Sevelen,AS-03--AS-05,Distanz + RIX + Rauigkeit + Wald,0.0599338297686366
Alpen-Sevelen,AS-03--AS-06,Distanz + RIX + Rauigkeit + Wald,0.0585707192892476
Alpen-Sevelen,AS-04--AS-05,Distanz + RIX + Rauigkeit + Wald,0.0524593607304161
Alpen-Sevelen,AS-04--AS-06,Distanz + RIX + Rauigkeit + Wald,0.0503595234880005
Alpen-Sevelen,AS-05--AS-06,Distanz + RIX + Rauigkeit + Wald,0.0504636545579238
Altenmellrich,AM-01--AM-02,Distanz + RIX + Rauigkeit + Wald,0.0572458605321453
Altenmellrich,AM-01--AM-03,Distanz + RIX + Rauigkeit + Wald,0.0580791162049498
Altenmellrich,AM-01--AM-04,Distanz + RIX + Rauigkeit + Wald,0.0667480250646604
Altenmellrich,AM-02--AM-03,Distanz + RIX + Rauigkeit + Wald,0.068290192990359
Altenmellrich,AM-02--AM-04,Distanz + RIX + Rauigkeit + Wald,0.0579574538992502
Altenmellrich,AM-03--AM-04,Distanz + RIX + Rauigkeit + Wald,0.0721067025363237
Bad Berleburg,BB-01--BB-02,Distanz + RIX + Rauigkeit + Wald,0.1273844294835026
Bad Berleburg,BB-01--BB-03,Distanz + RIX + Rauigkeit + Wald,0.1520901906435551
Bad Berleburg,BB-01--BB-04,Distanz + RIX + Rauigkeit + Wald,0.1464184589372004
Bad Berleburg,BB-01--BB-05,Distanz + RIX + Rauigkeit + Wald,0.1540089370048447
Bad Berleburg,BB-01--BB-06,Distanz + RIX + Rauigkeit + Wald,0.1463871773800382
Bad Berleburg,BB-01--BB-07,Distanz + RIX + Rauigkeit + Wald,0.1474763187483696
Bad Berleburg,BB-02--BB-03,Distanz + RIX + Rauigkeit + Wald,0.1478353441710285
Bad Berleburg,BB-02--BB-04,Distanz + RIX + Rauigkeit + Wald,0.142558356698125
Bad Berleburg,BB-02--BB-05,Distanz + RIX + Rauigkeit + Wald,0.1470216419739224
Bad Berleburg,BB-02--BB-06,Distanz + RIX + Rauigkeit + Wald,0.1400964616352229
Bad Berleburg,BB-02--BB-07,Distanz + RIX + Rauigkeit + Wald,0.1427203616039347
Bad Berleburg,BB-03--BB-04,Distanz + RIX + Rauigkeit + Wald,0.1442516184394204
Bad Berleburg,BB-03--BB-05,Distanz + RIX + Rauigkeit + Wald,0.1553491746126402
Bad Berleburg,BB-03--BB-06,Distanz + RIX + Rauigkeit + Wald,0.1442945213820364
Bad Berleburg,BB-03--BB-07,Distanz + RIX + Rauigkeit + Wald,0.151617173928003
Bad Berleburg,BB-04--BB-05,Distanz + RIX + Rauigkeit + Wald,0.1426583530326076
Bad Berleburg,BB-04--BB-06,Distanz + RIX + Rauigkeit + Wald,0.150396371350698
Bad Berleburg,BB-04--BB-07,Distanz + RIX + Rauigkeit + Wald,0.1504533046599567
Bad Berleburg,BB-05--BB-06,Distanz + RIX + Rauigkeit + Wald,0.1549795094225321
Bad Berleburg,BB-05--BB-07,Distanz + RIX + Rauigkeit + Wald,0.1601557261124435
Bad Berleburg,BB-06--BB-07,Distanz + RIX + Rauigkeit + Wald,0.1384865031261641
Borken-Coesfeld,BC-01--BC-02,Distanz + RIX + Rauigkeit + Wald,0.0601574290908811
Borken-Coesfeld,BC-01--BC-03,Distanz + RIX + Rauigkeit + Wald,0.0621562832150015
Borken-Coesfeld,BC-01--BC-04,Distanz + RIX + Rauigkeit + Wald,0.0673515903991917
Borken-Coesfeld,BC-01--BC-05,Distanz + RIX + Rauigkeit + Wald,0.0617709014749867
Borken-Coesfeld,BC-01--BC-06,Distanz + RIX + Rauigkeit + Wald,0.0648992565115907
Borken-Coesfeld,BC-02--BC-03,Distanz + RIX + Rauigkeit + Wald,0.0631488883947074
Borken-Coesfeld,BC-02--BC-04,Distanz + RIX + Rauigkeit + Wald,0.0629749462557055
Borken-Coesfeld,BC-02--BC-05,Distanz + RIX + Rauigkeit + Wald,0.0613086259526928
Borken-Coesfeld,BC-02--BC-06,Distanz + RIX + Rauigkeit + Wald,0.0681746571878085
Borken-Coesfeld,BC-03--BC-04,Distanz + RIX + Rauigkeit + Wald,0.0557869663488158
Borken-Coesfeld,BC-03--BC-05,Distanz + RIX + Rauigkeit + Wald,0.0592086563212036
Borken-Coesfeld,BC-03--BC-06,Distanz + RIX + Rauigkeit + Wald,0.0600501394155929
Borken-Coesfeld,BC-04--BC-05,Distanz + RIX + Rauigkeit + Wald,0.0596630197328363
Borken-Coesfeld,BC-04--BC-06,Distanz + RIX + Rauigkeit + Wald,0.0630629238334772
Borken-Coesfeld,BC-05--BC-06,Distanz + RIX + Rauigkeit + Wald,0.0645492673338279
Lorup,LO-01--LO-02,Distanz + RIX + Rauigkeit + Wald,0.0746827202836795
Lorup,LO-01--LO-03,Distanz + RIX + Rauigkeit + Wald,0.0933148993763555
Lorup,LO-02--LO-03,Distanz + RIX + Rauigkeit + Wald,0.0767178926602786
Ostfriesland,OF-01--OF-02,Distanz + RIX + Rauigkeit + Wald,0.0481924672881622
Ostfriesland,OF-01--OF-03,Distanz + RIX + Rauigkeit + Wald,0.0607140890329174
Ostfriesland,OF-01--OF-04,Distanz + RIX + Rauigkeit + Wald,0.071256290233981
Ostfriesland,OF-02--OF-03,Distanz + RIX + Rauigkeit + Wald,0.0558552895214958
Ostfriesland,OF-02--OF-04,Distanz + RIX + Rauigkeit + Wald,0.0704160342899986
Ostfriesland,OF-03--OF-04,Distanz + RIX + Rauigkeit + Wald,0.0609678992193205
Paderborn,PA-01--PA-10,Distanz + RIX + Rauigkeit + Wald,0.076485520993155
Paderborn,PA-01--PA-11,Distanz + RIX + Rauigkeit + Wald,0.0764427799217042
Paderborn,PA-01--PA-12,Distanz + RIX + Rauigkeit + Wald,0.0796371576581786
Paderborn,PA-01--PA-02,Distanz + RIX + Rauigkeit + Wald,0.0818017388675227
Paderborn,PA-01--PA-03,Distanz + RIX + Rauigkeit + Wald,0.0764518128983704
Paderborn,PA-01--PA-04,Distanz + RIX + Rauigkeit + Wald,0.0787714910034422
Paderborn,PA-01--PA-05,Distanz + RIX + Rauigkeit + Wald,0.0782292056798142
Paderborn,PA-01--PA-06,Distanz + RIX + Rauigkeit + Wald,0.0747400522119512
Paderborn,PA-01--PA-07,Distanz + RIX + Rauigkeit + Wald,0.0789302283243086
Paderborn,PA-01--PA-08,Distanz + RIX + Rauigkeit + Wald,0.0760669598101133
Paderborn,PA-01--PA-09,Distanz + RIX + Rauigkeit + Wald,0.0774801694825815
Paderborn,PA-10--PA-11,Distanz + RIX + Rauigkeit + Wald,0.0777639654963015
Paderborn,PA-10--PA-12,Distanz + RIX + Rauigkeit + Wald,0.0823762424150946
Paderborn,PA-02--PA-10,Distanz + RIX + Rauigkeit + Wald,0.0815627430294952
Paderborn,PA-03--PA-10,Distanz + RIX + Rauigkeit + Wald,0.0748461275974986
Paderborn,PA-04--PA-10,Distanz + RIX + Rauigkeit + Wald,0.0739663008608135
Paderborn,PA-05--PA-10,Distanz + RIX + Rauigkeit + Wald,0.0774025359905267
Paderborn,PA-06--PA-10,Distanz + RIX + Rauigkeit + Wald,0.0749199554843316
Paderborn,PA-07--PA-10,Distanz + RIX + Rauigkeit + Wald,0.0784473851246567
Paderborn,PA-08--PA-10,Distanz + RIX + Rauigkeit + Wald,0.0743130842327588
Paderborn,PA-09--PA-10,Distanz + RIX + Rauigkeit + Wald,0.0767946996808308
Paderborn,PA-11--PA-12,Distanz + RIX + Rauigkeit + Wald,0.0721225866541462
Paderborn,PA-02--PA-11,Distanz + RIX + Rauigkeit + Wald,0.0762803514609511
Paderborn,PA-03--PA-11,Distanz + RIX + Rauigkeit + Wald,0.0782506048084696
Paderborn,PA-04--PA-11,Distanz + RIX + Rauigkeit + Wald,0.0747045382578416
Paderborn,PA-05--PA-11,Distanz + RIX + Rauigkeit + Wald,0.0717090326565832
Paderborn,PA-06--PA-11,Distanz + RIX + Rauigkeit + Wald,0.0738990010704091
Paderborn,PA-07--PA-11,Distanz + RIX + Rauigkeit + Wald,0.0730816707406577
Paderborn,PA-08--PA-11,Distanz + RIX + Rauigkeit + Wald,0.0744202415659757
Paderborn,PA-09--PA-11,Distanz + RIX + Rauigkeit + Wald,0.0756442068997934
Paderborn,PA-02--PA-12,Distanz + RIX + Rauigkeit + Wald,0.0759711313968029
Paderborn,PA-03--PA-12,Distanz + RIX + Rauigkeit + Wald,0.082580979404565
Paderborn,PA-04--PA-12,Distanz + RIX + Rauigkeit + Wald,0.079266266976156
Paderborn,PA-05--PA-12,Distanz + RIX + Rauigkeit + Wald,0.0762931909378219
Paderborn,PA-06--PA-12,Distanz + RIX + Rauigkeit + Wald,0.0783036978431276
Paderborn,PA-07--PA-12,Distanz + RIX + Rauigkeit + Wald,0.0757288435805069
Paderborn,PA-08--PA-12,Distanz + RIX + Rauigkeit + Wald,0.078289642630753
Paderborn,PA-09--PA-12,Distanz + RIX + Rauigkeit + Wald,0.0795311956599491
Paderborn,PA-02--PA-03,Distanz + RIX + Rauigkeit + Wald,0.0835092722581535
Paderborn,PA-02--PA-04,Distanz + RIX + Rauigkeit + Wald,0.0822777478192016
Paderborn,PA-02--PA-05,Distanz + RIX + Rauigkeit + Wald,0.08049632356889
Paderborn,PA-02--PA-06,Distanz + RIX + Rauigkeit + Wald,0.079478261492325
Paderborn,PA-02--PA-07,Distanz + RIX + Rauigkeit + Wald,0.0780199707079462
Paderborn,PA-02--PA-08,Distanz + RIX + Rauigkeit + Wald,0.0811287038027833
Paderborn,PA-02--PA-09,Distanz + RIX + Rauigkeit + Wald,0.0786964901158143
Paderborn,PA-03--PA-04,Distanz + RIX + Rauigkeit + Wald,0.0770423962848799
Paderborn,PA-03--PA-05,Distanz + RIX + Rauigkeit + Wald,0.07956321633594
Paderborn,PA-03--PA-06,Distanz + RIX + Rauigkeit + Wald,0.0764818433245002
Paderborn,PA-03--PA-07,Distanz + RIX + Rauigkeit + Wald,0.0788889115564869
Paderborn,PA-03--PA-08,Distanz + RIX + Rauigkeit + Wald,0.0753005227931696
Paderborn,PA-03--PA-09,Distanz + RIX + Rauigkeit + Wald,0.0757419985695923
Paderborn,PA-04--PA-05,Distanz + RIX + Rauigkeit + Wald,0.0743582467846974
Paderborn,PA-04--PA-06,Distanz + RIX + Rauigkeit + Wald,0.073346346998381
Paderborn,PA-04--PA-07,Distanz + RIX + Rauigkeit + Wald,0.0756951161255589
Paderborn,PA-04--PA-08,Distanz + RIX + Rauigkeit + Wald,0.0733374420363353
Paderborn,PA-04--PA-09,Distanz + RIX + Rauigkeit + Wald,0.0736242090206583
Paderborn,PA-05--PA-06,Distanz + RIX + Rauigkeit + Wald,0.0731697083063253
Paderborn,PA-05--PA-07,Distanz + RIX + Rauigkeit + Wald,0.0739562271826596
Paderborn,PA-05--PA-08,Distanz + RIX + Rauigkeit + Wald,0.0750270139283728
Paderborn,PA-05--PA-09,Distanz + RIX + Rauigkeit + Wald,0.0748703117107042
Paderborn,PA-06--PA-07,Distanz + RIX + Rauigkeit + Wald,0.0748051653413316
Paderborn,PA-06--PA-08,Distanz + RIX + Rauigkeit + Wald,0.0727989354436734
Paderborn,PA-06--PA-09,Distanz + RIX + Rauigkeit + Wald,0.0741898493363095
Paderborn,PA-07--PA-08,Distanz + RIX + Rauigkeit + Wald,0.0749076693007456
Paderborn,PA-07--PA-09,Distanz + RIX + Rauigkeit + Wald,0.071697568187728
Paderborn,PA-08--PA-09,Distanz + RIX + Rauigkeit + Wald,0.0735535075739185
Rheda-Beckum,RB-01--RB-02,Distanz + RIX + Rauigkeit + Wald,0.0463335034183378
Rheda-Beckum,RB-01--RB-03,Distanz + RIX + Rauigkeit + Wald,0.0491968053425851
Rheda-Beckum,RB-01--RB-04,Distanz + RIX + Rauigkeit + Wald,0.0504470682554227
Rheda-Beckum,RB-01--RB-05,Distanz + RIX + Rauigkeit + Wald,0.0498082450072583
Rheda-Beckum,RB-02--RB-03,Distanz + RIX + Rauigkeit + Wald,0.0474314266116486
Rheda-Beckum,RB-02--RB-04,Distanz + RIX + Rauigkeit + Wald,0.0523215954279109
Rheda-Beckum,RB-02--RB-05,Distanz + RIX + Rauigkeit + Wald,0.0511337602866361
Rheda-Beckum,RB-03--RB-04,Distanz + RIX + Rauigkeit + Wald,0.055408104527426
Rheda-Beckum,RB-03--RB-05,Distanz + RIX + Rauigkeit + Wald,0.0540484993231497
Rheda-Beckum,RB-04--RB-05,Distanz + RIX + Rauigkeit + Wald,0.047111864351867
Alpen-Sevelen,AS-01--AS-02,Distanz + RIX + Rauigkeit + Wind,0.0480569117445703
Alpen-Sevelen,AS-01--AS-03,Distanz + RIX + Rauigkeit + Wind,0.0514261591228756
Alpen-Sevelen,AS-01--AS-04,Distanz + RIX + Rauigkeit + Wind,0.0494390409765269
Alpen-Sevelen,AS-01--AS-05,Distanz + RIX + Rauigkeit + Wind,0.0514585399493573
Alpen-Sevelen,AS-01--AS-06,Distanz + RIX + Rauigkeit + Wind,0.0507764536373189
Alpen-Sevelen,AS-02--AS-03,Distanz + RIX + Rauigkeit + Wind,0.0555727693503006
Alpen-Sevelen,AS-02--AS-04,Distanz + RIX + Rauigkeit + Wind,0.0538867204883124
Alpen-Sevelen,AS-02--AS-05,Distanz + RIX + Rauigkeit + Wind,0.0544294510106919
Alpen-Sevelen,AS-02--AS-06,Distanz + RIX + Rauigkeit + Wind,0.0548294158920021
Alpen-Sevelen,AS-03--AS-04,Distanz + RIX + Rauigkeit + Wind,0.0449969556928016
Alpen-Sevelen,AS-03--AS-05,Distanz + RIX + Rauigkeit + Wind,0.0476129540700294
Alpen-Sevelen,AS-03--AS-06,Distanz + RIX + Rauigkeit + Wind,0.0466471325309115
Alpen-Sevelen,AS-04--AS-05,Distanz + RIX + Rauigkeit + Wind,0.0463159709411118
Alpen-Sevelen,AS-04--AS-06,Distanz + RIX + Rauigkeit + Wind,0.0447303611231464
Alpen-Sevelen,AS-05--AS-06,Distanz + RIX + Rauigkeit + Wind,0.0452198643330803
Altenmellrich,AM-01--AM-02,Distanz + RIX + Rauigkeit + Wind,0.057949947092067
Altenmellrich,AM-01--AM-03,Distanz + RIX + Rauigkeit + Wind,0.0637161737955955
Altenmellrich,AM-01--AM-04,Distanz + RIX + Rauigkeit + Wind,0.0772865688258088
Altenmellrich,AM-02--AM-03,Distanz + RIX + Rauigkeit + Wind,0.0543319059165691
Altenmellrich,AM-02--AM-04,Distanz + RIX + Rauigkeit + Wind,0.0673873674707481
Altenmellrich,AM-03--AM-04,Distanz + RIX + Rauigkeit + Wind,0.0573277102647744
Bad Berleburg,BB-01--BB-02,Distanz + RIX + Rauigkeit + Wind,0.1489026703263595
Bad Berleburg,BB-01--BB-03,Distanz + RIX + Rauigkeit + Wind,0.1172339010049862
Bad Berleburg,BB-01--BB-04,Distanz + RIX + Rauigkeit + Wind,0.1461351415447081
Bad Berleburg,BB-01--BB-05,Distanz + RIX + Rauigkeit + Wind,0.1191782604592952
Bad Berleburg,BB-01--BB-06,Distanz + RIX + Rauigkeit + Wind,0.1901852676867543
Bad Berleburg,BB-01--BB-07,Distanz + RIX + Rauigkeit + Wind,0.1786303809462736
Bad Berleburg,BB-02--BB-03,Distanz + RIX + Rauigkeit + Wind,0.1575324067029806
Bad Berleburg,BB-02--BB-04,Distanz + RIX + Rauigkeit + Wind,0.1289833698201823
Bad Berleburg,BB-02--BB-05,Distanz + RIX + Rauigkeit + Wind,0.1610533974238006
Bad Berleburg,BB-02--BB-06,Distanz + RIX + Rauigkeit + Wind,0.2479598574995815
Bad Berleburg,BB-02--BB-07,Distanz + RIX + Rauigkeit + Wind,0.127361411049917
Bad Berleburg,BB-03--BB-04,Distanz + RIX + Rauigkeit + Wind,0.1627304380031159
Bad Berleburg,BB-03--BB-05,Distanz + RIX + Rauigkeit + Wind,0.1442337868703493
Bad Berleburg,BB-03--BB-06,Distanz + RIX + Rauigkeit + Wind,0.1834762553441908
Bad Berleburg,BB-03--BB-07,Distanz + RIX + Rauigkeit + Wind,0.2192217037069576
Bad Berleburg,BB-04--BB-05,Distanz + RIX + Rauigkeit + Wind,0.1501694900913424
Bad Berleburg,BB-04--BB-06,Distanz + RIX + Rauigkeit + Wind,0.1999535561955865
Bad Berleburg,BB-04--BB-07,Distanz + RIX + Rauigkeit + Wind,0.1550310616328372
Bad Berleburg,BB-05--BB-06,Distanz + RIX + Rauigkeit + Wind,0.2015544868797606
Bad Berleburg,BB-05--BB-07,Distanz + RIX + Rauigkeit + Wind,0.1686740578183786
Bad Berleburg,BB-06--BB-07,Distanz + RIX + Rauigkeit + Wind,0.3076629525403125
Borken-Coesfeld,BC-01--BC-02,Distanz + RIX + Rauigkeit + Wind,0.0515943509484236
Borken-Coesfeld,BC-01--BC-03,Distanz + RIX + Rauigkeit + Wind,0.056186551709286
Borken-Coesfeld,BC-01--BC-04,Distanz + RIX + Rauigkeit + Wind,0.0570944463066831
Borken-Coesfeld,BC-01--BC-05,Distanz + RIX + Rauigkeit + Wind,0.0553900878247013
Borken-Coesfeld,BC-01--BC-06,Distanz + RIX + Rauigkeit + Wind,0.0597986403213
Borken-Coesfeld,BC-02--BC-03,Distanz + RIX + Rauigkeit + Wind,0.0605646203392097
Borken-Coesfeld,BC-02--BC-04,Distanz + RIX + Rauigkeit + Wind,0.0610885948474062
Borken-Coesfeld,BC-02--BC-05,Distanz + RIX + Rauigkeit + Wind,0.0530275532091962
Borken-Coesfeld,BC-02--BC-06,Distanz + RIX + Rauigkeit + Wind,0.0603305219060853
Borken-Coesfeld,BC-03--BC-04,Distanz + RIX + Rauigkeit + Wind,0.0454007649544867
Borken-Coesfeld,BC-03--BC-05,Distanz + RIX + Rauigkeit + Wind,0.0540948680500946
Borken-Coesfeld,BC-03--BC-06,Distanz + RIX + Rauigkeit + Wind,0.0509310756793761
Borken-Coesfeld,BC-04--BC-05,Distanz + RIX + Rauigkeit + Wind,0.0547509064419878
Borken-Coesfeld,BC-04--BC-06,Distanz + RIX + Rauigkeit + Wind,0.051554876618575
Borken-Coesfeld,BC-05--BC-06,Distanz + RIX + Rauigkeit + Wind,0.0533411547217481
Lorup,LO-01--LO-02,Distanz + RIX + Rauigkeit + Wind,0.0530992025088485
Lorup,LO-01--LO-03,Distanz + RIX + Rauigkeit + Wind,0.0628499755366571
Lorup,LO-02--LO-03,Distanz + RIX + Rauigkeit + Wind,0.0565591873641934
Ostfriesland,OF-01--OF-02,Distanz + RIX + Rauigkeit + Wind,0.0453000301701943
Ostfriesland,OF-01--OF-03,Distanz + RIX + Rauigkeit + Wind,0.0555697535145342
Ostfriesland,OF-01--OF-04,Distanz + RIX + Rauigkeit + Wind,0.0709499748018634
Ostfriesland,OF-02--OF-03,Distanz + RIX + Rauigkeit + Wind,0.054648297895836
Ostfriesland,OF-02--OF-04,Distanz + RIX + Rauigkeit + Wind,0.0672563415295939
Ostfriesland,OF-03--OF-04,Distanz + RIX + Rauigkeit + Wind,0.0653061004903356
Paderborn,PA-01--PA-10,Distanz + RIX + Rauigkeit + Wind,0.0841741624451164
Paderborn,PA-01--PA-11,Distanz + RIX + Rauigkeit + Wind,0.082839171335533
Paderborn,PA-01--PA-12,Distanz + RIX + Rauigkeit + Wind,0.0828884718819078
Paderborn,PA-01--PA-02,Distanz + RIX + Rauigkeit + Wind,0.0792205965562228
Paderborn,PA-01--PA-03,Distanz + RIX + Rauigkeit + Wind,0.07897945529614
Paderborn,PA-01--PA-04,Distanz + RIX + Rauigkeit + Wind,0.0745310432956782
Paderborn,PA-01--PA-05,Distanz + RIX + Rauigkeit + Wind,0.0802430891744335
Paderborn,PA-01--PA-06,Distanz + RIX + Rauigkeit + Wind,0.0818039357491002
Paderborn,PA-01--PA-07,Distanz + RIX + Rauigkeit + Wind,0.0806100081099712
Paderborn,PA-01--PA-08,Distanz + RIX + Rauigkeit + Wind,0.0817617992861227
Paderborn,PA-01--PA-09,Distanz + RIX + Rauigkeit + Wind,0.0822657456542724
Paderborn,PA-10--PA-11,Distanz + RIX + Rauigkeit + Wind,0.0720046380837916
Paderborn,PA-10--PA-12,Distanz + RIX + Rauigkeit + Wind,0.074096397759034
Paderborn,PA-02--PA-10,Distanz + RIX + Rauigkeit + Wind,0.0819113625716251
Paderborn,PA-03--PA-10,Distanz + RIX + Rauigkeit + Wind,0.0768335895090882
Paderborn,PA-04--PA-10,Distanz + RIX + Rauigkeit + Wind,0.0778141018491054
Paderborn,PA-05--PA-10,Distanz + RIX + Rauigkeit + Wind,0.0759236162990568
Paderborn,PA-06--PA-10,Distanz + RIX + Rauigkeit + Wind,0.0740816605827349
Paderborn,PA-07--PA-10,Distanz + RIX + Rauigkeit + Wind,0.0747736101105883
Paderborn,PA-08--PA-10,Distanz + RIX + Rauigkeit + Wind,0.0734210599239516
Paderborn,PA-09--PA-10,Distanz + RIX + Rauigkeit + Wind,0.0718381625288798
Paderborn,PA-11--PA-12,Distanz + RIX + Rauigkeit + Wind,0.068695772010875
Paderborn,PA-02--PA-11,Distanz + RIX + Rauigkeit + Wind,0.0810090321349542
Paderborn,PA-03--PA-11,Distanz + RIX + Rauigkeit + Wind,0.0775344139273323
Paderborn,PA-04--PA-11,Distanz + RIX + Rauigkeit + Wind,0.0780879867393753
Paderborn,PA-05--PA-11,Distanz + RIX + Rauigkeit + Wind,0.0729658295015456
Paderborn,PA-06--PA-11,Distanz + RIX + Rauigkeit + Wind,0.0716949049418608
Paderborn,PA-07--PA-11,Distanz + RIX + Rauigkeit + Wind,0.0720641623604396
Paderborn,PA-08--PA-11,Distanz + RIX + Rauigkeit + Wind,0.0706384181937578
Paderborn,PA-09--PA-11,Distanz + RIX + Rauigkeit + Wind,0.0707448548155683
Paderborn,PA-02--PA-12,Distanz + RIX + Rauigkeit + Wind,0.0794556777236482
Paderborn,PA-03--PA-12,Distanz + RIX + Rauigkeit + Wind,0.0792115618857941
Paderborn,PA-04--PA-12,Distanz + RIX + Rauigkeit + Wind,0.0788081946179787
Paderborn,PA-05--PA-12,Distanz + RIX + Rauigkeit + Wind,0.0761756441762557
Paderborn,PA-06--PA-12,Distanz + RIX + Rauigkeit + Wind,0.0742081121096193
Paderborn,PA-07--PA-12,Distanz + RIX + Rauigkeit + Wind,0.0747344642092577
Paderborn,PA-08--PA-12,Distanz + RIX + Rauigkeit + Wind,0.0731206051134947
Paderborn,PA-09--PA-12,Distanz + RIX + Rauigkeit + Wind,0.0731548545522014
Paderborn,PA-02--PA-03,Distanz + RIX + Rauigkeit + Wind,0.0820752872635691
Paderborn,PA-02--PA-04,Distanz + RIX + Rauigkeit + Wind,0.0770281522172205
Paderborn,PA-02--PA-05,Distanz + RIX + Rauigkeit + Wind,0.0834980338732387
Paderborn,PA-02--PA-06,Distanz + RIX + Rauigkeit + Wind,0.0827834587568592
Paderborn,PA-02--PA-07,Distanz + RIX + Rauigkeit + Wind,0.0808911911189396
Paderborn,PA-02--PA-08,Distanz + RIX + Rauigkeit + Wind,0.0813392062967184
Paderborn,PA-02--PA-09,Distanz + RIX + Rauigkeit + Wind,0.0796681176333665
Paderborn,PA-03--PA-04,Distanz + RIX + Rauigkeit + Wind,0.0740411412581327
Paderborn,PA-03--PA-05,Distanz + RIX + Rauigkeit + Wind,0.0736390713916817
Paderborn,PA-03--PA-06,Distanz + RIX + Rauigkeit + Wind,0.0754734168675763
Paderborn,PA-03--PA-07,Distanz + RIX + Rauigkeit + Wind,0.0741365242537465
Paderborn,PA-03--PA-08,Distanz + RIX + Rauigkeit + Wind,0.0743622036878464
Paderborn,PA-03--PA-09,Distanz + RIX + Rauigkeit + Wind,0.0744839269810126
Paderborn,PA-04--PA-05,Distanz + RIX + Rauigkeit + Wind,0.0753667001695714
Paderborn,PA-04--PA-06,Distanz + RIX + Rauigkeit + Wind,0.0769469695281743
Paderborn,PA-04--PA-07,Distanz + RIX + Rauigkeit + Wind,0.0753462262686374
Paderborn,PA-04--PA-08,Distanz + RIX + Rauigkeit + Wind,0.0760570291034701
Paderborn,PA-04--PA-09,Distanz + RIX + Rauigkeit + Wind,0.0754314391322784
Paderborn,PA-05--PA-06,Distanz + RIX + Rauigkeit + Wind,0.0705619462663823
Paderborn,PA-05--PA-07,Distanz + RIX + Rauigkeit + Wind,0.069247350847538
Paderborn,PA-05--PA-08,Distanz + RIX + Rauigkeit + Wind,0.0711974392036898
Paderborn,PA-05--PA-09,Distanz + RIX + Rauigkeit + Wind,0.0709477464085098
Paderborn,PA-06--PA-07,Distanz + RIX + Rauigkeit + Wind,0.0703239977077964
Paderborn,PA-06--PA-08,Distanz + RIX + Rauigkeit + Wind,0.0713187771119158
Paderborn,PA-06--PA-09,Distanz + RIX + Rauigkeit + Wind,0.0686762514017597
Paderborn,PA-07--PA-08,Distanz + RIX + Rauigkeit + Wind,0.0692343176104513
Paderborn,PA-07--PA-09,Distanz + RIX + Rauigkeit + Wind,0.0693918355314892
Paderborn,PA-08--PA-09,Distanz + RIX + Rauigkeit + Wind,0.0701441194191892
Rheda-Beckum,RB-01--RB-02,Distanz + RIX + Rauigkeit + Wind,0.0420628816612863
Rheda-Beckum,RB-01--RB-03,Distanz + RIX + Rauigkeit + Wind,0.0446069412494387
Rheda-Beckum,RB-01--RB-04,Distanz + RIX + Rauigkeit + Wind,0.0565619435845111
Rheda-Beckum,RB-01--RB-05,Distanz + RIX + Rauigkeit + Wind,0.0533195608301549
Rheda-Beckum,RB-02--RB-03,Distanz + RIX + Rauigkeit + Wind,0.0436366220149891
Rheda-Beckum,RB-02--RB-04,Distanz + RIX + Rauigkeit + Wind,0.0578182548924577
Rheda-Beckum,RB-02--RB-05,Distanz + RIX + Rauigkeit + Wind,0.0542811338536437
Rheda-Beckum,RB-03--RB-04,Distanz + RIX + Rauigkeit + Wind,0.055491596974363
Rheda-Beckum,RB-03--RB-05,Distanz + RIX + Rauigkeit + Wind,0.0523339227745553
Rheda-Beckum,RB-04--RB-05,Distanz + RIX + Rauigkeit + Wind,0.044101432957229
Alpen-Sevelen,AS-01--AS-02,Distanz + RIX + Wald + Wind,0.052872765410288
Alpen-Sevelen,AS-01--AS-03,Distanz + RIX + Wald + Wind,0.0506724847181988
Alpen-Sevelen,AS-01--AS-04,Distanz + RIX + Wald + Wind,0.0536407183463222
Alpen-Sevelen,AS-01--AS-05,Distanz + RIX + Wald + Wind,0.0570042283037947
Alpen-Sevelen,AS-01--AS-06,Distanz + RIX + Wald + Wind,0.0563274818729803
Alpen-Sevelen,AS-02--AS-03,Distanz + RIX + Wald + Wind,0.053449402509045
Alpen-Sevelen,AS-02--AS-04,Distanz + RIX + Wald + Wind,0.0474963162393102
Alpen-Sevelen,AS-02--AS-05,Distanz + RIX + Wald + Wind,0.0494048106558214
Alpen-Sevelen,AS-02--AS-06,Distanz + RIX + Wald + Wind,0.0481601540787458
Alpen-Sevelen,AS-03--AS-04,Distanz + RIX + Wald + Wind,0.0437446014384026
Alpen-Sevelen,AS-03--AS-05,Distanz + RIX + Wald + Wind,0.0478229501638968
Alpen-Sevelen,AS-03--AS-06,Distanz + RIX + Wald + Wind,0.0465863204598598
Alpen-Sevelen,AS-04--AS-05,Distanz + RIX + Wald + Wind,0.0422366650148896
Alpen-Sevelen,AS-04--AS-06,Distanz + RIX + Wald + Wind,0.0399547517565744
Alpen-Sevelen,AS-05--AS-06,Distanz + RIX + Wald + Wind,0.0403687942175022
Altenmellrich,AM-01--AM-02,Distanz + RIX + Wald + Wind,0.0578358144362083
Altenmellrich,AM-01--AM-03,Distanz + RIX + Wald + Wind,0.0612867157799794
Altenmellrich,AM-01--AM-04,Distanz + RIX + Wald + Wind,0.0802105713581171
Altenmellrich,AM-02--AM-03,Distanz + RIX + Wald + Wind,0.0589715968616906
Altenmellrich,AM-02--AM-04,Distanz + RIX + Wald + Wind,0.0639759379140323
Altenmellrich,AM-03--AM-04,Distanz + RIX + Wald + Wind,0.0648336075737128
Bad Berleburg,BB-01--BB-02,Distanz + RIX + Wald + Wind,0.1244085273406593
Bad Berleburg,BB-01--BB-03,Distanz + RIX + Wald + Wind,0.1095061988686334
Bad Berleburg,BB-01--BB-04,Distanz + RIX + Wald + Wind,0.1359210377590537
Bad Berleburg,BB-01--BB-05,Distanz + RIX + Wald + Wind,0.1159288246806471
Bad Berleburg,BB-01--BB-06,Distanz + RIX + Wald + Wind,0.1726536618259331
Bad Berleburg,BB-01--BB-07,Distanz + RIX + Wald + Wind,0.1619699954854877
Bad Berleburg,BB-02--BB-03,Distanz + RIX + Wald + Wind,0.1467877828971475
Bad Berleburg,BB-02--BB-04,Distanz + RIX + Wald + Wind,0.1184068878116093
Bad Berleburg,BB-02--BB-05,Distanz + RIX + Wald + Wind,0.1506516712067123
Bad Berleburg,BB-02--BB-06,Distanz + RIX + Wald + Wind,0.2208888626677012
Bad Berleburg,BB-02--BB-07,Distanz + RIX + Wald + Wind,0.1200910528931535
Bad Berleburg,BB-03--BB-04,Distanz + RIX + Wald + Wind,0.1427993924623437
Bad Berleburg,BB-03--BB-05,Distanz + RIX + Wald + Wind,0.1344182885608915
Bad Berleburg,BB-03--BB-06,Distanz + RIX + Wald + Wind,0.1586178934511135
Bad Berleburg,BB-03--BB-07,Distanz + RIX + Wald + Wind,0.1884311384615054
Bad Berleburg,BB-04--BB-05,Distanz + RIX + Wald + Wind,0.1269998746758808
Bad Berleburg,BB-04--BB-06,Distanz + RIX + Wald + Wind,0.1739851295772009
Bad Berleburg,BB-04--BB-07,Distanz + RIX + Wald + Wind,0.1389867899427298
Bad Berleburg,BB-05--BB-06,Distanz + RIX + Wald + Wind,0.1702472971384041
Bad Berleburg,BB-05--BB-07,Distanz + RIX + Wald + Wind,0.1554963795082231
Bad Berleburg,BB-06--BB-07,Distanz + RIX + Wald + Wind,0.2441348125346984
Borken-Coesfeld,BC-01--BC-02,Distanz + RIX + Wald + Wind,0.0509077907118147
Borken-Coesfeld,BC-01--BC-03,Distanz + RIX + Wald + Wind,0.0526024849039942
Borken-Coesfeld,BC-01--BC-04,Distanz + RIX + Wald + Wind,0.0541883403924349
Borken-Coesfeld,BC-01--BC-05,Distanz + RIX + Wald + Wind,0.0516374873180559
Borken-Coesfeld,BC-01--BC-06,Distanz + RIX + Wald + Wind,0.0563593471072782
Borken-Coesfeld,BC-02--BC-03,Distanz + RIX + Wald + Wind,0.0573115100291307
Borken-Coesfeld,BC-02--BC-04,Distanz + RIX + Wald + Wind,0.0553733050385203
Borken-Coesfeld,BC-02--BC-05,Distanz + RIX + Wald + Wind,0.049837683318377
Borken-Coesfeld,BC-02--BC-06,Distanz + RIX + Wald + Wind,0.0607164876074108
Borken-Coesfeld,BC-03--BC-04,Distanz + RIX + Wald + Wind,0.0441165531533506
Borken-Coesfeld,BC-03--BC-05,Distanz + RIX + Wald + Wind,0.0521438446612652
Borken-Coesfeld,BC-03--BC-06,Distanz + RIX + Wald + Wind,0.0490483815807549
Borken-Coesfeld,BC-04--BC-05,Distanz + RIX + Wald + Wind,0.0519828001792322
Borken-Coesfeld,BC-04--BC-06,Distanz + RIX + Wald + Wind,0.0511360704308971
Borken-Coesfeld,BC-05--BC-06,Distanz + RIX + Wald + Wind,0.0535996893702927
Lorup,LO-01--LO-02,Distanz + RIX + Wald + Wind,0.0574903595693275
Lorup,LO-01--LO-03,Distanz + RIX + Wald + Wind,0.0680434797343943
Lorup,LO-02--LO-03,Distanz + RIX + Wald + Wind,0.0596317074142503
Ostfriesland,OF-01--OF-02,Distanz + RIX + Wald + Wind,0.0408338027844981
Ostfriesland,OF-01--OF-03,Distanz + RIX + Wald + Wind,0.0500520349233327
Ostfriesland,OF-01--OF-04,Distanz + RIX + Wald + Wind,0.064195121092406
Ostfriesland,OF-02--OF-03,Distanz + RIX + Wald + Wind,0.0484592129726941
Ostfriesland,OF-02--OF-04,Distanz + RIX + Wald + Wind,0.061075435774672
Ostfriesland,OF-03--OF-04,Distanz + RIX + Wald + Wind,0.0581861215934319
Paderborn,PA-01--PA-10,Distanz + RIX + Wald + Wind,0.0839518530794936
Paderborn,PA-01--PA-11,Distanz + RIX + Wald + Wind,0.0831093416782408
Paderborn,PA-01--PA-12,Distanz + RIX + Wald + Wind,0.0856297800869941
Paderborn,PA-01--PA-02,Distanz + RIX + Wald + Wind,0.0823069669123959
Paderborn,PA-01--PA-03,Distanz + RIX + Wald + Wind,0.0780972181477758
Paderborn,PA-01--PA-04,Distanz + RIX + Wald + Wind,0.0760381825345342
Paderborn,PA-01--PA-05,Distanz + RIX + Wald + Wind,0.0824127035533894
Paderborn,PA-01--PA-06,Distanz + RIX + Wald + Wind,0.0823818912072292
Paderborn,PA-01--PA-07,Distanz + RIX + Wald + Wind,0.0829659477817238
Paderborn,PA-01--PA-08,Distanz + RIX + Wald + Wind,0.081455783617413
Paderborn,PA-01--PA-09,Distanz + RIX + Wald + Wind,0.0840371457956412
Paderborn,PA-10--PA-11,Distanz + RIX + Wald + Wind,0.0718225774906529
Paderborn,PA-10--PA-12,Distanz + RIX + Wald + Wind,0.0765334335478952
Paderborn,PA-02--PA-10,Distanz + RIX + Wald + Wind,0.085268562166738
Paderborn,PA-03--PA-10,Distanz + RIX + Wald + Wind,0.0770373007172514
Paderborn,PA-04--PA-10,Distanz + RIX + Wald + Wind,0.0763350613911809
Paderborn,PA-05--PA-10,Distanz + RIX + Wald + Wind,0.0750022049310625
Paderborn,PA-06--PA-10,Distanz + RIX + Wald + Wind,0.0701931908087298
Paderborn,PA-07--PA-10,Distanz + RIX + Wald + Wind,0.0749627117807035
Paderborn,PA-08--PA-10,Distanz + RIX + Wald + Wind,0.0713851934339687
Paderborn,PA-09--PA-10,Distanz + RIX + Wald + Wind,0.0715248314601078
Paderborn,PA-11--PA-12,Distanz + RIX + Wald + Wind,0.0683542538207146
Paderborn,PA-02--PA-11,Distanz + RIX + Wald + Wind,0.0810974704885467
Paderborn,PA-03--PA-11,Distanz + RIX + Wald + Wind,0.0774830577241104
Paderborn,PA-04--PA-11,Distanz + RIX + Wald + Wind,0.0777059078050753
Paderborn,PA-05--PA-11,Distanz + RIX + Wald + Wind,0.0705953720144924
Paderborn,PA-06--PA-11,Distanz + RIX + Wald + Wind,0.0707669093713467
Paderborn,PA-07--PA-11,Distanz + RIX + Wald + Wind,0.0708651910474394
Paderborn,PA-08--PA-11,Distanz + RIX + Wald + Wind,0.0707958997827661
Paderborn,PA-09--PA-11,Distanz + RIX + Wald + Wind,0.0720827457750623
Paderborn,PA-02--PA-12,Distanz + RIX + Wald + Wind,0.0788813616419412
Paderborn,PA-03--PA-12,Distanz + RIX + Wald + Wind,0.0816210293844375
Paderborn,PA-04--PA-12,Distanz + RIX + Wald + Wind,0.0812001454174965
Paderborn,PA-05--PA-12,Distanz + RIX + Wald + Wind,0.0761929563204043
Paderborn,PA-06--PA-12,Distanz + RIX + Wald + Wind,0.0761905136212198
Paderborn,PA-07--PA-12,Distanz + RIX + Wald + Wind,0.0754409774582891
Paderborn,PA-08--PA-12,Distanz + RIX + Wald + Wind,0.0765264196590151
Paderborn,PA-09--PA-12,Distanz + RIX + Wald + Wind,0.0769262436719085
Paderborn,PA-02--PA-03,Distanz + RIX + Wald + Wind,0.0857788680054448
Paderborn,PA-02--PA-04,Distanz + RIX + Wald + Wind,0.0809366736153409
Paderborn,PA-02--PA-05,Distanz + RIX + Wald + Wind,0.085704750877503
Paderborn,PA-02--PA-06,Distanz + RIX + Wald + Wind,0.0858454642638495
Paderborn,PA-02--PA-07,Distanz + RIX + Wald + Wind,0.0839569873437865
Paderborn,PA-02--PA-08,Distanz + RIX + Wald + Wind,0.0866770354205986
Paderborn,PA-02--PA-09,Distanz + RIX + Wald + Wind,0.0853463479723048
Paderborn,PA-03--PA-04,Distanz + RIX + Wald + Wind,0.075633725163292
Paderborn,PA-03--PA-05,Distanz + RIX + Wald + Wind,0.0745449374603269
Paderborn,PA-03--PA-06,Distanz + RIX + Wald + Wind,0.0741534289766672
Paderborn,PA-03--PA-07,Distanz + RIX + Wald + Wind,0.0748261328485235
Paderborn,PA-03--PA-08,Distanz + RIX + Wald + Wind,0.0726930257217642
Paderborn,PA-03--PA-09,Distanz + RIX + Wald + Wind,0.0739135165369156
Paderborn,PA-04--PA-05,Distanz + RIX + Wald + Wind,0.0746448099629815
Paderborn,PA-04--PA-06,Distanz + RIX + Wald + Wind,0.0745467133497293
Paderborn,PA-04--PA-07,Distanz + RIX + Wald + Wind,0.0759069296343821
Paderborn,PA-04--PA-08,Distanz + RIX + Wald + Wind,0.0754759188304671
Paderborn,PA-04--PA-09,Distanz + RIX + Wald + Wind,0.0753381185979478
Paderborn,PA-05--PA-06,Distanz + RIX + Wald + Wind,0.0697163322847135
Paderborn,PA-05--PA-07,Distanz + RIX + Wald + Wind,0.0681991263417161
Paderborn,PA-05--PA-08,Distanz + RIX + Wald + Wind,0.0706135375860353
Paderborn,PA-05--PA-09,Distanz + RIX + Wald + Wind,0.0715009681326847
Paderborn,PA-06--PA-07,Distanz + RIX + Wald + Wind,0.0704577745202152
Paderborn,PA-06--PA-08,Distanz + RIX + Wald + Wind,0.068983240945916
Paderborn,PA-06--PA-09,Distanz + RIX + Wald + Wind,0.0684595647517424
Paderborn,PA-07--PA-08,Distanz + RIX + Wald + Wind,0.0706061588680642
Paderborn,PA-07--PA-09,Distanz + RIX + Wald + Wind,0.0697587829629469
Paderborn,PA-08--PA-09,Distanz + RIX + Wald + Wind,0.0705888771698825
Rheda-Beckum,RB-01--RB-02,Distanz + RIX + Wald + Wind,0.0392745330741258
Rheda-Beckum,RB-01--RB-03,Distanz + RIX + Wald + Wind,0.0428644208592427
Rheda-Beckum,RB-01--RB-04,Distanz + RIX + Wald + Wind,0.0550811809647587
Rheda-Beckum,RB-01--RB-05,Distanz + RIX + Wald + Wind,0.0523302959943842
Rheda-Beckum,RB-02--RB-03,Distanz + RIX + Wald + Wind,0.0404276961379197
Rheda-Beckum,RB-02--RB-04,Distanz + RIX + Wald + Wind,0.0557367930685214
Rheda-Beckum,RB-02--RB-05,Distanz + RIX + Wald + Wind,0.0529093035591772
Rheda-Beckum,RB-03--RB-04,Distanz + RIX + Wald + Wind,0.0560291859087809
Rheda-Beckum,RB-03--RB-05,Distanz + RIX + Wald + Wind,0.0528193028706168
Rheda-Beckum,RB-04--RB-05,Distanz + RIX + Wald + Wind,0.0410354471270267
Alpen-Sevelen,AS-01--AS-02,Distanz + Gelaendehoehe + Rauigkeit + Wald,0.073100334128624
Alpen-Sevelen,AS-01--AS-03,Distanz + Gelaendehoehe + Rauigkeit + Wald,0.0623899993790854
Alpen-Sevelen,AS-01--AS-04,Distanz + Gelaendehoehe + Rauigkeit + Wald,0.0709240299664461
Alpen-Sevelen,AS-01--AS-05,Distanz + Gelaendehoehe + Rauigkeit + Wald,0.0754571245309591
Alpen-Sevelen,AS-01--AS-06,Distanz + Gelaendehoehe + Rauigkeit + Wald,0.073917062878568
Alpen-Sevelen,AS-02--AS-03,Distanz + Gelaendehoehe + Rauigkeit + Wald,0.0618643111304367
Alpen-Sevelen,AS-02--AS-04,Distanz + Gelaendehoehe + Rauigkeit + Wald,0.0557802617878775
Alpen-Sevelen,AS-02--AS-05,Distanz + Gelaendehoehe + Rauigkeit + Wald,0.0617948082425625
Alpen-Sevelen,AS-02--AS-06,Distanz + Gelaendehoehe + Rauigkeit + Wald,0.0577999666552226
Alpen-Sevelen,AS-03--AS-04,Distanz + Gelaendehoehe + Rauigkeit + Wald,0.0611267684558851
Alpen-Sevelen,AS-03--AS-05,Distanz + Gelaendehoehe + Rauigkeit + Wald,0.0667627387869124
Alpen-Sevelen,AS-03--AS-06,Distanz + Gelaendehoehe + Rauigkeit + Wald,0.0644616353202019
Alpen-Sevelen,AS-04--AS-05,Distanz + Gelaendehoehe + Rauigkeit + Wald,0.0593870073047667
Alpen-Sevelen,AS-04--AS-06,Distanz + Gelaendehoehe + Rauigkeit + Wald,0.0564578483865417
Alpen-Sevelen,AS-05--AS-06,Distanz + Gelaendehoehe + Rauigkeit + Wald,0.0555591090259906
Altenmellrich,AM-01--AM-02,Distanz + Gelaendehoehe + Rauigkeit + Wald,0.0603193306307508
Altenmellrich,AM-01--AM-03,Distanz + Gelaendehoehe + Rauigkeit + Wald,0.0574379219308048
Altenmellrich,AM-01--AM-04,Distanz + Gelaendehoehe + Rauigkeit + Wald,0.0811768205262576
Altenmellrich,AM-02--AM-03,Distanz + Gelaendehoehe + Rauigkeit + Wald,0.0682607911842785
Altenmellrich,AM-02--AM-04,Distanz + Gelaendehoehe + Rauigkeit + Wald,0.0614795796979362
Altenmellrich,AM-03--AM-04,Distanz + Gelaendehoehe + Rauigkeit + Wald,0.0823894192903397
Bad Berleburg,BB-01--BB-02,Distanz + Gelaendehoehe + Rauigkeit + Wald,0.0611163974245901
Bad Berleburg,BB-01--BB-03,Distanz + Gelaendehoehe + Rauigkeit + Wald,0.0735732740379776
Bad Berleburg,BB-01--BB-04,Distanz + Gelaendehoehe + Rauigkeit + Wald,0.0667828248262978
Bad Berleburg,BB-01--BB-05,Distanz + Gelaendehoehe + Rauigkeit + Wald,0.0579170169654486
Bad Berleburg,BB-01--BB-06,Distanz + Gelaendehoehe + Rauigkeit + Wald,0.0666259560088381
Bad Berleburg,BB-01--BB-07,Distanz + Gelaendehoehe + Rauigkeit + Wald,0.0864397855176647
Bad Berleburg,BB-02--BB-03,Distanz + Gelaendehoehe + Rauigkeit + Wald,0.0929511610355405
Bad Berleburg,BB-02--BB-04,Distanz + Gelaendehoehe + Rauigkeit + Wald,0.0835240315952645
Bad Berleburg,BB-02--BB-05,Distanz + Gelaendehoehe + Rauigkeit + Wald,0.068703686062221
Bad Berleburg,BB-02--BB-06,Distanz + Gelaendehoehe + Rauigkeit + Wald,0.0830218645713308
Bad Berleburg,BB-02--BB-07,Distanz + Gelaendehoehe + Rauigkeit + Wald,0.0674911164708908
Bad Berleburg,BB-03--BB-04,Distanz + Gelaendehoehe + Rauigkeit + Wald,0.0581855899439521
Bad Berleburg,BB-03--BB-05,Distanz + Gelaendehoehe + Rauigkeit + Wald,0.0756280422916299
Bad Berleburg,BB-03--BB-06,Distanz + Gelaendehoehe + Rauigkeit + Wald,0.0562610654181823
Bad Berleburg,BB-03--BB-07,Distanz + Gelaendehoehe + Rauigkeit + Wald,0.1142193664342934
Bad Berleburg,BB-04--BB-05,Distanz + Gelaendehoehe + Rauigkeit + Wald,0.0642674022560357
Bad Berleburg,BB-04--BB-06,Distanz + Gelaendehoehe + Rauigkeit + Wald,0.0564957238061447
Bad Berleburg,BB-04--BB-07,Distanz + Gelaendehoehe + Rauigkeit + Wald,0.1069091398564791
Bad Berleburg,BB-05--BB-06,Distanz + Gelaendehoehe + Rauigkeit + Wald,0.0696112929087832
Bad Berleburg,BB-05--BB-07,Distanz + Gelaendehoehe + Rauigkeit + Wald,0.0907856706205292
Bad Berleburg,BB-06--BB-07,Distanz + Gelaendehoehe + Rauigkeit + Wald,0.0995490149725886
Borken-Coesfeld,BC-01--BC-02,Distanz + Gelaendehoehe + Rauigkeit + Wald,0.0740817918881469
Borken-Coesfeld,BC-01--BC-03,Distanz + Gelaendehoehe + Rauigkeit + Wald,0.0676433005047177
Borken-Coesfeld,BC-01--BC-04,Distanz + Gelaendehoehe + Rauigkeit + Wald,0.0686390071372184
Borken-Coesfeld,BC-01--BC-05,Distanz + Gelaendehoehe + Rauigkeit + Wald,0.0676213310392269
Borken-Coesfeld,BC-01--BC-06,Distanz + Gelaendehoehe + Rauigkeit + Wald,0.0724412395787203
Borken-Coesfeld,BC-02--BC-03,Distanz + Gelaendehoehe + Rauigkeit + Wald,0.0794714242275331
Borken-Coesfeld,BC-02--BC-04,Distanz + Gelaendehoehe + Rauigkeit + Wald,0.0741972873874069
Borken-Coesfeld,BC-02--BC-05,Distanz + Gelaendehoehe + Rauigkeit + Wald,0.0664959211503341
Borken-Coesfeld,BC-02--BC-06,Distanz + Gelaendehoehe + Rauigkeit + Wald,0.0876707114154295
Borken-Coesfeld,BC-03--BC-04,Distanz + Gelaendehoehe + Rauigkeit + Wald,0.0634490927481998
Borken-Coesfeld,BC-03--BC-05,Distanz + Gelaendehoehe + Rauigkeit + Wald,0.0706986029337307
Borken-Coesfeld,BC-03--BC-06,Distanz + Gelaendehoehe + Rauigkeit + Wald,0.0623556261559165
Borken-Coesfeld,BC-04--BC-05,Distanz + Gelaendehoehe + Rauigkeit + Wald,0.0662909856824125
Borken-Coesfeld,BC-04--BC-06,Distanz + Gelaendehoehe + Rauigkeit + Wald,0.0698891780135635
Borken-Coesfeld,BC-05--BC-06,Distanz + Gelaendehoehe + Rauigkeit + Wald,0.0760762811045159
Lorup,LO-01--LO-02,Distanz + Gelaendehoehe + Rauigkeit + Wald,0.079528188706396
Lorup,LO-01--LO-03,Distanz + Gelaendehoehe + Rauigkeit + Wald,0.1032100724877718
Lorup,LO-02--LO-03,Distanz + Gelaendehoehe + Rauigkeit + Wald,0.0826633549856799
Ostfriesland,OF-01--OF-02,Distanz + Gelaendehoehe + Rauigkeit + Wald,0.053874544114425
Ostfriesland,OF-01--OF-03,Distanz + Gelaendehoehe + Rauigkeit + Wald,0.0632897864529608
Ostfriesland,OF-01--OF-04,Distanz + Gelaendehoehe + Rauigkeit + Wald,0.0705911031943106
Ostfriesland,OF-02--OF-03,Distanz + Gelaendehoehe + Rauigkeit + Wald,0.0592958657211563
Ostfriesland,OF-02--OF-04,Distanz + Gelaendehoehe + Rauigkeit + Wald,0.0708054940931374
Ostfriesland,OF-03--OF-04,Distanz + Gelaendehoehe + Rauigkeit + Wald,0.0657497710373516
Paderborn,PA-01--PA-10,Distanz + Gelaendehoehe + Rauigkeit + Wald,0.0910216533937539
Paderborn,PA-01--PA-11,Distanz + Gelaendehoehe + Rauigkeit + Wald,0.152180556485736
Paderborn,PA-01--PA-12,Distanz + Gelaendehoehe + Rauigkeit + Wald,0.1787099331650893
Paderborn,PA-01--PA-02,Distanz + Gelaendehoehe + Rauigkeit + Wald,0.1993012427826576
Paderborn,PA-01--PA-03,Distanz + Gelaendehoehe + Rauigkeit + Wald,0.1162103052390937
Paderborn,PA-01--PA-04,Distanz + Gelaendehoehe + Rauigkeit + Wald,0.0771712096700588
Paderborn,PA-01--PA-05,Distanz + Gelaendehoehe + Rauigkeit + Wald,0.1227044815883968
Paderborn,PA-01--PA-06,Distanz + Gelaendehoehe + Rauigkeit + Wald,0.0736494664778431
Paderborn,PA-01--PA-07,Distanz + Gelaendehoehe + Rauigkeit + Wald,0.1172763123157571
Paderborn,PA-01--PA-08,Distanz + Gelaendehoehe + Rauigkeit + Wald,0.1159430464468283
Paderborn,PA-01--PA-09,Distanz + Gelaendehoehe + Rauigkeit + Wald,0.1389758868124093
Paderborn,PA-10--PA-11,Distanz + Gelaendehoehe + Rauigkeit + Wald,0.1105919418728213
Paderborn,PA-10--PA-12,Distanz + Gelaendehoehe + Rauigkeit + Wald,0.1365999989141751
Paderborn,PA-02--PA-10,Distanz + Gelaendehoehe + Rauigkeit + Wald,0.1301922037371195
Paderborn,PA-03--PA-10,Distanz + Gelaendehoehe + Rauigkeit + Wald,0.0753230298422176
Paderborn,PA-04--PA-10,Distanz + Gelaendehoehe + Rauigkeit + Wald,0.0765713009028243
Paderborn,PA-05--PA-10,Distanz + Gelaendehoehe + Rauigkeit + Wald,0.0765140964786623
Paderborn,PA-06--PA-10,Distanz + Gelaendehoehe + Rauigkeit + Wald,0.0670356790109939
Paderborn,PA-07--PA-10,Distanz + Gelaendehoehe + Rauigkeit + Wald,0.0763282931046835
Paderborn,PA-08--PA-10,Distanz + Gelaendehoehe + Rauigkeit + Wald,0.0722898382755512
Paderborn,PA-09--PA-10,Distanz + Gelaendehoehe + Rauigkeit + Wald,0.0913175717128786
Paderborn,PA-11--PA-12,Distanz + Gelaendehoehe + Rauigkeit + Wald,0.0602006746025383
Paderborn,PA-02--PA-11,Distanz + Gelaendehoehe + Rauigkeit + Wald,0.0664415641051089
Paderborn,PA-03--PA-11,Distanz + Gelaendehoehe + Rauigkeit + Wald,0.0832753308228225
Paderborn,PA-04--PA-11,Distanz + Gelaendehoehe + Rauigkeit + Wald,0.1331801573910034
Paderborn,PA-05--PA-11,Distanz + Gelaendehoehe + Rauigkeit + Wald,0.0709505962890269
Paderborn,PA-06--PA-11,Distanz + Gelaendehoehe + Rauigkeit + Wald,0.1147765212940181
Paderborn,PA-07--PA-11,Distanz + Gelaendehoehe + Rauigkeit + Wald,0.0825262960358324
Paderborn,PA-08--PA-11,Distanz + Gelaendehoehe + Rauigkeit + Wald,0.0776461733984423
Paderborn,PA-09--PA-11,Distanz + Gelaendehoehe + Rauigkeit + Wald,0.078440767573541
Paderborn,PA-02--PA-12,Distanz + Gelaendehoehe + Rauigkeit + Wald,0.0629744694162977
Paderborn,PA-03--PA-12,Distanz + Gelaendehoehe + Rauigkeit + Wald,0.101142032672526
Paderborn,PA-04--PA-12,Distanz + Gelaendehoehe + Rauigkeit + Wald,0.1650804604534046
Paderborn,PA-05--PA-12,Distanz + Gelaendehoehe + Rauigkeit + Wald,0.0883132082463659
Paderborn,PA-06--PA-12,Distanz + Gelaendehoehe + Rauigkeit + Wald,0.1429394822127574
Paderborn,PA-07--PA-12,Distanz + Gelaendehoehe + Rauigkeit + Wald,0.0951596324600029
Paderborn,PA-08--PA-12,Distanz + Gelaendehoehe + Rauigkeit + Wald,0.0954892375728838
Paderborn,PA-09--PA-12,Distanz + Gelaendehoehe + Rauigkeit + Wald,0.0949236393233595
Paderborn,PA-02--PA-03,Distanz + Gelaendehoehe + Rauigkeit + Wald,0.1083565810175659
Paderborn,PA-02--PA-04,Distanz + Gelaendehoehe + Rauigkeit + Wald,0.1885834000035403
Paderborn,PA-02--PA-05,Distanz + Gelaendehoehe + Rauigkeit + Wald,0.104684017781333
Paderborn,PA-02--PA-06,Distanz + Gelaendehoehe + Rauigkeit + Wald,0.147860940395661
Paderborn,PA-02--PA-07,Distanz + Gelaendehoehe + Rauigkeit + Wald,0.1054644511084747
Paderborn,PA-02--PA-08,Distanz + Gelaendehoehe + Rauigkeit + Wald,0.1060901185883499
Paderborn,PA-02--PA-09,Distanz + Gelaendehoehe + Rauigkeit + Wald,0.0913637746247368
Paderborn,PA-03--PA-04,Distanz + Gelaendehoehe + Rauigkeit + Wald,0.1160876051611062
Paderborn,PA-03--PA-05,Distanz + Gelaendehoehe + Rauigkeit + Wald,0.075477690892976
Paderborn,PA-03--PA-06,Distanz + Gelaendehoehe + Rauigkeit + Wald,0.0935159771434698
Paderborn,PA-03--PA-07,Distanz + Gelaendehoehe + Rauigkeit + Wald,0.0786561851800452
Paderborn,PA-03--PA-08,Distanz + Gelaendehoehe + Rauigkeit + Wald,0.0583696699659661
Paderborn,PA-03--PA-09,Distanz + Gelaendehoehe + Rauigkeit + Wald,0.0650189490212347
Paderborn,PA-04--PA-05,Distanz + Gelaendehoehe + Rauigkeit + Wald,0.0958222368632084
Paderborn,PA-04--PA-06,Distanz + Gelaendehoehe + Rauigkeit + Wald,0.0619713009037752
Paderborn,PA-04--PA-07,Distanz + Gelaendehoehe + Rauigkeit + Wald,0.0958926868996441
Paderborn,PA-04--PA-08,Distanz + Gelaendehoehe + Rauigkeit + Wald,0.0987204077950515
Paderborn,PA-04--PA-09,Distanz + Gelaendehoehe + Rauigkeit + Wald,0.110818479032528
Paderborn,PA-05--PA-06,Distanz + Gelaendehoehe + Rauigkeit + Wald,0.081031636184241
Paderborn,PA-05--PA-07,Distanz + Gelaendehoehe + Rauigkeit + Wald,0.061751535833932
Paderborn,PA-05--PA-08,Distanz + Gelaendehoehe + Rauigkeit + Wald,0.0643146200785805
Paderborn,PA-05--PA-09,Distanz + Gelaendehoehe + Rauigkeit + Wald,0.0721001345560165
Paderborn,PA-06--PA-07,Distanz + Gelaendehoehe + Rauigkeit + Wald,0.0822501913093254
Paderborn,PA-06--PA-08,Distanz + Gelaendehoehe + Rauigkeit + Wald,0.0825653639103683
Paderborn,PA-06--PA-09,Distanz + Gelaendehoehe + Rauigkeit + Wald,0.1009813885856491
Paderborn,PA-07--PA-08,Distanz + Gelaendehoehe + Rauigkeit + Wald,0.0722112636884787
Paderborn,PA-07--PA-09,Distanz + Gelaendehoehe + Rauigkeit + Wald,0.0697056005548966
Paderborn,PA-08--PA-09,Distanz + Gelaendehoehe + Rauigkeit + Wald,0.0648007352918657
Rheda-Beckum,RB-01--RB-02,Distanz + Gelaendehoehe + Rauigkeit + Wald,0.0537026857740429
Rheda-Beckum,RB-01--RB-03,Distanz + Gelaendehoehe + Rauigkeit + Wald,0.0596675598668809
Rheda-Beckum,RB-01--RB-04,Distanz + Gelaendehoehe + Rauigkeit + Wald,0.061555043351947
Rheda-Beckum,RB-01--RB-05,Distanz + Gelaendehoehe + Rauigkeit + Wald,0.0584455458290463
Rheda-Beckum,RB-02--RB-03,Distanz + Gelaendehoehe + Rauigkeit + Wald,0.0555805307805038
Rheda-Beckum,RB-02--RB-04,Distanz + Gelaendehoehe + Rauigkeit + Wald,0.0610799275714329
Rheda-Beckum,RB-02--RB-05,Distanz + Gelaendehoehe + Rauigkeit + Wald,0.0574367747677344
Rheda-Beckum,RB-03--RB-04,Distanz + Gelaendehoehe + Rauigkeit + Wald,0.058672960435939
Rheda-Beckum,RB-03--RB-05,Distanz + Gelaendehoehe + Rauigkeit + Wald,0.0551484277322812
Rheda-Beckum,RB-04--RB-05,Distanz + Gelaendehoehe + Rauigkeit + Wald,0.0536997586131275
Alpen-Sevelen,AS-01--AS-02,Distanz + Gelaendehoehe + Rauigkeit + Wind,0.0511985746058795
Alpen-Sevelen,AS-01--AS-03,Distanz + Gelaendehoehe + Rauigkeit + Wind,0.0540645351167188
Alpen-Sevelen,AS-01--AS-04,Distanz + Gelaendehoehe + Rauigkeit + Wind,0.0524918418007938
Alpen-Sevelen,AS-01--AS-05,Distanz + Gelaendehoehe + Rauigkeit + Wind,0.0556083153569592
Alpen-Sevelen,AS-01--AS-06,Distanz + Gelaendehoehe + Rauigkeit + Wind,0.0541557230622971
Alpen-Sevelen,AS-02--AS-03,Distanz + Gelaendehoehe + Rauigkeit + Wind,0.0590568232928997
Alpen-Sevelen,AS-02--AS-04,Distanz + Gelaendehoehe + Rauigkeit + Wind,0.0577664993752055
Alpen-Sevelen,AS-02--AS-05,Distanz + Gelaendehoehe + Rauigkeit + Wind,0.0596979577172586
Alpen-Sevelen,AS-02--AS-06,Distanz + Gelaendehoehe + Rauigkeit + Wind,0.0592797179510986
Alpen-Sevelen,AS-03--AS-04,Distanz + Gelaendehoehe + Rauigkeit + Wind,0.0481976804533736
Alpen-Sevelen,AS-03--AS-05,Distanz + Gelaendehoehe + Rauigkeit + Wind,0.0516916232607754
Alpen-Sevelen,AS-03--AS-06,Distanz + Gelaendehoehe + Rauigkeit + Wind,0.0501469091125252
Alpen-Sevelen,AS-04--AS-05,Distanz + Gelaendehoehe + Rauigkeit + Wind,0.0502375881198496
Alpen-Sevelen,AS-04--AS-06,Distanz + Gelaendehoehe + Rauigkeit + Wind,0.0480142166435624
Alpen-Sevelen,AS-05--AS-06,Distanz + Gelaendehoehe + Rauigkeit + Wind,0.047867211739845
Altenmellrich,AM-01--AM-02,Distanz + Gelaendehoehe + Rauigkeit + Wind,0.0589143532958488
Altenmellrich,AM-01--AM-03,Distanz + Gelaendehoehe + Rauigkeit + Wind,0.0633111836072871
Altenmellrich,AM-01--AM-04,Distanz + Gelaendehoehe + Rauigkeit + Wind,0.089142826870405
Altenmellrich,AM-02--AM-03,Distanz + Gelaendehoehe + Rauigkeit + Wind,0.0514840459598098
Altenmellrich,AM-02--AM-04,Distanz + Gelaendehoehe + Rauigkeit + Wind,0.0706638215690286
Altenmellrich,AM-03--AM-04,Distanz + Gelaendehoehe + Rauigkeit + Wind,0.0588823420307941
Bad Berleburg,BB-01--BB-02,Distanz + Gelaendehoehe + Rauigkeit + Wind,0.0839909373225134
Bad Berleburg,BB-01--BB-03,Distanz + Gelaendehoehe + Rauigkeit + Wind,0.0662483433388137
Bad Berleburg,BB-01--BB-04,Distanz + Gelaendehoehe + Rauigkeit + Wind,0.0797846325938599
Bad Berleburg,BB-01--BB-05,Distanz + Gelaendehoehe + Rauigkeit + Wind,0.0561424692041738
Bad Berleburg,BB-01--BB-06,Distanz + Gelaendehoehe + Rauigkeit + Wind,0.1041553359562078
Bad Berleburg,BB-01--BB-07,Distanz + Gelaendehoehe + Rauigkeit + Wind,0.1166102876120775
Bad Berleburg,BB-02--BB-03,Distanz + Gelaendehoehe + Rauigkeit + Wind,0.1089577206930463
Bad Berleburg,BB-02--BB-04,Distanz + Gelaendehoehe + Rauigkeit + Wind,0.0840507293959619
Bad Berleburg,BB-02--BB-05,Distanz + Gelaendehoehe + Rauigkeit + Wind,0.0898378425945651
Bad Berleburg,BB-02--BB-06,Distanz + Gelaendehoehe + Rauigkeit + Wind,0.1663518286413762
Bad Berleburg,BB-02--BB-07,Distanz + Gelaendehoehe + Rauigkeit + Wind,0.070806082214363
Bad Berleburg,BB-03--BB-04,Distanz + Gelaendehoehe + Rauigkeit + Wind,0.0815688220226519
Bad Berleburg,BB-03--BB-05,Distanz + Gelaendehoehe + Rauigkeit + Wind,0.0823850980326184
Bad Berleburg,BB-03--BB-06,Distanz + Gelaendehoehe + Rauigkeit + Wind,0.0897343450812477
Bad Berleburg,BB-03--BB-07,Distanz + Gelaendehoehe + Rauigkeit + Wind,0.1724674095703665
Bad Berleburg,BB-04--BB-05,Distanz + Gelaendehoehe + Rauigkeit + Wind,0.0808180015378755
Bad Berleburg,BB-04--BB-06,Distanz + Gelaendehoehe + Rauigkeit + Wind,0.0955806774633807
Bad Berleburg,BB-04--BB-07,Distanz + Gelaendehoehe + Rauigkeit + Wind,0.1158831773992233
Bad Berleburg,BB-05--BB-06,Distanz + Gelaendehoehe + Rauigkeit + Wind,0.1092029144665773
Bad Berleburg,BB-05--BB-07,Distanz + Gelaendehoehe + Rauigkeit + Wind,0.1076528422633448
Bad Berleburg,BB-06--BB-07,Distanz + Gelaendehoehe + Rauigkeit + Wind,0.2370512187950067
Borken-Coesfeld,BC-01--BC-02,Distanz + Gelaendehoehe + Rauigkeit + Wind,0.0605484726437088
Borken-Coesfeld,BC-01--BC-03,Distanz + Gelaendehoehe + Rauigkeit + Wind,0.0595652909467093
Borken-Coesfeld,BC-01--BC-04,Distanz + Gelaendehoehe + Rauigkeit + Wind,0.0577794471636864
Borken-Coesfeld,BC-01--BC-05,Distanz + Gelaendehoehe + Rauigkeit + Wind,0.0589002678745377
Borken-Coesfeld,BC-01--BC-06,Distanz + Gelaendehoehe + Rauigkeit + Wind,0.0647942977794509
Borken-Coesfeld,BC-02--BC-03,Distanz + Gelaendehoehe + Rauigkeit + Wind,0.0719438197996317
Borken-Coesfeld,BC-02--BC-04,Distanz + Gelaendehoehe + Rauigkeit + Wind,0.0685782218560704
Borken-Coesfeld,BC-02--BC-05,Distanz + Gelaendehoehe + Rauigkeit + Wind,0.0560276530054872
Borken-Coesfeld,BC-02--BC-06,Distanz + Gelaendehoehe + Rauigkeit + Wind,0.0736484114844411
Borken-Coesfeld,BC-03--BC-04,Distanz + Gelaendehoehe + Rauigkeit + Wind,0.0498962647811301
Borken-Coesfeld,BC-03--BC-05,Distanz + Gelaendehoehe + Rauigkeit + Wind,0.0616822999021058
Borken-Coesfeld,BC-03--BC-06,Distanz + Gelaendehoehe + Rauigkeit + Wind,0.0522047174721595
Borken-Coesfeld,BC-04--BC-05,Distanz + Gelaendehoehe + Rauigkeit + Wind,0.0589264925007987
Borken-Coesfeld,BC-04--BC-06,Distanz + Gelaendehoehe + Rauigkeit + Wind,0.055867741733557
Borken-Coesfeld,BC-05--BC-06,Distanz + Gelaendehoehe + Rauigkeit + Wind,0.0607224063093033
Lorup,LO-01--LO-02,Distanz + Gelaendehoehe + Rauigkeit + Wind,0.0557218935523577
Lorup,LO-01--LO-03,Distanz + Gelaendehoehe + Rauigkeit + Wind,0.068159509581875
Lorup,LO-02--LO-03,Distanz + Gelaendehoehe + Rauigkeit + Wind,0.0598518288193972
Ostfriesland,OF-01--OF-02,Distanz + Gelaendehoehe + Rauigkeit + Wind,0.047967587053084
Ostfriesland,OF-01--OF-03,Distanz + Gelaendehoehe + Rauigkeit + Wind,0.0558595779884794
Ostfriesland,OF-01--OF-04,Distanz + Gelaendehoehe + Rauigkeit + Wind,0.0688894896882008
Ostfriesland,OF-02--OF-03,Distanz + Gelaendehoehe + Rauigkeit + Wind,0.0555223370535433
Ostfriesland,OF-02--OF-04,Distanz + Gelaendehoehe + Rauigkeit + Wind,0.0661905313834083
Ostfriesland,OF-03--OF-04,Distanz + Gelaendehoehe + Rauigkeit + Wind,0.067985964862912
Paderborn,PA-01--PA-10,Distanz + Gelaendehoehe + Rauigkeit + Wind,0.1412683382960702
Paderborn,PA-01--PA-11,Distanz + Gelaendehoehe + Rauigkeit + Wind,0.192560876524478
Paderborn,PA-01--PA-12,Distanz + Gelaendehoehe + Rauigkeit + Wind,0.1888533109373243
Paderborn,PA-01--PA-02,Distanz + Gelaendehoehe + Rauigkeit + Wind,0.1499682181439187
Paderborn,PA-01--PA-03,Distanz + Gelaendehoehe + Rauigkeit + Wind,0.1242147494421493
Paderborn,PA-01--PA-04,Distanz + Gelaendehoehe + Rauigkeit + Wind,0.0634546614726445
Paderborn,PA-01--PA-05,Distanz + Gelaendehoehe + Rauigkeit + Wind,0.1336046499236396
Paderborn,PA-01--PA-06,Distanz + Gelaendehoehe + Rauigkeit + Wind,0.1201235105066299
Paderborn,PA-01--PA-07,Distanz + Gelaendehoehe + Rauigkeit + Wind,0.1266424617652647
Paderborn,PA-01--PA-08,Distanz + Gelaendehoehe + Rauigkeit + Wind,0.1510694297811915
Paderborn,PA-01--PA-09,Distanz + Gelaendehoehe + Rauigkeit + Wind,0.1691445140299222
Paderborn,PA-10--PA-11,Distanz + Gelaendehoehe + Rauigkeit + Wind,0.0714051175158908
Paderborn,PA-10--PA-12,Distanz + Gelaendehoehe + Rauigkeit + Wind,0.0777345916526504
Paderborn,PA-02--PA-10,Distanz + Gelaendehoehe + Rauigkeit + Wind,0.1287375570613019
Paderborn,PA-03--PA-10,Distanz + Gelaendehoehe + Rauigkeit + Wind,0.0888858125609134
Paderborn,PA-04--PA-10,Distanz + Gelaendehoehe + Rauigkeit + Wind,0.0971635757373769
Paderborn,PA-05--PA-10,Distanz + Gelaendehoehe + Rauigkeit + Wind,0.0705121676772399
Paderborn,PA-06--PA-10,Distanz + Gelaendehoehe + Rauigkeit + Wind,0.0615029394118891
Paderborn,PA-07--PA-10,Distanz + Gelaendehoehe + Rauigkeit + Wind,0.0631788773661051
Paderborn,PA-08--PA-10,Distanz + Gelaendehoehe + Rauigkeit + Wind,0.0678492951773816
Paderborn,PA-09--PA-10,Distanz + Gelaendehoehe + Rauigkeit + Wind,0.0648045465169866
Paderborn,PA-11--PA-12,Distanz + Gelaendehoehe + Rauigkeit + Wind,0.0517490008118105
Paderborn,PA-02--PA-11,Distanz + Gelaendehoehe + Rauigkeit + Wind,0.094309677103751
Paderborn,PA-03--PA-11,Distanz + Gelaendehoehe + Rauigkeit + Wind,0.0797832635753029
Paderborn,PA-04--PA-11,Distanz + Gelaendehoehe + Rauigkeit + Wind,0.1448598709582699
Paderborn,PA-05--PA-11,Distanz + Gelaendehoehe + Rauigkeit + Wind,0.0757466060955023
Paderborn,PA-06--PA-11,Distanz + Gelaendehoehe + Rauigkeit + Wind,0.0895368631303088
Paderborn,PA-07--PA-11,Distanz + Gelaendehoehe + Rauigkeit + Wind,0.0752919242869673
Paderborn,PA-08--PA-11,Distanz + Gelaendehoehe + Rauigkeit + Wind,0.0620012032580873
Paderborn,PA-09--PA-11,Distanz + Gelaendehoehe + Rauigkeit + Wind,0.0601703015461792
Paderborn,PA-02--PA-12,Distanz + Gelaendehoehe + Rauigkeit + Wind,0.082757254060858
Paderborn,PA-03--PA-12,Distanz + Gelaendehoehe + Rauigkeit + Wind,0.0836128365338855
Paderborn,PA-04--PA-12,Distanz + Gelaendehoehe + Rauigkeit + Wind,0.1426666393862907
Paderborn,PA-05--PA-12,Distanz + Gelaendehoehe + Rauigkeit + Wind,0.086820799885015
Paderborn,PA-06--PA-12,Distanz + Gelaendehoehe + Rauigkeit + Wind,0.1016257143195457
Paderborn,PA-07--PA-12,Distanz + Gelaendehoehe + Rauigkeit + Wind,0.0884124397518983
Paderborn,PA-08--PA-12,Distanz + Gelaendehoehe + Rauigkeit + Wind,0.0726995216567314
Paderborn,PA-09--PA-12,Distanz + Gelaendehoehe + Rauigkeit + Wind,0.068168380087916
Paderborn,PA-02--PA-03,Distanz + Gelaendehoehe + Rauigkeit + Wind,0.1037067557083636
Paderborn,PA-02--PA-04,Distanz + Gelaendehoehe + Rauigkeit + Wind,0.1240212583242801
Paderborn,PA-02--PA-05,Distanz + Gelaendehoehe + Rauigkeit + Wind,0.1257679177502013
Paderborn,PA-02--PA-06,Distanz + Gelaendehoehe + Rauigkeit + Wind,0.1680662368795412
Paderborn,PA-02--PA-07,Distanz + Gelaendehoehe + Rauigkeit + Wind,0.1282005383602384
Paderborn,PA-02--PA-08,Distanz + Gelaendehoehe + Rauigkeit + Wind,0.1153637994891623
Paderborn,PA-02--PA-09,Distanz + Gelaendehoehe + Rauigkeit + Wind,0.1079206696313101
Paderborn,PA-03--PA-04,Distanz + Gelaendehoehe + Rauigkeit + Wind,0.0931348290751018
Paderborn,PA-03--PA-05,Distanz + Gelaendehoehe + Rauigkeit + Wind,0.0554519958278679
Paderborn,PA-03--PA-06,Distanz + Gelaendehoehe + Rauigkeit + Wind,0.0832363617599246
Paderborn,PA-03--PA-07,Distanz + Gelaendehoehe + Rauigkeit + Wind,0.0609960408967756
Paderborn,PA-03--PA-08,Distanz + Gelaendehoehe + Rauigkeit + Wind,0.0584701510698644
Paderborn,PA-03--PA-09,Distanz + Gelaendehoehe + Rauigkeit + Wind,0.0630818864787476
Paderborn,PA-04--PA-05,Distanz + Gelaendehoehe + Rauigkeit + Wind,0.0982823491674246
Paderborn,PA-04--PA-06,Distanz + Gelaendehoehe + Rauigkeit + Wind,0.0803230845458223
Paderborn,PA-04--PA-07,Distanz + Gelaendehoehe + Rauigkeit + Wind,0.0928092351272339
Paderborn,PA-04--PA-08,Distanz + Gelaendehoehe + Rauigkeit + Wind,0.1122759336537211
Paderborn,PA-04--PA-09,Distanz + Gelaendehoehe + Rauigkeit + Wind,0.1155559174406061
Paderborn,PA-05--PA-06,Distanz + Gelaendehoehe + Rauigkeit + Wind,0.0677614498316206
Paderborn,PA-05--PA-07,Distanz + Gelaendehoehe + Rauigkeit + Wind,0.0478293304713771
Paderborn,PA-05--PA-08,Distanz + Gelaendehoehe + Rauigkeit + Wind,0.0533541359577147
Paderborn,PA-05--PA-09,Distanz + Gelaendehoehe + Rauigkeit + Wind,0.0587769573695472
Paderborn,PA-06--PA-07,Distanz + Gelaendehoehe + Rauigkeit + Wind,0.0623075782412916
Paderborn,PA-06--PA-08,Distanz + Gelaendehoehe + Rauigkeit + Wind,0.0711547486568707
Paderborn,PA-06--PA-09,Distanz + Gelaendehoehe + Rauigkeit + Wind,0.0661697741597874
Paderborn,PA-07--PA-08,Distanz + Gelaendehoehe + Rauigkeit + Wind,0.0539660770038743
Paderborn,PA-07--PA-09,Distanz + Gelaendehoehe + Rauigkeit + Wind,0.0631852991394791
Paderborn,PA-08--PA-09,Distanz + Gelaendehoehe + Rauigkeit + Wind,0.055813387089851
Rheda-Beckum,RB-01--RB-02,Distanz + Gelaendehoehe + Rauigkeit + Wind,0.0460363951782907
Rheda-Beckum,RB-01--RB-03,Distanz + Gelaendehoehe + Rauigkeit + Wind,0.0508375315070764
Rheda-Beckum,RB-01--RB-04,Distanz + Gelaendehoehe + Rauigkeit + Wind,0.0650996927648471
Rheda-Beckum,RB-01--RB-05,Distanz + Gelaendehoehe + Rauigkeit + Wind,0.0595324683620608
Rheda-Beckum,RB-02--RB-03,Distanz + Gelaendehoehe + Rauigkeit + Wind,0.0481090670725465
Rheda-Beckum,RB-02--RB-04,Distanz + Gelaendehoehe + Rauigkeit + Wind,0.0643188222562665
Rheda-Beckum,RB-02--RB-05,Distanz + Gelaendehoehe + Rauigkeit + Wind,0.0585940152540557
Rheda-Beckum,RB-03--RB-04,Distanz + Gelaendehoehe + Rauigkeit + Wind,0.0575804280823711
Rheda-Beckum,RB-03--RB-05,Distanz + Gelaendehoehe + Rauigkeit + Wind,0.0526822936023729
Rheda-Beckum,RB-04--RB-05,Distanz + Gelaendehoehe + Rauigkeit + Wind,0.047629330524078
Alpen-Sevelen,AS-01--AS-02,Distanz + Gelaendehoehe + Wald + Wind,0.0561349036117464
Alpen-Sevelen,AS-01--AS-03,Distanz + Gelaendehoehe + Wald + Wind,0.0535223606673323
Alpen-Sevelen,AS-01--AS-04,Distanz + Gelaendehoehe + Wald + Wind,0.0568186592776883
Alpen-Sevelen,AS-01--AS-05,Distanz + Gelaendehoehe + Wald + Wind,0.0611726535288986
Alpen-Sevelen,AS-01--AS-06,Distanz + Gelaendehoehe + Wald + Wind,0.059791381486281
Alpen-Sevelen,AS-02--AS-03,Distanz + Gelaendehoehe + Wald + Wind,0.0570357538405921
Alpen-Sevelen,AS-02--AS-04,Distanz + Gelaendehoehe + Wald + Wind,0.051238690022451
Alpen-Sevelen,AS-02--AS-05,Distanz + Gelaendehoehe + Wald + Wind,0.054023421698653
Alpen-Sevelen,AS-02--AS-06,Distanz + Gelaendehoehe + Wald + Wind,0.0521770354080168
Alpen-Sevelen,AS-03--AS-04,Distanz + Gelaendehoehe + Wald + Wind,0.0470040623633287
Alpen-Sevelen,AS-03--AS-05,Distanz + Gelaendehoehe + Wald + Wind,0.0517499779412367
Alpen-Sevelen,AS-03--AS-06,Distanz + Gelaendehoehe + Wald + Wind,0.0500881658659258
Alpen-Sevelen,AS-04--AS-05,Distanz + Gelaendehoehe + Wald + Wind,0.0458345957282688
Alpen-Sevelen,AS-04--AS-06,Distanz + Gelaendehoehe + Wald + Wind,0.0430342507019331
Alpen-Sevelen,AS-05--AS-06,Distanz + Gelaendehoehe + Wald + Wind,0.043032027817541
Altenmellrich,AM-01--AM-02,Distanz + Gelaendehoehe + Wald + Wind,0.0593123434387747
Altenmellrich,AM-01--AM-03,Distanz + Gelaendehoehe + Wald + Wind,0.0602884435363513
Altenmellrich,AM-01--AM-04,Distanz + Gelaendehoehe + Wald + Wind,0.0915026890675088
Altenmellrich,AM-02--AM-03,Distanz + Gelaendehoehe + Wald + Wind,0.0565500626975922
Altenmellrich,AM-02--AM-04,Distanz + Gelaendehoehe + Wald + Wind,0.0655094978181565
Altenmellrich,AM-03--AM-04,Distanz + Gelaendehoehe + Wald + Wind,0.0679841853073195
Bad Berleburg,BB-01--BB-02,Distanz + Gelaendehoehe + Wald + Wind,0.0754126493270868
Bad Berleburg,BB-01--BB-03,Distanz + Gelaendehoehe + Wald + Wind,0.0673678093519239
Bad Berleburg,BB-01--BB-04,Distanz + Gelaendehoehe + Wald + Wind,0.0804267574848112
Bad Berleburg,BB-01--BB-05,Distanz + Gelaendehoehe + Wald + Wind,0.0602104377116312
Bad Berleburg,BB-01--BB-06,Distanz + Gelaendehoehe + Wald + Wind,0.1022275362032442
Bad Berleburg,BB-01--BB-07,Distanz + Gelaendehoehe + Wald + Wind,0.1102335599960859
Bad Berleburg,BB-02--BB-03,Distanz + Gelaendehoehe + Wald + Wind,0.1066379806825185
Bad Berleburg,BB-02--BB-04,Distanz + Gelaendehoehe + Wald + Wind,0.0813391869423208
Bad Berleburg,BB-02--BB-05,Distanz + Gelaendehoehe + Wald + Wind,0.0904862838413372
Bad Berleburg,BB-02--BB-06,Distanz + Gelaendehoehe + Wald + Wind,0.1550048612320985
Bad Berleburg,BB-02--BB-07,Distanz + Gelaendehoehe + Wald + Wind,0.070875978948504
Bad Berleburg,BB-03--BB-04,Distanz + Gelaendehoehe + Wald + Wind,0.0800288365064753
Bad Berleburg,BB-03--BB-05,Distanz + Gelaendehoehe + Wald + Wind,0.0834400766184599
Bad Berleburg,BB-03--BB-06,Distanz + Gelaendehoehe + Wald + Wind,0.0867755492726303
Bad Berleburg,BB-03--BB-07,Distanz + Gelaendehoehe + Wald + Wind,0.1534188950442755
Bad Berleburg,BB-04--BB-05,Distanz + Gelaendehoehe + Wald + Wind,0.0752702294280367
Bad Berleburg,BB-04--BB-06,Distanz + Gelaendehoehe + Wald + Wind,0.0940412828268023
Bad Berleburg,BB-04--BB-07,Distanz + Gelaendehoehe + Wald + Wind,0.107263666034421
Bad Berleburg,BB-05--BB-06,Distanz + Gelaendehoehe + Wald + Wind,0.1029379443799203
Bad Berleburg,BB-05--BB-07,Distanz + Gelaendehoehe + Wald + Wind,0.1055860338051181
Bad Berleburg,BB-06--BB-07,Distanz + Gelaendehoehe + Wald + Wind,0.195564612432069
Borken-Coesfeld,BC-01--BC-02,Distanz + Gelaendehoehe + Wald + Wind,0.0590592592268347
Borken-Coesfeld,BC-01--BC-03,Distanz + Gelaendehoehe + Wald + Wind,0.0557491260814342
Borken-Coesfeld,BC-01--BC-04,Distanz + Gelaendehoehe + Wald + Wind,0.0549254586243916
Borken-Coesfeld,BC-01--BC-05,Distanz + Gelaendehoehe + Wald + Wind,0.0548969346906104
Borken-Coesfeld,BC-01--BC-06,Distanz + Gelaendehoehe + Wald + Wind,0.0608979877211473
Borken-Coesfeld,BC-02--BC-03,Distanz + Gelaendehoehe + Wald + Wind,0.0670449392915555
Borken-Coesfeld,BC-02--BC-04,Distanz + Gelaendehoehe + Wald + Wind,0.0617170148643802
Borken-Coesfeld,BC-02--BC-05,Distanz + Gelaendehoehe + Wald + Wind,0.0526324308189724
Borken-Coesfeld,BC-02--BC-06,Distanz + Gelaendehoehe + Wald + Wind,0.0725193637184156
Borken-Coesfeld,BC-03--BC-04,Distanz + Gelaendehoehe + Wald + Wind,0.0484326333188369
Borken-Coesfeld,BC-03--BC-05,Distanz + Gelaendehoehe + Wald + Wind,0.0591252504560539
Borken-Coesfeld,BC-03--BC-06,Distanz + Gelaendehoehe + Wald + Wind,0.0505393497530832
Borken-Coesfeld,BC-04--BC-05,Distanz + Gelaendehoehe + Wald + Wind,0.0560819281167513
Borken-Coesfeld,BC-04--BC-06,Distanz + Gelaendehoehe + Wald + Wind,0.0551418779973605
Borken-Coesfeld,BC-05--BC-06,Distanz + Gelaendehoehe + Wald + Wind,0.0602931631142131
Lorup,LO-01--LO-02,Distanz + Gelaendehoehe + Wald + Wind,0.0601572785005829
Lorup,LO-01--LO-03,Distanz + Gelaendehoehe + Wald + Wind,0.0729924472205626
Lorup,LO-02--LO-03,Distanz + Gelaendehoehe + Wald + Wind,0.0629014478713267
Ostfriesland,OF-01--OF-02,Distanz + Gelaendehoehe + Wald + Wind,0.0439169772762829
Ostfriesland,OF-01--OF-03,Distanz + Gelaendehoehe + Wald + Wind,0.0509615405358375
Ostfriesland,OF-01--OF-04,Distanz + Gelaendehoehe + Wald + Wind,0.0632563716143246
Ostfriesland,OF-02--OF-03,Distanz + Gelaendehoehe + Wald + Wind,0.0500651814936643
Ostfriesland,OF-02--OF-04,Distanz + Gelaendehoehe + Wald + Wind,0.0607494732765791
Ostfriesland,OF-03--OF-04,Distanz + Gelaendehoehe + Wald + Wind,0.0610894360600487
Paderborn,PA-01--PA-10,Distanz + Gelaendehoehe + Wald + Wind,0.152527184848665
Paderborn,PA-01--PA-11,Distanz + Gelaendehoehe + Wald + Wind,0.2059254579681873
Paderborn,PA-01--PA-12,Distanz + Gelaendehoehe + Wald + Wind,0.2276121987254599
Paderborn,PA-01--PA-02,Distanz + Gelaendehoehe + Wald + Wind,0.1664921995925174
Paderborn,PA-01--PA-03,Distanz + Gelaendehoehe + Wald + Wind,0.1207825959543651
Paderborn,PA-01--PA-04,Distanz + Gelaendehoehe + Wald + Wind,0.0767066201601365
Paderborn,PA-01--PA-05,Distanz + Gelaendehoehe + Wald + Wind,0.1487099993188863
Paderborn,PA-01--PA-06,Distanz + Gelaendehoehe + Wald + Wind,0.1258421951602147
Paderborn,PA-01--PA-07,Distanz + Gelaendehoehe + Wald + Wind,0.1480202070738431
Paderborn,PA-01--PA-08,Distanz + Gelaendehoehe + Wald + Wind,0.1532015195901921
Paderborn,PA-01--PA-09,Distanz + Gelaendehoehe + Wald + Wind,0.1914918838108444
Paderborn,PA-10--PA-11,Distanz + Gelaendehoehe + Wald + Wind,0.0794576299879556
Paderborn,PA-10--PA-12,Distanz + Gelaendehoehe + Wald + Wind,0.1013576019465942
Paderborn,PA-02--PA-10,Distanz + Gelaendehoehe + Wald + Wind,0.1611260286819846
Paderborn,PA-03--PA-10,Distanz + Gelaendehoehe + Wald + Wind,0.0916516803354628
Paderborn,PA-04--PA-10,Distanz + Gelaendehoehe + Wald + Wind,0.0960210547483963
Paderborn,PA-05--PA-10,Distanz + Gelaendehoehe + Wald + Wind,0.0782203154275648
Paderborn,PA-06--PA-10,Distanz + Gelaendehoehe + Wald + Wind,0.0602949984535913
Paderborn,PA-07--PA-10,Distanz + Gelaendehoehe + Wald + Wind,0.0736471957591491
Paderborn,PA-08--PA-10,Distanz + Gelaendehoehe + Wald + Wind,0.0669097060997648
Paderborn,PA-09--PA-10,Distanz + Gelaendehoehe + Wald + Wind,0.0711103640236455
Paderborn,PA-11--PA-12,Distanz + Gelaendehoehe + Wald + Wind,0.0525492204462534
Paderborn,PA-02--PA-11,Distanz + Gelaendehoehe + Wald + Wind,0.1092472079196825
Paderborn,PA-03--PA-11,Distanz + Gelaendehoehe + Wald + Wind,0.0961147574028533
Paderborn,PA-04--PA-11,Distanz + Gelaendehoehe + Wald + Wind,0.14592569741092
Paderborn,PA-05--PA-11,Distanz + Gelaendehoehe + Wald + Wind,0.0715336395481554
Paderborn,PA-06--PA-11,Distanz + Gelaendehoehe + Wald + Wind,0.0872793274980862
Paderborn,PA-07--PA-11,Distanz + Gelaendehoehe + Wald + Wind,0.0742756042740265
Paderborn,PA-08--PA-11,Distanz + Gelaendehoehe + Wald + Wind,0.0667156544675504
Paderborn,PA-09--PA-11,Distanz + Gelaendehoehe + Wald + Wind,0.0694507317219267
Paderborn,PA-02--PA-12,Distanz + Gelaendehoehe + Wald + Wind,0.0947422427691412
Paderborn,PA-03--PA-12,Distanz + Gelaendehoehe + Wald + Wind,0.1168591582102766
Paderborn,PA-04--PA-12,Distanz + Gelaendehoehe + Wald + Wind,0.1698104591103636
Paderborn,PA-05--PA-12,Distanz + Gelaendehoehe + Wald + Wind,0.0967547233607124
Paderborn,PA-06--PA-12,Distanz + Gelaendehoehe + Wald + Wind,0.1164314707766688
Paderborn,PA-07--PA-12,Distanz + Gelaendehoehe + Wald + Wind,0.0961568533477345
Paderborn,PA-08--PA-12,Distanz + Gelaendehoehe + Wald + Wind,0.0909188392707176
Paderborn,PA-09--PA-12,Distanz + Gelaendehoehe + Wald + Wind,0.0895241669237845
Paderborn,PA-02--PA-03,Distanz + Gelaendehoehe + Wald + Wind,0.1320723016749423
Paderborn,PA-02--PA-04,Distanz + Gelaendehoehe + Wald + Wind,0.1482722501328138
Paderborn,PA-02--PA-05,Distanz + Gelaendehoehe + Wald + Wind,0.1484470203890095
Paderborn,PA-02--PA-06,Distanz + Gelaendehoehe + Wald + Wind,0.1888458423998718
Paderborn,PA-02--PA-07,Distanz + Gelaendehoehe + Wald + Wind,0.1437196019484636
Paderborn,PA-02--PA-08,Distanz + Gelaendehoehe + Wald + Wind,0.1474578914642278
Paderborn,PA-02--PA-09,Distanz + Gelaendehoehe + Wald + Wind,0.1393800086130615
Paderborn,PA-03--PA-04,Distanz + Gelaendehoehe + Wald + Wind,0.0972217783534434
Paderborn,PA-03--PA-05,Distanz + Gelaendehoehe + Wald + Wind,0.0666763087814347
Paderborn,PA-03--PA-06,Distanz + Gelaendehoehe + Wald + Wind,0.0857387686565188
Paderborn,PA-03--PA-07,Distanz + Gelaendehoehe + Wald + Wind,0.0720155095506152
Paderborn,PA-03--PA-08,Distanz + Gelaendehoehe + Wald + Wind,0.0607786593422252
Paderborn,PA-03--PA-09,Distanz + Gelaendehoehe + Wald + Wind,0.0713225090000366
Paderborn,PA-04--PA-05,Distanz + Gelaendehoehe + Wald + Wind,0.0941130589109427
Paderborn,PA-04--PA-06,Distanz + Gelaendehoehe + Wald + Wind,0.0779462501816584
Paderborn,PA-04--PA-07,Distanz + Gelaendehoehe + Wald + Wind,0.096706812224956
Paderborn,PA-04--PA-08,Distanz + Gelaendehoehe + Wald + Wind,0.1047108292265374
Paderborn,PA-04--PA-09,Distanz + Gelaendehoehe + Wald + Wind,0.1145307901939597
Paderborn,PA-05--PA-06,Distanz + Gelaendehoehe + Wald + Wind,0.0641991962774189
Paderborn,PA-05--PA-07,Distanz + Gelaendehoehe + Wald + Wind,0.0481735764463055
Paderborn,PA-05--PA-08,Distanz + Gelaendehoehe + Wald + Wind,0.0556821267310957
Paderborn,PA-05--PA-09,Distanz + Gelaendehoehe + Wald + Wind,0.0650534935315886
Paderborn,PA-06--PA-07,Distanz + Gelaendehoehe + Wald + Wind,0.0635409690207625
Paderborn,PA-06--PA-08,Distanz + Gelaendehoehe + Wald + Wind,0.0649354305755278
Paderborn,PA-06--PA-09,Distanz + Gelaendehoehe + Wald + Wind,0.0667745568979034
Paderborn,PA-07--PA-08,Distanz + Gelaendehoehe + Wald + Wind,0.0571983313039215
Paderborn,PA-07--PA-09,Distanz + Gelaendehoehe + Wald + Wind,0.0621922256468875
Paderborn,PA-08--PA-09,Distanz + Gelaendehoehe + Wald + Wind,0.0598361376196923
Rheda-Beckum,RB-01--RB-02,Distanz + Gelaendehoehe + Wald + Wind,0.0433319301246518
Rheda-Beckum,RB-01--RB-03,Distanz + Gelaendehoehe + Wald + Wind,0.048824231796686
Rheda-Beckum,RB-01--RB-04,Distanz + Gelaendehoehe + Wald + Wind,0.0633381246521688
Rheda-Beckum,RB-01--RB-05,Distanz + Gelaendehoehe + Wald + Wind,0.0584837893302768
Rheda-Beckum,RB-02--RB-03,Distanz + Gelaendehoehe + Wald + Wind,0.0448372989424741
Rheda-Beckum,RB-02--RB-04,Distanz + Gelaendehoehe + Wald + Wind,0.0622379306827317
Rheda-Beckum,RB-02--RB-05,Distanz + Gelaendehoehe + Wald + Wind,0.0574302623912871
Rheda-Beckum,RB-03--RB-04,Distanz + Gelaendehoehe + Wald + Wind,0.0585871730125038
Rheda-Beckum,RB-03--RB-05,Distanz + Gelaendehoehe + Wald + Wind,0.0537216701421899
Rheda-Beckum,RB-04--RB-05,Distanz + Gelaendehoehe + Wald + Wind,0.0447558449967811
Alpen-Sevelen,AS-01--AS-02,Distanz + Rauigkeit + Wald + Wind,0.05976900646276
Alpen-Sevelen,AS-01--AS-03,Distanz + Rauigkeit + Wald + Wind,0.0562532300829829
Alpen-Sevelen,AS-01--AS-04,Distanz + Rauigkeit + Wald + Wind,0.0602559554271463
Alpen-Sevelen,AS-01--AS-05,Distanz + Rauigkeit + Wald + Wind,0.0639537685277096
Alpen-Sevelen,AS-01--AS-06,Distanz + Rauigkeit + Wald + Wind,0.0630005794280889
Alpen-Sevelen,AS-02--AS-03,Distanz + Rauigkeit + Wald + Wind,0.0593046159879518
Alpen-Sevelen,AS-02--AS-04,Distanz + Rauigkeit + Wald + Wind,0.0521131084853087
Alpen-Sevelen,AS-02--AS-05,Distanz + Rauigkeit + Wald + Wind,0.0538593898040354
Alpen-Sevelen,AS-02--AS-06,Distanz + Rauigkeit + Wald + Wind,0.0522680748396853
Alpen-Sevelen,AS-03--AS-04,Distanz + Rauigkeit + Wald + Wind,0.0492420549781371
Alpen-Sevelen,AS-03--AS-05,Distanz + Rauigkeit + Wald + Wind,0.053486603472802
Alpen-Sevelen,AS-03--AS-06,Distanz + Rauigkeit + Wald + Wind,0.052175617285658
Alpen-Sevelen,AS-04--AS-05,Distanz + Rauigkeit + Wald + Wind,0.0465853960894279
Alpen-Sevelen,AS-04--AS-06,Distanz + Rauigkeit + Wald + Wind,0.0438455088017791
Alpen-Sevelen,AS-05--AS-06,Distanz + Rauigkeit + Wald + Wind,0.0441343265254791
Altenmellrich,AM-01--AM-02,Distanz + Rauigkeit + Wald + Wind,0.0583648324119599
Altenmellrich,AM-01--AM-03,Distanz + Rauigkeit + Wald + Wind,0.0605780327348836
Altenmellrich,AM-01--AM-04,Distanz + Rauigkeit + Wald + Wind,0.0870388938993099
Altenmellrich,AM-02--AM-03,Distanz + Rauigkeit + Wald + Wind,0.05773538783772
Altenmellrich,AM-02--AM-04,Distanz + Rauigkeit + Wald + Wind,0.0641402308238744
Altenmellrich,AM-03--AM-04,Distanz + Rauigkeit + Wald + Wind,0.0658052080044029
Bad Berleburg,BB-01--BB-02,Distanz + Rauigkeit + Wald + Wind,0.0750511933917975
Bad Berleburg,BB-01--BB-03,Distanz + Rauigkeit + Wald + Wind,0.0676228585616738
Bad Berleburg,BB-01--BB-04,Distanz + Rauigkeit + Wald + Wind,0.0845968942977865
Bad Berleburg,BB-01--BB-05,Distanz + Rauigkeit + Wald + Wind,0.0670155415107444
Bad Berleburg,BB-01--BB-06,Distanz + Rauigkeit + Wald + Wind,0.1096581904702644
Bad Berleburg,BB-01--BB-07,Distanz + Rauigkeit + Wald + Wind,0.0975032381261218
Bad Berleburg,BB-02--BB-03,Distanz + Rauigkeit + Wald + Wind,0.0971237712978949
Bad Berleburg,BB-02--BB-04,Distanz + Rauigkeit + Wald + Wind,0.0730830006548352
Bad Berleburg,BB-02--BB-05,Distanz + Rauigkeit + Wald + Wind,0.0945209670757317
Bad Berleburg,BB-02--BB-06,Distanz + Rauigkeit + Wald + Wind,0.1508675465737094
Bad Berleburg,BB-02--BB-07,Distanz + Rauigkeit + Wald + Wind,0.067860825680256
Bad Berleburg,BB-03--BB-04,Distanz + Rauigkeit + Wald + Wind,0.0949294020699304
Bad Berleburg,BB-03--BB-05,Distanz + Rauigkeit + Wald + Wind,0.0854260154093614
Bad Berleburg,BB-03--BB-06,Distanz + Rauigkeit + Wald + Wind,0.10431777167541
Bad Berleburg,BB-03--BB-07,Distanz + Rauigkeit + Wald + Wind,0.1264526471985612
Bad Berleburg,BB-04--BB-05,Distanz + Rauigkeit + Wald + Wind,0.0793964770375876
Bad Berleburg,BB-04--BB-06,Distanz + Rauigkeit + Wald + Wind,0.1187894820363342
Bad Berleburg,BB-04--BB-07,Distanz + Rauigkeit + Wald + Wind,0.0855184093879929
Bad Berleburg,BB-05--BB-06,Distanz + Rauigkeit + Wald + Wind,0.1163210327632496
Bad Berleburg,BB-05--BB-07,Distanz + Rauigkeit + Wald + Wind,0.0980051580659432
Bad Berleburg,BB-06--BB-07,Distanz + Rauigkeit + Wald + Wind,0.1731569109590301
Borken-Coesfeld,BC-01--BC-02,Distanz + Rauigkeit + Wald + Wind,0.0568648509577771
Borken-Coesfeld,BC-01--BC-03,Distanz + Rauigkeit + Wald + Wind,0.0573425615780747
Borken-Coesfeld,BC-01--BC-04,Distanz + Rauigkeit + Wald + Wind,0.0601008835965768
Borken-Coesfeld,BC-01--BC-05,Distanz + Rauigkeit + Wald + Wind,0.0557955935262337
Borken-Coesfeld,BC-01--BC-06,Distanz + Rauigkeit + Wald + Wind,0.0642656206225145
Borken-Coesfeld,BC-02--BC-03,Distanz + Rauigkeit + Wald + Wind,0.0623973340511743
Borken-Coesfeld,BC-02--BC-04,Distanz + Rauigkeit + Wald + Wind,0.0607878233967261
Borken-Coesfeld,BC-02--BC-05,Distanz + Rauigkeit + Wald + Wind,0.0528320781797664
Borken-Coesfeld,BC-02--BC-06,Distanz + Rauigkeit + Wald + Wind,0.0690386412137594
Borken-Coesfeld,BC-03--BC-04,Distanz + Rauigkeit + Wald + Wind,0.0478653435913187
Borken-Coesfeld,BC-03--BC-05,Distanz + Rauigkeit + Wald + Wind,0.057171557662146
Borken-Coesfeld,BC-03--BC-06,Distanz + Rauigkeit + Wald + Wind,0.0532653940862954
Borken-Coesfeld,BC-04--BC-05,Distanz + Rauigkeit + Wald + Wind,0.0572726300895262
Borken-Coesfeld,BC-04--BC-06,Distanz + Rauigkeit + Wald + Wind,0.0559680825123243
Borken-Coesfeld,BC-05--BC-06,Distanz + Rauigkeit + Wald + Wind,0.0586921085425718
Lorup,LO-01--LO-02,Distanz + Rauigkeit + Wald + Wind,0.0632394614132061
Lorup,LO-01--LO-03,Distanz + Rauigkeit + Wald + Wind,0.0817110312999223
Lorup,LO-02--LO-03,Distanz + Rauigkeit + Wald + Wind,0.0671746680348596
Ostfriesland,OF-01--OF-02,Distanz + Rauigkeit + Wald + Wind,0.0445149619058929
Ostfriesland,OF-01--OF-03,Distanz + Rauigkeit + Wald + Wind,0.0516921827768369
Ostfriesland,OF-01--OF-04,Distanz + Rauigkeit + Wald + Wind,0.0645980859969559
Ostfriesland,OF-02--OF-03,Distanz + Rauigkeit + Wald + Wind,0.0506313661818574
Ostfriesland,OF-02--OF-04,Distanz + Rauigkeit + Wald + Wind,0.0628666010626429
Ostfriesland,OF-03--OF-04,Distanz + Rauigkeit + Wald + Wind,0.0656262616441233
Paderborn,PA-01--PA-10,Distanz + Rauigkeit + Wald + Wind,0.146356787415477
Paderborn,PA-01--PA-11,Distanz + Rauigkeit + Wald + Wind,0.14804714811198
Paderborn,PA-01--PA-12,Distanz + Rauigkeit + Wald + Wind,0.1653588284845419
Paderborn,PA-01--PA-02,Distanz + Rauigkeit + Wald + Wind,0.11395013307424
Paderborn,PA-01--PA-03,Distanz + Rauigkeit + Wald + Wind,0.0946404522107443
Paderborn,PA-01--PA-04,Distanz + Rauigkeit + Wald + Wind,0.0832652919020471
Paderborn,PA-01--PA-05,Distanz + Rauigkeit + Wald + Wind,0.1288944959510372
Paderborn,PA-01--PA-06,Distanz + Rauigkeit + Wald + Wind,0.1362868063628616
Paderborn,PA-01--PA-07,Distanz + Rauigkeit + Wald + Wind,0.1335733811292094
Paderborn,PA-01--PA-08,Distanz + Rauigkeit + Wald + Wind,0.1250873779229226
Paderborn,PA-01--PA-09,Distanz + Rauigkeit + Wald + Wind,0.1524321617547821
Paderborn,PA-10--PA-11,Distanz + Rauigkeit + Wald + Wind,0.0650525719507017
Paderborn,PA-10--PA-12,Distanz + Rauigkeit + Wald + Wind,0.0856459329372793
Paderborn,PA-02--PA-10,Distanz + Rauigkeit + Wald + Wind,0.1410983904824209
Paderborn,PA-03--PA-10,Distanz + Rauigkeit + Wald + Wind,0.0911550898858908
Paderborn,PA-04--PA-10,Distanz + Rauigkeit + Wald + Wind,0.0914410523968213
Paderborn,PA-05--PA-10,Distanz + Rauigkeit + Wald + Wind,0.0779919799315181
Paderborn,PA-06--PA-10,Distanz + Rauigkeit + Wald + Wind,0.0563488692703727
Paderborn,PA-07--PA-10,Distanz + Rauigkeit + Wald + Wind,0.0770983748690004
Paderborn,PA-08--PA-10,Distanz + Rauigkeit + Wald + Wind,0.0624902949560644
Paderborn,PA-09--PA-10,Distanz + Rauigkeit + Wald + Wind,0.0634195440609442
Paderborn,PA-11--PA-12,Distanz + Rauigkeit + Wald + Wind,0.0567843511748193
Paderborn,PA-02--PA-11,Distanz + Rauigkeit + Wald + Wind,0.1228523664065548
Paderborn,PA-03--PA-11,Distanz + Rauigkeit + Wald + Wind,0.0954087167055159
Paderborn,PA-04--PA-11,Distanz + Rauigkeit + Wald + Wind,0.1064599055627077
Paderborn,PA-05--PA-11,Distanz + Rauigkeit + Wald + Wind,0.0650423088184636
Paderborn,PA-06--PA-11,Distanz + Rauigkeit + Wald + Wind,0.0641822262859636
Paderborn,PA-07--PA-11,Distanz + Rauigkeit + Wald + Wind,0.065426228186538
Paderborn,PA-08--PA-11,Distanz + Rauigkeit + Wald + Wind,0.0638800718805235
Paderborn,PA-09--PA-11,Distanz + Rauigkeit + Wald + Wind,0.0718090754727631
Paderborn,PA-02--PA-12,Distanz + Rauigkeit + Wald + Wind,0.105033590648194
Paderborn,PA-03--PA-12,Distanz + Rauigkeit + Wald + Wind,0.118478583273421
Paderborn,PA-04--PA-12,Distanz + Rauigkeit + Wald + Wind,0.1258638410180823
Paderborn,PA-05--PA-12,Distanz + Rauigkeit + Wald + Wind,0.0913201455089768
Paderborn,PA-06--PA-12,Distanz + Rauigkeit + Wald + Wind,0.089379488498141
Paderborn,PA-07--PA-12,Distanz + Rauigkeit + Wald + Wind,0.0877291024168689
Paderborn,PA-08--PA-12,Distanz + Rauigkeit + Wald + Wind,0.0917337858926935
Paderborn,PA-09--PA-12,Distanz + Rauigkeit + Wald + Wind,0.0959275400937444
Paderborn,PA-02--PA-03,Distanz + Rauigkeit + Wald + Wind,0.135830168727867
Paderborn,PA-02--PA-04,Distanz + Rauigkeit + Wald + Wind,0.1056857052990184
Paderborn,PA-02--PA-05,Distanz + Rauigkeit + Wald + Wind,0.1459479748418417
Paderborn,PA-02--PA-06,Distanz + Rauigkeit + Wald + Wind,0.1511408802843703
Paderborn,PA-02--PA-07,Distanz + Rauigkeit + Wald + Wind,0.1366048574532626
Paderborn,PA-02--PA-08,Distanz + Rauigkeit + Wald + Wind,0.155637507686061
Paderborn,PA-02--PA-09,Distanz + Rauigkeit + Wald + Wind,0.1552265429335855
Paderborn,PA-03--PA-04,Distanz + Rauigkeit + Wald + Wind,0.0803587096222971
Paderborn,PA-03--PA-05,Distanz + Rauigkeit + Wald + Wind,0.0709182979978571
Paderborn,PA-03--PA-06,Distanz + Rauigkeit + Wald + Wind,0.0724729405466414
Paderborn,PA-03--PA-07,Distanz + Rauigkeit + Wald + Wind,0.0736841414498816
Paderborn,PA-03--PA-08,Distanz + Rauigkeit + Wald + Wind,0.0658448420528952
Paderborn,PA-03--PA-09,Distanz + Rauigkeit + Wald + Wind,0.0752256691229768
Paderborn,PA-04--PA-05,Distanz + Rauigkeit + Wald + Wind,0.0801530834572822
Paderborn,PA-04--PA-06,Distanz + Rauigkeit + Wald + Wind,0.0813434459484747
Paderborn,PA-04--PA-07,Distanz + Rauigkeit + Wald + Wind,0.087047939623518
Paderborn,PA-04--PA-08,Distanz + Rauigkeit + Wald + Wind,0.0870501380419771
Paderborn,PA-04--PA-09,Distanz + Rauigkeit + Wald + Wind,0.0898897648318584
Paderborn,PA-05--PA-06,Distanz + Rauigkeit + Wald + Wind,0.056140877834712
Paderborn,PA-05--PA-07,Distanz + Rauigkeit + Wald + Wind,0.0491330860465939
Paderborn,PA-05--PA-08,Distanz + Rauigkeit + Wald + Wind,0.0583235242517473
Paderborn,PA-05--PA-09,Distanz + Rauigkeit + Wald + Wind,0.0656700401658975
Paderborn,PA-06--PA-07,Distanz + Rauigkeit + Wald + Wind,0.0584353083033706
Paderborn,PA-06--PA-08,Distanz + Rauigkeit + Wald + Wind,0.0534040856264128
Paderborn,PA-06--PA-09,Distanz + Rauigkeit + Wald + Wind,0.0524991821389975
Paderborn,PA-07--PA-08,Distanz + Rauigkeit + Wald + Wind,0.0589531194918289
Paderborn,PA-07--PA-09,Distanz + Rauigkeit + Wald + Wind,0.0605473305414402
Paderborn,PA-08--PA-09,Distanz + Rauigkeit + Wald + Wind,0.0627137671598098
Rheda-Beckum,RB-01--RB-02,Distanz + Rauigkeit + Wald + Wind,0.0435011896018185
Rheda-Beckum,RB-01--RB-03,Distanz + Rauigkeit + Wald + Wind,0.0471071446104523
Rheda-Beckum,RB-01--RB-04,Distanz + Rauigkeit + Wald + Wind,0.0616884086739688
Rheda-Beckum,RB-01--RB-05,Distanz + Rauigkeit + Wald + Wind,0.057872906275624
Rheda-Beckum,RB-02--RB-03,Distanz + Rauigkeit + Wald + Wind,0.0439469386518751
Rheda-Beckum,RB-02--RB-04,Distanz + Rauigkeit + Wald + Wind,0.0628607555876497
Rheda-Beckum,RB-02--RB-05,Distanz + Rauigkeit + Wald + Wind,0.0587202165498427
Rheda-Beckum,RB-03--RB-04,Distanz + Rauigkeit + Wald + Wind,0.0620778363393992
Rheda-Beckum,RB-03--RB-05,Distanz + Rauigkeit + Wald + Wind,0.0577165065408877
Rheda-Beckum,RB-04--RB-05,Distanz + Rauigkeit + Wald + Wind,0.0451225142520685
Alpen-Sevelen,AS-01--AS-02,RIX + Gelaendehoehe + Rauigkeit + Wald,0.0596776221028362
Alpen-Sevelen,AS-01--AS-03,RIX + Gelaendehoehe + Rauigkeit + Wald,0.0534878897595463
Alpen-Sevelen,AS-01--AS-04,RIX + Gelaendehoehe + Rauigkeit + Wald,0.0590912950526255
Alpen-Sevelen,AS-01--AS-05,RIX + Gelaendehoehe + Rauigkeit + Wald,0.0634883836724982
Alpen-Sevelen,AS-01--AS-06,RIX + Gelaendehoehe + Rauigkeit + Wald,0.0625500829264514
Alpen-Sevelen,AS-02--AS-03,RIX + Gelaendehoehe + Rauigkeit + Wald,0.0533361839290544
Alpen-Sevelen,AS-02--AS-04,RIX + Gelaendehoehe + Rauigkeit + Wald,0.0491168355326333
Alpen-Sevelen,AS-02--AS-05,RIX + Gelaendehoehe + Rauigkeit + Wald,0.0527514318125262
Alpen-Sevelen,AS-02--AS-06,RIX + Gelaendehoehe + Rauigkeit + Wald,0.0503667778001728
Alpen-Sevelen,AS-03--AS-04,RIX + Gelaendehoehe + Rauigkeit + Wald,0.0511350524526048
Alpen-Sevelen,AS-03--AS-05,RIX + Gelaendehoehe + Rauigkeit + Wald,0.0554175590038184
Alpen-Sevelen,AS-03--AS-06,RIX + Gelaendehoehe + Rauigkeit + Wald,0.0543358465662251
Alpen-Sevelen,AS-04--AS-05,RIX + Gelaendehoehe + Rauigkeit + Wald,0.0498134184217589
Alpen-Sevelen,AS-04--AS-06,RIX + Gelaendehoehe + Rauigkeit + Wald,0.0479780866353681
Alpen-Sevelen,AS-05--AS-06,RIX + Gelaendehoehe + Rauigkeit + Wald,0.0484347112567777
Altenmellrich,AM-01--AM-02,RIX + Gelaendehoehe + Rauigkeit + Wald,0.0646522905948717
Altenmellrich,AM-01--AM-03,RIX + Gelaendehoehe + Rauigkeit + Wald,0.0617580385663519
Altenmellrich,AM-01--AM-04,RIX + Gelaendehoehe + Rauigkeit + Wald,0.0760190101771368
Altenmellrich,AM-02--AM-03,RIX + Gelaendehoehe + Rauigkeit + Wald,0.0705544052028307
Altenmellrich,AM-02--AM-04,RIX + Gelaendehoehe + Rauigkeit + Wald,0.0626364008387984
Altenmellrich,AM-03--AM-04,RIX + Gelaendehoehe + Rauigkeit + Wald,0.0812027901192301
Bad Berleburg,BB-01--BB-02,RIX + Gelaendehoehe + Rauigkeit + Wald,0.3078433597944618
Bad Berleburg,BB-01--BB-03,RIX + Gelaendehoehe + Rauigkeit + Wald,0.3501848652787072
Bad Berleburg,BB-01--BB-04,RIX + Gelaendehoehe + Rauigkeit + Wald,0.2701659684485878
Bad Berleburg,BB-01--BB-05,RIX + Gelaendehoehe + Rauigkeit + Wald,0.2197953035840137
Bad Berleburg,BB-01--BB-06,RIX + Gelaendehoehe + Rauigkeit + Wald,0.2585467432887647
Bad Berleburg,BB-01--BB-07,RIX + Gelaendehoehe + Rauigkeit + Wald,0.3457044482016584
Bad Berleburg,BB-02--BB-03,RIX + Gelaendehoehe + Rauigkeit + Wald,0.3877417481847223
Bad Berleburg,BB-02--BB-04,RIX + Gelaendehoehe + Rauigkeit + Wald,0.3734207010599509
Bad Berleburg,BB-02--BB-05,RIX + Gelaendehoehe + Rauigkeit + Wald,0.2648369865114129
Bad Berleburg,BB-02--BB-06,RIX + Gelaendehoehe + Rauigkeit + Wald,0.3061628826492607
Bad Berleburg,BB-02--BB-07,RIX + Gelaendehoehe + Rauigkeit + Wald,0.2475107264540074
Bad Berleburg,BB-03--BB-04,RIX + Gelaendehoehe + Rauigkeit + Wald,0.291924740596845
Bad Berleburg,BB-03--BB-05,RIX + Gelaendehoehe + Rauigkeit + Wald,0.3468892137637075
Bad Berleburg,BB-03--BB-06,RIX + Gelaendehoehe + Rauigkeit + Wald,0.2750075204242315
Bad Berleburg,BB-03--BB-07,RIX + Gelaendehoehe + Rauigkeit + Wald,0.5966809501353051
Bad Berleburg,BB-04--BB-05,RIX + Gelaendehoehe + Rauigkeit + Wald,0.3843011164957332
Bad Berleburg,BB-04--BB-06,RIX + Gelaendehoehe + Rauigkeit + Wald,0.2859531323273392
Bad Berleburg,BB-04--BB-07,RIX + Gelaendehoehe + Rauigkeit + Wald,0.5296803145784293
Bad Berleburg,BB-05--BB-06,RIX + Gelaendehoehe + Rauigkeit + Wald,0.4371519004925189
Bad Berleburg,BB-05--BB-07,RIX + Gelaendehoehe + Rauigkeit + Wald,0.4352782364564863
Bad Berleburg,BB-06--BB-07,RIX + Gelaendehoehe + Rauigkeit + Wald,0.5816503550195826
Borken-Coesfeld,BC-01--BC-02,RIX + Gelaendehoehe + Rauigkeit + Wald,0.0626322601008845
Borken-Coesfeld,BC-01--BC-03,RIX + Gelaendehoehe + Rauigkeit + Wald,0.0560380193074439
Borken-Coesfeld,BC-01--BC-04,RIX + Gelaendehoehe + Rauigkeit + Wald,0.0554859942656959
Borken-Coesfeld,BC-01--BC-05,RIX + Gelaendehoehe + Rauigkeit + Wald,0.0573850176259233
Borken-Coesfeld,BC-01--BC-06,RIX + Gelaendehoehe + Rauigkeit + Wald,0.0582379186776761
Borken-Coesfeld,BC-02--BC-03,RIX + Gelaendehoehe + Rauigkeit + Wald,0.0657674166680661
Borken-Coesfeld,BC-02--BC-04,RIX + Gelaendehoehe + Rauigkeit + Wald,0.0607406855092597
Borken-Coesfeld,BC-02--BC-05,RIX + Gelaendehoehe + Rauigkeit + Wald,0.0573465475283913
Borken-Coesfeld,BC-02--BC-06,RIX + Gelaendehoehe + Rauigkeit + Wald,0.0708972036345634
Borken-Coesfeld,BC-03--BC-04,RIX + Gelaendehoehe + Rauigkeit + Wald,0.0557294493115501
Borken-Coesfeld,BC-03--BC-05,RIX + Gelaendehoehe + Rauigkeit + Wald,0.0614533184995662
Borken-Coesfeld,BC-03--BC-06,RIX + Gelaendehoehe + Rauigkeit + Wald,0.0531065247486522
Borken-Coesfeld,BC-04--BC-05,RIX + Gelaendehoehe + Rauigkeit + Wald,0.0575957206932483
Borken-Coesfeld,BC-04--BC-06,RIX + Gelaendehoehe + Rauigkeit + Wald,0.059059418195495
Borken-Coesfeld,BC-05--BC-06,RIX + Gelaendehoehe + Rauigkeit + Wald,0.0648565501763485
Lorup,LO-01--LO-02,RIX + Gelaendehoehe + Rauigkeit + Wald,0.0666615262698124
Lorup,LO-01--LO-03,RIX + Gelaendehoehe + Rauigkeit + Wald,0.081167838982509
Lorup,LO-02--LO-03,RIX + Gelaendehoehe + Rauigkeit + Wald,0.0681235510519826
Ostfriesland,OF-01--OF-02,RIX + Gelaendehoehe + Rauigkeit + Wald,0.0495252137219443
Ostfriesland,OF-01--OF-03,RIX + Gelaendehoehe + Rauigkeit + Wald,0.0503540640399766
Ostfriesland,OF-01--OF-04,RIX + Gelaendehoehe + Rauigkeit + Wald,0.0510231955524672
Ostfriesland,OF-02--OF-03,RIX + Gelaendehoehe + Rauigkeit + Wald,0.0491274532563762
Ostfriesland,OF-02--OF-04,RIX + Gelaendehoehe + Rauigkeit + Wald,0.0519982434863773
Ostfriesland,OF-03--OF-04,RIX + Gelaendehoehe + Rauigkeit + Wald,0.0530596866739914
Paderborn,PA-01--PA-10,RIX + Gelaendehoehe + Rauigkeit + Wald,0.079563011614988
Paderborn,PA-01--PA-11,RIX + Gelaendehoehe + Rauigkeit + Wald,0.0896172731915324
Paderborn,PA-01--PA-12,RIX + Gelaendehoehe + Rauigkeit + Wald,0.0935875116398753
Paderborn,PA-01--PA-02,RIX + Gelaendehoehe + Rauigkeit + Wald,0.095441920234629
Paderborn,PA-01--PA-03,RIX + Gelaendehoehe + Rauigkeit + Wald,0.0836026233507439
Paderborn,PA-01--PA-04,RIX + Gelaendehoehe + Rauigkeit + Wald,0.0748244253649832
Paderborn,PA-01--PA-05,RIX + Gelaendehoehe + Rauigkeit + Wald,0.0842050483190031
Paderborn,PA-01--PA-06,RIX + Gelaendehoehe + Rauigkeit + Wald,0.0742106661390323
Paderborn,PA-01--PA-07,RIX + Gelaendehoehe + Rauigkeit + Wald,0.0836994979768052
Paderborn,PA-01--PA-08,RIX + Gelaendehoehe + Rauigkeit + Wald,0.0836053437055682
Paderborn,PA-01--PA-09,RIX + Gelaendehoehe + Rauigkeit + Wald,0.0875784030350389
Paderborn,PA-10--PA-11,RIX + Gelaendehoehe + Rauigkeit + Wald,0.0809379329754285
Paderborn,PA-10--PA-12,RIX + Gelaendehoehe + Rauigkeit + Wald,0.0857645905060906
Paderborn,PA-02--PA-10,RIX + Gelaendehoehe + Rauigkeit + Wald,0.0880708931622751
Paderborn,PA-03--PA-10,RIX + Gelaendehoehe + Rauigkeit + Wald,0.0752363496894482
Paderborn,PA-04--PA-10,RIX + Gelaendehoehe + Rauigkeit + Wald,0.075010444135696
Paderborn,PA-05--PA-10,RIX + Gelaendehoehe + Rauigkeit + Wald,0.0754168182098934
Paderborn,PA-06--PA-10,RIX + Gelaendehoehe + Rauigkeit + Wald,0.0729355578943984
Paderborn,PA-07--PA-10,RIX + Gelaendehoehe + Rauigkeit + Wald,0.0748364187463323
Paderborn,PA-08--PA-10,RIX + Gelaendehoehe + Rauigkeit + Wald,0.0737965362649128
Paderborn,PA-09--PA-10,RIX + Gelaendehoehe + Rauigkeit + Wald,0.0774574247797475
Paderborn,PA-11--PA-12,RIX + Gelaendehoehe + Rauigkeit + Wald,0.0675480434906424
Paderborn,PA-02--PA-11,RIX + Gelaendehoehe + Rauigkeit + Wald,0.0739402708238061
Paderborn,PA-03--PA-11,RIX + Gelaendehoehe + Rauigkeit + Wald,0.0776391214177365
Paderborn,PA-04--PA-11,RIX + Gelaendehoehe + Rauigkeit + Wald,0.0852946421638532
Paderborn,PA-05--PA-11,RIX + Gelaendehoehe + Rauigkeit + Wald,0.0727071913441125
Paderborn,PA-06--PA-11,RIX + Gelaendehoehe + Rauigkeit + Wald,0.0813847322648003
Paderborn,PA-07--PA-11,RIX + Gelaendehoehe + Rauigkeit + Wald,0.0749739615593447
Paderborn,PA-08--PA-11,RIX + Gelaendehoehe + Rauigkeit + Wald,0.0738715211896804
Paderborn,PA-09--PA-11,RIX + Gelaendehoehe + Rauigkeit + Wald,0.0729824663289767
Paderborn,PA-02--PA-12,RIX + Gelaendehoehe + Rauigkeit + Wald,0.0733692560109336
Paderborn,PA-03--PA-12,RIX + Gelaendehoehe + Rauigkeit + Wald,0.0820131084809408
Paderborn,PA-04--PA-12,RIX + Gelaendehoehe + Rauigkeit + Wald,0.0905193292467893
Paderborn,PA-05--PA-12,RIX + Gelaendehoehe + Rauigkeit + Wald,0.0773457842891254
Paderborn,PA-06--PA-12,RIX + Gelaendehoehe + Rauigkeit + Wald,0.0862689148403453
Paderborn,PA-07--PA-12,RIX + Gelaendehoehe + Rauigkeit + Wald,0.0779414209488822
Paderborn,PA-08--PA-12,RIX + Gelaendehoehe + Rauigkeit + Wald,0.0778853357255096
Paderborn,PA-09--PA-12,RIX + Gelaendehoehe + Rauigkeit + Wald,0.0766843476848654
Paderborn,PA-02--PA-03,RIX + Gelaendehoehe + Rauigkeit + Wald,0.0832781975608829
Paderborn,PA-02--PA-04,RIX + Gelaendehoehe + Rauigkeit + Wald,0.0944444310190903
Paderborn,PA-02--PA-05,RIX + Gelaendehoehe + Rauigkeit + Wald,0.0825091918066765
Paderborn,PA-02--PA-06,RIX + Gelaendehoehe + Rauigkeit + Wald,0.0896748965448067
Paderborn,PA-02--PA-07,RIX + Gelaendehoehe + Rauigkeit + Wald,0.0819760317840501
Paderborn,PA-02--PA-08,RIX + Gelaendehoehe + Rauigkeit + Wald,0.0821255998929575
Paderborn,PA-02--PA-09,RIX + Gelaendehoehe + Rauigkeit + Wald,0.0789976553098657
Paderborn,PA-03--PA-04,RIX + Gelaendehoehe + Rauigkeit + Wald,0.0822639702123676
Paderborn,PA-03--PA-05,RIX + Gelaendehoehe + Rauigkeit + Wald,0.075237753734512
Paderborn,PA-03--PA-06,RIX + Gelaendehoehe + Rauigkeit + Wald,0.0797730789159069
Paderborn,PA-03--PA-07,RIX + Gelaendehoehe + Rauigkeit + Wald,0.076161347018595
Paderborn,PA-03--PA-08,RIX + Gelaendehoehe + Rauigkeit + Wald,0.070639661220004
Paderborn,PA-03--PA-09,RIX + Gelaendehoehe + Rauigkeit + Wald,0.0729286949635984
Paderborn,PA-04--PA-05,RIX + Gelaendehoehe + Rauigkeit + Wald,0.0781443762979908
Paderborn,PA-04--PA-06,RIX + Gelaendehoehe + Rauigkeit + Wald,0.0707775484645462
Paderborn,PA-04--PA-07,RIX + Gelaendehoehe + Rauigkeit + Wald,0.0783310759790136
Paderborn,PA-04--PA-08,RIX + Gelaendehoehe + Rauigkeit + Wald,0.0787044705081959
Paderborn,PA-04--PA-09,RIX + Gelaendehoehe + Rauigkeit + Wald,0.0813289945404986
Paderborn,PA-05--PA-06,RIX + Gelaendehoehe + Rauigkeit + Wald,0.0748613505102645
Paderborn,PA-05--PA-07,RIX + Gelaendehoehe + Rauigkeit + Wald,0.0701283032049439
Paderborn,PA-05--PA-08,RIX + Gelaendehoehe + Rauigkeit + Wald,0.0709721747958602
Paderborn,PA-05--PA-09,RIX + Gelaendehoehe + Rauigkeit + Wald,0.0730805788464184
Paderborn,PA-06--PA-07,RIX + Gelaendehoehe + Rauigkeit + Wald,0.0749564315717497
Paderborn,PA-06--PA-08,RIX + Gelaendehoehe + Rauigkeit + Wald,0.0756755255757211
Paderborn,PA-06--PA-09,RIX + Gelaendehoehe + Rauigkeit + Wald,0.0788571612481536
Paderborn,PA-07--PA-08,RIX + Gelaendehoehe + Rauigkeit + Wald,0.0720757612133592
Paderborn,PA-07--PA-09,RIX + Gelaendehoehe + Rauigkeit + Wald,0.0714110729967376
Paderborn,PA-08--PA-09,RIX + Gelaendehoehe + Rauigkeit + Wald,0.0708020054584311
Rheda-Beckum,RB-01--RB-02,RIX + Gelaendehoehe + Rauigkeit + Wald,0.0435055208451549
Rheda-Beckum,RB-01--RB-03,RIX + Gelaendehoehe + Rauigkeit + Wald,0.0490937795320201
Rheda-Beckum,RB-01--RB-04,RIX + Gelaendehoehe + Rauigkeit + Wald,0.052197452612148
Rheda-Beckum,RB-01--RB-05,RIX + Gelaendehoehe + Rauigkeit + Wald,0.0500219344411276
Rheda-Beckum,RB-02--RB-03,RIX + Gelaendehoehe + Rauigkeit + Wald,0.0462239841219732
Rheda-Beckum,RB-02--RB-04,RIX + Gelaendehoehe + Rauigkeit + Wald,0.0513188757265465
Rheda-Beckum,RB-02--RB-05,RIX + Gelaendehoehe + Rauigkeit + Wald,0.0489592852782073
Rheda-Beckum,RB-03--RB-04,RIX + Gelaendehoehe + Rauigkeit + Wald,0.0499303736545071
Rheda-Beckum,RB-03--RB-05,RIX + Gelaendehoehe + Rauigkeit + Wald,0.0474725694522663
Rheda-Beckum,RB-04--RB-05,RIX + Gelaendehoehe + Rauigkeit + Wald,0.044208207447075
Alpen-Sevelen,AS-01--AS-02,RIX + Gelaendehoehe + Rauigkeit + Wind,0.0453565565660966
Alpen-Sevelen,AS-01--AS-03,RIX + Gelaendehoehe + Rauigkeit + Wind,0.0490427299680856
Alpen-Sevelen,AS-01--AS-04,RIX + Gelaendehoehe + Rauigkeit + Wind,0.0472548673722411
Alpen-Sevelen,AS-01--AS-05,RIX + Gelaendehoehe + Rauigkeit + Wind,0.0504777865846755
Alpen-Sevelen,AS-01--AS-06,RIX + Gelaendehoehe + Rauigkeit + Wind,0.0494945846831728
Alpen-Sevelen,AS-02--AS-03,RIX + Gelaendehoehe + Rauigkeit + Wind,0.0534295302859392
Alpen-Sevelen,AS-02--AS-04,RIX + Gelaendehoehe + Rauigkeit + Wind,0.052659311675375
Alpen-Sevelen,AS-02--AS-05,RIX + Gelaendehoehe + Rauigkeit + Wind,0.0534033176313812
Alpen-Sevelen,AS-02--AS-06,RIX + Gelaendehoehe + Rauigkeit + Wind,0.0536560358031298
Alpen-Sevelen,AS-03--AS-04,RIX + Gelaendehoehe + Rauigkeit + Wind,0.042909313780553
Alpen-Sevelen,AS-03--AS-05,RIX + Gelaendehoehe + Rauigkeit + Wind,0.0459120864416106
Alpen-Sevelen,AS-03--AS-06,RIX + Gelaendehoehe + Rauigkeit + Wind,0.0450651210434533
Alpen-Sevelen,AS-04--AS-05,RIX + Gelaendehoehe + Rauigkeit + Wind,0.0445263072998108
Alpen-Sevelen,AS-04--AS-06,RIX + Gelaendehoehe + Rauigkeit + Wind,0.0430126087464826
Alpen-Sevelen,AS-05--AS-06,RIX + Gelaendehoehe + Rauigkeit + Wind,0.0436761379520411
Altenmellrich,AM-01--AM-02,RIX + Gelaendehoehe + Rauigkeit + Wind,0.0636261745706858
Altenmellrich,AM-01--AM-03,RIX + Gelaendehoehe + Rauigkeit + Wind,0.0668146125915419
Altenmellrich,AM-01--AM-04,RIX + Gelaendehoehe + Rauigkeit + Wind,0.084396979838867
Altenmellrich,AM-02--AM-03,RIX + Gelaendehoehe + Rauigkeit + Wind,0.0565546761674113
Altenmellrich,AM-02--AM-04,RIX + Gelaendehoehe + Rauigkeit + Wind,0.0708828330497785
Altenmellrich,AM-03--AM-04,RIX + Gelaendehoehe + Rauigkeit + Wind,0.0630890065765055
Bad Berleburg,BB-01--BB-02,RIX + Gelaendehoehe + Rauigkeit + Wind,0.2868068296182384
Bad Berleburg,BB-01--BB-03,RIX + Gelaendehoehe + Rauigkeit + Wind,0.1911346307862391
Bad Berleburg,BB-01--BB-04,RIX + Gelaendehoehe + Rauigkeit + Wind,0.2434926382424947
Bad Berleburg,BB-01--BB-05,RIX + Gelaendehoehe + Rauigkeit + Wind,0.1487355015992117
Bad Berleburg,BB-01--BB-06,RIX + Gelaendehoehe + Rauigkeit + Wind,0.3714475356393475
Bad Berleburg,BB-01--BB-07,RIX + Gelaendehoehe + Rauigkeit + Wind,0.3418921987950087
Bad Berleburg,BB-02--BB-03,RIX + Gelaendehoehe + Rauigkeit + Wind,0.3197213434516017
Bad Berleburg,BB-02--BB-04,RIX + Gelaendehoehe + Rauigkeit + Wind,0.2226363950634122
Bad Berleburg,BB-02--BB-05,RIX + Gelaendehoehe + Rauigkeit + Wind,0.2772940137226033
Bad Berleburg,BB-02--BB-06,RIX + Gelaendehoehe + Rauigkeit + Wind,0.624647845124391
Bad Berleburg,BB-02--BB-07,RIX + Gelaendehoehe + Rauigkeit + Wind,0.1672249425014149
Bad Berleburg,BB-03--BB-04,RIX + Gelaendehoehe + Rauigkeit + Wind,0.3488538081813289
Bad Berleburg,BB-03--BB-05,RIX + Gelaendehoehe + Rauigkeit + Wind,0.2665836315939727
Bad Berleburg,BB-03--BB-06,RIX + Gelaendehoehe + Rauigkeit + Wind,0.4106932266712112
Bad Berleburg,BB-03--BB-07,RIX + Gelaendehoehe + Rauigkeit + Wind,0.668588567183155
Bad Berleburg,BB-04--BB-05,RIX + Gelaendehoehe + Rauigkeit + Wind,0.3285393747786253
Bad Berleburg,BB-04--BB-06,RIX + Gelaendehoehe + Rauigkeit + Wind,0.4927214022430132
Bad Berleburg,BB-04--BB-07,RIX + Gelaendehoehe + Rauigkeit + Wind,0.3314079011064089
Bad Berleburg,BB-05--BB-06,RIX + Gelaendehoehe + Rauigkeit + Wind,0.5918054658807483
Bad Berleburg,BB-05--BB-07,RIX + Gelaendehoehe + Rauigkeit + Wind,0.3565433240563819
Bad Berleburg,BB-06--BB-07,RIX + Gelaendehoehe + Rauigkeit + Wind,1.2794922016746262
Borken-Coesfeld,BC-01--BC-02,RIX + Gelaendehoehe + Rauigkeit + Wind,0.0541693919162621
Borken-Coesfeld,BC-01--BC-03,RIX + Gelaendehoehe + Rauigkeit + Wind,0.0528644747578614
Borken-Coesfeld,BC-01--BC-04,RIX + Gelaendehoehe + Rauigkeit + Wind,0.050416274647379
Borken-Coesfeld,BC-01--BC-05,RIX + Gelaendehoehe + Rauigkeit + Wind,0.053125608967082
Borken-Coesfeld,BC-01--BC-06,RIX + Gelaendehoehe + Rauigkeit + Wind,0.0554578685902141
Borken-Coesfeld,BC-02--BC-03,RIX + Gelaendehoehe + Rauigkeit + Wind,0.0636880659540732
Borken-Coesfeld,BC-02--BC-04,RIX + Gelaendehoehe + Rauigkeit + Wind,0.0599149405141707
Borken-Coesfeld,BC-02--BC-05,RIX + Gelaendehoehe + Rauigkeit + Wind,0.0515228901703757
Borken-Coesfeld,BC-02--BC-06,RIX + Gelaendehoehe + Rauigkeit + Wind,0.0637375912473078
Borken-Coesfeld,BC-03--BC-04,RIX + Gelaendehoehe + Rauigkeit + Wind,0.0462427051103459
Borken-Coesfeld,BC-03--BC-05,RIX + Gelaendehoehe + Rauigkeit + Wind,0.0560950969226795
Borken-Coesfeld,BC-03--BC-06,RIX + Gelaendehoehe + Rauigkeit + Wind,0.0473654088080397
Borken-Coesfeld,BC-04--BC-05,RIX + Gelaendehoehe + Rauigkeit + Wind,0.0533571628417356
Borken-Coesfeld,BC-04--BC-06,RIX + Gelaendehoehe + Rauigkeit + Wind,0.0505036751603002
Borken-Coesfeld,BC-05--BC-06,RIX + Gelaendehoehe + Rauigkeit + Wind,0.0551213234862876
Lorup,LO-01--LO-02,RIX + Gelaendehoehe + Rauigkeit + Wind,0.0499523052392902
Lorup,LO-01--LO-03,RIX + Gelaendehoehe + Rauigkeit + Wind,0.0580632638894557
Lorup,LO-02--LO-03,RIX + Gelaendehoehe + Rauigkeit + Wind,0.0526119671854045
Ostfriesland,OF-01--OF-02,RIX + Gelaendehoehe + Rauigkeit + Wind,0.046043602949847
Ostfriesland,OF-01--OF-03,RIX + Gelaendehoehe + Rauigkeit + Wind,0.0473583153332448
Ostfriesland,OF-01--OF-04,RIX + Gelaendehoehe + Rauigkeit + Wind,0.0531426381913446
Ostfriesland,OF-02--OF-03,RIX + Gelaendehoehe + Rauigkeit + Wind,0.0484143387181483
Ostfriesland,OF-02--OF-04,RIX + Gelaendehoehe + Rauigkeit + Wind,0.0520749811897912
Ostfriesland,OF-03--OF-04,RIX + Gelaendehoehe + Rauigkeit + Wind,0.0575328365715628
Paderborn,PA-01--PA-10,RIX + Gelaendehoehe + Rauigkeit + Wind,0.0870741626905139
Paderborn,PA-01--PA-11,RIX + Gelaendehoehe + Rauigkeit + Wind,0.0961302495108351
Paderborn,PA-01--PA-12,RIX + Gelaendehoehe + Rauigkeit + Wind,0.0967244750333034
Paderborn,PA-01--PA-02,RIX + Gelaendehoehe + Rauigkeit + Wind,0.092094397571726
Paderborn,PA-01--PA-03,RIX + Gelaendehoehe + Rauigkeit + Wind,0.0859139682443853
Paderborn,PA-01--PA-04,RIX + Gelaendehoehe + Rauigkeit + Wind,0.0713780803590451
Paderborn,PA-01--PA-05,RIX + Gelaendehoehe + Rauigkeit + Wind,0.0861183345074352
Paderborn,PA-01--PA-06,RIX + Gelaendehoehe + Rauigkeit + Wind,0.0809577037655321
Paderborn,PA-01--PA-07,RIX + Gelaendehoehe + Rauigkeit + Wind,0.0853465009525294
Paderborn,PA-01--PA-08,RIX + Gelaendehoehe + Rauigkeit + Wind,0.0892082493331695
Paderborn,PA-01--PA-09,RIX + Gelaendehoehe + Rauigkeit + Wind,0.0923533061722124
Paderborn,PA-10--PA-11,RIX + Gelaendehoehe + Rauigkeit + Wind,0.0752764078291036
Paderborn,PA-10--PA-12,RIX + Gelaendehoehe + Rauigkeit + Wind,0.0777023213170762
Paderborn,PA-02--PA-10,RIX + Gelaendehoehe + Rauigkeit + Wind,0.0883814843824249
Paderborn,PA-03--PA-10,RIX + Gelaendehoehe + Rauigkeit + Wind,0.0772285920996635
Paderborn,PA-04--PA-10,RIX + Gelaendehoehe + Rauigkeit + Wind,0.0787202666928312
Paderborn,PA-05--PA-10,RIX + Gelaendehoehe + Rauigkeit + Wind,0.0742869081140145
Paderborn,PA-06--PA-10,RIX + Gelaendehoehe + Rauigkeit + Wind,0.0723155385650437
Paderborn,PA-07--PA-10,RIX + Gelaendehoehe + Rauigkeit + Wind,0.0718450572655218
Paderborn,PA-08--PA-10,RIX + Gelaendehoehe + Rauigkeit + Wind,0.0730651193541733
Paderborn,PA-09--PA-10,RIX + Gelaendehoehe + Rauigkeit + Wind,0.0728439946198325
Paderborn,PA-11--PA-12,RIX + Gelaendehoehe + Rauigkeit + Wind,0.0648051720113555
Paderborn,PA-02--PA-11,RIX + Gelaendehoehe + Rauigkeit + Wind,0.0785695363069195
Paderborn,PA-03--PA-11,RIX + Gelaendehoehe + Rauigkeit + Wind,0.0772072817853045
Paderborn,PA-04--PA-11,RIX + Gelaendehoehe + Rauigkeit + Wind,0.0885020837545715
Paderborn,PA-05--PA-11,RIX + Gelaendehoehe + Rauigkeit + Wind,0.0739306014720688
Paderborn,PA-06--PA-11,RIX + Gelaendehoehe + Rauigkeit + Wind,0.0788293376234053
Paderborn,PA-07--PA-11,RIX + Gelaendehoehe + Rauigkeit + Wind,0.0739925707259903
Paderborn,PA-08--PA-11,RIX + Gelaendehoehe + Rauigkeit + Wind,0.0704940944836693
Paderborn,PA-09--PA-11,RIX + Gelaendehoehe + Rauigkeit + Wind,0.0687961417008007
Paderborn,PA-02--PA-12,RIX + Gelaendehoehe + Rauigkeit + Wind,0.0768600319525214
Paderborn,PA-03--PA-12,RIX + Gelaendehoehe + Rauigkeit + Wind,0.0791812687409434
Paderborn,PA-04--PA-12,RIX + Gelaendehoehe + Rauigkeit + Wind,0.0897034610614688
Paderborn,PA-05--PA-12,RIX + Gelaendehoehe + Rauigkeit + Wind,0.0773445910054022
Paderborn,PA-06--PA-12,RIX + Gelaendehoehe + Rauigkeit + Wind,0.081826136314738
Paderborn,PA-07--PA-12,RIX + Gelaendehoehe + Rauigkeit + Wind,0.0770198437427564
Paderborn,PA-08--PA-12,RIX + Gelaendehoehe + Rauigkeit + Wind,0.0732753570148435
Paderborn,PA-09--PA-12,RIX + Gelaendehoehe + Rauigkeit + Wind,0.0712245711799847
Paderborn,PA-02--PA-03,RIX + Gelaendehoehe + Rauigkeit + Wind,0.0821641644060924
Paderborn,PA-02--PA-04,RIX + Gelaendehoehe + Rauigkeit + Wind,0.0884099501885173
Paderborn,PA-02--PA-05,RIX + Gelaendehoehe + Rauigkeit + Wind,0.0855015551210079
Paderborn,PA-02--PA-06,RIX + Gelaendehoehe + Rauigkeit + Wind,0.092860901350208
Paderborn,PA-02--PA-07,RIX + Gelaendehoehe + Rauigkeit + Wind,0.084807916646023
Paderborn,PA-02--PA-08,RIX + Gelaendehoehe + Rauigkeit + Wind,0.0825394439548514
Paderborn,PA-02--PA-09,RIX + Gelaendehoehe + Rauigkeit + Wind,0.0801956696603398
Paderborn,PA-03--PA-04,RIX + Gelaendehoehe + Rauigkeit + Wind,0.0791190100730125
Paderborn,PA-03--PA-05,RIX + Gelaendehoehe + Rauigkeit + Wind,0.0703088285918766
Paderborn,PA-03--PA-06,RIX + Gelaendehoehe + Rauigkeit + Wind,0.0787414805352204
Paderborn,PA-03--PA-07,RIX + Gelaendehoehe + Rauigkeit + Wind,0.0721278286590075
Paderborn,PA-03--PA-08,RIX + Gelaendehoehe + Rauigkeit + Wind,0.0701235934743272
Paderborn,PA-03--PA-09,RIX + Gelaendehoehe + Rauigkeit + Wind,0.0720915384417326
Paderborn,PA-04--PA-05,RIX + Gelaendehoehe + Rauigkeit + Wind,0.0790195614196223
Paderborn,PA-04--PA-06,RIX + Gelaendehoehe + Rauigkeit + Wind,0.074233297582383
Paderborn,PA-04--PA-07,RIX + Gelaendehoehe + Rauigkeit + Wind,0.0779835914843898
Paderborn,PA-04--PA-08,RIX + Gelaendehoehe + Rauigkeit + Wind,0.081239210961629
Paderborn,PA-04--PA-09,RIX + Gelaendehoehe + Rauigkeit + Wind,0.0829397598965714
Paderborn,PA-05--PA-06,RIX + Gelaendehoehe + Rauigkeit + Wind,0.0723353816573161
Paderborn,PA-05--PA-07,RIX + Gelaendehoehe + Rauigkeit + Wind,0.0661660242073312
Paderborn,PA-05--PA-08,RIX + Gelaendehoehe + Rauigkeit + Wind,0.0678326495871003
Paderborn,PA-05--PA-09,RIX + Gelaendehoehe + Rauigkeit + Wind,0.0697067203864774
Paderborn,PA-06--PA-07,RIX + Gelaendehoehe + Rauigkeit + Wind,0.0708128947568107
Paderborn,PA-06--PA-08,RIX + Gelaendehoehe + Rauigkeit + Wind,0.0741332147488428
Paderborn,PA-06--PA-09,RIX + Gelaendehoehe + Rauigkeit + Wind,0.0732277079146737
Paderborn,PA-07--PA-08,RIX + Gelaendehoehe + Rauigkeit + Wind,0.0671614057934709
Paderborn,PA-07--PA-09,RIX + Gelaendehoehe + Rauigkeit + Wind,0.0693641302457202
Paderborn,PA-08--PA-09,RIX + Gelaendehoehe + Rauigkeit + Wind,0.0679707104056819
Rheda-Beckum,RB-01--RB-02,RIX + Gelaendehoehe + Rauigkeit + Wind,0.040063031888036
Rheda-Beckum,RB-01--RB-03,RIX + Gelaendehoehe + Rauigkeit + Wind,0.044872458482807
Rheda-Beckum,RB-01--RB-04,RIX + Gelaendehoehe + Rauigkeit + Wind,0.0575421251382826
Rheda-Beckum,RB-01--RB-05,RIX + Gelaendehoehe + Rauigkeit + Wind,0.0535225556056064
Rheda-Beckum,RB-02--RB-03,RIX + Gelaendehoehe + Rauigkeit + Wind,0.0427412833984004
Rheda-Beckum,RB-02--RB-04,RIX + Gelaendehoehe + Rauigkeit + Wind,0.0563879005563466
Rheda-Beckum,RB-02--RB-05,RIX + Gelaendehoehe + Rauigkeit + Wind,0.0524444206745653
Rheda-Beckum,RB-03--RB-04,RIX + Gelaendehoehe + Rauigkeit + Wind,0.0515663070100262
Rheda-Beckum,RB-03--RB-05,RIX + Gelaendehoehe + Rauigkeit + Wind,0.0479947154541987
Rheda-Beckum,RB-04--RB-05,RIX + Gelaendehoehe + Rauigkeit + Wind,0.0417751603704337
Alpen-Sevelen,AS-01--AS-02,RIX + Gelaendehoehe + Wald + Wind,0.0498431153946352
Alpen-Sevelen,AS-01--AS-03,RIX + Gelaendehoehe + Wald + Wind,0.0485987242956962
Alpen-Sevelen,AS-01--AS-04,RIX + Gelaendehoehe + Wald + Wind,0.0509179229552279
Alpen-Sevelen,AS-01--AS-05,RIX + Gelaendehoehe + Wald + Wind,0.0548712133641577
Alpen-Sevelen,AS-01--AS-06,RIX + Gelaendehoehe + Wald + Wind,0.0538559718192963
Alpen-Sevelen,AS-02--AS-03,RIX + Gelaendehoehe + Wald + Wind,0.0518607210716194
Alpen-Sevelen,AS-02--AS-04,RIX + Gelaendehoehe + Wald + Wind,0.0471127745241177
Alpen-Sevelen,AS-02--AS-05,RIX + Gelaendehoehe + Wald + Wind,0.0497395740684803
Alpen-Sevelen,AS-02--AS-06,RIX + Gelaendehoehe + Wald + Wind,0.0483566454278876
Alpen-Sevelen,AS-03--AS-04,RIX + Gelaendehoehe + Wald + Wind,0.0419721799749973
Alpen-Sevelen,AS-03--AS-05,RIX + Gelaendehoehe + Wald + Wind,0.0464202111167072
Alpen-Sevelen,AS-03--AS-06,RIX + Gelaendehoehe + Wald + Wind,0.044954731494968
Alpen-Sevelen,AS-04--AS-05,RIX + Gelaendehoehe + Wald + Wind,0.0416374708637869
Alpen-Sevelen,AS-04--AS-06,RIX + Gelaendehoehe + Wald + Wind,0.0393409308174335
Alpen-Sevelen,AS-05--AS-06,RIX + Gelaendehoehe + Wald + Wind,0.0395441639454202
Altenmellrich,AM-01--AM-02,RIX + Gelaendehoehe + Wald + Wind,0.0629884455853275
Altenmellrich,AM-01--AM-03,RIX + Gelaendehoehe + Wald + Wind,0.0643620530187765
Altenmellrich,AM-01--AM-04,RIX + Gelaendehoehe + Wald + Wind,0.0858115834154332
Altenmellrich,AM-02--AM-03,RIX + Gelaendehoehe + Wald + Wind,0.0612986827855325
Altenmellrich,AM-02--AM-04,RIX + Gelaendehoehe + Wald + Wind,0.0669560771635256
Altenmellrich,AM-03--AM-04,RIX + Gelaendehoehe + Wald + Wind,0.069884943033738
Bad Berleburg,BB-01--BB-02,RIX + Gelaendehoehe + Wald + Wind,0.1197006079899928
Bad Berleburg,BB-01--BB-03,RIX + Gelaendehoehe + Wald + Wind,0.1054700312656673
Bad Berleburg,BB-01--BB-04,RIX + Gelaendehoehe + Wald + Wind,0.1246569177608561
Bad Berleburg,BB-01--BB-05,RIX + Gelaendehoehe + Wald + Wind,0.0998451695103412
Bad Berleburg,BB-01--BB-06,RIX + Gelaendehoehe + Wald + Wind,0.1549301226729093
Bad Berleburg,BB-01--BB-07,RIX + Gelaendehoehe + Wald + Wind,0.1654533942936703
Bad Berleburg,BB-02--BB-03,RIX + Gelaendehoehe + Wald + Wind,0.1525264757234476
Bad Berleburg,BB-02--BB-04,RIX + Gelaendehoehe + Wald + Wind,0.1231672731861066
Bad Berleburg,BB-02--BB-05,RIX + Gelaendehoehe + Wald + Wind,0.138564149214839
Bad Berleburg,BB-02--BB-06,RIX + Gelaendehoehe + Wald + Wind,0.2158152609999347
Bad Berleburg,BB-02--BB-07,RIX + Gelaendehoehe + Wald + Wind,0.1143849522803192
Bad Berleburg,BB-03--BB-04,RIX + Gelaendehoehe + Wald + Wind,0.1236164467739973
Bad Berleburg,BB-03--BB-05,RIX + Gelaendehoehe + Wald + Wind,0.1276088144139761
Bad Berleburg,BB-03--BB-06,RIX + Gelaendehoehe + Wald + Wind,0.1344715555940705
Bad Berleburg,BB-03--BB-07,RIX + Gelaendehoehe + Wald + Wind,0.2118368104407311
Bad Berleburg,BB-04--BB-05,RIX + Gelaendehoehe + Wald + Wind,0.1195563677501237
Bad Berleburg,BB-04--BB-06,RIX + Gelaendehoehe + Wald + Wind,0.1439008797583422
Bad Berleburg,BB-04--BB-07,RIX + Gelaendehoehe + Wald + Wind,0.1575668880498384
Bad Berleburg,BB-05--BB-06,RIX + Gelaendehoehe + Wald + Wind,0.1552958113333189
Bad Berleburg,BB-05--BB-07,RIX + Gelaendehoehe + Wald + Wind,0.158226804490783
Bad Berleburg,BB-06--BB-07,RIX + Gelaendehoehe + Wald + Wind,0.2658237169792241
Borken-Coesfeld,BC-01--BC-02,RIX + Gelaendehoehe + Wald + Wind,0.0534587332515429
Borken-Coesfeld,BC-01--BC-03,RIX + Gelaendehoehe + Wald + Wind,0.0513787541980351
Borken-Coesfeld,BC-01--BC-04,RIX + Gelaendehoehe + Wald + Wind,0.0506970295998345
Borken-Coesfeld,BC-01--BC-05,RIX + Gelaendehoehe + Wald + Wind,0.0512611006645177
Borken-Coesfeld,BC-01--BC-06,RIX + Gelaendehoehe + Wald + Wind,0.054997462259915
Borken-Coesfeld,BC-02--BC-03,RIX + Gelaendehoehe + Wald + Wind,0.0610598265356447
Borken-Coesfeld,BC-02--BC-04,RIX + Gelaendehoehe + Wald + Wind,0.0568403328003665
Borken-Coesfeld,BC-02--BC-05,RIX + Gelaendehoehe + Wald + Wind,0.04966388874338
Borken-Coesfeld,BC-02--BC-06,RIX + Gelaendehoehe + Wald + Wind,0.0645635306894229
Borken-Coesfeld,BC-03--BC-04,RIX + Gelaendehoehe + Wald + Wind,0.0449272899476489
Borken-Coesfeld,BC-03--BC-05,RIX + Gelaendehoehe + Wald + Wind,0.0542814088967129
Borken-Coesfeld,BC-03--BC-06,RIX + Gelaendehoehe + Wald + Wind,0.0467516353638559
Borken-Coesfeld,BC-04--BC-05,RIX + Gelaendehoehe + Wald + Wind,0.0518238147708471
Borken-Coesfeld,BC-04--BC-06,RIX + Gelaendehoehe + Wald + Wind,0.0506972514297239
Borken-Coesfeld,BC-05--BC-06,RIX + Gelaendehoehe + Wald + Wind,0.0553778484657855
Lorup,LO-01--LO-02,RIX + Gelaendehoehe + Wald + Wind,0.0547923977564224
Lorup,LO-01--LO-03,RIX + Gelaendehoehe + Wald + Wind,0.0649964970406881
Lorup,LO-02--LO-03,RIX + Gelaendehoehe + Wald + Wind,0.0567109870095926
Ostfriesland,OF-01--OF-02,RIX + Gelaendehoehe + Wald + Wind,0.0428529639893966
Ostfriesland,OF-01--OF-03,RIX + Gelaendehoehe + Wald + Wind,0.0440517244376595
Ostfriesland,OF-01--OF-04,RIX + Gelaendehoehe + Wald + Wind,0.0495969198994232
Ostfriesland,OF-02--OF-03,RIX + Gelaendehoehe + Wald + Wind,0.0444916331343323
Ostfriesland,OF-02--OF-04,RIX + Gelaendehoehe + Wald + Wind,0.0489153118842852
Ostfriesland,OF-03--OF-04,RIX + Gelaendehoehe + Wald + Wind,0.0538215193315171
Paderborn,PA-01--PA-10,RIX + Gelaendehoehe + Wald + Wind,0.0869672572663842
Paderborn,PA-01--PA-11,RIX + Gelaendehoehe + Wald + Wind,0.0962778651301338
Paderborn,PA-01--PA-12,RIX + Gelaendehoehe + Wald + Wind,0.0995333691532944
Paderborn,PA-01--PA-02,RIX + Gelaendehoehe + Wald + Wind,0.0951892585969256
Paderborn,PA-01--PA-03,RIX + Gelaendehoehe + Wald + Wind,0.0849931128669299
Paderborn,PA-01--PA-04,RIX + Gelaendehoehe + Wald + Wind,0.0729621259855185
Paderborn,PA-01--PA-05,RIX + Gelaendehoehe + Wald + Wind,0.0882195413422326
Paderborn,PA-01--PA-06,RIX + Gelaendehoehe + Wald + Wind,0.0815523486094583
Paderborn,PA-01--PA-07,RIX + Gelaendehoehe + Wald + Wind,0.0876746727928626
Paderborn,PA-01--PA-08,RIX + Gelaendehoehe + Wald + Wind,0.08885356664115
Paderborn,PA-01--PA-09,RIX + Gelaendehoehe + Wald + Wind,0.0940806178913439
Paderborn,PA-10--PA-11,RIX + Gelaendehoehe + Wald + Wind,0.0752712605027377
Paderborn,PA-10--PA-12,RIX + Gelaendehoehe + Wald + Wind,0.0802860174775792
Paderborn,PA-02--PA-10,RIX + Gelaendehoehe + Wald + Wind,0.0917296812339463
Paderborn,PA-03--PA-10,RIX + Gelaendehoehe + Wald + Wind,0.0774438591778241
Paderborn,PA-04--PA-10,RIX + Gelaendehoehe + Wald + Wind,0.0774356772480238
Paderborn,PA-05--PA-10,RIX + Gelaendehoehe + Wald + Wind,0.0737304076172707
Paderborn,PA-06--PA-10,RIX + Gelaendehoehe + Wald + Wind,0.0691208343384121
Paderborn,PA-07--PA-10,RIX + Gelaendehoehe + Wald + Wind,0.0723083698274851
Paderborn,PA-08--PA-10,RIX + Gelaendehoehe + Wald + Wind,0.0713560914009543
Paderborn,PA-09--PA-10,RIX + Gelaendehoehe + Wald + Wind,0.0727293771176257
Paderborn,PA-11--PA-12,RIX + Gelaendehoehe + Wald + Wind,0.0646566757871193
Paderborn,PA-02--PA-11,RIX + Gelaendehoehe + Wald + Wind,0.0788785856604892
Paderborn,PA-03--PA-11,RIX + Gelaendehoehe + Wald + Wind,0.077447372852819
Paderborn,PA-04--PA-11,RIX + Gelaendehoehe + Wald + Wind,0.0879808027167361
Paderborn,PA-05--PA-11,RIX + Gelaendehoehe + Wald + Wind,0.0717973274496965
Paderborn,PA-06--PA-11,RIX + Gelaendehoehe + Wald + Wind,0.0778294428495417
Paderborn,PA-07--PA-11,RIX + Gelaendehoehe + Wald + Wind,0.0729171684366356
Paderborn,PA-08--PA-11,RIX + Gelaendehoehe + Wald + Wind,0.0707439722642548
Paderborn,PA-09--PA-11,RIX + Gelaendehoehe + Wald + Wind,0.0701652165790331
Paderborn,PA-02--PA-12,RIX + Gelaendehoehe + Wald + Wind,0.0765908572972713
Paderborn,PA-03--PA-12,RIX + Gelaendehoehe + Wald + Wind,0.0817562622659256
Paderborn,PA-04--PA-12,RIX + Gelaendehoehe + Wald + Wind,0.0921465247679909
Paderborn,PA-05--PA-12,RIX + Gelaendehoehe + Wald + Wind,0.0775224698149679
Paderborn,PA-06--PA-12,RIX + Gelaendehoehe + Wald + Wind,0.0838074967742629
Paderborn,PA-07--PA-12,RIX + Gelaendehoehe + Wald + Wind,0.0777565174032351
Paderborn,PA-08--PA-12,RIX + Gelaendehoehe + Wald + Wind,0.0765148050086273
Paderborn,PA-09--PA-12,RIX + Gelaendehoehe + Wald + Wind,0.0748171693777582
Paderborn,PA-02--PA-03,RIX + Gelaendehoehe + Wald + Wind,0.0857769462362341
Paderborn,PA-02--PA-04,RIX + Gelaendehoehe + Wald + Wind,0.0923735596231266
Paderborn,PA-02--PA-05,RIX + Gelaendehoehe + Wald + Wind,0.0877129378584324
Paderborn,PA-02--PA-06,RIX + Gelaendehoehe + Wald + Wind,0.0958315147788339
Paderborn,PA-02--PA-07,RIX + Gelaendehoehe + Wald + Wind,0.0876754588512193
Paderborn,PA-02--PA-08,RIX + Gelaendehoehe + Wald + Wind,0.087541724305965
Paderborn,PA-02--PA-09,RIX + Gelaendehoehe + Wald + Wind,0.0854083994098297
Paderborn,PA-03--PA-04,RIX + Gelaendehoehe + Wald + Wind,0.0805973252502678
Paderborn,PA-03--PA-05,RIX + Gelaendehoehe + Wald + Wind,0.0713894330310297
Paderborn,PA-03--PA-06,RIX + Gelaendehoehe + Wald + Wind,0.0775820298799509
Paderborn,PA-03--PA-07,RIX + Gelaendehoehe + Wald + Wind,0.0729912730338778
Paderborn,PA-03--PA-08,RIX + Gelaendehoehe + Wald + Wind,0.068925806060016
Paderborn,PA-03--PA-09,RIX + Gelaendehoehe + Wald + Wind,0.0718119451285974
Paderborn,PA-04--PA-05,RIX + Gelaendehoehe + Wald + Wind,0.0783058597009759
Paderborn,PA-04--PA-06,RIX + Gelaendehoehe + Wald + Wind,0.0722993525035706
Paderborn,PA-04--PA-07,RIX + Gelaendehoehe + Wald + Wind,0.0785379731443528
Paderborn,PA-04--PA-08,RIX + Gelaendehoehe + Wald + Wind,0.0805579987206257
Paderborn,PA-04--PA-09,RIX + Gelaendehoehe + Wald + Wind,0.082711892379538
Paderborn,PA-05--PA-06,RIX + Gelaendehoehe + Wald + Wind,0.0715253313138469
Paderborn,PA-05--PA-07,RIX + Gelaendehoehe + Wald + Wind,0.0654033248018609
Paderborn,PA-05--PA-08,RIX + Gelaendehoehe + Wald + Wind,0.0675077773499042
Paderborn,PA-05--PA-09,RIX + Gelaendehoehe + Wald + Wind,0.0703273924669751
Paderborn,PA-06--PA-07,RIX + Gelaendehoehe + Wald + Wind,0.0709858448291684
Paderborn,PA-06--PA-08,RIX + Gelaendehoehe + Wald + Wind,0.071922991878673
Paderborn,PA-06--PA-09,RIX + Gelaendehoehe + Wald + Wind,0.0729839941661405
Paderborn,PA-07--PA-08,RIX + Gelaendehoehe + Wald + Wind,0.068441268023303
Paderborn,PA-07--PA-09,RIX + Gelaendehoehe + Wald + Wind,0.0696570229785524
Paderborn,PA-08--PA-09,RIX + Gelaendehoehe + Wald + Wind,0.0684625390633815
Rheda-Beckum,RB-01--RB-02,RIX + Gelaendehoehe + Wald + Wind,0.0378552245940176
Rheda-Beckum,RB-01--RB-03,RIX + Gelaendehoehe + Wald + Wind,0.0429488615347387
Rheda-Beckum,RB-01--RB-04,RIX + Gelaendehoehe + Wald + Wind,0.0554879746722682
Rheda-Beckum,RB-01--RB-05,RIX + Gelaendehoehe + Wald + Wind,0.0519062312688702
Rheda-Beckum,RB-02--RB-03,RIX + Gelaendehoehe + Wald + Wind,0.0400235065128287
Rheda-Beckum,RB-02--RB-04,RIX + Gelaendehoehe + Wald + Wind,0.0546563414318726
Rheda-Beckum,RB-02--RB-05,RIX + Gelaendehoehe + Wald + Wind,0.0510983655092276
Rheda-Beckum,RB-03--RB-04,RIX + Gelaendehoehe + Wald + Wind,0.0518872567278055
Rheda-Beckum,RB-03--RB-05,RIX + Gelaendehoehe + Wald + Wind,0.0482637533250561
Rheda-Beckum,RB-04--RB-05,RIX + Gelaendehoehe + Wald + Wind,0.0393981465517023
Alpen-Sevelen,AS-01--AS-02,RIX + Rauigkeit + Wald + Wind,0.0528111795448733
Alpen-Sevelen,AS-01--AS-03,RIX + Rauigkeit + Wald + Wind,0.0514387257338775
Alpen-Sevelen,AS-01--AS-04,RIX + Rauigkeit + Wald + Wind,0.0541708788289206
Alpen-Sevelen,AS-01--AS-05,RIX + Rauigkeit + Wald + Wind,0.0578191247283773
Alpen-Sevelen,AS-01--AS-06,RIX + Rauigkeit + Wald + Wind,0.0573110923780182
Alpen-Sevelen,AS-02--AS-03,RIX + Rauigkeit + Wald + Wind,0.0543089915978602
Alpen-Sevelen,AS-02--AS-04,RIX + Rauigkeit + Wald + Wind,0.0484618372558764
Alpen-Sevelen,AS-02--AS-05,RIX + Rauigkeit + Wald + Wind,0.0491909596499439
Alpen-Sevelen,AS-02--AS-06,RIX + Rauigkeit + Wald + Wind,0.0483978525142711
Alpen-Sevelen,AS-03--AS-04,RIX + Rauigkeit + Wald + Wind,0.0441744855978378
Alpen-Sevelen,AS-03--AS-05,RIX + Rauigkeit + Wald + Wind,0.0478244512198745
Alpen-Sevelen,AS-03--AS-06,RIX + Rauigkeit + Wald + Wind,0.0471222972789339
Alpen-Sevelen,AS-04--AS-05,RIX + Rauigkeit + Wald + Wind,0.0419917659928663
Alpen-Sevelen,AS-04--AS-06,RIX + Rauigkeit + Wald + Wind,0.0399756433747709
Alpen-Sevelen,AS-05--AS-06,RIX + Rauigkeit + Wald + Wind,0.0408705163301254
Altenmellrich,AM-01--AM-02,RIX + Rauigkeit + Wald + Wind,0.0631156831200109
Altenmellrich,AM-01--AM-03,RIX + Rauigkeit + Wald + Wind,0.0644554130058259
Altenmellrich,AM-01--AM-04,RIX + Rauigkeit + Wald + Wind,0.0829068902417196
Altenmellrich,AM-02--AM-03,RIX + Rauigkeit + Wald + Wind,0.0619470080797866
Altenmellrich,AM-02--AM-04,RIX + Rauigkeit + Wald + Wind,0.0656262999469825
Altenmellrich,AM-03--AM-04,RIX + Rauigkeit + Wald + Wind,0.0689594399736711
Bad Berleburg,BB-01--BB-02,RIX + Rauigkeit + Wald + Wind,0.1307738871882077
Bad Berleburg,BB-01--BB-03,RIX + Rauigkeit + Wald + Wind,0.1166930622748985
Bad Berleburg,BB-01--BB-04,RIX + Rauigkeit + Wald + Wind,0.138878109098231
Bad Berleburg,BB-01--BB-05,RIX + Rauigkeit + Wald + Wind,0.1148117617040727
Bad Berleburg,BB-01--BB-06,RIX + Rauigkeit + Wald + Wind,0.1741844048673488
Bad Berleburg,BB-01--BB-07,RIX + Rauigkeit + Wald + Wind,0.1606732932878035
Bad Berleburg,BB-02--BB-03,RIX + Rauigkeit + Wald + Wind,0.15369663221356
Bad Berleburg,BB-02--BB-04,RIX + Rauigkeit + Wald + Wind,0.1233707008890867
Bad Berleburg,BB-02--BB-05,RIX + Rauigkeit + Wald + Wind,0.1519272797010222
Bad Berleburg,BB-02--BB-06,RIX + Rauigkeit + Wald + Wind,0.2231409495823512
Bad Berleburg,BB-02--BB-07,RIX + Rauigkeit + Wald + Wind,0.1160847029102607
Bad Berleburg,BB-03--BB-04,RIX + Rauigkeit + Wald + Wind,0.1563329215918738
Bad Berleburg,BB-03--BB-05,RIX + Rauigkeit + Wald + Wind,0.1422726650740126
Bad Berleburg,BB-03--BB-06,RIX + Rauigkeit + Wald + Wind,0.1710913962578388
Bad Berleburg,BB-03--BB-07,RIX + Rauigkeit + Wald + Wind,0.204221450324999
Bad Berleburg,BB-04--BB-05,RIX + Rauigkeit + Wald + Wind,0.140621512216166
Bad Berleburg,BB-04--BB-06,RIX + Rauigkeit + Wald + Wind,0.1912379244789498
Bad Berleburg,BB-04--BB-07,RIX + Rauigkeit + Wald + Wind,0.1460624624194501
Bad Berleburg,BB-05--BB-06,RIX + Rauigkeit + Wald + Wind,0.1950064612022235
Bad Berleburg,BB-05--BB-07,RIX + Rauigkeit + Wald + Wind,0.1635951040952037
Bad Berleburg,BB-06--BB-07,RIX + Rauigkeit + Wald + Wind,0.271273465647886
Borken-Coesfeld,BC-01--BC-02,RIX + Rauigkeit + Wald + Wind,0.0511541194007692
Borken-Coesfeld,BC-01--BC-03,RIX + Rauigkeit + Wald + Wind,0.0518415699697089
Borken-Coesfeld,BC-01--BC-04,RIX + Rauigkeit + Wald + Wind,0.0532808363629991
Borken-Coesfeld,BC-01--BC-05,RIX + Rauigkeit + Wald + Wind,0.0511464468936805
Borken-Coesfeld,BC-01--BC-06,RIX + Rauigkeit + Wald + Wind,0.0558234636285519
Borken-Coesfeld,BC-02--BC-03,RIX + Rauigkeit + Wald + Wind,0.056455520700829
Borken-Coesfeld,BC-02--BC-04,RIX + Rauigkeit + Wald + Wind,0.0544426696697081
Borken-Coesfeld,BC-02--BC-05,RIX + Rauigkeit + Wald + Wind,0.0493483302239379
Borken-Coesfeld,BC-02--BC-06,RIX + Rauigkeit + Wald + Wind,0.0603621536694418
Borken-Coesfeld,BC-03--BC-04,RIX + Rauigkeit + Wald + Wind,0.0445012994166212
Borken-Coesfeld,BC-03--BC-05,RIX + Rauigkeit + Wald + Wind,0.0523835054821177
Borken-Coesfeld,BC-03--BC-06,RIX + Rauigkeit + Wald + Wind,0.0487873317540665
Borken-Coesfeld,BC-04--BC-05,RIX + Rauigkeit + Wald + Wind,0.0522161707616098
Borken-Coesfeld,BC-04--BC-06,RIX + Rauigkeit + Wald + Wind,0.0509509186940818
Borken-Coesfeld,BC-05--BC-06,RIX + Rauigkeit + Wald + Wind,0.0535744255833018
Lorup,LO-01--LO-02,RIX + Rauigkeit + Wald + Wind,0.0570031718278235
Lorup,LO-01--LO-03,RIX + Rauigkeit + Wald + Wind,0.0701710135308113
Lorup,LO-02--LO-03,RIX + Rauigkeit + Wald + Wind,0.0595204540132117
Ostfriesland,OF-01--OF-02,RIX + Rauigkeit + Wald + Wind,0.0433401999893794
Ostfriesland,OF-01--OF-03,RIX + Rauigkeit + Wald + Wind,0.0448160907271447
Ostfriesland,OF-01--OF-04,RIX + Rauigkeit + Wald + Wind,0.0511521892140132
Ostfriesland,OF-02--OF-03,RIX + Rauigkeit + Wald + Wind,0.0451606345286524
Ostfriesland,OF-02--OF-04,RIX + Rauigkeit + Wald + Wind,0.0506634033739206
Ostfriesland,OF-03--OF-04,RIX + Rauigkeit + Wald + Wind,0.0566270545007749
Paderborn,PA-01--PA-10,RIX + Rauigkeit + Wald + Wind,0.0866023281344986
Paderborn,PA-01--PA-11,RIX + Rauigkeit + Wald + Wind,0.0866072248768809
Paderborn,PA-01--PA-12,RIX + Rauigkeit + Wald + Wind,0.089660669193358
Paderborn,PA-01--PA-02,RIX + Rauigkeit + Wald + Wind,0.0829456483615164
Paderborn,PA-01--PA-03,RIX + Rauigkeit + Wald + Wind,0.0788997208913005
Paderborn,PA-01--PA-04,RIX + Rauigkeit + Wald + Wind,0.0772082133664469
Paderborn,PA-01--PA-05,RIX + Rauigkeit + Wald + Wind,0.0836002215495409
Paderborn,PA-01--PA-06,RIX + Rauigkeit + Wald + Wind,0.0832349399069797
Paderborn,PA-01--PA-07,RIX + Rauigkeit + Wald + Wind,0.0848989474914075
Paderborn,PA-01--PA-08,RIX + Rauigkeit + Wald + Wind,0.0831868098625226
Paderborn,PA-01--PA-09,RIX + Rauigkeit + Wald + Wind,0.0870949276833334
Paderborn,PA-10--PA-11,RIX + Rauigkeit + Wald + Wind,0.0733146930073671
Paderborn,PA-10--PA-12,RIX + Rauigkeit + Wald + Wind,0.0788269971131497
Paderborn,PA-02--PA-10,RIX + Rauigkeit + Wald + Wind,0.088321432630974
Paderborn,PA-03--PA-10,RIX + Rauigkeit + Wald + Wind,0.0777411501762355
Paderborn,PA-04--PA-10,RIX + Rauigkeit + Wald + Wind,0.077465219251771
Paderborn,PA-05--PA-10,RIX + Rauigkeit + Wald + Wind,0.0768004913160034
Paderborn,PA-06--PA-10,RIX + Rauigkeit + Wald + Wind,0.0718350634683131
Paderborn,PA-07--PA-10,RIX + Rauigkeit + Wald + Wind,0.0763875088188361
Paderborn,PA-08--PA-10,RIX + Rauigkeit + Wald + Wind,0.0722399406169684
Paderborn,PA-09--PA-10,RIX + Rauigkeit + Wald + Wind,0.072744436452003
Paderborn,PA-11--PA-12,RIX + Rauigkeit + Wald + Wind,0.0677653851971628
Paderborn,PA-02--PA-11,RIX + Rauigkeit + Wald + Wind,0.0841394901959771
Paderborn,PA-03--PA-11,RIX + Rauigkeit + Wald + Wind,0.0807983774146765
Paderborn,PA-04--PA-11,RIX + Rauigkeit + Wald + Wind,0.0797036381893264
Paderborn,PA-05--PA-11,RIX + Rauigkeit + Wald + Wind,0.0715422942153754
Paderborn,PA-06--PA-11,RIX + Rauigkeit + Wald + Wind,0.0716418948672474
Paderborn,PA-07--PA-11,RIX + Rauigkeit + Wald + Wind,0.071564944637632
Paderborn,PA-08--PA-11,RIX + Rauigkeit + Wald + Wind,0.0715666130665816
Paderborn,PA-09--PA-11,RIX + Rauigkeit + Wald + Wind,0.0726401577267174
Paderborn,PA-02--PA-12,RIX + Rauigkeit + Wald + Wind,0.0820700807918701
Paderborn,PA-03--PA-12,RIX + Rauigkeit + Wald + Wind,0.085960060567331
Paderborn,PA-04--PA-12,RIX + Rauigkeit + Wald + Wind,0.0841306405419896
Paderborn,PA-05--PA-12,RIX + Rauigkeit + Wald + Wind,0.0781348800236335
Paderborn,PA-06--PA-12,RIX + Rauigkeit + Wald + Wind,0.0776605709853476
Paderborn,PA-07--PA-12,RIX + Rauigkeit + Wald + Wind,0.0764859629302491
Paderborn,PA-08--PA-12,RIX + Rauigkeit + Wald + Wind,0.0775927858167269
Paderborn,PA-09--PA-12,RIX + Rauigkeit + Wald + Wind,0.0778570153566042
Paderborn,PA-02--PA-03,RIX + Rauigkeit + Wald + Wind,0.0871894793828533
Paderborn,PA-02--PA-04,RIX + Rauigkeit + Wald + Wind,0.0822633765233716
Paderborn,PA-02--PA-05,RIX + Rauigkeit + Wald + Wind,0.087573272635852
Paderborn,PA-02--PA-06,RIX + Rauigkeit + Wald + Wind,0.0875200143862096
Paderborn,PA-02--PA-07,RIX + Rauigkeit + Wald + Wind,0.0847441267917342
Paderborn,PA-02--PA-08,RIX + Rauigkeit + Wald + Wind,0.0877994271157135
Paderborn,PA-02--PA-09,RIX + Rauigkeit + Wald + Wind,0.0868794324834534
Paderborn,PA-03--PA-04,RIX + Rauigkeit + Wald + Wind,0.0753979422326105
Paderborn,PA-03--PA-05,RIX + Rauigkeit + Wald + Wind,0.0758375332313462
Paderborn,PA-03--PA-06,RIX + Rauigkeit + Wald + Wind,0.0757932335463038
Paderborn,PA-03--PA-07,RIX + Rauigkeit + Wald + Wind,0.0763647098030809
Paderborn,PA-03--PA-08,RIX + Rauigkeit + Wald + Wind,0.0736525373386219
Paderborn,PA-03--PA-09,RIX + Rauigkeit + Wald + Wind,0.0762105854182348
Paderborn,PA-04--PA-05,RIX + Rauigkeit + Wald + Wind,0.0746057304916767
Paderborn,PA-04--PA-06,RIX + Rauigkeit + Wald + Wind,0.0753036826969196
Paderborn,PA-04--PA-07,RIX + Rauigkeit + Wald + Wind,0.0763095743029101
Paderborn,PA-04--PA-08,RIX + Rauigkeit + Wald + Wind,0.0753543322181856
Paderborn,PA-04--PA-09,RIX + Rauigkeit + Wald + Wind,0.0764887075208564
Paderborn,PA-05--PA-06,RIX + Rauigkeit + Wald + Wind,0.06934588457217
Paderborn,PA-05--PA-07,RIX + Rauigkeit + Wald + Wind,0.0680725051921113
Paderborn,PA-05--PA-08,RIX + Rauigkeit + Wald + Wind,0.0706866331391507
Paderborn,PA-05--PA-09,RIX + Rauigkeit + Wald + Wind,0.0724170116474035
Paderborn,PA-06--PA-07,RIX + Rauigkeit + Wald + Wind,0.0701935607080316
Paderborn,PA-06--PA-08,RIX + Rauigkeit + Wald + Wind,0.0692222695455346
Paderborn,PA-06--PA-09,RIX + Rauigkeit + Wald + Wind,0.068935847895355
Paderborn,PA-07--PA-08,RIX + Rauigkeit + Wald + Wind,0.0696692607334399
Paderborn,PA-07--PA-09,RIX + Rauigkeit + Wald + Wind,0.0692348716998551
Paderborn,PA-08--PA-09,RIX + Rauigkeit + Wald + Wind,0.070992177001044
Rheda-Beckum,RB-01--RB-02,RIX + Rauigkeit + Wald + Wind,0.0384169374819466
Rheda-Beckum,RB-01--RB-03,RIX + Rauigkeit + Wald + Wind,0.0420168816738543
Rheda-Beckum,RB-01--RB-04,RIX + Rauigkeit + Wald + Wind,0.055272439366946
Rheda-Beckum,RB-01--RB-05,RIX + Rauigkeit + Wald + Wind,0.052660358104745
Rheda-Beckum,RB-02--RB-03,RIX + Rauigkeit + Wald + Wind,0.0396253851522842
Rheda-Beckum,RB-02--RB-04,RIX + Rauigkeit + Wald + Wind,0.0559903745202546
Rheda-Beckum,RB-02--RB-05,RIX + Rauigkeit + Wald + Wind,0.0532770267315145
Rheda-Beckum,RB-03--RB-04,RIX + Rauigkeit + Wald + Wind,0.0560715291937605
Rheda-Beckum,RB-03--RB-05,RIX + Rauigkeit + Wald + Wind,0.0530041698124673
Rheda-Beckum,RB-04--RB-05,RIX + Rauigkeit + Wald + Wind,0.0401796140157305
Alpen-Sevelen,AS-01--AS-02,Gelaendehoehe + Rauigkeit + Wald + Wind,0.0555736657254034
Alpen-Sevelen,AS-01--AS-03,Gelaendehoehe + Rauigkeit + Wald + Wind,0.0545715059940937
Alpen-Sevelen,AS-01--AS-04,Gelaendehoehe + Rauigkeit + Wald + Wind,0.0574881958221602
Alpen-Sevelen,AS-01--AS-05,Gelaendehoehe + Rauigkeit + Wald + Wind,0.0621485897798074
Alpen-Sevelen,AS-01--AS-06,Gelaendehoehe + Rauigkeit + Wald + Wind,0.0610384435694947
Alpen-Sevelen,AS-02--AS-03,Gelaendehoehe + Rauigkeit + Wald + Wind,0.0588836521745956
Alpen-Sevelen,AS-02--AS-04,Gelaendehoehe + Rauigkeit + Wald + Wind,0.0528118831844948
Alpen-Sevelen,AS-02--AS-05,Gelaendehoehe + Rauigkeit + Wald + Wind,0.0545670160190993
Alpen-Sevelen,AS-02--AS-06,Gelaendehoehe + Rauigkeit + Wald + Wind,0.0532251932220821
Alpen-Sevelen,AS-03--AS-04,Gelaendehoehe + Rauigkeit + Wald + Wind,0.0465068119506677
Alpen-Sevelen,AS-03--AS-05,Gelaendehoehe + Rauigkeit + Wald + Wind,0.0511930147334872
Alpen-Sevelen,AS-03--AS-06,Gelaendehoehe + Rauigkeit + Wald + Wind,0.0498666824919493
Alpen-Sevelen,AS-04--AS-05,Gelaendehoehe + Rauigkeit + Wald + Wind,0.0449186908444138
Alpen-Sevelen,AS-04--AS-06,Gelaendehoehe + Rauigkeit + Wald + Wind,0.0423316055995951
Alpen-Sevelen,AS-05--AS-06,Gelaendehoehe + Rauigkeit + Wald + Wind,0.0425589587888172
Altenmellrich,AM-01--AM-02,Gelaendehoehe + Rauigkeit + Wald + Wind,0.0612850151230336
Altenmellrich,AM-01--AM-03,Gelaendehoehe + Rauigkeit + Wald + Wind,0.0617240818523364
Altenmellrich,AM-01--AM-04,Gelaendehoehe + Rauigkeit + Wald + Wind,0.0923985573499982
Altenmellrich,AM-02--AM-03,Gelaendehoehe + Rauigkeit + Wald + Wind,0.0579940955897169
Altenmellrich,AM-02--AM-04,Gelaendehoehe + Rauigkeit + Wald + Wind,0.0663385360169933
Altenmellrich,AM-03--AM-04,Gelaendehoehe + Rauigkeit + Wald + Wind,0.0695438046482754
Bad Berleburg,BB-01--BB-02,Gelaendehoehe + Rauigkeit + Wald + Wind,0.1044025673866191
Bad Berleburg,BB-01--BB-03,Gelaendehoehe + Rauigkeit + Wald + Wind,0.0765100658181419
Bad Berleburg,BB-01--BB-04,Gelaendehoehe + Rauigkeit + Wald + Wind,0.1029958070560626
Bad Berleburg,BB-01--BB-05,Gelaendehoehe + Rauigkeit + Wald + Wind,0.0549175491823895
Bad Berleburg,BB-01--BB-06,Gelaendehoehe + Rauigkeit + Wald + Wind,0.1708809377276684
Bad Berleburg,BB-01--BB-07,Gelaendehoehe + Rauigkeit + Wald + Wind,0.15711733253874
Bad Berleburg,BB-02--BB-03,Gelaendehoehe + Rauigkeit + Wald + Wind,0.16135142551969
Bad Berleburg,BB-02--BB-04,Gelaendehoehe + Rauigkeit + Wald + Wind,0.0943044004062124
Bad Berleburg,BB-02--BB-05,Gelaendehoehe + Rauigkeit + Wald + Wind,0.1224689383857828
Bad Berleburg,BB-02--BB-06,Gelaendehoehe + Rauigkeit + Wald + Wind,0.3495764683640784
Bad Berleburg,BB-02--BB-07,Gelaendehoehe + Rauigkeit + Wald + Wind,0.0635526974740983
Bad Berleburg,BB-03--BB-04,Gelaendehoehe + Rauigkeit + Wald + Wind,0.1457295209591975
Bad Berleburg,BB-03--BB-05,Gelaendehoehe + Rauigkeit + Wald + Wind,0.1163979558535074
Bad Berleburg,BB-03--BB-06,Gelaendehoehe + Rauigkeit + Wald + Wind,0.1733045049208249
Bad Berleburg,BB-03--BB-07,Gelaendehoehe + Rauigkeit + Wald + Wind,0.3649094816598522
Bad Berleburg,BB-04--BB-05,Gelaendehoehe + Rauigkeit + Wald + Wind,0.1224376892917212
Bad Berleburg,BB-04--BB-06,Gelaendehoehe + Rauigkeit + Wald + Wind,0.2187792246945633
Bad Berleburg,BB-04--BB-07,Gelaendehoehe + Rauigkeit + Wald + Wind,0.1524257131278698
Bad Berleburg,BB-05--BB-06,Gelaendehoehe + Rauigkeit + Wald + Wind,0.2629368526449255
Bad Berleburg,BB-05--BB-07,Gelaendehoehe + Rauigkeit + Wald + Wind,0.1645478581470392
Bad Berleburg,BB-06--BB-07,Gelaendehoehe + Rauigkeit + Wald + Wind,0.7058194683867739
Borken-Coesfeld,BC-01--BC-02,Gelaendehoehe + Rauigkeit + Wald + Wind,0.0587460349050848
Borken-Coesfeld,BC-01--BC-03,Gelaendehoehe + Rauigkeit + Wald + Wind,0.0567042090466351
Borken-Coesfeld,BC-01--BC-04,Gelaendehoehe + Rauigkeit + Wald + Wind,0.055948947257263
Borken-Coesfeld,BC-01--BC-05,Gelaendehoehe + Rauigkeit + Wald + Wind,0.055499814974799
Borken-Coesfeld,BC-01--BC-06,Gelaendehoehe + Rauigkeit + Wald + Wind,0.0615033037013342
Borken-Coesfeld,BC-02--BC-03,Gelaendehoehe + Rauigkeit + Wald + Wind,0.068275224785097
Borken-Coesfeld,BC-02--BC-04,Gelaendehoehe + Rauigkeit + Wald + Wind,0.0629073293058353
Borken-Coesfeld,BC-02--BC-05,Gelaendehoehe + Rauigkeit + Wald + Wind,0.0532538956508392
Borken-Coesfeld,BC-02--BC-06,Gelaendehoehe + Rauigkeit + Wald + Wind,0.0730027117655336
Borken-Coesfeld,BC-03--BC-04,Gelaendehoehe + Rauigkeit + Wald + Wind,0.0479787468252922
Borken-Coesfeld,BC-03--BC-05,Gelaendehoehe + Rauigkeit + Wald + Wind,0.0588404950431172
Borken-Coesfeld,BC-03--BC-06,Gelaendehoehe + Rauigkeit + Wald + Wind,0.050877326639501
Borken-Coesfeld,BC-04--BC-05,Gelaendehoehe + Rauigkeit + Wald + Wind,0.0557822504193177
Borken-Coesfeld,BC-04--BC-06,Gelaendehoehe + Rauigkeit + Wald + Wind,0.0553923619995717
Borken-Coesfeld,BC-05--BC-06,Gelaendehoehe + Rauigkeit + Wald + Wind,0.0603465578996242
Lorup,LO-01--LO-02,Gelaendehoehe + Rauigkeit + Wald + Wind,0.0593072468882914
Lorup,LO-01--LO-03,Gelaendehoehe + Rauigkeit + Wald + Wind,0.0754797224545968
Lorup,LO-02--LO-03,Gelaendehoehe + Rauigkeit + Wald + Wind,0.0624593260883018
Ostfriesland,OF-01--OF-02,Gelaendehoehe + Rauigkeit + Wald + Wind,0.0452028243287087
Ostfriesland,OF-01--OF-03,Gelaendehoehe + Rauigkeit + Wald + Wind,0.0469627358221697
Ostfriesland,OF-01--OF-04,Gelaendehoehe + Rauigkeit + Wald + Wind,0.0538694488497698
Ostfriesland,OF-02--OF-03,Gelaendehoehe + Rauigkeit + Wald + Wind,0.0472839332463386
Ostfriesland,OF-02--OF-04,Gelaendehoehe + Rauigkeit + Wald + Wind,0.0533758493670197
Ostfriesland,OF-03--OF-04,Gelaendehoehe + Rauigkeit + Wald + Wind,0.0601269026709306
Paderborn,PA-01--PA-10,Gelaendehoehe + Rauigkeit + Wald + Wind,0.1516285796600766
Paderborn,PA-01--PA-11,Gelaendehoehe + Rauigkeit + Wald + Wind,0.2063681211051498
Paderborn,PA-01--PA-12,Gelaendehoehe + Rauigkeit + Wald + Wind,0.2275578658531959
Paderborn,PA-01--PA-02,Gelaendehoehe + Rauigkeit + Wald + Wind,0.1624556853816613
Paderborn,PA-01--PA-03,Gelaendehoehe + Rauigkeit + Wald + Wind,0.1176763231492402
Paderborn,PA-01--PA-04,Gelaendehoehe + Rauigkeit + Wald + Wind,0.0728721560115802
Paderborn,PA-01--PA-05,Gelaendehoehe + Rauigkeit + Wald + Wind,0.1485249246014801
Paderborn,PA-01--PA-06,Gelaendehoehe + Rauigkeit + Wald + Wind,0.128622250890324
Paderborn,PA-01--PA-07,Gelaendehoehe + Rauigkeit + Wald + Wind,0.1467482440939038
Paderborn,PA-01--PA-08,Gelaendehoehe + Rauigkeit + Wald + Wind,0.1523409220166114
Paderborn,PA-01--PA-09,Gelaendehoehe + Rauigkeit + Wald + Wind,0.1938142685122951
Paderborn,PA-10--PA-11,Gelaendehoehe + Rauigkeit + Wald + Wind,0.0731555033348008
Paderborn,PA-10--PA-12,Gelaendehoehe + Rauigkeit + Wald + Wind,0.0922134692920364
Paderborn,PA-02--PA-10,Gelaendehoehe + Rauigkeit + Wald + Wind,0.160620453312673
Paderborn,PA-03--PA-10,Gelaendehoehe + Rauigkeit + Wald + Wind,0.0932705480046508
Paderborn,PA-04--PA-10,Gelaendehoehe + Rauigkeit + Wald + Wind,0.0946754408599854
Paderborn,PA-05--PA-10,Gelaendehoehe + Rauigkeit + Wald + Wind,0.072957983052744
Paderborn,PA-06--PA-10,Gelaendehoehe + Rauigkeit + Wald + Wind,0.0544620752239485
Paderborn,PA-07--PA-10,Gelaendehoehe + Rauigkeit + Wald + Wind,0.0684258818183989
Paderborn,PA-08--PA-10,Gelaendehoehe + Rauigkeit + Wald + Wind,0.0638294390246291
Paderborn,PA-09--PA-10,Gelaendehoehe + Rauigkeit + Wald + Wind,0.0665521474032676
Paderborn,PA-11--PA-12,Gelaendehoehe + Rauigkeit + Wald + Wind,0.0511916665078698
Paderborn,PA-02--PA-11,Gelaendehoehe + Rauigkeit + Wald + Wind,0.1086575266176313
Paderborn,PA-03--PA-11,Gelaendehoehe + Rauigkeit + Wald + Wind,0.0906964957641493
Paderborn,PA-04--PA-11,Gelaendehoehe + Rauigkeit + Wald + Wind,0.1453029033743339
Paderborn,PA-05--PA-11,Gelaendehoehe + Rauigkeit + Wald + Wind,0.0702140312329566
Paderborn,PA-06--PA-11,Gelaendehoehe + Rauigkeit + Wald + Wind,0.0851358762960794
Paderborn,PA-07--PA-11,Gelaendehoehe + Rauigkeit + Wald + Wind,0.0725612639426904
Paderborn,PA-08--PA-11,Gelaendehoehe + Rauigkeit + Wald + Wind,0.0652997609100731
Paderborn,PA-09--PA-11,Gelaendehoehe + Rauigkeit + Wald + Wind,0.0670061684890228
Paderborn,PA-02--PA-12,Gelaendehoehe + Rauigkeit + Wald + Wind,0.0936683569491921
Paderborn,PA-03--PA-12,Gelaendehoehe + Rauigkeit + Wald + Wind,0.1087287211627039
Paderborn,PA-04--PA-12,Gelaendehoehe + Rauigkeit + Wald + Wind,0.16634336507726
Paderborn,PA-05--PA-12,Gelaendehoehe + Rauigkeit + Wald + Wind,0.0932794268581887
Paderborn,PA-06--PA-12,Gelaendehoehe + Rauigkeit + Wald + Wind,0.11302834493578
Paderborn,PA-07--PA-12,Gelaendehoehe + Rauigkeit + Wald + Wind,0.0943423163504424
Paderborn,PA-08--PA-12,Gelaendehoehe + Rauigkeit + Wald + Wind,0.0899962180800908
Paderborn,PA-09--PA-12,Gelaendehoehe + Rauigkeit + Wald + Wind,0.0855897520285356
Paderborn,PA-02--PA-03,Gelaendehoehe + Rauigkeit + Wald + Wind,0.1265384176976062
Paderborn,PA-02--PA-04,Gelaendehoehe + Rauigkeit + Wald + Wind,0.1456304058897256
Paderborn,PA-02--PA-05,Gelaendehoehe + Rauigkeit + Wald + Wind,0.1452339139382838
Paderborn,PA-02--PA-06,Gelaendehoehe + Rauigkeit + Wald + Wind,0.1931837346956105
Paderborn,PA-02--PA-07,Gelaendehoehe + Rauigkeit + Wald + Wind,0.1489094952812209
Paderborn,PA-02--PA-08,Gelaendehoehe + Rauigkeit + Wald + Wind,0.1508422635403449
Paderborn,PA-02--PA-09,Gelaendehoehe + Rauigkeit + Wald + Wind,0.14888699106771
Paderborn,PA-03--PA-04,Gelaendehoehe + Rauigkeit + Wald + Wind,0.0968272332357662
Paderborn,PA-03--PA-05,Gelaendehoehe + Rauigkeit + Wald + Wind,0.0623290948271743
Paderborn,PA-03--PA-06,Gelaendehoehe + Rauigkeit + Wald + Wind,0.0819094944395096
Paderborn,PA-03--PA-07,Gelaendehoehe + Rauigkeit + Wald + Wind,0.0680602933839578
Paderborn,PA-03--PA-08,Gelaendehoehe + Rauigkeit + Wald + Wind,0.057827118222362
Paderborn,PA-03--PA-09,Gelaendehoehe + Rauigkeit + Wald + Wind,0.0692289161551615
Paderborn,PA-04--PA-05,Gelaendehoehe + Rauigkeit + Wald + Wind,0.0926516058013682
Paderborn,PA-04--PA-06,Gelaendehoehe + Rauigkeit + Wald + Wind,0.0751073361665684
Paderborn,PA-04--PA-07,Gelaendehoehe + Rauigkeit + Wald + Wind,0.0955396053618477
Paderborn,PA-04--PA-08,Gelaendehoehe + Rauigkeit + Wald + Wind,0.1058513440418952
Paderborn,PA-04--PA-09,Gelaendehoehe + Rauigkeit + Wald + Wind,0.1164453237254952
Paderborn,PA-05--PA-06,Gelaendehoehe + Rauigkeit + Wald + Wind,0.0636806303177637
Paderborn,PA-05--PA-07,Gelaendehoehe + Rauigkeit + Wald + Wind,0.0463228440641095
Paderborn,PA-05--PA-08,Gelaendehoehe + Rauigkeit + Wald + Wind,0.053355674884118
Paderborn,PA-05--PA-09,Gelaendehoehe + Rauigkeit + Wald + Wind,0.0642420237854021
Paderborn,PA-06--PA-07,Gelaendehoehe + Rauigkeit + Wald + Wind,0.0622201636530974
Paderborn,PA-06--PA-08,Gelaendehoehe + Rauigkeit + Wald + Wind,0.0629148115102558
Paderborn,PA-06--PA-09,Gelaendehoehe + Rauigkeit + Wald + Wind,0.0654889458412309
Paderborn,PA-07--PA-08,Gelaendehoehe + Rauigkeit + Wald + Wind,0.0570393378137116
Paderborn,PA-07--PA-09,Gelaendehoehe + Rauigkeit + Wald + Wind,0.0643160299400385
Paderborn,PA-08--PA-09,Gelaendehoehe + Rauigkeit + Wald + Wind,0.0600188871355991
Rheda-Beckum,RB-01--RB-02,Gelaendehoehe + Rauigkeit + Wald + Wind,0.0414036547820576
Rheda-Beckum,RB-01--RB-03,Gelaendehoehe + Rauigkeit + Wald + Wind,0.0469177306046614
Rheda-Beckum,RB-01--RB-04,Gelaendehoehe + Rauigkeit + Wald + Wind,0.0646095615764037
Rheda-Beckum,RB-01--RB-05,Gelaendehoehe + Rauigkeit + Wald + Wind,0.0600718420355366
Rheda-Beckum,RB-02--RB-03,Gelaendehoehe + Rauigkeit + Wald + Wind,0.0430301174139138
Rheda-Beckum,RB-02--RB-04,Gelaendehoehe + Rauigkeit + Wald + Wind,0.0635290536056761
Rheda-Beckum,RB-02--RB-05,Gelaendehoehe + Rauigkeit + Wald + Wind,0.0589978861546775
Rheda-Beckum,RB-03--RB-04,Gelaendehoehe + Rauigkeit + Wald + Wind,0.0592315056097702
Rheda-Beckum,RB-03--RB-05,Gelaendehoehe + Rauigkeit + Wald + Wind,0.0546785098561515
Rheda-Beckum,RB-04--RB-05,Gelaendehoehe + Rauigkeit + Wald + Wind,0.0428584191942058
Alpen-Sevelen,AS-01--AS-02,Distanz + RIX + Gelaendehoehe + Rauigkeit + Wald,0.059212385975886
Alpen-Sevelen,AS-01--AS-03,Distanz + RIX + Gelaendehoehe + Rauigkeit + Wald,0.0535724692721357
Alpen-Sevelen,AS-01--AS-04,Distanz + RIX + Gelaendehoehe + Rauigkeit + Wald,0.0590387872752827
Alpen-Sevelen,AS-01--AS-05,Distanz + RIX + Gelaendehoehe + Rauigkeit + Wald,0.0634666792312063
Alpen-Sevelen,AS-01--AS-06,Distanz + RIX + Gelaendehoehe + Rauigkeit + Wald,0.0626168506970259
Alpen-Sevelen,AS-02--AS-03,Distanz + RIX + Gelaendehoehe + Rauigkeit + Wald,0.0537146345716479
Alpen-Sevelen,AS-02--AS-04,Distanz + RIX + Gelaendehoehe + Rauigkeit + Wald,0.0493784928448809
Alpen-Sevelen,AS-02--AS-05,Distanz + RIX + Gelaendehoehe + Rauigkeit + Wald,0.0529036812993094
Alpen-Sevelen,AS-02--AS-06,Distanz + RIX + Gelaendehoehe + Rauigkeit + Wald,0.0506181152271519
Alpen-Sevelen,AS-03--AS-04,Distanz + RIX + Gelaendehoehe + Rauigkeit + Wald,0.0505734219813243
Alpen-Sevelen,AS-03--AS-05,Distanz + RIX + Gelaendehoehe + Rauigkeit + Wald,0.0549546724067387
Alpen-Sevelen,AS-03--AS-06,Distanz + RIX + Gelaendehoehe + Rauigkeit + Wald,0.053866998592148
Alpen-Sevelen,AS-04--AS-05,Distanz + RIX + Gelaendehoehe + Rauigkeit + Wald,0.0492828838293571
Alpen-Sevelen,AS-04--AS-06,Distanz + RIX + Gelaendehoehe + Rauigkeit + Wald,0.0474677600017325
Alpen-Sevelen,AS-05--AS-06,Distanz + RIX + Gelaendehoehe + Rauigkeit + Wald,0.0478849245927896
Altenmellrich,AM-01--AM-02,Distanz + RIX + Gelaendehoehe + Rauigkeit + Wald,0.0587431511313305
Altenmellrich,AM-01--AM-03,Distanz + RIX + Gelaendehoehe + Rauigkeit + Wald,0.0576996084741514
Altenmellrich,AM-01--AM-04,Distanz + RIX + Gelaendehoehe + Rauigkeit + Wald,0.0728431049936325
Altenmellrich,AM-02--AM-03,Distanz + RIX + Gelaendehoehe + Rauigkeit + Wald,0.0649889913024796
Altenmellrich,AM-02--AM-04,Distanz + RIX + Gelaendehoehe + Rauigkeit + Wald,0.0601529522964952
Altenmellrich,AM-03--AM-04,Distanz + RIX + Gelaendehoehe + Rauigkeit + Wald,0.0749385384194811
Bad Berleburg,BB-01--BB-02,Distanz + RIX + Gelaendehoehe + Rauigkeit + Wald,0.1193591792840701
Bad Berleburg,BB-01--BB-03,Distanz + RIX + Gelaendehoehe + Rauigkeit + Wald,0.1356535562063172
Bad Berleburg,BB-01--BB-04,Distanz + RIX + Gelaendehoehe + Rauigkeit + Wald,0.1231452622828468
Bad Berleburg,BB-01--BB-05,Distanz + RIX + Gelaendehoehe + Rauigkeit + Wald,0.1111766761503534
Bad Berleburg,BB-01--BB-06,Distanz + RIX + Gelaendehoehe + Rauigkeit + Wald,0.1249710653666367
Bad Berleburg,BB-01--BB-07,Distanz + RIX + Gelaendehoehe + Rauigkeit + Wald,0.157026653918551
Bad Berleburg,BB-02--BB-03,Distanz + RIX + Gelaendehoehe + Rauigkeit + Wald,0.1569264536283906
Bad Berleburg,BB-02--BB-04,Distanz + RIX + Gelaendehoehe + Rauigkeit + Wald,0.146977236502205
Bad Berleburg,BB-02--BB-05,Distanz + RIX + Gelaendehoehe + Rauigkeit + Wald,0.1249982554415309
Bad Berleburg,BB-02--BB-06,Distanz + RIX + Gelaendehoehe + Rauigkeit + Wald,0.143827013986576
Bad Berleburg,BB-02--BB-07,Distanz + RIX + Gelaendehoehe + Rauigkeit + Wald,0.1249057186539838
Bad Berleburg,BB-03--BB-04,Distanz + RIX + Gelaendehoehe + Rauigkeit + Wald,0.1134183489571426
Bad Berleburg,BB-03--BB-05,Distanz + RIX + Gelaendehoehe + Rauigkeit + Wald,0.139001577958978
Bad Berleburg,BB-03--BB-06,Distanz + RIX + Gelaendehoehe + Rauigkeit + Wald,0.1125540659659828
Bad Berleburg,BB-03--BB-07,Distanz + RIX + Gelaendehoehe + Rauigkeit + Wald,0.2014303224999852
Bad Berleburg,BB-04--BB-05,Distanz + RIX + Gelaendehoehe + Rauigkeit + Wald,0.1289319363172593
Bad Berleburg,BB-04--BB-06,Distanz + RIX + Gelaendehoehe + Rauigkeit + Wald,0.1132156928302244
Bad Berleburg,BB-04--BB-07,Distanz + RIX + Gelaendehoehe + Rauigkeit + Wald,0.1882286404128341
Bad Berleburg,BB-05--BB-06,Distanz + RIX + Gelaendehoehe + Rauigkeit + Wald,0.1394218314316426
Bad Berleburg,BB-05--BB-07,Distanz + RIX + Gelaendehoehe + Rauigkeit + Wald,0.165044865457226
Bad Berleburg,BB-06--BB-07,Distanz + RIX + Gelaendehoehe + Rauigkeit + Wald,0.1816993514939219
Borken-Coesfeld,BC-01--BC-02,Distanz + RIX + Gelaendehoehe + Rauigkeit + Wald,0.0613150901527118
Borken-Coesfeld,BC-01--BC-03,Distanz + RIX + Gelaendehoehe + Rauigkeit + Wald,0.0578786268368954
Borken-Coesfeld,BC-01--BC-04,Distanz + RIX + Gelaendehoehe + Rauigkeit + Wald,0.0569370627450643
Borken-Coesfeld,BC-01--BC-05,Distanz + RIX + Gelaendehoehe + Rauigkeit + Wald,0.0583508963945563
Borken-Coesfeld,BC-01--BC-06,Distanz + RIX + Gelaendehoehe + Rauigkeit + Wald,0.0584535654542126
Borken-Coesfeld,BC-02--BC-03,Distanz + RIX + Gelaendehoehe + Rauigkeit + Wald,0.0684852497944197
Borken-Coesfeld,BC-02--BC-04,Distanz + RIX + Gelaendehoehe + Rauigkeit + Wald,0.0627913554401055
Borken-Coesfeld,BC-02--BC-05,Distanz + RIX + Gelaendehoehe + Rauigkeit + Wald,0.058671619517184
Borken-Coesfeld,BC-02--BC-06,Distanz + RIX + Gelaendehoehe + Rauigkeit + Wald,0.07114812265199
Borken-Coesfeld,BC-03--BC-04,Distanz + RIX + Gelaendehoehe + Rauigkeit + Wald,0.0542425184125981
Borken-Coesfeld,BC-03--BC-05,Distanz + RIX + Gelaendehoehe + Rauigkeit + Wald,0.0604042754219692
Borken-Coesfeld,BC-03--BC-06,Distanz + RIX + Gelaendehoehe + Rauigkeit + Wald,0.0536397747552128
Borken-Coesfeld,BC-04--BC-05,Distanz + RIX + Gelaendehoehe + Rauigkeit + Wald,0.0562555887040356
Borken-Coesfeld,BC-04--BC-06,Distanz + RIX + Gelaendehoehe + Rauigkeit + Wald,0.0592591522382859
Borken-Coesfeld,BC-05--BC-06,Distanz + RIX + Gelaendehoehe + Rauigkeit + Wald,0.0645305260386219
Lorup,LO-01--LO-02,Distanz + RIX + Gelaendehoehe + Rauigkeit + Wald,0.0679553688345485
Lorup,LO-01--LO-03,Distanz + RIX + Gelaendehoehe + Rauigkeit + Wald,0.0830797289090138
Lorup,LO-02--LO-03,Distanz + RIX + Gelaendehoehe + Rauigkeit + Wald,0.0696535464544925
Ostfriesland,OF-01--OF-02,Distanz + RIX + Gelaendehoehe + Rauigkeit + Wald,0.0457903226778763
Ostfriesland,OF-01--OF-03,Distanz + RIX + Gelaendehoehe + Rauigkeit + Wald,0.0575531273388806
Ostfriesland,OF-01--OF-04,Distanz + RIX + Gelaendehoehe + Rauigkeit + Wald,0.067694431806022
Ostfriesland,OF-02--OF-03,Distanz + RIX + Gelaendehoehe + Rauigkeit + Wald,0.0535595924668622
Ostfriesland,OF-02--OF-04,Distanz + RIX + Gelaendehoehe + Rauigkeit + Wald,0.0653105672763005
Ostfriesland,OF-03--OF-04,Distanz + RIX + Gelaendehoehe + Rauigkeit + Wald,0.0543449872588301
Paderborn,PA-01--PA-10,Distanz + RIX + Gelaendehoehe + Rauigkeit + Wald,0.0785094544145202
Paderborn,PA-01--PA-11,Distanz + RIX + Gelaendehoehe + Rauigkeit + Wald,0.0880282079080386
Paderborn,PA-01--PA-12,Distanz + RIX + Gelaendehoehe + Rauigkeit + Wald,0.0918155157308918
Paderborn,PA-01--PA-02,Distanz + RIX + Gelaendehoehe + Rauigkeit + Wald,0.0958649721913822
Paderborn,PA-01--PA-03,Distanz + RIX + Gelaendehoehe + Rauigkeit + Wald,0.083669398561879
Paderborn,PA-01--PA-04,Distanz + RIX + Gelaendehoehe + Rauigkeit + Wald,0.0748576796814423
Paderborn,PA-01--PA-05,Distanz + RIX + Gelaendehoehe + Rauigkeit + Wald,0.0838309483616556
Paderborn,PA-01--PA-06,Distanz + RIX + Gelaendehoehe + Rauigkeit + Wald,0.073614142326608
Paderborn,PA-01--PA-07,Distanz + RIX + Gelaendehoehe + Rauigkeit + Wald,0.0830416792239173
Paderborn,PA-01--PA-08,Distanz + RIX + Gelaendehoehe + Rauigkeit + Wald,0.0829779207168726
Paderborn,PA-01--PA-09,Distanz + RIX + Gelaendehoehe + Rauigkeit + Wald,0.0861026538692645
Paderborn,PA-10--PA-11,Distanz + RIX + Gelaendehoehe + Rauigkeit + Wald,0.0812456060072208
Paderborn,PA-10--PA-12,Distanz + RIX + Gelaendehoehe + Rauigkeit + Wald,0.0859900235872199
Paderborn,PA-02--PA-10,Distanz + RIX + Gelaendehoehe + Rauigkeit + Wald,0.086776872082275
Paderborn,PA-03--PA-10,Distanz + RIX + Gelaendehoehe + Rauigkeit + Wald,0.0746506834055562
Paderborn,PA-04--PA-10,Distanz + RIX + Gelaendehoehe + Rauigkeit + Wald,0.0746177418720663
Paderborn,PA-05--PA-10,Distanz + RIX + Gelaendehoehe + Rauigkeit + Wald,0.075333988894779
Paderborn,PA-06--PA-10,Distanz + RIX + Gelaendehoehe + Rauigkeit + Wald,0.0731728013250282
Paderborn,PA-07--PA-10,Distanz + RIX + Gelaendehoehe + Rauigkeit + Wald,0.0749925846027461
Paderborn,PA-08--PA-10,Distanz + RIX + Gelaendehoehe + Rauigkeit + Wald,0.0738335275027724
Paderborn,PA-09--PA-10,Distanz + RIX + Gelaendehoehe + Rauigkeit + Wald,0.0776197494014345
Paderborn,PA-11--PA-12,Distanz + RIX + Gelaendehoehe + Rauigkeit + Wald,0.0680220324073408
Paderborn,PA-02--PA-11,Distanz + RIX + Gelaendehoehe + Rauigkeit + Wald,0.0726068457265552
Paderborn,PA-03--PA-11,Distanz + RIX + Gelaendehoehe + Rauigkeit + Wald,0.0767317425185631
Paderborn,PA-04--PA-11,Distanz + RIX + Gelaendehoehe + Rauigkeit + Wald,0.0844585184914374
Paderborn,PA-05--PA-11,Distanz + RIX + Gelaendehoehe + Rauigkeit + Wald,0.0723496066148151
Paderborn,PA-06--PA-11,Distanz + RIX + Gelaendehoehe + Rauigkeit + Wald,0.0812653710933917
Paderborn,PA-07--PA-11,Distanz + RIX + Gelaendehoehe + Rauigkeit + Wald,0.0748488125905696
Paderborn,PA-08--PA-11,Distanz + RIX + Gelaendehoehe + Rauigkeit + Wald,0.0736605315718089
Paderborn,PA-09--PA-11,Distanz + RIX + Gelaendehoehe + Rauigkeit + Wald,0.0731028504855547
Paderborn,PA-02--PA-12,Distanz + RIX + Gelaendehoehe + Rauigkeit + Wald,0.0719640646533286
Paderborn,PA-03--PA-12,Distanz + RIX + Gelaendehoehe + Rauigkeit + Wald,0.0809312847050448
Paderborn,PA-04--PA-12,Distanz + RIX + Gelaendehoehe + Rauigkeit + Wald,0.0895159510441248
Paderborn,PA-05--PA-12,Distanz + RIX + Gelaendehoehe + Rauigkeit + Wald,0.0768536725550551
Paderborn,PA-06--PA-12,Distanz + RIX + Gelaendehoehe + Rauigkeit + Wald,0.0860519115026177
Paderborn,PA-07--PA-12,Distanz + RIX + Gelaendehoehe + Rauigkeit + Wald,0.0776980169830338
Paderborn,PA-08--PA-12,Distanz + RIX + Gelaendehoehe + Rauigkeit + Wald,0.077529661722007
Paderborn,PA-09--PA-12,Distanz + RIX + Gelaendehoehe + Rauigkeit + Wald,0.0768706509984607
Paderborn,PA-02--PA-03,Distanz + RIX + Gelaendehoehe + Rauigkeit + Wald,0.0833612340054385
Paderborn,PA-02--PA-04,Distanz + RIX + Gelaendehoehe + Rauigkeit + Wald,0.0942911778130449
Paderborn,PA-02--PA-05,Distanz + RIX + Gelaendehoehe + Rauigkeit + Wald,0.082083174757994
Paderborn,PA-02--PA-06,Distanz + RIX + Gelaendehoehe + Rauigkeit + Wald,0.0887769761593869
Paderborn,PA-02--PA-07,Distanz + RIX + Gelaendehoehe + Rauigkeit + Wald,0.0812765983102841
Paderborn,PA-02--PA-08,Distanz + RIX + Gelaendehoehe + Rauigkeit + Wald,0.0814779530295187
Paderborn,PA-02--PA-09,Distanz + RIX + Gelaendehoehe + Rauigkeit + Wald,0.0775575938696028
Paderborn,PA-03--PA-04,Distanz + RIX + Gelaendehoehe + Rauigkeit + Wald,0.0825653328168166
Paderborn,PA-03--PA-05,Distanz + RIX + Gelaendehoehe + Rauigkeit + Wald,0.0753546669675117
Paderborn,PA-03--PA-06,Distanz + RIX + Gelaendehoehe + Rauigkeit + Wald,0.0794831578382886
Paderborn,PA-03--PA-07,Distanz + RIX + Gelaendehoehe + Rauigkeit + Wald,0.0760332287420595
Paderborn,PA-03--PA-08,Distanz + RIX + Gelaendehoehe + Rauigkeit + Wald,0.0706075646706263
Paderborn,PA-03--PA-09,Distanz + RIX + Gelaendehoehe + Rauigkeit + Wald,0.0720415528904278
Paderborn,PA-04--PA-05,Distanz + RIX + Gelaendehoehe + Rauigkeit + Wald,0.0784238848484153
Paderborn,PA-04--PA-06,Distanz + RIX + Gelaendehoehe + Rauigkeit + Wald,0.0707724619585624
Paderborn,PA-04--PA-07,Distanz + RIX + Gelaendehoehe + Rauigkeit + Wald,0.0783410736027365
Paderborn,PA-04--PA-08,Distanz + RIX + Gelaendehoehe + Rauigkeit + Wald,0.0787063403557897
Paderborn,PA-04--PA-09,Distanz + RIX + Gelaendehoehe + Rauigkeit + Wald,0.0805829492859901
Paderborn,PA-05--PA-06,Distanz + RIX + Gelaendehoehe + Rauigkeit + Wald,0.0750976045369913
Paderborn,PA-05--PA-07,Distanz + RIX + Gelaendehoehe + Rauigkeit + Wald,0.0704879839481612
Paderborn,PA-05--PA-08,Distanz + RIX + Gelaendehoehe + Rauigkeit + Wald,0.0713147903797015
Paderborn,PA-05--PA-09,Distanz + RIX + Gelaendehoehe + Rauigkeit + Wald,0.072669988064558
Paderborn,PA-06--PA-07,Distanz + RIX + Gelaendehoehe + Rauigkeit + Wald,0.0753072209733943
Paderborn,PA-06--PA-08,Distanz + RIX + Gelaendehoehe + Rauigkeit + Wald,0.0758606142225422
Paderborn,PA-06--PA-09,Distanz + RIX + Gelaendehoehe + Rauigkeit + Wald,0.0788038229034867
Paderborn,PA-07--PA-08,Distanz + RIX + Gelaendehoehe + Rauigkeit + Wald,0.0725203287745225
Paderborn,PA-07--PA-09,Distanz + RIX + Gelaendehoehe + Rauigkeit + Wald,0.0711926213950712
Paderborn,PA-08--PA-09,Distanz + RIX + Gelaendehoehe + Rauigkeit + Wald,0.0704420095015925
Rheda-Beckum,RB-01--RB-02,Distanz + RIX + Gelaendehoehe + Rauigkeit + Wald,0.0437427503917884
Rheda-Beckum,RB-01--RB-03,Distanz + RIX + Gelaendehoehe + Rauigkeit + Wald,0.0493171140216441
Rheda-Beckum,RB-01--RB-04,Distanz + RIX + Gelaendehoehe + Rauigkeit + Wald,0.0520484616934779
Rheda-Beckum,RB-01--RB-05,Distanz + RIX + Gelaendehoehe + Rauigkeit + Wald,0.0498293919897843
Rheda-Beckum,RB-02--RB-03,Distanz + RIX + Gelaendehoehe + Rauigkeit + Wald,0.0464478746844662
Rheda-Beckum,RB-02--RB-04,Distanz + RIX + Gelaendehoehe + Rauigkeit + Wald,0.0512005692351464
Rheda-Beckum,RB-02--RB-05,Distanz + RIX + Gelaendehoehe + Rauigkeit + Wald,0.0487905515551526
Rheda-Beckum,RB-03--RB-04,Distanz + RIX + Gelaendehoehe + Rauigkeit + Wald,0.0498595858717123
Rheda-Beckum,RB-03--RB-05,Distanz + RIX + Gelaendehoehe + Rauigkeit + Wald,0.0473581895013273
Rheda-Beckum,RB-04--RB-05,Distanz + RIX + Gelaendehoehe + Rauigkeit + Wald,0.0444351441951099
Alpen-Sevelen,AS-01--AS-02,Distanz + RIX + Gelaendehoehe + Rauigkeit + Wind,0.0454081730445608
Alpen-Sevelen,AS-01--AS-03,Distanz + RIX + Gelaendehoehe + Rauigkeit + Wind,0.0490249739998194
Alpen-Sevelen,AS-01--AS-04,Distanz + RIX + Gelaendehoehe + Rauigkeit + Wind,0.0472558168216937
Alpen-Sevelen,AS-01--AS-05,Distanz + RIX + Gelaendehoehe + Rauigkeit + Wind,0.050474720952487
Alpen-Sevelen,AS-01--AS-06,Distanz + RIX + Gelaendehoehe + Rauigkeit + Wind,0.0494801141290606
Alpen-Sevelen,AS-02--AS-03,Distanz + RIX + Gelaendehoehe + Rauigkeit + Wind,0.0533637855718741
Alpen-Sevelen,AS-02--AS-04,Distanz + RIX + Gelaendehoehe + Rauigkeit + Wind,0.0526091736043582
Alpen-Sevelen,AS-02--AS-05,Distanz + RIX + Gelaendehoehe + Rauigkeit + Wind,0.0533722844323196
Alpen-Sevelen,AS-02--AS-06,Distanz + RIX + Gelaendehoehe + Rauigkeit + Wind,0.0536071594497863
Alpen-Sevelen,AS-03--AS-04,Distanz + RIX + Gelaendehoehe + Rauigkeit + Wind,0.0429804798822243
Alpen-Sevelen,AS-03--AS-05,Distanz + RIX + Gelaendehoehe + Rauigkeit + Wind,0.045968358923791
Alpen-Sevelen,AS-03--AS-06,Distanz + RIX + Gelaendehoehe + Rauigkeit + Wind,0.0451225900159611
Alpen-Sevelen,AS-04--AS-05,Distanz + RIX + Gelaendehoehe + Rauigkeit + Wind,0.0445972180618212
Alpen-Sevelen,AS-04--AS-06,Distanz + RIX + Gelaendehoehe + Rauigkeit + Wind,0.0430807260953349
Alpen-Sevelen,AS-05--AS-06,Distanz + RIX + Gelaendehoehe + Rauigkeit + Wind,0.0437509338843074
Altenmellrich,AM-01--AM-02,Distanz + RIX + Gelaendehoehe + Rauigkeit + Wind,0.0589618974110738
Altenmellrich,AM-01--AM-03,Distanz + RIX + Gelaendehoehe + Rauigkeit + Wind,0.0631700776979357
Altenmellrich,AM-01--AM-04,Distanz + RIX + Gelaendehoehe + Rauigkeit + Wind,0.0813192446923246
Altenmellrich,AM-02--AM-03,Distanz + RIX + Gelaendehoehe + Rauigkeit + Wind,0.0534407564983905
Altenmellrich,AM-02--AM-04,Distanz + RIX + Gelaendehoehe + Rauigkeit + Wind,0.0684386109643138
Altenmellrich,AM-03--AM-04,Distanz + RIX + Gelaendehoehe + Rauigkeit + Wind,0.0597168602204298
Bad Berleburg,BB-01--BB-02,Distanz + RIX + Gelaendehoehe + Rauigkeit + Wind,0.1370044171908369
Bad Berleburg,BB-01--BB-03,Distanz + RIX + Gelaendehoehe + Rauigkeit + Wind,0.1124732464979323
Bad Berleburg,BB-01--BB-04,Distanz + RIX + Gelaendehoehe + Rauigkeit + Wind,0.1293036658110941
Bad Berleburg,BB-01--BB-05,Distanz + RIX + Gelaendehoehe + Rauigkeit + Wind,0.0982491362134086
Bad Berleburg,BB-01--BB-06,Distanz + RIX + Gelaendehoehe + Rauigkeit + Wind,0.1635843849877782
Bad Berleburg,BB-01--BB-07,Distanz + RIX + Gelaendehoehe + Rauigkeit + Wind,0.1805884259363535
Bad Berleburg,BB-02--BB-03,Distanz + RIX + Gelaendehoehe + Rauigkeit + Wind,0.1633592559089259
Bad Berleburg,BB-02--BB-04,Distanz + RIX + Gelaendehoehe + Rauigkeit + Wind,0.1332695784580786
Bad Berleburg,BB-02--BB-05,Distanz + RIX + Gelaendehoehe + Rauigkeit + Wind,0.1417553619427998
Bad Berleburg,BB-02--BB-06,Distanz + RIX + Gelaendehoehe + Rauigkeit + Wind,0.2324562171531036
Bad Berleburg,BB-02--BB-07,Distanz + RIX + Gelaendehoehe + Rauigkeit + Wind,0.1169054324248778
Bad Berleburg,BB-03--BB-04,Distanz + RIX + Gelaendehoehe + Rauigkeit + Wind,0.1351026515326085
Bad Berleburg,BB-03--BB-05,Distanz + RIX + Gelaendehoehe + Rauigkeit + Wind,0.1352981867326804
Bad Berleburg,BB-03--BB-06,Distanz + RIX + Gelaendehoehe + Rauigkeit + Wind,0.1485897204719306
Bad Berleburg,BB-03--BB-07,Distanz + RIX + Gelaendehoehe + Rauigkeit + Wind,0.2539090780319973
Bad Berleburg,BB-04--BB-05,Distanz + RIX + Gelaendehoehe + Rauigkeit + Wind,0.1379485292781631
Bad Berleburg,BB-04--BB-06,Distanz + RIX + Gelaendehoehe + Rauigkeit + Wind,0.1576701120513941
Bad Berleburg,BB-04--BB-07,Distanz + RIX + Gelaendehoehe + Rauigkeit + Wind,0.1801333246057325
Bad Berleburg,BB-05--BB-06,Distanz + RIX + Gelaendehoehe + Rauigkeit + Wind,0.1806807735680616
Bad Berleburg,BB-05--BB-07,Distanz + RIX + Gelaendehoehe + Rauigkeit + Wind,0.1714796398782967
Bad Berleburg,BB-06--BB-07,Distanz + RIX + Gelaendehoehe + Rauigkeit + Wind,0.3302376316947892
Borken-Coesfeld,BC-01--BC-02,Distanz + RIX + Gelaendehoehe + Rauigkeit + Wind,0.0537145758364502
Borken-Coesfeld,BC-01--BC-03,Distanz + RIX + Gelaendehoehe + Rauigkeit + Wind,0.0537140586955195
Borken-Coesfeld,BC-01--BC-04,Distanz + RIX + Gelaendehoehe + Rauigkeit + Wind,0.0510836844066824
Borken-Coesfeld,BC-01--BC-05,Distanz + RIX + Gelaendehoehe + Rauigkeit + Wind,0.0535987812939986
Borken-Coesfeld,BC-01--BC-06,Distanz + RIX + Gelaendehoehe + Rauigkeit + Wind,0.0556103997656671
Borken-Coesfeld,BC-02--BC-03,Distanz + RIX + Gelaendehoehe + Rauigkeit + Wind,0.0649432647019156
Borken-Coesfeld,BC-02--BC-04,Distanz + RIX + Gelaendehoehe + Rauigkeit + Wind,0.0608969460891615
Borken-Coesfeld,BC-02--BC-05,Distanz + RIX + Gelaendehoehe + Rauigkeit + Wind,0.0521351740117548
Borken-Coesfeld,BC-02--BC-06,Distanz + RIX + Gelaendehoehe + Rauigkeit + Wind,0.0639116859211457
Borken-Coesfeld,BC-03--BC-04,Distanz + RIX + Gelaendehoehe + Rauigkeit + Wind,0.0457438625048036
Borken-Coesfeld,BC-03--BC-05,Distanz + RIX + Gelaendehoehe + Rauigkeit + Wind,0.055714274305
Borken-Coesfeld,BC-03--BC-06,Distanz + RIX + Gelaendehoehe + Rauigkeit + Wind,0.0476429423052591
Borken-Coesfeld,BC-04--BC-05,Distanz + RIX + Gelaendehoehe + Rauigkeit + Wind,0.0528401266887211
Borken-Coesfeld,BC-04--BC-06,Distanz + RIX + Gelaendehoehe + Rauigkeit + Wind,0.0506522643559613
Borken-Coesfeld,BC-05--BC-06,Distanz + RIX + Gelaendehoehe + Rauigkeit + Wind,0.0550690423265819
Lorup,LO-01--LO-02,Distanz + RIX + Gelaendehoehe + Rauigkeit + Wind,0.051188123756551
Lorup,LO-01--LO-03,Distanz + RIX + Gelaendehoehe + Rauigkeit + Wind,0.0598635846003602
Lorup,LO-02--LO-03,Distanz + RIX + Gelaendehoehe + Rauigkeit + Wind,0.0541525662202029
Ostfriesland,OF-01--OF-02,Distanz + RIX + Gelaendehoehe + Rauigkeit + Wind,0.0433434580688931
Ostfriesland,OF-01--OF-03,Distanz + RIX + Gelaendehoehe + Rauigkeit + Wind,0.0532455731573937
Ostfriesland,OF-01--OF-04,Distanz + RIX + Gelaendehoehe + Rauigkeit + Wind,0.0674974295889508
Ostfriesland,OF-02--OF-03,Distanz + RIX + Gelaendehoehe + Rauigkeit + Wind,0.052245897766491
Ostfriesland,OF-02--OF-04,Distanz + RIX + Gelaendehoehe + Rauigkeit + Wind,0.0632498753294009
Ostfriesland,OF-03--OF-04,Distanz + RIX + Gelaendehoehe + Rauigkeit + Wind,0.0587597807748573
Paderborn,PA-01--PA-10,Distanz + RIX + Gelaendehoehe + Rauigkeit + Wind,0.0859151570479237
Paderborn,PA-01--PA-11,Distanz + RIX + Gelaendehoehe + Rauigkeit + Wind,0.0944243723276444
Paderborn,PA-01--PA-12,Distanz + RIX + Gelaendehoehe + Rauigkeit + Wind,0.0949081015473091
Paderborn,PA-01--PA-02,Distanz + RIX + Gelaendehoehe + Rauigkeit + Wind,0.0925179539922566
Paderborn,PA-01--PA-03,Distanz + RIX + Gelaendehoehe + Rauigkeit + Wind,0.0859758973066559
Paderborn,PA-01--PA-04,Distanz + RIX + Gelaendehoehe + Rauigkeit + Wind,0.071423733912392
Paderborn,PA-01--PA-05,Distanz + RIX + Gelaendehoehe + Rauigkeit + Wind,0.0857421536005388
Paderborn,PA-01--PA-06,Distanz + RIX + Gelaendehoehe + Rauigkeit + Wind,0.0802999115382806
Paderborn,PA-01--PA-07,Distanz + RIX + Gelaendehoehe + Rauigkeit + Wind,0.0846857410111114
Paderborn,PA-01--PA-08,Distanz + RIX + Gelaendehoehe + Rauigkeit + Wind,0.0885318325857017
Paderborn,PA-01--PA-09,Distanz + RIX + Gelaendehoehe + Rauigkeit + Wind,0.0908029601883552
Paderborn,PA-10--PA-11,Distanz + RIX + Gelaendehoehe + Rauigkeit + Wind,0.0755742899899196
Paderborn,PA-10--PA-12,Distanz + RIX + Gelaendehoehe + Rauigkeit + Wind,0.0779333742052702
Paderborn,PA-02--PA-10,Distanz + RIX + Gelaendehoehe + Rauigkeit + Wind,0.0871015611739066
Paderborn,PA-03--PA-10,Distanz + RIX + Gelaendehoehe + Rauigkeit + Wind,0.0766262295708823
Paderborn,PA-04--PA-10,Distanz + RIX + Gelaendehoehe + Rauigkeit + Wind,0.0782998192052155
Paderborn,PA-05--PA-10,Distanz + RIX + Gelaendehoehe + Rauigkeit + Wind,0.0742095205643749
Paderborn,PA-06--PA-10,Distanz + RIX + Gelaendehoehe + Rauigkeit + Wind,0.0725438077952671
Paderborn,PA-07--PA-10,Distanz + RIX + Gelaendehoehe + Rauigkeit + Wind,0.0720048369846931
Paderborn,PA-08--PA-10,Distanz + RIX + Gelaendehoehe + Rauigkeit + Wind,0.07309818357202
Paderborn,PA-09--PA-10,Distanz + RIX + Gelaendehoehe + Rauigkeit + Wind,0.0730058629581916
Paderborn,PA-11--PA-12,Distanz + RIX + Gelaendehoehe + Rauigkeit + Wind,0.0652617833474769
Paderborn,PA-02--PA-11,Distanz + RIX + Gelaendehoehe + Rauigkeit + Wind,0.0771543994690271
Paderborn,PA-03--PA-11,Distanz + RIX + Gelaendehoehe + Rauigkeit + Wind,0.0763151661041977
Paderborn,PA-04--PA-11,Distanz + RIX + Gelaendehoehe + Rauigkeit + Wind,0.0876315835537574
Paderborn,PA-05--PA-11,Distanz + RIX + Gelaendehoehe + Rauigkeit + Wind,0.0735590392657178
Paderborn,PA-06--PA-11,Distanz + RIX + Gelaendehoehe + Rauigkeit + Wind,0.0787147982546549
Paderborn,PA-07--PA-11,Distanz + RIX + Gelaendehoehe + Rauigkeit + Wind,0.0738676144823343
Paderborn,PA-08--PA-11,Distanz + RIX + Gelaendehoehe + Rauigkeit + Wind,0.0703003541087719
Paderborn,PA-09--PA-11,Distanz + RIX + Gelaendehoehe + Rauigkeit + Wind,0.0689221709963038
Paderborn,PA-02--PA-12,Distanz + RIX + Gelaendehoehe + Rauigkeit + Wind,0.0753899594187853
Paderborn,PA-03--PA-12,Distanz + RIX + Gelaendehoehe + Rauigkeit + Wind,0.0781615104405173
Paderborn,PA-04--PA-12,Distanz + RIX + Gelaendehoehe + Rauigkeit + Wind,0.0887259277456949
Paderborn,PA-05--PA-12,Distanz + RIX + Gelaendehoehe + Rauigkeit + Wind,0.0768578567929965
Paderborn,PA-06--PA-12,Distanz + RIX + Gelaendehoehe + Rauigkeit + Wind,0.0816368498905097
Paderborn,PA-07--PA-12,Distanz + RIX + Gelaendehoehe + Rauigkeit + Wind,0.0767854154964947
Paderborn,PA-08--PA-12,Distanz + RIX + Gelaendehoehe + Rauigkeit + Wind,0.0729616475138763
Paderborn,PA-09--PA-12,Distanz + RIX + Gelaendehoehe + Rauigkeit + Wind,0.0714209836886527
Paderborn,PA-02--PA-03,Distanz + RIX + Gelaendehoehe + Rauigkeit + Wind,0.0822638392833449
Paderborn,PA-02--PA-04,Distanz + RIX + Gelaendehoehe + Rauigkeit + Wind,0.088291346759014
Paderborn,PA-02--PA-05,Distanz + RIX + Gelaendehoehe + Rauigkeit + Wind,0.0850675011904874
Paderborn,PA-02--PA-06,Distanz + RIX + Gelaendehoehe + Rauigkeit + Wind,0.0919394592386036
Paderborn,PA-02--PA-07,Distanz + RIX + Gelaendehoehe + Rauigkeit + Wind,0.0840910445063249
Paderborn,PA-02--PA-08,Distanz + RIX + Gelaendehoehe + Rauigkeit + Wind,0.0819078309296527
Paderborn,PA-02--PA-09,Distanz + RIX + Gelaendehoehe + Rauigkeit + Wind,0.0787537078330364
Paderborn,PA-03--PA-04,Distanz + RIX + Gelaendehoehe + Rauigkeit + Wind,0.0794166742154936
Paderborn,PA-03--PA-05,Distanz + RIX + Gelaendehoehe + Rauigkeit + Wind,0.0704327118119464
Paderborn,PA-03--PA-06,Distanz + RIX + Gelaendehoehe + Rauigkeit + Wind,0.0784561925319763
Paderborn,PA-03--PA-07,Distanz + RIX + Gelaendehoehe + Rauigkeit + Wind,0.0720195569265559
Paderborn,PA-03--PA-08,Distanz + RIX + Gelaendehoehe + Rauigkeit + Wind,0.0700905030896373
Paderborn,PA-03--PA-09,Distanz + RIX + Gelaendehoehe + Rauigkeit + Wind,0.0712208727975556
Paderborn,PA-04--PA-05,Distanz + RIX + Gelaendehoehe + Rauigkeit + Wind,0.0792965030266032
Paderborn,PA-04--PA-06,Distanz + RIX + Gelaendehoehe + Rauigkeit + Wind,0.0742168709030383
Paderborn,PA-04--PA-07,Distanz + RIX + Gelaendehoehe + Rauigkeit + Wind,0.0779960631559936
Paderborn,PA-04--PA-08,Distanz + RIX + Gelaendehoehe + Rauigkeit + Wind,0.0812324550975345
Paderborn,PA-04--PA-09,Distanz + RIX + Gelaendehoehe + Rauigkeit + Wind,0.0821772739187487
Paderborn,PA-05--PA-06,Distanz + RIX + Gelaendehoehe + Rauigkeit + Wind,0.0725622549875894
Paderborn,PA-05--PA-07,Distanz + RIX + Gelaendehoehe + Rauigkeit + Wind,0.0665078426589521
Paderborn,PA-05--PA-08,Distanz + RIX + Gelaendehoehe + Rauigkeit + Wind,0.0681635821108112
Paderborn,PA-05--PA-09,Distanz + RIX + Gelaendehoehe + Rauigkeit + Wind,0.069324566343683
Paderborn,PA-06--PA-07,Distanz + RIX + Gelaendehoehe + Rauigkeit + Wind,0.0711495581828179
Paderborn,PA-06--PA-08,Distanz + RIX + Gelaendehoehe + Rauigkeit + Wind,0.0743079916007453
Paderborn,PA-06--PA-09,Distanz + RIX + Gelaendehoehe + Rauigkeit + Wind,0.0731857455198047
Paderborn,PA-07--PA-08,Distanz + RIX + Gelaendehoehe + Rauigkeit + Wind,0.067584722906983
Paderborn,PA-07--PA-09,Distanz + RIX + Gelaendehoehe + Rauigkeit + Wind,0.0691539426238184
Paderborn,PA-08--PA-09,Distanz + RIX + Gelaendehoehe + Rauigkeit + Wind,0.0676320107810592
Rheda-Beckum,RB-01--RB-02,Distanz + RIX + Gelaendehoehe + Rauigkeit + Wind,0.0406904781128869
Rheda-Beckum,RB-01--RB-03,Distanz + RIX + Gelaendehoehe + Rauigkeit + Wind,0.0454568358172734
Rheda-Beckum,RB-01--RB-04,Distanz + RIX + Gelaendehoehe + Rauigkeit + Wind,0.0570269366982824
Rheda-Beckum,RB-01--RB-05,Distanz + RIX + Gelaendehoehe + Rauigkeit + Wind,0.0528793439042046
Rheda-Beckum,RB-02--RB-03,Distanz + RIX + Gelaendehoehe + Rauigkeit + Wind,0.0433272705114686
Rheda-Beckum,RB-02--RB-04,Distanz + RIX + Gelaendehoehe + Rauigkeit + Wind,0.0559725900213211
Rheda-Beckum,RB-02--RB-05,Distanz + RIX + Gelaendehoehe + Rauigkeit + Wind,0.0518763668856915
Rheda-Beckum,RB-03--RB-04,Distanz + RIX + Gelaendehoehe + Rauigkeit + Wind,0.0513351907145532
Rheda-Beckum,RB-03--RB-05,Distanz + RIX + Gelaendehoehe + Rauigkeit + Wind,0.0476311011143567
Rheda-Beckum,RB-04--RB-05,Distanz + RIX + Gelaendehoehe + Rauigkeit + Wind,0.0423911084580023
Alpen-Sevelen,AS-01--AS-02,Distanz + RIX + Gelaendehoehe + Wald + Wind,0.0499335529076492
Alpen-Sevelen,AS-01--AS-03,Distanz + RIX + Gelaendehoehe + Wald + Wind,0.0485821645749524
Alpen-Sevelen,AS-01--AS-04,Distanz + RIX + Gelaendehoehe + Wald + Wind,0.0509244122357613
Alpen-Sevelen,AS-01--AS-05,Distanz + RIX + Gelaendehoehe + Wald + Wind,0.0548739434180285
Alpen-Sevelen,AS-01--AS-06,Distanz + RIX + Gelaendehoehe + Wald + Wind,0.0538401796632857
Alpen-Sevelen,AS-02--AS-03,Distanz + RIX + Gelaendehoehe + Wald + Wind,0.0517689048649128
Alpen-Sevelen,AS-02--AS-04,Distanz + RIX + Gelaendehoehe + Wald + Wind,0.0470597451331266
Alpen-Sevelen,AS-02--AS-05,Distanz + RIX + Gelaendehoehe + Wald + Wind,0.0496938781911168
Alpen-Sevelen,AS-02--AS-06,Distanz + RIX + Gelaendehoehe + Wald + Wind,0.0482940309220113
Alpen-Sevelen,AS-03--AS-04,Distanz + RIX + Gelaendehoehe + Wald + Wind,0.0420987783154318
Alpen-Sevelen,AS-03--AS-05,Distanz + RIX + Gelaendehoehe + Wald + Wind,0.0465174832902233
Alpen-Sevelen,AS-03--AS-06,Distanz + RIX + Gelaendehoehe + Wald + Wind,0.0450613548743939
Alpen-Sevelen,AS-04--AS-05,Distanz + RIX + Gelaendehoehe + Wald + Wind,0.0417509992737868
Alpen-Sevelen,AS-04--AS-06,Distanz + RIX + Gelaendehoehe + Wald + Wind,0.0394527481839475
Alpen-Sevelen,AS-05--AS-06,Distanz + RIX + Gelaendehoehe + Wald + Wind,0.0396726615123653
Altenmellrich,AM-01--AM-02,Distanz + RIX + Gelaendehoehe + Wald + Wind,0.058294065292968
Altenmellrich,AM-01--AM-03,Distanz + RIX + Gelaendehoehe + Wald + Wind,0.0611430118176484
Altenmellrich,AM-01--AM-04,Distanz + RIX + Gelaendehoehe + Wald + Wind,0.0828987217595535
Altenmellrich,AM-02--AM-03,Distanz + RIX + Gelaendehoehe + Wald + Wind,0.0582238290304792
Altenmellrich,AM-02--AM-04,Distanz + RIX + Gelaendehoehe + Wald + Wind,0.064967877110594
Altenmellrich,AM-03--AM-04,Distanz + RIX + Gelaendehoehe + Wald + Wind,0.0660711615846669
Bad Berleburg,BB-01--BB-02,Distanz + RIX + Gelaendehoehe + Wald + Wind,0.1189147921987606
Bad Berleburg,BB-01--BB-03,Distanz + RIX + Gelaendehoehe + Wald + Wind,0.1049362387515736
Bad Berleburg,BB-01--BB-04,Distanz + RIX + Gelaendehoehe + Wald + Wind,0.1242128326116911
Bad Berleburg,BB-01--BB-05,Distanz + RIX + Gelaendehoehe + Wald + Wind,0.1000001247699941
Bad Berleburg,BB-01--BB-06,Distanz + RIX + Gelaendehoehe + Wald + Wind,0.1554061513147447
Bad Berleburg,BB-01--BB-07,Distanz + RIX + Gelaendehoehe + Wald + Wind,0.1670692944590019
Bad Berleburg,BB-02--BB-03,Distanz + RIX + Gelaendehoehe + Wald + Wind,0.1514452187999967
Bad Berleburg,BB-02--BB-04,Distanz + RIX + Gelaendehoehe + Wald + Wind,0.1223509782813799
Bad Berleburg,BB-02--BB-05,Distanz + RIX + Gelaendehoehe + Wald + Wind,0.137841413708914
Bad Berleburg,BB-02--BB-06,Distanz + RIX + Gelaendehoehe + Wald + Wind,0.215051965679243
Bad Berleburg,BB-02--BB-07,Distanz + RIX + Gelaendehoehe + Wald + Wind,0.1149284747391598
Bad Berleburg,BB-03--BB-04,Distanz + RIX + Gelaendehoehe + Wald + Wind,0.1222823143156217
Bad Berleburg,BB-03--BB-05,Distanz + RIX + Gelaendehoehe + Wald + Wind,0.1269617805469762
Bad Berleburg,BB-03--BB-06,Distanz + RIX + Gelaendehoehe + Wald + Wind,0.1339395382727046
Bad Berleburg,BB-03--BB-07,Distanz + RIX + Gelaendehoehe + Wald + Wind,0.2124958511693266
Bad Berleburg,BB-04--BB-05,Distanz + RIX + Gelaendehoehe + Wald + Wind,0.1184168145620487
Bad Berleburg,BB-04--BB-06,Distanz + RIX + Gelaendehoehe + Wald + Wind,0.1427252544565944
Bad Berleburg,BB-04--BB-07,Distanz + RIX + Gelaendehoehe + Wald + Wind,0.1577699257613667
Bad Berleburg,BB-05--BB-06,Distanz + RIX + Gelaendehoehe + Wald + Wind,0.1536154935775847
Bad Berleburg,BB-05--BB-07,Distanz + RIX + Gelaendehoehe + Wald + Wind,0.1576200218623812
Bad Berleburg,BB-06--BB-07,Distanz + RIX + Gelaendehoehe + Wald + Wind,0.2627128706800113
Borken-Coesfeld,BC-01--BC-02,Distanz + RIX + Gelaendehoehe + Wald + Wind,0.053017634174422
Borken-Coesfeld,BC-01--BC-03,Distanz + RIX + Gelaendehoehe + Wald + Wind,0.0522230191453977
Borken-Coesfeld,BC-01--BC-04,Distanz + RIX + Gelaendehoehe + Wald + Wind,0.0514446642803099
Borken-Coesfeld,BC-01--BC-05,Distanz + RIX + Gelaendehoehe + Wald + Wind,0.0517389617278339
Borken-Coesfeld,BC-01--BC-06,Distanz + RIX + Gelaendehoehe + Wald + Wind,0.0552376576086007
Borken-Coesfeld,BC-02--BC-03,Distanz + RIX + Gelaendehoehe + Wald + Wind,0.0622516562005905
Borken-Coesfeld,BC-02--BC-04,Distanz + RIX + Gelaendehoehe + Wald + Wind,0.0578191286224131
Borken-Coesfeld,BC-02--BC-05,Distanz + RIX + Gelaendehoehe + Wald + Wind,0.0502508040938382
Borken-Coesfeld,BC-02--BC-06,Distanz + RIX + Gelaendehoehe + Wald + Wind,0.0647910166394654
Borken-Coesfeld,BC-03--BC-04,Distanz + RIX + Gelaendehoehe + Wald + Wind,0.0444240209871458
Borken-Coesfeld,BC-03--BC-05,Distanz + RIX + Gelaendehoehe + Wald + Wind,0.0539072615250226
Borken-Coesfeld,BC-03--BC-06,Distanz + RIX + Gelaendehoehe + Wald + Wind,0.0470255333210203
Borken-Coesfeld,BC-04--BC-05,Distanz + RIX + Gelaendehoehe + Wald + Wind,0.0513455343725103
Borken-Coesfeld,BC-04--BC-06,Distanz + RIX + Gelaendehoehe + Wald + Wind,0.0508540908465879
Borken-Coesfeld,BC-05--BC-06,Distanz + RIX + Gelaendehoehe + Wald + Wind,0.0553316318640646
Lorup,LO-01--LO-02,Distanz + RIX + Gelaendehoehe + Wald + Wind,0.0558067921776741
Lorup,LO-01--LO-03,Distanz + RIX + Gelaendehoehe + Wald + Wind,0.0662121925033819
Lorup,LO-02--LO-03,Distanz + RIX + Gelaendehoehe + Wald + Wind,0.0579040279339415
Ostfriesland,OF-01--OF-02,Distanz + RIX + Gelaendehoehe + Wald + Wind,0.0400867504877099
Ostfriesland,OF-01--OF-03,Distanz + RIX + Gelaendehoehe + Wald + Wind,0.0493708547522499
Ostfriesland,OF-01--OF-04,Distanz + RIX + Gelaendehoehe + Wald + Wind,0.0627792606550725
Ostfriesland,OF-02--OF-03,Distanz + RIX + Gelaendehoehe + Wald + Wind,0.0477473053644931
Ostfriesland,OF-02--OF-04,Distanz + RIX + Gelaendehoehe + Wald + Wind,0.0595332321517517
Ostfriesland,OF-03--OF-04,Distanz + RIX + Gelaendehoehe + Wald + Wind,0.0556734282865944
Paderborn,PA-01--PA-10,Distanz + RIX + Gelaendehoehe + Wald + Wind,0.0858733085216828
Paderborn,PA-01--PA-11,Distanz + RIX + Gelaendehoehe + Wald + Wind,0.0946604910965085
Paderborn,PA-01--PA-12,Distanz + RIX + Gelaendehoehe + Wald + Wind,0.0977487183613387
Paderborn,PA-01--PA-02,Distanz + RIX + Gelaendehoehe + Wald + Wind,0.0955852567163146
Paderborn,PA-01--PA-03,Distanz + RIX + Gelaendehoehe + Wald + Wind,0.085056306658227
Paderborn,PA-01--PA-04,Distanz + RIX + Gelaendehoehe + Wald + Wind,0.0729972653069462
Paderborn,PA-01--PA-05,Distanz + RIX + Gelaendehoehe + Wald + Wind,0.087845193848509
Paderborn,PA-01--PA-06,Distanz + RIX + Gelaendehoehe + Wald + Wind,0.0809264575713015
Paderborn,PA-01--PA-07,Distanz + RIX + Gelaendehoehe + Wald + Wind,0.0870206125294131
Paderborn,PA-01--PA-08,Distanz + RIX + Gelaendehoehe + Wald + Wind,0.0882191307403938
Paderborn,PA-01--PA-09,Distanz + RIX + Gelaendehoehe + Wald + Wind,0.092578327104552
Paderborn,PA-10--PA-11,Distanz + RIX + Gelaendehoehe + Wald + Wind,0.0755500382867005
Paderborn,PA-10--PA-12,Distanz + RIX + Gelaendehoehe + Wald + Wind,0.0804923169961695
Paderborn,PA-02--PA-10,Distanz + RIX + Gelaendehoehe + Wald + Wind,0.0904550625190541
Paderborn,PA-03--PA-10,Distanz + RIX + Gelaendehoehe + Wald + Wind,0.0768758797673078
Paderborn,PA-04--PA-10,Distanz + RIX + Gelaendehoehe + Wald + Wind,0.0770532406716532
Paderborn,PA-05--PA-10,Distanz + RIX + Gelaendehoehe + Wald + Wind,0.0736588310927844
Paderborn,PA-06--PA-10,Distanz + RIX + Gelaendehoehe + Wald + Wind,0.0693408778099617
Paderborn,PA-07--PA-10,Distanz + RIX + Gelaendehoehe + Wald + Wind,0.0724560331442944
Paderborn,PA-08--PA-10,Distanz + RIX + Gelaendehoehe + Wald + Wind,0.0713962990834032
Paderborn,PA-09--PA-10,Distanz + RIX + Gelaendehoehe + Wald + Wind,0.0728816457466057
Paderborn,PA-11--PA-12,Distanz + RIX + Gelaendehoehe + Wald + Wind,0.0650913089162205
Paderborn,PA-02--PA-11,Distanz + RIX + Gelaendehoehe + Wald + Wind,0.0775342219895633
Paderborn,PA-03--PA-11,Distanz + RIX + Gelaendehoehe + Wald + Wind,0.0765972442085586
Paderborn,PA-04--PA-11,Distanz + RIX + Gelaendehoehe + Wald + Wind,0.0871661393347152
Paderborn,PA-05--PA-11,Distanz + RIX + Gelaendehoehe + Wald + Wind,0.0714697553169487
Paderborn,PA-06--PA-11,Distanz + RIX + Gelaendehoehe + Wald + Wind,0.077729316744742
Paderborn,PA-07--PA-11,Distanz + RIX + Gelaendehoehe + Wald + Wind,0.0728085333171895
Paderborn,PA-08--PA-11,Distanz + RIX + Gelaendehoehe + Wald + Wind,0.0705611272913402
Paderborn,PA-09--PA-11,Distanz + RIX + Gelaendehoehe + Wald + Wind,0.0702806331456832
Paderborn,PA-02--PA-12,Distanz + RIX + Gelaendehoehe + Wald + Wind,0.0752075504958558
Paderborn,PA-03--PA-12,Distanz + RIX + Gelaendehoehe + Wald + Wind,0.0807416274326592
Paderborn,PA-04--PA-12,Distanz + RIX + Gelaendehoehe + Wald + Wind,0.0911820695253085
Paderborn,PA-05--PA-12,Distanz + RIX + Gelaendehoehe + Wald + Wind,0.0770599093343961
Paderborn,PA-06--PA-12,Distanz + RIX + Gelaendehoehe + Wald + Wind,0.0836131952899044
Paderborn,PA-07--PA-12,Distanz + RIX + Gelaendehoehe + Wald + Wind,0.0775302198886967
Paderborn,PA-08--PA-12,Distanz + RIX + Gelaendehoehe + Wald + Wind,0.0761894452653008
Paderborn,PA-09--PA-12,Distanz + RIX + Gelaendehoehe + Wald + Wind,0.0749921014368358
Paderborn,PA-02--PA-03,Distanz + RIX + Gelaendehoehe + Wald + Wind,0.0858535714516091
Paderborn,PA-02--PA-04,Distanz + RIX + Gelaendehoehe + Wald + Wind,0.0922343880877217
Paderborn,PA-02--PA-05,Distanz + RIX + Gelaendehoehe + Wald + Wind,0.087279214493925
Paderborn,PA-02--PA-06,Distanz + RIX + Gelaendehoehe + Wald + Wind,0.0949185910976381
Paderborn,PA-02--PA-07,Distanz + RIX + Gelaendehoehe + Wald + Wind,0.0869637637408597
Paderborn,PA-02--PA-08,Distanz + RIX + Gelaendehoehe + Wald + Wind,0.0868840330343621
Paderborn,PA-02--PA-09,Distanz + RIX + Gelaendehoehe + Wald + Wind,0.0839340045654641
Paderborn,PA-03--PA-04,Distanz + RIX + Gelaendehoehe + Wald + Wind,0.0808791054315032
Paderborn,PA-03--PA-05,Distanz + RIX + Gelaendehoehe + Wald + Wind,0.071501338799553
Paderborn,PA-03--PA-06,Distanz + RIX + Gelaendehoehe + Wald + Wind,0.0773219236488774
Paderborn,PA-03--PA-07,Distanz + RIX + Gelaendehoehe + Wald + Wind,0.0728822788804675
Paderborn,PA-03--PA-08,Distanz + RIX + Gelaendehoehe + Wald + Wind,0.0689020152877894
Paderborn,PA-03--PA-09,Distanz + RIX + Gelaendehoehe + Wald + Wind,0.0709940375862503
Paderborn,PA-04--PA-05,Distanz + RIX + Gelaendehoehe + Wald + Wind,0.0785715111637313
Paderborn,PA-04--PA-06,Distanz + RIX + Gelaendehoehe + Wald + Wind,0.0722954433912304
Paderborn,PA-04--PA-07,Distanz + RIX + Gelaendehoehe + Wald + Wind,0.0785491233865539
Paderborn,PA-04--PA-08,Distanz + RIX + Gelaendehoehe + Wald + Wind,0.0805594854619056
Paderborn,PA-04--PA-09,Distanz + RIX + Gelaendehoehe + Wald + Wind,0.081997738437923
Paderborn,PA-05--PA-06,Distanz + RIX + Gelaendehoehe + Wald + Wind,0.0717457178655244
Paderborn,PA-05--PA-07,Distanz + RIX + Gelaendehoehe + Wald + Wind,0.0657291617990709
Paderborn,PA-05--PA-08,Distanz + RIX + Gelaendehoehe + Wald + Wind,0.0678225363249765
Paderborn,PA-05--PA-09,Distanz + RIX + Gelaendehoehe + Wald + Wind,0.0699623517281134
Paderborn,PA-06--PA-07,Distanz + RIX + Gelaendehoehe + Wald + Wind,0.0713069390996442
Paderborn,PA-06--PA-08,Distanz + RIX + Gelaendehoehe + Wald + Wind,0.0720971127790568
Paderborn,PA-06--PA-09,Distanz + RIX + Gelaendehoehe + Wald + Wind,0.0729484397152437
Paderborn,PA-07--PA-08,Distanz + RIX + Gelaendehoehe + Wald + Wind,0.0688467261970317
Paderborn,PA-07--PA-09,Distanz + RIX + Gelaendehoehe + Wald + Wind,0.0694626451240141
Paderborn,PA-08--PA-09,Distanz + RIX + Gelaendehoehe + Wald + Wind,0.0681416127123006
Rheda-Beckum,RB-01--RB-02,Distanz + RIX + Gelaendehoehe + Wald + Wind,0.038442583177679
Rheda-Beckum,RB-01--RB-03,Distanz + RIX + Gelaendehoehe + Wald + Wind,0.0435294451224059
Rheda-Beckum,RB-01--RB-04,Distanz + RIX + Gelaendehoehe + Wald + Wind,0.0552394547426235
Rheda-Beckum,RB-01--RB-05,Distanz + RIX + Gelaendehoehe + Wald + Wind,0.0515551921348645
Rheda-Beckum,RB-02--RB-03,Distanz + RIX + Gelaendehoehe + Wald + Wind,0.0405814357809885
Rheda-Beckum,RB-02--RB-04,Distanz + RIX + Gelaendehoehe + Wald + Wind,0.0544205643228788
Rheda-Beckum,RB-02--RB-05,Distanz + RIX + Gelaendehoehe + Wald + Wind,0.050762727519451
Rheda-Beckum,RB-03--RB-04,Distanz + RIX + Gelaendehoehe + Wald + Wind,0.0517947818061414
Rheda-Beckum,RB-03--RB-05,Distanz + RIX + Gelaendehoehe + Wald + Wind,0.0480698664432583
Rheda-Beckum,RB-04--RB-05,Distanz + RIX + Gelaendehoehe + Wald + Wind,0.0399794632292125
Alpen-Sevelen,AS-01--AS-02,Distanz + RIX + Rauigkeit + Wald + Wind,0.0529333620242316
Alpen-Sevelen,AS-01--AS-03,Distanz + RIX + Rauigkeit + Wald + Wind,0.0513924000391155
Alpen-Sevelen,AS-01--AS-04,Distanz + RIX + Rauigkeit + Wald + Wind,0.0541613418198583
Alpen-Sevelen,AS-01--AS-05,Distanz + RIX + Rauigkeit + Wald + Wind,0.0577995858986003
Alpen-Sevelen,AS-01--AS-06,Distanz + RIX + Rauigkeit + Wald + Wind,0.0572605656881359
Alpen-Sevelen,AS-02--AS-03,Distanz + RIX + Rauigkeit + Wald + Wind,0.0541561264710736
Alpen-Sevelen,AS-02--AS-04,Distanz + RIX + Rauigkeit + Wald + Wind,0.0483650489964493
Alpen-Sevelen,AS-02--AS-05,Distanz + RIX + Rauigkeit + Wald + Wind,0.0491340147659447
Alpen-Sevelen,AS-02--AS-06,Distanz + RIX + Rauigkeit + Wald + Wind,0.0483073145206835
Alpen-Sevelen,AS-03--AS-04,Distanz + RIX + Rauigkeit + Wald + Wind,0.044338821689839
Alpen-Sevelen,AS-03--AS-05,Distanz + RIX + Rauigkeit + Wald + Wind,0.0479546994124371
Alpen-Sevelen,AS-03--AS-06,Distanz + RIX + Rauigkeit + Wald + Wind,0.0472558859587273
Alpen-Sevelen,AS-04--AS-05,Distanz + RIX + Rauigkeit + Wald + Wind,0.0421481197197879
Alpen-Sevelen,AS-04--AS-06,Distanz + RIX + Rauigkeit + Wald + Wind,0.0401250071750899
Alpen-Sevelen,AS-05--AS-06,Distanz + RIX + Rauigkeit + Wald + Wind,0.0410347637080977
Altenmellrich,AM-01--AM-02,Distanz + RIX + Rauigkeit + Wald + Wind,0.0585566280000538
Altenmellrich,AM-01--AM-03,Distanz + RIX + Rauigkeit + Wald + Wind,0.0610135318661648
Altenmellrich,AM-01--AM-04,Distanz + RIX + Rauigkeit + Wald + Wind,0.0799981626135352
Altenmellrich,AM-02--AM-03,Distanz + RIX + Rauigkeit + Wald + Wind,0.05852182533448
Altenmellrich,AM-02--AM-04,Distanz + RIX + Rauigkeit + Wald + Wind,0.0634502743578299
Altenmellrich,AM-03--AM-04,Distanz + RIX + Rauigkeit + Wald + Wind,0.0652753088901481
Bad Berleburg,BB-01--BB-02,Distanz + RIX + Rauigkeit + Wald + Wind,0.1299821085913447
Bad Berleburg,BB-01--BB-03,Distanz + RIX + Rauigkeit + Wald + Wind,0.1162677952176533
Bad Berleburg,BB-01--BB-04,Distanz + RIX + Rauigkeit + Wald + Wind,0.138486180957272
Bad Berleburg,BB-01--BB-05,Distanz + RIX + Rauigkeit + Wald + Wind,0.115167492805432
Bad Berleburg,BB-01--BB-06,Distanz + RIX + Rauigkeit + Wald + Wind,0.1750847103528093
Bad Berleburg,BB-01--BB-07,Distanz + RIX + Rauigkeit + Wald + Wind,0.1624713157038997
Bad Berleburg,BB-02--BB-03,Distanz + RIX + Rauigkeit + Wald + Wind,0.1525000892696777
Bad Berleburg,BB-02--BB-04,Distanz + RIX + Rauigkeit + Wald + Wind,0.1224561077873011
Bad Berleburg,BB-02--BB-05,Distanz + RIX + Rauigkeit + Wald + Wind,0.1511041794933578
Bad Berleburg,BB-02--BB-06,Distanz + RIX + Rauigkeit + Wald + Wind,0.2222389572811557
Bad Berleburg,BB-02--BB-07,Distanz + RIX + Rauigkeit + Wald + Wind,0.1166482035329486
Bad Berleburg,BB-03--BB-04,Distanz + RIX + Rauigkeit + Wald + Wind,0.1550168513152429
Bad Berleburg,BB-03--BB-05,Distanz + RIX + Rauigkeit + Wald + Wind,0.1417391264501235
Bad Berleburg,BB-03--BB-06,Distanz + RIX + Rauigkeit + Wald + Wind,0.1710485244885076
Bad Berleburg,BB-03--BB-07,Distanz + RIX + Rauigkeit + Wald + Wind,0.2052819092320751
Bad Berleburg,BB-04--BB-05,Distanz + RIX + Rauigkeit + Wald + Wind,0.139573303112165
Bad Berleburg,BB-04--BB-06,Distanz + RIX + Rauigkeit + Wald + Wind,0.1903862499582152
Bad Berleburg,BB-04--BB-07,Distanz + RIX + Rauigkeit + Wald + Wind,0.1463025193129875
Bad Berleburg,BB-05--BB-06,Distanz + RIX + Rauigkeit + Wald + Wind,0.193569609532731
Bad Berleburg,BB-05--BB-07,Distanz + RIX + Rauigkeit + Wald + Wind,0.1630516794656328
Bad Berleburg,BB-06--BB-07,Distanz + RIX + Rauigkeit + Wald + Wind,0.2680618728314288
Borken-Coesfeld,BC-01--BC-02,Distanz + RIX + Rauigkeit + Wald + Wind,0.0508726407718006
Borken-Coesfeld,BC-01--BC-03,Distanz + RIX + Rauigkeit + Wald + Wind,0.0523674005945833
Borken-Coesfeld,BC-01--BC-04,Distanz + RIX + Rauigkeit + Wald + Wind,0.0537446090742305
Borken-Coesfeld,BC-01--BC-05,Distanz + RIX + Rauigkeit + Wald + Wind,0.0514321216840485
Borken-Coesfeld,BC-01--BC-06,Distanz + RIX + Rauigkeit + Wald + Wind,0.0559325705340321
Borken-Coesfeld,BC-02--BC-03,Distanz + RIX + Rauigkeit + Wald + Wind,0.0571296307182645
Borken-Coesfeld,BC-02--BC-04,Distanz + RIX + Rauigkeit + Wald + Wind,0.0549923784907811
Borken-Coesfeld,BC-02--BC-05,Distanz + RIX + Rauigkeit + Wald + Wind,0.0497126657181406
Borken-Coesfeld,BC-02--BC-06,Distanz + RIX + Rauigkeit + Wald + Wind,0.0604534303869663
Borken-Coesfeld,BC-03--BC-04,Distanz + RIX + Rauigkeit + Wald + Wind,0.0441925130847576
Borken-Coesfeld,BC-03--BC-05,Distanz + RIX + Rauigkeit + Wald + Wind,0.0521486521634982
Borken-Coesfeld,BC-03--BC-06,Distanz + RIX + Rauigkeit + Wald + Wind,0.048976881219292
Borken-Coesfeld,BC-04--BC-05,Distanz + RIX + Rauigkeit + Wald + Wind,0.0518999845001632
Borken-Coesfeld,BC-04--BC-06,Distanz + RIX + Rauigkeit + Wald + Wind,0.0510478619745425
Borken-Coesfeld,BC-05--BC-06,Distanz + RIX + Rauigkeit + Wald + Wind,0.0535354476680022
Lorup,LO-01--LO-02,Distanz + RIX + Rauigkeit + Wald + Wind,0.0583685428024582
Lorup,LO-01--LO-03,Distanz + RIX + Rauigkeit + Wald + Wind,0.0722260556158865
Lorup,LO-02--LO-03,Distanz + RIX + Rauigkeit + Wald + Wind,0.061211625617408
Ostfriesland,OF-01--OF-02,Distanz + RIX + Rauigkeit + Wald + Wind,0.0408906263815308
Ostfriesland,OF-01--OF-03,Distanz + RIX + Rauigkeit + Wald + Wind,0.0500756932622569
Ostfriesland,OF-01--OF-04,Distanz + RIX + Rauigkeit + Wald + Wind,0.0642503093268408
Ostfriesland,OF-02--OF-03,Distanz + RIX + Rauigkeit + Wald + Wind,0.0485174077734238
Ostfriesland,OF-02--OF-04,Distanz + RIX + Rauigkeit + Wald + Wind,0.0610155355136283
Ostfriesland,OF-03--OF-04,Distanz + RIX + Rauigkeit + Wald + Wind,0.057923466864527
Paderborn,PA-01--PA-10,Distanz + RIX + Rauigkeit + Wald + Wind,0.0854171866910002
Paderborn,PA-01--PA-11,Distanz + RIX + Rauigkeit + Wald + Wind,0.0850559034428438
Paderborn,PA-01--PA-12,Distanz + RIX + Rauigkeit + Wald + Wind,0.0879451848649469
Paderborn,PA-01--PA-02,Distanz + RIX + Rauigkeit + Wald + Wind,0.083360037075279
Paderborn,PA-01--PA-03,Distanz + RIX + Rauigkeit + Wald + Wind,0.0789815124864969
Paderborn,PA-01--PA-04,Distanz + RIX + Rauigkeit + Wald + Wind,0.0772311571069444
Paderborn,PA-01--PA-05,Distanz + RIX + Rauigkeit + Wald + Wind,0.0832272197727632
Paderborn,PA-01--PA-06,Distanz + RIX + Rauigkeit + Wald + Wind,0.0825294372409246
Paderborn,PA-01--PA-07,Distanz + RIX + Rauigkeit + Wald + Wind,0.0842176298894846
Paderborn,PA-01--PA-08,Distanz + RIX + Rauigkeit + Wald + Wind,0.0825573571645676
Paderborn,PA-01--PA-09,Distanz + RIX + Rauigkeit + Wald + Wind,0.0856042038867203
Paderborn,PA-10--PA-11,Distanz + RIX + Rauigkeit + Wald + Wind,0.0736159967081409
Paderborn,PA-10--PA-12,Distanz + RIX + Rauigkeit + Wald + Wind,0.0790536899414446
Paderborn,PA-02--PA-10,Distanz + RIX + Rauigkeit + Wald + Wind,0.0869977200624806
Paderborn,PA-03--PA-10,Distanz + RIX + Rauigkeit + Wald + Wind,0.0771147650970873
Paderborn,PA-04--PA-10,Distanz + RIX + Rauigkeit + Wald + Wind,0.0770451743684591
Paderborn,PA-05--PA-10,Distanz + RIX + Rauigkeit + Wald + Wind,0.0767072252116477
Paderborn,PA-06--PA-10,Distanz + RIX + Rauigkeit + Wald + Wind,0.0720732281679331
Paderborn,PA-07--PA-10,Distanz + RIX + Rauigkeit + Wald + Wind,0.076541233406854
Paderborn,PA-08--PA-10,Distanz + RIX + Rauigkeit + Wald + Wind,0.0722777825169868
Paderborn,PA-09--PA-10,Distanz + RIX + Rauigkeit + Wald + Wind,0.0729080386574015
Paderborn,PA-11--PA-12,Distanz + RIX + Rauigkeit + Wald + Wind,0.0682441225108655
Paderborn,PA-02--PA-11,Distanz + RIX + Rauigkeit + Wald + Wind,0.0825593268752029
Paderborn,PA-03--PA-11,Distanz + RIX + Rauigkeit + Wald + Wind,0.0798218624527336
Paderborn,PA-04--PA-11,Distanz + RIX + Rauigkeit + Wald + Wind,0.0789255392827858
Paderborn,PA-05--PA-11,Distanz + RIX + Rauigkeit + Wald + Wind,0.0711835527840944
Paderborn,PA-06--PA-11,Distanz + RIX + Rauigkeit + Wald + Wind,0.0715586318090478
Paderborn,PA-07--PA-11,Distanz + RIX + Rauigkeit + Wald + Wind,0.0714492998330892
Paderborn,PA-08--PA-11,Distanz + RIX + Rauigkeit + Wald + Wind,0.0713580720704273
Paderborn,PA-09--PA-11,Distanz + RIX + Rauigkeit + Wald + Wind,0.0727574285511924
Paderborn,PA-02--PA-12,Distanz + RIX + Rauigkeit + Wald + Wind,0.0804367690942806
Paderborn,PA-03--PA-12,Distanz + RIX + Rauigkeit + Wald + Wind,0.0847872935504898
Paderborn,PA-04--PA-12,Distanz + RIX + Rauigkeit + Wald + Wind,0.0831989789366788
Paderborn,PA-05--PA-12,Distanz + RIX + Rauigkeit + Wald + Wind,0.0776234561966378
Paderborn,PA-06--PA-12,Distanz + RIX + Rauigkeit + Wald + Wind,0.0774832481208029
Paderborn,PA-07--PA-12,Distanz + RIX + Rauigkeit + Wald + Wind,0.0762446953711607
Paderborn,PA-08--PA-12,Distanz + RIX + Rauigkeit + Wald + Wind,0.0772264007955084
Paderborn,PA-09--PA-12,Distanz + RIX + Rauigkeit + Wald + Wind,0.0780418534794044
Paderborn,PA-02--PA-03,Distanz + RIX + Rauigkeit + Wald + Wind,0.0872690156080039
Paderborn,PA-02--PA-04,Distanz + RIX + Rauigkeit + Wald + Wind,0.0821604614448472
Paderborn,PA-02--PA-05,Distanz + RIX + Rauigkeit + Wald + Wind,0.0871016927054048
Paderborn,PA-02--PA-06,Distanz + RIX + Rauigkeit + Wald + Wind,0.0866381059991391
Paderborn,PA-02--PA-07,Distanz + RIX + Rauigkeit + Wald + Wind,0.0840013367465751
Paderborn,PA-02--PA-08,Distanz + RIX + Rauigkeit + Wald + Wind,0.0870776475686378
Paderborn,PA-02--PA-09,Distanz + RIX + Rauigkeit + Wald + Wind,0.0852381984376181
Paderborn,PA-03--PA-04,Distanz + RIX + Rauigkeit + Wald + Wind,0.0756979121736863
Paderborn,PA-03--PA-05,Distanz + RIX + Rauigkeit + Wald + Wind,0.0759491559833767
Paderborn,PA-03--PA-06,Distanz + RIX + Rauigkeit + Wald + Wind,0.0755208803300958
Paderborn,PA-03--PA-07,Distanz + RIX + Rauigkeit + Wald + Wind,0.0762267479833451
Paderborn,PA-03--PA-08,Distanz + RIX + Rauigkeit + Wald + Wind,0.0736045674047856
Paderborn,PA-03--PA-09,Distanz + RIX + Rauigkeit + Wald + Wind,0.0752481409577574
Paderborn,PA-04--PA-05,Distanz + RIX + Rauigkeit + Wald + Wind,0.0748894324249686
Paderborn,PA-04--PA-06,Distanz + RIX + Rauigkeit + Wald + Wind,0.0752848916897941
Paderborn,PA-04--PA-07,Distanz + RIX + Rauigkeit + Wald + Wind,0.0763249618305762
Paderborn,PA-04--PA-08,Distanz + RIX + Rauigkeit + Wald + Wind,0.0753680797174146
Paderborn,PA-04--PA-09,Distanz + RIX + Rauigkeit + Wald + Wind,0.0757865088629722
Paderborn,PA-05--PA-06,Distanz + RIX + Rauigkeit + Wald + Wind,0.0695802662841108
Paderborn,PA-05--PA-07,Distanz + RIX + Rauigkeit + Wald + Wind,0.0684271223160458
Paderborn,PA-05--PA-08,Distanz + RIX + Rauigkeit + Wald + Wind,0.0710295824482624
Paderborn,PA-05--PA-09,Distanz + RIX + Rauigkeit + Wald + Wind,0.0719961100782003
Paderborn,PA-06--PA-07,Distanz + RIX + Rauigkeit + Wald + Wind,0.0705368330382898
Paderborn,PA-06--PA-08,Distanz + RIX + Rauigkeit + Wald + Wind,0.0694094556249175
Paderborn,PA-06--PA-09,Distanz + RIX + Rauigkeit + Wald + Wind,0.0689084761653632
Paderborn,PA-07--PA-08,Distanz + RIX + Rauigkeit + Wald + Wind,0.0701077882158092
Paderborn,PA-07--PA-09,Distanz + RIX + Rauigkeit + Wald + Wind,0.0690186475102842
Paderborn,PA-08--PA-09,Distanz + RIX + Rauigkeit + Wald + Wind,0.0706154009090753
Rheda-Beckum,RB-01--RB-02,Distanz + RIX + Rauigkeit + Wald + Wind,0.039089921821269
Rheda-Beckum,RB-01--RB-03,Distanz + RIX + Rauigkeit + Wald + Wind,0.0426386987037094
Rheda-Beckum,RB-01--RB-04,Distanz + RIX + Rauigkeit + Wald + Wind,0.0547840327864253
Rheda-Beckum,RB-01--RB-05,Distanz + RIX + Rauigkeit + Wald + Wind,0.0520172191524341
Rheda-Beckum,RB-02--RB-03,Distanz + RIX + Rauigkeit + Wald + Wind,0.0402493538563791
Rheda-Beckum,RB-02--RB-04,Distanz + RIX + Rauigkeit + Wald + Wind,0.0555722629698341
Rheda-Beckum,RB-02--RB-05,Distanz + RIX + Rauigkeit + Wald + Wind,0.0526777357231517
Rheda-Beckum,RB-03--RB-04,Distanz + RIX + Rauigkeit + Wald + Wind,0.0557763252406823
Rheda-Beckum,RB-03--RB-05,Distanz + RIX + Rauigkeit + Wald + Wind,0.0525497796931096
Rheda-Beckum,RB-04--RB-05,Distanz + RIX + Rauigkeit + Wald + Wind,0.0408425257893701
Alpen-Sevelen,AS-01--AS-02,Distanz + Gelaendehoehe + Rauigkeit + Wald + Wind,0.0562268270473293
Alpen-Sevelen,AS-01--AS-03,Distanz + Gelaendehoehe + Rauigkeit + Wald + Wind,0.0540746397265306
Alpen-Sevelen,AS-01--AS-04,Distanz + Gelaendehoehe + Rauigkeit + Wald + Wind,0.0572307079020724
Alpen-Sevelen,AS-01--AS-05,Distanz + Gelaendehoehe + Rauigkeit + Wald + Wind,0.061799959189873
Alpen-Sevelen,AS-01--AS-06,Distanz + Gelaendehoehe + Rauigkeit + Wald + Wind,0.0604956632684062
Alpen-Sevelen,AS-02--AS-03,Distanz + Gelaendehoehe + Rauigkeit + Wald + Wind,0.057596668793647
Alpen-Sevelen,AS-02--AS-04,Distanz + Gelaendehoehe + Rauigkeit + Wald + Wind,0.0519351546646367
Alpen-Sevelen,AS-02--AS-05,Distanz + Gelaendehoehe + Rauigkeit + Wald + Wind,0.0539249737725903
Alpen-Sevelen,AS-02--AS-06,Distanz + Gelaendehoehe + Rauigkeit + Wald + Wind,0.052370146776509
Alpen-Sevelen,AS-03--AS-04,Distanz + Gelaendehoehe + Rauigkeit + Wald + Wind,0.0474888960773157
Alpen-Sevelen,AS-03--AS-05,Distanz + Gelaendehoehe + Rauigkeit + Wald + Wind,0.0519189262151795
Alpen-Sevelen,AS-03--AS-06,Distanz + Gelaendehoehe + Rauigkeit + Wald + Wind,0.0506295826007838
Alpen-Sevelen,AS-04--AS-05,Distanz + Gelaendehoehe + Rauigkeit + Wald + Wind,0.0458505941613825
Alpen-Sevelen,AS-04--AS-06,Distanz + Gelaendehoehe + Rauigkeit + Wald + Wind,0.043227334724936
Alpen-Sevelen,AS-05--AS-06,Distanz + Gelaendehoehe + Rauigkeit + Wald + Wind,0.0435639747829985
Altenmellrich,AM-01--AM-02,Distanz + Gelaendehoehe + Rauigkeit + Wald + Wind,0.0593171121847293
Altenmellrich,AM-01--AM-03,Distanz + Gelaendehoehe + Rauigkeit + Wald + Wind,0.0602868746322274
Altenmellrich,AM-01--AM-04,Distanz + Gelaendehoehe + Rauigkeit + Wald + Wind,0.091504125445057
Altenmellrich,AM-02--AM-03,Distanz + Gelaendehoehe + Rauigkeit + Wald + Wind,0.0565470078029348
Altenmellrich,AM-02--AM-04,Distanz + Gelaendehoehe + Rauigkeit + Wald + Wind,0.0655072641557012
Altenmellrich,AM-03--AM-04,Distanz + Gelaendehoehe + Rauigkeit + Wald + Wind,0.0679878583010054
Bad Berleburg,BB-01--BB-02,Distanz + Gelaendehoehe + Rauigkeit + Wald + Wind,0.076027556610484
Bad Berleburg,BB-01--BB-03,Distanz + Gelaendehoehe + Rauigkeit + Wald + Wind,0.0687460239460814
Bad Berleburg,BB-01--BB-04,Distanz + Gelaendehoehe + Rauigkeit + Wald + Wind,0.0794250735315152
Bad Berleburg,BB-01--BB-05,Distanz + Gelaendehoehe + Rauigkeit + Wald + Wind,0.0579072466942537
Bad Berleburg,BB-01--BB-06,Distanz + Gelaendehoehe + Rauigkeit + Wald + Wind,0.1006364501311002
Bad Berleburg,BB-01--BB-07,Distanz + Gelaendehoehe + Rauigkeit + Wald + Wind,0.1085533419643214
Bad Berleburg,BB-02--BB-03,Distanz + Gelaendehoehe + Rauigkeit + Wald + Wind,0.1081185735499587
Bad Berleburg,BB-02--BB-04,Distanz + Gelaendehoehe + Rauigkeit + Wald + Wind,0.081934358323135
Bad Berleburg,BB-02--BB-05,Distanz + Gelaendehoehe + Rauigkeit + Wald + Wind,0.0883996899524829
Bad Berleburg,BB-02--BB-06,Distanz + Gelaendehoehe + Rauigkeit + Wald + Wind,0.1532087126830942
Bad Berleburg,BB-02--BB-07,Distanz + Gelaendehoehe + Rauigkeit + Wald + Wind,0.0675584360261239
Bad Berleburg,BB-03--BB-04,Distanz + Gelaendehoehe + Rauigkeit + Wald + Wind,0.0825849686809868
Bad Berleburg,BB-03--BB-05,Distanz + Gelaendehoehe + Rauigkeit + Wald + Wind,0.0847628343925724
Bad Berleburg,BB-03--BB-06,Distanz + Gelaendehoehe + Rauigkeit + Wald + Wind,0.0890048026840046
Bad Berleburg,BB-03--BB-07,Distanz + Gelaendehoehe + Rauigkeit + Wald + Wind,0.1623375900551976
Bad Berleburg,BB-04--BB-05,Distanz + Gelaendehoehe + Rauigkeit + Wald + Wind,0.0786752986545726
Bad Berleburg,BB-04--BB-06,Distanz + Gelaendehoehe + Rauigkeit + Wald + Wind,0.0974302749647284
Bad Berleburg,BB-04--BB-07,Distanz + Gelaendehoehe + Rauigkeit + Wald + Wind,0.1102714449764443
Bad Berleburg,BB-05--BB-06,Distanz + Gelaendehoehe + Rauigkeit + Wald + Wind,0.1104684309034986
Bad Berleburg,BB-05--BB-07,Distanz + Gelaendehoehe + Rauigkeit + Wald + Wind,0.1074046054540676
Bad Berleburg,BB-06--BB-07,Distanz + Gelaendehoehe + Rauigkeit + Wald + Wind,0.2079897943913133
Borken-Coesfeld,BC-01--BC-02,Distanz + Gelaendehoehe + Rauigkeit + Wald + Wind,0.0590456015892031
Borken-Coesfeld,BC-01--BC-03,Distanz + Gelaendehoehe + Rauigkeit + Wald + Wind,0.0559340561670523
Borken-Coesfeld,BC-01--BC-04,Distanz + Gelaendehoehe + Rauigkeit + Wald + Wind,0.0552916237827821
Borken-Coesfeld,BC-01--BC-05,Distanz + Gelaendehoehe + Rauigkeit + Wald + Wind,0.0550555633146165
Borken-Coesfeld,BC-01--BC-06,Distanz + Gelaendehoehe + Rauigkeit + Wald + Wind,0.061255610055057
Borken-Coesfeld,BC-02--BC-03,Distanz + Gelaendehoehe + Rauigkeit + Wald + Wind,0.0671650821835589
Borken-Coesfeld,BC-02--BC-04,Distanz + Gelaendehoehe + Rauigkeit + Wald + Wind,0.06203273075671
Borken-Coesfeld,BC-02--BC-05,Distanz + Gelaendehoehe + Rauigkeit + Wald + Wind,0.0527207915235002
Borken-Coesfeld,BC-02--BC-06,Distanz + Gelaendehoehe + Rauigkeit + Wald + Wind,0.0727158394002576
Borken-Coesfeld,BC-03--BC-04,Distanz + Gelaendehoehe + Rauigkeit + Wald + Wind,0.0483349628950597
Borken-Coesfeld,BC-03--BC-05,Distanz + Gelaendehoehe + Rauigkeit + Wald + Wind,0.0590791631209648
Borken-Coesfeld,BC-03--BC-06,Distanz + Gelaendehoehe + Rauigkeit + Wald + Wind,0.0505861933523814
Borken-Coesfeld,BC-04--BC-05,Distanz + Gelaendehoehe + Rauigkeit + Wald + Wind,0.0561298181850659
Borken-Coesfeld,BC-04--BC-06,Distanz + Gelaendehoehe + Rauigkeit + Wald + Wind,0.0551945844951322
Borken-Coesfeld,BC-05--BC-06,Distanz + Gelaendehoehe + Rauigkeit + Wald + Wind,0.06031346096034
Lorup,LO-01--LO-02,Distanz + Gelaendehoehe + Rauigkeit + Wald + Wind,0.0611003248542567
Lorup,LO-01--LO-03,Distanz + Gelaendehoehe + Rauigkeit + Wald + Wind,0.0781176256290783
Lorup,LO-02--LO-03,Distanz + Gelaendehoehe + Rauigkeit + Wald + Wind,0.0647118680341015
Ostfriesland,OF-01--OF-02,Distanz + Gelaendehoehe + Rauigkeit + Wald + Wind,0.0437616261985618
Ostfriesland,OF-01--OF-03,Distanz + Gelaendehoehe + Rauigkeit + Wald + Wind,0.0508920699152876
Ostfriesland,OF-01--OF-04,Distanz + Gelaendehoehe + Rauigkeit + Wald + Wind,0.0631382032531122
Ostfriesland,OF-02--OF-03,Distanz + Gelaendehoehe + Rauigkeit + Wald + Wind,0.0499192579693726
Ostfriesland,OF-02--OF-04,Distanz + Gelaendehoehe + Rauigkeit + Wald + Wind,0.0608579112175884
Ostfriesland,OF-03--OF-04,Distanz + Gelaendehoehe + Rauigkeit + Wald + Wind,0.0616207244259577
Paderborn,PA-01--PA-10,Distanz + Gelaendehoehe + Rauigkeit + Wald + Wind,0.1465165763068212
Paderborn,PA-01--PA-11,Distanz + Gelaendehoehe + Rauigkeit + Wald + Wind,0.1965020814731235
Paderborn,PA-01--PA-12,Distanz + Gelaendehoehe + Rauigkeit + Wald + Wind,0.2156021405444883
Paderborn,PA-01--PA-02,Distanz + Gelaendehoehe + Rauigkeit + Wald + Wind,0.1629945411762406
Paderborn,PA-01--PA-03,Distanz + Gelaendehoehe + Rauigkeit + Wald + Wind,0.1176639803012469
Paderborn,PA-01--PA-04,Distanz + Gelaendehoehe + Rauigkeit + Wald + Wind,0.0729785499247659
Paderborn,PA-01--PA-05,Distanz + Gelaendehoehe + Rauigkeit + Wald + Wind,0.1462395413322151
Paderborn,PA-01--PA-06,Distanz + Gelaendehoehe + Rauigkeit + Wald + Wind,0.1259499365978844
Paderborn,PA-01--PA-07,Distanz + Gelaendehoehe + Rauigkeit + Wald + Wind,0.1433431665241564
Paderborn,PA-01--PA-08,Distanz + Gelaendehoehe + Rauigkeit + Wald + Wind,0.1490982501481339
Paderborn,PA-01--PA-09,Distanz + Gelaendehoehe + Rauigkeit + Wald + Wind,0.1849212928415433
Paderborn,PA-10--PA-11,Distanz + Gelaendehoehe + Rauigkeit + Wald + Wind,0.0738098684693768
Paderborn,PA-10--PA-12,Distanz + Gelaendehoehe + Rauigkeit + Wald + Wind,0.0925154363239365
Paderborn,PA-02--PA-10,Distanz + Gelaendehoehe + Rauigkeit + Wald + Wind,0.154173271825264
Paderborn,PA-03--PA-10,Distanz + Gelaendehoehe + Rauigkeit + Wald + Wind,0.0915155015312983
Paderborn,PA-04--PA-10,Distanz + Gelaendehoehe + Rauigkeit + Wald + Wind,0.0935480795134851
Paderborn,PA-05--PA-10,Distanz + Gelaendehoehe + Rauigkeit + Wald + Wind,0.0729043727031377
Paderborn,PA-06--PA-10,Distanz + Gelaendehoehe + Rauigkeit + Wald + Wind,0.0551821691768456
Paderborn,PA-07--PA-10,Distanz + Gelaendehoehe + Rauigkeit + Wald + Wind,0.0688759580719459
Paderborn,PA-08--PA-10,Distanz + Gelaendehoehe + Rauigkeit + Wald + Wind,0.0640922144978633
Paderborn,PA-09--PA-10,Distanz + Gelaendehoehe + Rauigkeit + Wald + Wind,0.0669492358804516
Paderborn,PA-11--PA-12,Distanz + Gelaendehoehe + Rauigkeit + Wald + Wind,0.0522065348427914
Paderborn,PA-02--PA-11,Distanz + Gelaendehoehe + Rauigkeit + Wald + Wind,0.1040289177709686
Paderborn,PA-03--PA-11,Distanz + Gelaendehoehe + Rauigkeit + Wald + Wind,0.088198664049757
Paderborn,PA-04--PA-11,Distanz + Gelaendehoehe + Rauigkeit + Wald + Wind,0.1413331855092996
Paderborn,PA-05--PA-11,Distanz + Gelaendehoehe + Rauigkeit + Wald + Wind,0.0695537317631183
Paderborn,PA-06--PA-11,Distanz + Gelaendehoehe + Rauigkeit + Wald + Wind,0.0847417936404847
Paderborn,PA-07--PA-11,Distanz + Gelaendehoehe + Rauigkeit + Wald + Wind,0.0723422686824037
Paderborn,PA-08--PA-11,Distanz + Gelaendehoehe + Rauigkeit + Wald + Wind,0.0649123743446314
Paderborn,PA-09--PA-11,Distanz + Gelaendehoehe + Rauigkeit + Wald + Wind,0.067279124574468
Paderborn,PA-02--PA-12,Distanz + Gelaendehoehe + Rauigkeit + Wald + Wind,0.0895404300954059
Paderborn,PA-03--PA-12,Distanz + Gelaendehoehe + Rauigkeit + Wald + Wind,0.1050972314663521
Paderborn,PA-04--PA-12,Distanz + Gelaendehoehe + Rauigkeit + Wald + Wind,0.1609023829940326
Paderborn,PA-05--PA-12,Distanz + Gelaendehoehe + Rauigkeit + Wald + Wind,0.0918129900208967
Paderborn,PA-06--PA-12,Distanz + Gelaendehoehe + Rauigkeit + Wald + Wind,0.1118516867973342
Paderborn,PA-07--PA-12,Distanz + Gelaendehoehe + Rauigkeit + Wald + Wind,0.0934947457254207
Paderborn,PA-08--PA-12,Distanz + Gelaendehoehe + Rauigkeit + Wald + Wind,0.0887649628561362
Paderborn,PA-09--PA-12,Distanz + Gelaendehoehe + Rauigkeit + Wald + Wind,0.085864312319167
Paderborn,PA-02--PA-03,Distanz + Gelaendehoehe + Rauigkeit + Wald + Wind,0.1263787404689628
Paderborn,PA-02--PA-04,Distanz + Gelaendehoehe + Rauigkeit + Wald + Wind,0.1440331073278882
Paderborn,PA-02--PA-05,Distanz + Gelaendehoehe + Rauigkeit + Wald + Wind,0.1429284317930803
Paderborn,PA-02--PA-06,Distanz + Gelaendehoehe + Rauigkeit + Wald + Wind,0.1872750547611135
Paderborn,PA-02--PA-07,Distanz + Gelaendehoehe + Rauigkeit + Wald + Wind,0.1451867203763807
Paderborn,PA-02--PA-08,Distanz + Gelaendehoehe + Rauigkeit + Wald + Wind,0.147166953476289
Paderborn,PA-02--PA-09,Distanz + Gelaendehoehe + Rauigkeit + Wald + Wind,0.1416544333443346
Paderborn,PA-03--PA-04,Distanz + Gelaendehoehe + Rauigkeit + Wald + Wind,0.0973966086977632
Paderborn,PA-03--PA-05,Distanz + Gelaendehoehe + Rauigkeit + Wald + Wind,0.0626650223901326
Paderborn,PA-03--PA-06,Distanz + Gelaendehoehe + Rauigkeit + Wald + Wind,0.0812534558259528
Paderborn,PA-03--PA-07,Distanz + Gelaendehoehe + Rauigkeit + Wald + Wind,0.0678656944286235
Paderborn,PA-03--PA-08,Distanz + Gelaendehoehe + Rauigkeit + Wald + Wind,0.0580034198094928
Paderborn,PA-03--PA-09,Distanz + Gelaendehoehe + Rauigkeit + Wald + Wind,0.0673802011133923
Paderborn,PA-04--PA-05,Distanz + Gelaendehoehe + Rauigkeit + Wald + Wind,0.0933776942284866
Paderborn,PA-04--PA-06,Distanz + Gelaendehoehe + Rauigkeit + Wald + Wind,0.0753171520513022
Paderborn,PA-04--PA-07,Distanz + Gelaendehoehe + Rauigkeit + Wald + Wind,0.0954239722023412
Paderborn,PA-04--PA-08,Distanz + Gelaendehoehe + Rauigkeit + Wald + Wind,0.1056776633825588
Paderborn,PA-04--PA-09,Distanz + Gelaendehoehe + Rauigkeit + Wald + Wind,0.1135777437883285
Paderborn,PA-05--PA-06,Distanz + Gelaendehoehe + Rauigkeit + Wald + Wind,0.0642478325774985
Paderborn,PA-05--PA-07,Distanz + Gelaendehoehe + Rauigkeit + Wald + Wind,0.0470851874609769
Paderborn,PA-05--PA-08,Distanz + Gelaendehoehe + Rauigkeit + Wald + Wind,0.0541469259608508
Paderborn,PA-05--PA-09,Distanz + Gelaendehoehe + Rauigkeit + Wald + Wind,0.0634493868141675
Paderborn,PA-06--PA-07,Distanz + Gelaendehoehe + Rauigkeit + Wald + Wind,0.0629780605258521
Paderborn,PA-06--PA-08,Distanz + Gelaendehoehe + Rauigkeit + Wald + Wind,0.0634328699044039
Paderborn,PA-06--PA-09,Distanz + Gelaendehoehe + Rauigkeit + Wald + Wind,0.0653811375647572
Paderborn,PA-07--PA-08,Distanz + Gelaendehoehe + Rauigkeit + Wald + Wind,0.0579377786367709
Paderborn,PA-07--PA-09,Distanz + Gelaendehoehe + Rauigkeit + Wald + Wind,0.0638914157039243
Paderborn,PA-08--PA-09,Distanz + Gelaendehoehe + Rauigkeit + Wald + Wind,0.0593869683479082
Rheda-Beckum,RB-01--RB-02,Distanz + Gelaendehoehe + Rauigkeit + Wald + Wind,0.0429478435115226
Rheda-Beckum,RB-01--RB-03,Distanz + Gelaendehoehe + Rauigkeit + Wald + Wind,0.0483363793015943
Rheda-Beckum,RB-01--RB-04,Distanz + Gelaendehoehe + Rauigkeit + Wald + Wind,0.0626981095373825
Rheda-Beckum,RB-01--RB-05,Distanz + Gelaendehoehe + Rauigkeit + Wald + Wind,0.057841368571216
Rheda-Beckum,RB-02--RB-03,Distanz + Gelaendehoehe + Rauigkeit + Wald + Wind,0.0444597600235793
Rheda-Beckum,RB-02--RB-04,Distanz + Gelaendehoehe + Rauigkeit + Wald + Wind,0.0618811025538328
Rheda-Beckum,RB-02--RB-05,Distanz + Gelaendehoehe + Rauigkeit + Wald + Wind,0.0569677455384824
Rheda-Beckum,RB-03--RB-04,Distanz + Gelaendehoehe + Rauigkeit + Wald + Wind,0.0581161711147376
Rheda-Beckum,RB-03--RB-05,Distanz + Gelaendehoehe + Rauigkeit + Wald + Wind,0.0532417214477405
Rheda-Beckum,RB-04--RB-05,Distanz + Gelaendehoehe + Rauigkeit + Wald + Wind,0.0443625569293971
Alpen-Sevelen,AS-01--AS-02,RIX + Gelaendehoehe + Rauigkeit + Wald + Wind,0.049909264321573
Alpen-Sevelen,AS-01--AS-03,RIX + Gelaendehoehe + Rauigkeit + Wald + Wind,0.0495029111146945
Alpen-Sevelen,AS-01--AS-04,RIX + Gelaendehoehe + Rauigkeit + Wald + Wind,0.0515239749696876
Alpen-Sevelen,AS-01--AS-05,RIX + Gelaendehoehe + Rauigkeit + Wald + Wind,0.0559153609048657
Alpen-Sevelen,AS-01--AS-06,RIX + Gelaendehoehe + Rauigkeit + Wald + Wind,0.0550459898138357
Alpen-Sevelen,AS-02--AS-03,RIX + Gelaendehoehe + Rauigkeit + Wald + Wind,0.0526479058736516
Alpen-Sevelen,AS-02--AS-04,RIX + Gelaendehoehe + Rauigkeit + Wald + Wind,0.048308731647673
Alpen-Sevelen,AS-02--AS-05,RIX + Gelaendehoehe + Rauigkeit + Wald + Wind,0.049245569364668
Alpen-Sevelen,AS-02--AS-06,RIX + Gelaendehoehe + Rauigkeit + Wald + Wind,0.0484700723031075
Alpen-Sevelen,AS-03--AS-04,RIX + Gelaendehoehe + Rauigkeit + Wald + Wind,0.0429631233932331
Alpen-Sevelen,AS-03--AS-05,RIX + Gelaendehoehe + Rauigkeit + Wald + Wind,0.0466941466273538
Alpen-Sevelen,AS-03--AS-06,RIX + Gelaendehoehe + Rauigkeit + Wald + Wind,0.0460332303898836
Alpen-Sevelen,AS-04--AS-05,RIX + Gelaendehoehe + Rauigkeit + Wald + Wind,0.0416558658286631
Alpen-Sevelen,AS-04--AS-06,RIX + Gelaendehoehe + Rauigkeit + Wald + Wind,0.0397499463444193
Alpen-Sevelen,AS-05--AS-06,RIX + Gelaendehoehe + Rauigkeit + Wald + Wind,0.0407214320686932
Altenmellrich,AM-01--AM-02,RIX + Gelaendehoehe + Rauigkeit + Wald + Wind,0.0639040990034804
Altenmellrich,AM-01--AM-03,RIX + Gelaendehoehe + Rauigkeit + Wald + Wind,0.0642136473634969
Altenmellrich,AM-01--AM-04,RIX + Gelaendehoehe + Rauigkeit + Wald + Wind,0.08604669803385
Altenmellrich,AM-02--AM-03,RIX + Gelaendehoehe + Rauigkeit + Wald + Wind,0.0609014072134796
Altenmellrich,AM-02--AM-04,RIX + Gelaendehoehe + Rauigkeit + Wald + Wind,0.0666735583790789
Altenmellrich,AM-03--AM-04,RIX + Gelaendehoehe + Rauigkeit + Wald + Wind,0.070582275054119
Bad Berleburg,BB-01--BB-02,RIX + Gelaendehoehe + Rauigkeit + Wald + Wind,0.2579834958607901
Bad Berleburg,BB-01--BB-03,RIX + Gelaendehoehe + Rauigkeit + Wald + Wind,0.1858447778269149
Bad Berleburg,BB-01--BB-04,RIX + Gelaendehoehe + Rauigkeit + Wald + Wind,0.2318807247693695
Bad Berleburg,BB-01--BB-05,RIX + Gelaendehoehe + Rauigkeit + Wald + Wind,0.1437397140370032
Bad Berleburg,BB-01--BB-06,RIX + Gelaendehoehe + Rauigkeit + Wald + Wind,0.3487402494649909
Bad Berleburg,BB-01--BB-07,RIX + Gelaendehoehe + Rauigkeit + Wald + Wind,0.3114131061177688
Bad Berleburg,BB-02--BB-03,RIX + Gelaendehoehe + Rauigkeit + Wald + Wind,0.3044198406627061
Bad Berleburg,BB-02--BB-04,RIX + Gelaendehoehe + Rauigkeit + Wald + Wind,0.2085483359676858
Bad Berleburg,BB-02--BB-05,RIX + Gelaendehoehe + Rauigkeit + Wald + Wind,0.2625213657572308
Bad Berleburg,BB-02--BB-06,RIX + Gelaendehoehe + Rauigkeit + Wald + Wind,0.5733649867393986
Bad Berleburg,BB-02--BB-07,RIX + Gelaendehoehe + Rauigkeit + Wald + Wind,0.1539127160051923
Bad Berleburg,BB-03--BB-04,RIX + Gelaendehoehe + Rauigkeit + Wald + Wind,0.3381690916470032
Bad Berleburg,BB-03--BB-05,RIX + Gelaendehoehe + Rauigkeit + Wald + Wind,0.2587493758298835
Bad Berleburg,BB-03--BB-06,RIX + Gelaendehoehe + Rauigkeit + Wald + Wind,0.3933921814923415
Bad Berleburg,BB-03--BB-07,RIX + Gelaendehoehe + Rauigkeit + Wald + Wind,0.6170858098453861
Bad Berleburg,BB-04--BB-05,RIX + Gelaendehoehe + Rauigkeit + Wald + Wind,0.3089147707265617
Bad Berleburg,BB-04--BB-06,RIX + Gelaendehoehe + Rauigkeit + Wald + Wind,0.481249713989168
Bad Berleburg,BB-04--BB-07,RIX + Gelaendehoehe + Rauigkeit + Wald + Wind,0.3051912748026847
Bad Berleburg,BB-05--BB-06,RIX + Gelaendehoehe + Rauigkeit + Wald + Wind,0.573676779997157
Bad Berleburg,BB-05--BB-07,RIX + Gelaendehoehe + Rauigkeit + Wald + Wind,0.3390388976315094
Bad Berleburg,BB-06--BB-07,RIX + Gelaendehoehe + Rauigkeit + Wald + Wind,1.1431290747054836
Borken-Coesfeld,BC-01--BC-02,RIX + Gelaendehoehe + Rauigkeit + Wald + Wind,0.0534102560806829
Borken-Coesfeld,BC-01--BC-03,RIX + Gelaendehoehe + Rauigkeit + Wald + Wind,0.0502931444988129
Borken-Coesfeld,BC-01--BC-04,RIX + Gelaendehoehe + Rauigkeit + Wald + Wind,0.0488080127903387
Borken-Coesfeld,BC-01--BC-05,RIX + Gelaendehoehe + Rauigkeit + Wald + Wind,0.0503438038026443
Borken-Coesfeld,BC-01--BC-06,RIX + Gelaendehoehe + Rauigkeit + Wald + Wind,0.053203578154214
Borken-Coesfeld,BC-02--BC-03,RIX + Gelaendehoehe + Rauigkeit + Wald + Wind,0.0602117487751828
Borken-Coesfeld,BC-02--BC-04,RIX + Gelaendehoehe + Rauigkeit + Wald + Wind,0.0551457997677842
Borken-Coesfeld,BC-02--BC-05,RIX + Gelaendehoehe + Rauigkeit + Wald + Wind,0.0490692380815277
Borken-Coesfeld,BC-02--BC-06,RIX + Gelaendehoehe + Rauigkeit + Wald + Wind,0.0634618152419756
Borken-Coesfeld,BC-03--BC-04,RIX + Gelaendehoehe + Rauigkeit + Wald + Wind,0.0453225652454476
Borken-Coesfeld,BC-03--BC-05,RIX + Gelaendehoehe + Rauigkeit + Wald + Wind,0.0543906147463434
Borken-Coesfeld,BC-03--BC-06,RIX + Gelaendehoehe + Rauigkeit + Wald + Wind,0.0463697495609061
Borken-Coesfeld,BC-04--BC-05,RIX + Gelaendehoehe + Rauigkeit + Wald + Wind,0.0515182559098618
Borken-Coesfeld,BC-04--BC-06,RIX + Gelaendehoehe + Rauigkeit + Wald + Wind,0.0502934215186395
Borken-Coesfeld,BC-05--BC-06,RIX + Gelaendehoehe + Rauigkeit + Wald + Wind,0.0551415141382003
Lorup,LO-01--LO-02,RIX + Gelaendehoehe + Rauigkeit + Wald + Wind,0.0552726394249495
Lorup,LO-01--LO-03,RIX + Gelaendehoehe + Rauigkeit + Wald + Wind,0.0673059712603224
Lorup,LO-02--LO-03,RIX + Gelaendehoehe + Rauigkeit + Wald + Wind,0.0575666129226946
Ostfriesland,OF-01--OF-02,RIX + Gelaendehoehe + Rauigkeit + Wald + Wind,0.0429764641044995
Ostfriesland,OF-01--OF-03,RIX + Gelaendehoehe + Rauigkeit + Wald + Wind,0.0440328773737187
Ostfriesland,OF-01--OF-04,RIX + Gelaendehoehe + Rauigkeit + Wald + Wind,0.049547999538286
Ostfriesland,OF-02--OF-03,RIX + Gelaendehoehe + Rauigkeit + Wald + Wind,0.0445478077610324
Ostfriesland,OF-02--OF-04,RIX + Gelaendehoehe + Rauigkeit + Wald + Wind,0.0487242298172613
Ostfriesland,OF-03--OF-04,RIX + Gelaendehoehe + Rauigkeit + Wald + Wind,0.0533471771566472
Paderborn,PA-01--PA-10,RIX + Gelaendehoehe + Rauigkeit + Wald + Wind,0.0881921946697445
Paderborn,PA-01--PA-11,RIX + Gelaendehoehe + Rauigkeit + Wald + Wind,0.0980046352625054
Paderborn,PA-01--PA-12,RIX + Gelaendehoehe + Rauigkeit + Wald + Wind,0.1016059623223655
Paderborn,PA-01--PA-02,RIX + Gelaendehoehe + Rauigkeit + Wald + Wind,0.0960648857593085
Paderborn,PA-01--PA-03,RIX + Gelaendehoehe + Rauigkeit + Wald + Wind,0.0857225387533055
Paderborn,PA-01--PA-04,RIX + Gelaendehoehe + Rauigkeit + Wald + Wind,0.0739270806885123
Paderborn,PA-01--PA-05,RIX + Gelaendehoehe + Rauigkeit + Wald + Wind,0.0888912948892864
Paderborn,PA-01--PA-06,RIX + Gelaendehoehe + Rauigkeit + Wald + Wind,0.0816989896172928
Paderborn,PA-01--PA-07,RIX + Gelaendehoehe + Rauigkeit + Wald + Wind,0.0887227227000973
Paderborn,PA-01--PA-08,RIX + Gelaendehoehe + Rauigkeit + Wald + Wind,0.0897784993820662
Paderborn,PA-01--PA-09,RIX + Gelaendehoehe + Rauigkeit + Wald + Wind,0.0954342401657465
Paderborn,PA-10--PA-11,RIX + Gelaendehoehe + Rauigkeit + Wald + Wind,0.0767686259674034
Paderborn,PA-10--PA-12,RIX + Gelaendehoehe + Rauigkeit + Wald + Wind,0.0823971968643477
Paderborn,PA-02--PA-10,RIX + Gelaendehoehe + Rauigkeit + Wald + Wind,0.0931998523637325
Paderborn,PA-03--PA-10,RIX + Gelaendehoehe + Rauigkeit + Wald + Wind,0.077522538147879
Paderborn,PA-04--PA-10,RIX + Gelaendehoehe + Rauigkeit + Wald + Wind,0.0780262361514236
Paderborn,PA-05--PA-10,RIX + Gelaendehoehe + Rauigkeit + Wald + Wind,0.0751091846224134
Paderborn,PA-06--PA-10,RIX + Gelaendehoehe + Rauigkeit + Wald + Wind,0.0706352789237463
Paderborn,PA-07--PA-10,RIX + Gelaendehoehe + Rauigkeit + Wald + Wind,0.0735733354033489
Paderborn,PA-08--PA-10,RIX + Gelaendehoehe + Rauigkeit + Wald + Wind,0.0720903110556159
Paderborn,PA-09--PA-10,RIX + Gelaendehoehe + Rauigkeit + Wald + Wind,0.0738668202612436
Paderborn,PA-11--PA-12,RIX + Gelaendehoehe + Rauigkeit + Wald + Wind,0.0646130909790511
Paderborn,PA-02--PA-11,RIX + Gelaendehoehe + Rauigkeit + Wald + Wind,0.0800730699726813
Paderborn,PA-03--PA-11,RIX + Gelaendehoehe + Rauigkeit + Wald + Wind,0.0793556551624094
Paderborn,PA-04--PA-11,RIX + Gelaendehoehe + Rauigkeit + Wald + Wind,0.0890236167908127
Paderborn,PA-05--PA-11,RIX + Gelaendehoehe + Rauigkeit + Wald + Wind,0.0722868439925883
Paderborn,PA-06--PA-11,RIX + Gelaendehoehe + Rauigkeit + Wald + Wind,0.0784834415803894
Paderborn,PA-07--PA-11,RIX + Gelaendehoehe + Rauigkeit + Wald + Wind,0.0733996800523524
Paderborn,PA-08--PA-11,RIX + Gelaendehoehe + Rauigkeit + Wald + Wind,0.0712137135724403
Paderborn,PA-09--PA-11,RIX + Gelaendehoehe + Rauigkeit + Wald + Wind,0.0707256703560493
Paderborn,PA-02--PA-12,RIX + Gelaendehoehe + Rauigkeit + Wald + Wind,0.0778568462428487
Paderborn,PA-03--PA-12,RIX + Gelaendehoehe + Rauigkeit + Wald + Wind,0.0843358058215805
Paderborn,PA-04--PA-12,RIX + Gelaendehoehe + Rauigkeit + Wald + Wind,0.093899465372413
Paderborn,PA-05--PA-12,RIX + Gelaendehoehe + Rauigkeit + Wald + Wind,0.0787049024628921
Paderborn,PA-06--PA-12,RIX + Gelaendehoehe + Rauigkeit + Wald + Wind,0.0849028888411792
Paderborn,PA-07--PA-12,RIX + Gelaendehoehe + Rauigkeit + Wald + Wind,0.0784222764838004
Paderborn,PA-08--PA-12,RIX + Gelaendehoehe + Rauigkeit + Wald + Wind,0.0770982000410794
Paderborn,PA-09--PA-12,RIX + Gelaendehoehe + Rauigkeit + Wald + Wind,0.0757255870014472
Paderborn,PA-02--PA-03,RIX + Gelaendehoehe + Rauigkeit + Wald + Wind,0.0869955478780618
Paderborn,PA-02--PA-04,RIX + Gelaendehoehe + Rauigkeit + Wald + Wind,0.0934116351968944
Paderborn,PA-02--PA-05,RIX + Gelaendehoehe + Rauigkeit + Wald + Wind,0.0888698719287812
Paderborn,PA-02--PA-06,RIX + Gelaendehoehe + Rauigkeit + Wald + Wind,0.0964793331597664
Paderborn,PA-02--PA-07,RIX + Gelaendehoehe + Rauigkeit + Wald + Wind,0.0877020787228371
Paderborn,PA-02--PA-08,RIX + Gelaendehoehe + Rauigkeit + Wald + Wind,0.0878833089740327
Paderborn,PA-02--PA-09,RIX + Gelaendehoehe + Rauigkeit + Wald + Wind,0.0853491247887915
Paderborn,PA-03--PA-04,RIX + Gelaendehoehe + Rauigkeit + Wald + Wind,0.0806203562750596
Paderborn,PA-03--PA-05,RIX + Gelaendehoehe + Rauigkeit + Wald + Wind,0.0725150197664891
Paderborn,PA-03--PA-06,RIX + Gelaendehoehe + Rauigkeit + Wald + Wind,0.0787227007282714
Paderborn,PA-03--PA-07,RIX + Gelaendehoehe + Rauigkeit + Wald + Wind,0.0741250987552896
Paderborn,PA-03--PA-08,RIX + Gelaendehoehe + Rauigkeit + Wald + Wind,0.0696696179152178
Paderborn,PA-03--PA-09,RIX + Gelaendehoehe + Rauigkeit + Wald + Wind,0.0728980710141958
Paderborn,PA-04--PA-05,RIX + Gelaendehoehe + Rauigkeit + Wald + Wind,0.0784931633479731
Paderborn,PA-04--PA-06,RIX + Gelaendehoehe + Rauigkeit + Wald + Wind,0.072911526329351
Paderborn,PA-04--PA-07,RIX + Gelaendehoehe + Rauigkeit + Wald + Wind,0.0788790777012781
Paderborn,PA-04--PA-08,RIX + Gelaendehoehe + Rauigkeit + Wald + Wind,0.0804343778340371
Paderborn,PA-04--PA-09,RIX + Gelaendehoehe + Rauigkeit + Wald + Wind,0.0830640114019776
Paderborn,PA-05--PA-06,RIX + Gelaendehoehe + Rauigkeit + Wald + Wind,0.071407848249771
Paderborn,PA-05--PA-07,RIX + Gelaendehoehe + Rauigkeit + Wald + Wind,0.0656136318166417
Paderborn,PA-05--PA-08,RIX + Gelaendehoehe + Rauigkeit + Wald + Wind,0.0678661072673288
Paderborn,PA-05--PA-09,RIX + Gelaendehoehe + Rauigkeit + Wald + Wind,0.0707478623600868
Paderborn,PA-06--PA-07,RIX + Gelaendehoehe + Rauigkeit + Wald + Wind,0.0710562311255514
Paderborn,PA-06--PA-08,RIX + Gelaendehoehe + Rauigkeit + Wald + Wind,0.0722677747193547
Paderborn,PA-06--PA-09,RIX + Gelaendehoehe + Rauigkeit + Wald + Wind,0.0733437913041583
Paderborn,PA-07--PA-08,RIX + Gelaendehoehe + Rauigkeit + Wald + Wind,0.068078248905833
Paderborn,PA-07--PA-09,RIX + Gelaendehoehe + Rauigkeit + Wald + Wind,0.06907437996016
Paderborn,PA-08--PA-09,RIX + Gelaendehoehe + Rauigkeit + Wald + Wind,0.0685175000890307
Rheda-Beckum,RB-01--RB-02,RIX + Gelaendehoehe + Rauigkeit + Wald + Wind,0.0382872916191769
Rheda-Beckum,RB-01--RB-03,RIX + Gelaendehoehe + Rauigkeit + Wald + Wind,0.0434919693520872
Rheda-Beckum,RB-01--RB-04,RIX + Gelaendehoehe + Rauigkeit + Wald + Wind,0.0560677136472848
Rheda-Beckum,RB-01--RB-05,RIX + Gelaendehoehe + Rauigkeit + Wald + Wind,0.0524891965339995
Rheda-Beckum,RB-02--RB-03,RIX + Gelaendehoehe + Rauigkeit + Wald + Wind,0.0404573145960396
Rheda-Beckum,RB-02--RB-04,RIX + Gelaendehoehe + Rauigkeit + Wald + Wind,0.0549390891623081
Rheda-Beckum,RB-02--RB-05,RIX + Gelaendehoehe + Rauigkeit + Wald + Wind,0.0514912918615182
Rheda-Beckum,RB-03--RB-04,RIX + Gelaendehoehe + Rauigkeit + Wald + Wind,0.052316134536547
Rheda-Beckum,RB-03--RB-05,RIX + Gelaendehoehe + Rauigkeit + Wald + Wind,0.0487019047650288
Rheda-Beckum,RB-04--RB-05,RIX + Gelaendehoehe + Rauigkeit + Wald + Wind,0.0398425749816126
Alpen-Sevelen,AS-01--AS-02,Vollstaendig,0.0498507392665761
Alpen-Sevelen,AS-01--AS-03,Vollstaendig,0.0495195042357818
Alpen-Sevelen,AS-01--AS-04,Vollstaendig,0.0515232084162551
Alpen-Sevelen,AS-01--AS-05,Vollstaendig,0.0559200112243496
Alpen-Sevelen,AS-01--AS-06,Vollstaendig,0.0550638931052912
Alpen-Sevelen,AS-02--AS-03,Vollstaendig,0.0527128375234807
Alpen-Sevelen,AS-02--AS-04,Vollstaendig,0.0483517228557855
Alpen-Sevelen,AS-02--AS-05,Vollstaendig,0.049270666498854
Alpen-Sevelen,AS-02--AS-06,Vollstaendig,0.0485107649236329
Alpen-Sevelen,AS-03--AS-04,Vollstaendig,0.0428864238137794
Alpen-Sevelen,AS-03--AS-05,Vollstaendig,0.0466325711237868
Alpen-Sevelen,AS-03--AS-06,Vollstaendig,0.0459701298782839
Alpen-Sevelen,AS-04--AS-05,Vollstaendig,0.0415826138115635
Alpen-Sevelen,AS-04--AS-06,Vollstaendig,0.0396798901953503
Alpen-Sevelen,AS-05--AS-06,Vollstaendig,0.0406444547285243
Altenmellrich,AM-01--AM-02,Vollstaendig,0.0592848248748353
Altenmellrich,AM-01--AM-03,Vollstaendig,0.0607746138525891
Altenmellrich,AM-01--AM-04,Vollstaendig,0.0830544194084926
Altenmellrich,AM-02--AM-03,Vollstaendig,0.0575326938276196
Altenmellrich,AM-02--AM-04,Vollstaendig,0.0644576796861791
Altenmellrich,AM-03--AM-04,Vollstaendig,0.066829792457098
Bad Berleburg,BB-01--BB-02,Vollstaendig,0.1249194511480085
Bad Berleburg,BB-01--BB-03,Vollstaendig,0.1124207745332649
Bad Berleburg,BB-01--BB-04,Vollstaendig,0.1258685944128046
Bad Berleburg,BB-01--BB-05,Vollstaendig,0.0976532236121591
Bad Berleburg,BB-01--BB-06,Vollstaendig,0.1562508218963208
Bad Berleburg,BB-01--BB-07,Vollstaendig,0.1684260814793015
Bad Berleburg,BB-02--BB-03,Vollstaendig,0.1592992574074732
Bad Berleburg,BB-02--BB-04,Vollstaendig,0.1280726137318423
Bad Berleburg,BB-02--BB-05,Vollstaendig,0.1370521420705059
Bad Berleburg,BB-02--BB-06,Vollstaendig,0.2160258376967656
Bad Berleburg,BB-02--BB-07,Vollstaendig,0.1105327711685979
Bad Berleburg,BB-03--BB-04,Vollstaendig,0.132792948090524
Bad Berleburg,BB-03--BB-05,Vollstaendig,0.134624349349821
Bad Berleburg,BB-03--BB-06,Vollstaendig,0.1440337476866945
Bad Berleburg,BB-03--BB-07,Vollstaendig,0.2391137669870494
Bad Berleburg,BB-04--BB-05,Vollstaendig,0.1318652844661719
Bad Berleburg,BB-04--BB-06,Vollstaendig,0.1556814421888248
Bad Berleburg,BB-04--BB-07,Vollstaendig,0.1705229993671198
Bad Berleburg,BB-05--BB-06,Vollstaendig,0.1774753792652662
Bad Berleburg,BB-05--BB-07,Vollstaendig,0.1673461662198413
Bad Berleburg,BB-06--BB-07,Vollstaendig,0.2968078835548804
Borken-Coesfeld,BC-01--BC-02,Vollstaendig,0.0529045917704476
Borken-Coesfeld,BC-01--BC-03,Vollstaendig,0.0511661330812448
Borken-Coesfeld,BC-01--BC-04,Vollstaendig,0.0495087056047318
Borken-Coesfeld,BC-01--BC-05,Vollstaendig,0.0508202823959658
Borken-Coesfeld,BC-01--BC-06,Vollstaendig,0.053354689545182
Borken-Coesfeld,BC-02--BC-03,Vollstaendig,0.061496979861317
Borken-Coesfeld,BC-02--BC-04,Vollstaendig,0.0561203323623516
Borken-Coesfeld,BC-02--BC-05,Vollstaendig,0.0496924957915149
Borken-Coesfeld,BC-02--BC-06,Vollstaendig,0.0636446537814963
Borken-Coesfeld,BC-03--BC-04,Vollstaendig,0.0447697470409109
Borken-Coesfeld,BC-03--BC-05,Vollstaendig,0.0539698918474509
Borken-Coesfeld,BC-03--BC-06,Vollstaendig,0.0466551672469913
Borken-Coesfeld,BC-04--BC-05,Vollstaendig,0.0509571367801636
Borken-Coesfeld,BC-04--BC-06,Vollstaendig,0.0504446170769186
Borken-Coesfeld,BC-05--BC-06,Vollstaendig,0.055073074310167
Lorup,LO-01--LO-02,Vollstaendig,0.0564835774278986
Lorup,LO-01--LO-03,Vollstaendig,0.0691105416007642
Lorup,LO-02--LO-03,Vollstaendig,0.0590537111192551
Ostfriesland,OF-01--OF-02,Vollstaendig,0.0403309548451798
Ostfriesland,OF-01--OF-03,Vollstaendig,0.0494532974626358
Ostfriesland,OF-01--OF-04,Vollstaendig,0.0629758993674348
Ostfriesland,OF-02--OF-03,Vollstaendig,0.0479930211593452
Ostfriesland,OF-02--OF-04,Vollstaendig,0.0591974171194343
Ostfriesland,OF-03--OF-04,Vollstaendig,0.0544159934210016
Paderborn,PA-01--PA-10,Vollstaendig,0.0870826472821986
Paderborn,PA-01--PA-11,Vollstaendig,0.0963579651094079
Paderborn,PA-01--PA-12,Vollstaendig,0.0997837185303209
Paderborn,PA-01--PA-02,Vollstaendig,0.0964628264009327
Paderborn,PA-01--PA-03,Vollstaendig,0.0857851937357839
Paderborn,PA-01--PA-04,Vollstaendig,0.0739616467600405
Paderborn,PA-01--PA-05,Vollstaendig,0.0885136180252298
Paderborn,PA-01--PA-06,Vollstaendig,0.0810723993141908
Paderborn,PA-01--PA-07,Vollstaendig,0.0880603329057717
Paderborn,PA-01--PA-08,Vollstaendig,0.0891369630715043
Paderborn,PA-01--PA-09,Vollstaendig,0.0939103548254379
Paderborn,PA-10--PA-11,Vollstaendig,0.077050980991321
Paderborn,PA-10--PA-12,Vollstaendig,0.0826064351615541
Paderborn,PA-02--PA-10,Vollstaendig,0.0919045139903505
Paderborn,PA-03--PA-10,Vollstaendig,0.0769543715002003
Paderborn,PA-04--PA-10,Vollstaendig,0.0776405637746019
Paderborn,PA-05--PA-10,Vollstaendig,0.075034882508611
Paderborn,PA-06--PA-10,Vollstaendig,0.070858266870595
Paderborn,PA-07--PA-10,Vollstaendig,0.0737221015387446
Paderborn,PA-08--PA-10,Vollstaendig,0.0721300259025821
Paderborn,PA-09--PA-10,Vollstaendig,0.0740200422896287
Paderborn,PA-11--PA-12,Vollstaendig,0.0650469802140722
Paderborn,PA-02--PA-11,Vollstaendig,0.0787085735318473
Paderborn,PA-03--PA-11,Vollstaendig,0.0784835354792396
Paderborn,PA-04--PA-11,Vollstaendig,0.0881988494139555
Paderborn,PA-05--PA-11,Vollstaendig,0.0719567661505937
Paderborn,PA-06--PA-11,Vollstaendig,0.0783816825399015
Paderborn,PA-07--PA-11,Vollstaendig,0.0732898159929442
Paderborn,PA-08--PA-11,Vollstaendig,0.0710292920033996
Paderborn,PA-09--PA-11,Vollstaendig,0.0708412896978229
Paderborn,PA-02--PA-12,Vollstaendig,0.0764508675544265
Paderborn,PA-03--PA-12,Vollstaendig,0.083287655829781
Paderborn,PA-04--PA-12,Vollstaendig,0.0929156998503202
Paderborn,PA-05--PA-12,Vollstaendig,0.0782345009508449
Paderborn,PA-06--PA-12,Vollstaendig,0.0847049393671999
Paderborn,PA-07--PA-12,Vollstaendig,0.0781934887935523
Paderborn,PA-08--PA-12,Vollstaendig,0.0767700659913686
Paderborn,PA-09--PA-12,Vollstaendig,0.0759015369693917
Paderborn,PA-02--PA-03,Vollstaendig,0.0870718453512916
Paderborn,PA-02--PA-04,Vollstaendig,0.0932696792511245
Paderborn,PA-02--PA-05,Vollstaendig,0.0884295964463552
Paderborn,PA-02--PA-06,Vollstaendig,0.0955602672424393
Paderborn,PA-02--PA-07,Vollstaendig,0.0869907099011611
Paderborn,PA-02--PA-08,Vollstaendig,0.0872233095575179
Paderborn,PA-02--PA-09,Vollstaendig,0.0838773017312053
Paderborn,PA-03--PA-04,Vollstaendig,0.0809016641530587
Paderborn,PA-03--PA-05,Vollstaendig,0.0726273909488116
Paderborn,PA-03--PA-06,Vollstaendig,0.078457718192386
Paderborn,PA-03--PA-07,Vollstaendig,0.0740133245674221
Paderborn,PA-03--PA-08,Vollstaendig,0.0696447921137479
Paderborn,PA-03--PA-09,Vollstaendig,0.0720675439001533
Paderborn,PA-04--PA-05,Vollstaendig,0.0787587718827964
Paderborn,PA-04--PA-06,Vollstaendig,0.0729068920464076
Paderborn,PA-04--PA-07,Vollstaendig,0.0788897599929634
Paderborn,PA-04--PA-08,Vollstaendig,0.0804357480804378
Paderborn,PA-04--PA-09,Vollstaendig,0.0823469858344107
Paderborn,PA-05--PA-06,Vollstaendig,0.0716275808131331
Paderborn,PA-05--PA-07,Vollstaendig,0.0659398792826773
Paderborn,PA-05--PA-08,Vollstaendig,0.0681817738508297
Paderborn,PA-05--PA-09,Vollstaendig,0.0703805416303862
Paderborn,PA-06--PA-07,Vollstaendig,0.0713770945717354
Paderborn,PA-06--PA-08,Vollstaendig,0.0724419988904504
Paderborn,PA-06--PA-09,Vollstaendig,0.0733075430159119
Paderborn,PA-07--PA-08,Vollstaendig,0.0684814056362903
Paderborn,PA-07--PA-09,Vollstaendig,0.0688822951099253
Paderborn,PA-08--PA-09,Vollstaendig,0.0681965437064327
Rheda-Beckum,RB-01--RB-02,Vollstaendig,0.0387393273704604
Rheda-Beckum,RB-01--RB-03,Vollstaendig,0.0439183510544654
Rheda-Beckum,RB-01--RB-04,Vollstaendig,0.0557388818001638
Rheda-Beckum,RB-01--RB-05,Vollstaendig,0.0520667750344546
Rheda-Beckum,RB-02--RB-03,Vollstaendig,0.0408823007403762
Rheda-Beckum,RB-02--RB-04,Vollstaendig,0.0546769231588474
Rheda-Beckum,RB-02--RB-05,Vollstaendig,0.0511184179700385
Rheda-Beckum,RB-03--RB-04,Vollstaendig,0.0521560027289493
Rheda-Beckum,RB-03--RB-05,Vollstaendig,0.0484483347356771
Rheda-Beckum,RB-04--RB-05,Vollstaendig,0.0402869225469683
