modell,teststandort,merkmalsgewichtung,trainingspaar,naechstes_paar_anderer_standort,dissimilarity_index_training
Wald + Wind,Alpen-Sevelen,Koeffizientenbetraege,AM-01--AM-02,PA-07--PA-11,0.0348133491119368
Wald + Wind,Alpen-Sevelen,Koeffizientenbetraege,AM-01--AM-03,PA-05--PA-11,0.0470629796770436
Wald + Wind,Alpen-Sevelen,Koeffizientenbetraege,AM-01--AM-04,PA-04--PA-11,0.2014233921923613
Wald + Wind,Alpen-Sevelen,Koeffizientenbetraege,AM-02--AM-03,PA-10--PA-11,0.0866671936134231
Wald + Wind,Alpen-Sevelen,Koeffizientenbetraege,AM-02--AM-04,PA-05--PA-11,0.1375313685656577
Wald + Wind,Alpen-Sevelen,Koeffizientenbetraege,AM-03--AM-04,PA-03--PA-05,0.2234904745183057
Wald + Wind,Alpen-Sevelen,Koeffizientenbetraege,BB-01--BB-02,AM-02--AM-04,0.1805409099580614
Wald + Wind,Alpen-Sevelen,Koeffizientenbetraege,BB-01--BB-03,PA-08--PA-11,0.0629786008327853
Wald + Wind,Alpen-Sevelen,Koeffizientenbetraege,BB-01--BB-04,PA-04--PA-05,0.0872634095855974
Wald + Wind,Alpen-Sevelen,Koeffizientenbetraege,BB-01--BB-05,PA-06--PA-11,0.1240623032197024
Wald + Wind,Alpen-Sevelen,Koeffizientenbetraege,BB-01--BB-06,PA-04--PA-10,0.1710086568607952
Wald + Wind,Alpen-Sevelen,Koeffizientenbetraege,BB-01--BB-07,PA-04--PA-10,0.056705352157134
Wald + Wind,Alpen-Sevelen,Koeffizientenbetraege,BB-02--BB-03,PA-04--PA-09,0.0883330700947355
Wald + Wind,Alpen-Sevelen,Koeffizientenbetraege,BB-02--BB-04,PA-03--PA-08,0.1125312629034695
Wald + Wind,Alpen-Sevelen,Koeffizientenbetraege,BB-02--BB-05,PA-03--PA-10,0.072855485630959
Wald + Wind,Alpen-Sevelen,Koeffizientenbetraege,BB-02--BB-06,PA-01--PA-06,0.3417577903314794
Wald + Wind,Alpen-Sevelen,Koeffizientenbetraege,BB-02--BB-07,PA-03--PA-08,0.0989349877036678
Wald + Wind,Alpen-Sevelen,Koeffizientenbetraege,BB-03--BB-04,PA-04--PA-08,0.120530348930295
Wald + Wind,Alpen-Sevelen,Koeffizientenbetraege,BB-03--BB-05,PA-03--PA-09,0.0515140373668528
Wald + Wind,Alpen-Sevelen,Koeffizientenbetraege,BB-03--BB-06,PA-04--PA-10,0.0161970787890088
Wald + Wind,Alpen-Sevelen,Koeffizientenbetraege,BB-03--BB-07,PA-01--PA-08,0.2863860005974818
Wald + Wind,Alpen-Sevelen,Koeffizientenbetraege,BB-04--BB-05,AM-01--AM-03,0.1670638995742767
Wald + Wind,Alpen-Sevelen,Koeffizientenbetraege,BB-04--BB-06,PA-04--PA-11,0.1570455381955726
Wald + Wind,Alpen-Sevelen,Koeffizientenbetraege,BB-04--BB-07,PA-04--PA-05,0.0500464475718115
Wald + Wind,Alpen-Sevelen,Koeffizientenbetraege,BB-05--BB-06,PA-01--PA-03,0.158078679543564
Wald + Wind,Alpen-Sevelen,Koeffizientenbetraege,BB-05--BB-07,PA-04--PA-09,0.0852520497662547
Wald + Wind,Alpen-Sevelen,Koeffizientenbetraege,BB-06--BB-07,PA-01--PA-06,0.6689562436080984
Wald + Wind,Alpen-Sevelen,Koeffizientenbetraege,BC-01--BC-02,PA-05--PA-07,0.0751202098456438
Wald + Wind,Alpen-Sevelen,Koeffizientenbetraege,BC-01--BC-03,PA-06--PA-08,0.1188275563642099
Wald + Wind,Alpen-Sevelen,Koeffizientenbetraege,BC-01--BC-04,PA-05--PA-06,0.0822533541040927
Wald + Wind,Alpen-Sevelen,Koeffizientenbetraege,BC-01--BC-05,PA-06--PA-08,0.1839538413778868
Wald + Wind,Alpen-Sevelen,Koeffizientenbetraege,BC-01--BC-06,RB-03--RB-05,0.0706062487849569
Wald + Wind,Alpen-Sevelen,Koeffizientenbetraege,BC-02--BC-03,PA-06--PA-10,0.0959831189420674
Wald + Wind,Alpen-Sevelen,Koeffizientenbetraege,BC-02--BC-04,PA-06--PA-08,0.0839704935540179
Wald + Wind,Alpen-Sevelen,Koeffizientenbetraege,BC-02--BC-05,RB-01--RB-03,0.1182618904266337
Wald + Wind,Alpen-Sevelen,Koeffizientenbetraege,BC-02--BC-06,PA-08--PA-09,0.0767789926130649
Wald + Wind,Alpen-Sevelen,Koeffizientenbetraege,BC-03--BC-04,RB-01--RB-03,0.2258225178496959
Wald + Wind,Alpen-Sevelen,Koeffizientenbetraege,BC-03--BC-05,PA-05--PA-06,0.1664582723113799
Wald + Wind,Alpen-Sevelen,Koeffizientenbetraege,BC-03--BC-06,PA-05--PA-07,0.1348021877616497
Wald + Wind,Alpen-Sevelen,Koeffizientenbetraege,BC-04--BC-05,PA-05--PA-06,0.1871912021294501
Wald + Wind,Alpen-Sevelen,Koeffizientenbetraege,BC-04--BC-06,PA-05--PA-07,0.0413724739928066
Wald + Wind,Alpen-Sevelen,Koeffizientenbetraege,BC-05--BC-06,PA-11--PA-12,0.1362597054961926
Wald + Wind,Alpen-Sevelen,Koeffizientenbetraege,LO-01--LO-02,PA-06--PA-09,0.2573975152657931
Wald + Wind,Alpen-Sevelen,Koeffizientenbetraege,LO-01--LO-03,AM-02--AM-03,0.2288403738163888
Wald + Wind,Alpen-Sevelen,Koeffizientenbetraege,LO-02--LO-03,PA-06--PA-09,0.1509271135368577
Wald + Wind,Alpen-Sevelen,Koeffizientenbetraege,OF-01--OF-02,RB-02--RB-03,0.1581862881434469
Wald + Wind,Alpen-Sevelen,Koeffizientenbetraege,OF-01--OF-03,RB-02--RB-03,0.1544969105292454
Wald + Wind,Alpen-Sevelen,Koeffizientenbetraege,OF-01--OF-04,BC-02--BC-04,0.2823384946951669
Wald + Wind,Alpen-Sevelen,Koeffizientenbetraege,OF-02--OF-03,RB-04--RB-05,0.2761075672615198
Wald + Wind,Alpen-Sevelen,Koeffizientenbetraege,OF-02--OF-04,BC-01--BC-05,0.2507836321024531
Wald + Wind,Alpen-Sevelen,Koeffizientenbetraege,OF-03--OF-04,BC-02--BC-04,0.2102344795574361
Wald + Wind,Alpen-Sevelen,Koeffizientenbetraege,PA-01--PA-10,BB-02--BB-06,0.4414881323979676
Wald + Wind,Alpen-Sevelen,Koeffizientenbetraege,PA-01--PA-11,BB-02--BB-06,0.6176218060262759
Wald + Wind,Alpen-Sevelen,Koeffizientenbetraege,PA-01--PA-12,AM-01--AM-04,1.041309718399814
Wald + Wind,Alpen-Sevelen,Koeffizientenbetraege,PA-01--PA-02,AM-01--AM-04,0.5908829552543859
Wald + Wind,Alpen-Sevelen,Koeffizientenbetraege,PA-01--PA-03,BB-02--BB-05,0.1045513091560592
Wald + Wind,Alpen-Sevelen,Koeffizientenbetraege,PA-01--PA-04,AM-03--AM-04,0.3292191030171654
Wald + Wind,Alpen-Sevelen,Koeffizientenbetraege,PA-01--PA-05,AM-01--AM-04,0.4376779724494875
Wald + Wind,Alpen-Sevelen,Koeffizientenbetraege,PA-01--PA-06,BB-02--BB-06,0.3417577903314794
Wald + Wind,Alpen-Sevelen,Koeffizientenbetraege,PA-01--PA-07,AM-01--AM-04,0.559233341094761
Wald + Wind,Alpen-Sevelen,Koeffizientenbetraege,PA-01--PA-08,BB-03--BB-07,0.2863860005974818
Wald + Wind,Alpen-Sevelen,Koeffizientenbetraege,PA-01--PA-09,BB-03--BB-07,0.8045630688517117
Wald + Wind,Alpen-Sevelen,Koeffizientenbetraege,PA-10--PA-11,AM-02--AM-03,0.0866671936134231
Wald + Wind,Alpen-Sevelen,Koeffizientenbetraege,PA-10--PA-12,AM-03--AM-04,0.3327422846468685
Wald + Wind,Alpen-Sevelen,Koeffizientenbetraege,PA-02--PA-10,AM-01--AM-04,0.7937487107822171
Wald + Wind,Alpen-Sevelen,Koeffizientenbetraege,PA-03--PA-10,BB-02--BB-05,0.072855485630959
Wald + Wind,Alpen-Sevelen,Koeffizientenbetraege,PA-04--PA-10,BB-03--BB-06,0.0161970787890088
Wald + Wind,Alpen-Sevelen,Koeffizientenbetraege,PA-05--PA-10,BB-03--BB-05,0.0541295589468678
Wald + Wind,Alpen-Sevelen,Koeffizientenbetraege,PA-06--PA-10,RB-01--RB-05,0.0625523780804592
Wald + Wind,Alpen-Sevelen,Koeffizientenbetraege,PA-07--PA-10,BB-01--BB-03,0.308189963300772
Wald + Wind,Alpen-Sevelen,Koeffizientenbetraege,PA-08--PA-10,RB-03--RB-04,0.1117182141118681
Wald + Wind,Alpen-Sevelen,Koeffizientenbetraege,PA-09--PA-10,BB-01--BB-03,0.1619883787013092
Wald + Wind,Alpen-Sevelen,Koeffizientenbetraege,PA-11--PA-12,BC-01--BC-04,0.1187191530892334
Wald + Wind,Alpen-Sevelen,Koeffizientenbetraege,PA-02--PA-11,BB-03--BB-07,0.3972839587917624
Wald + Wind,Alpen-Sevelen,Koeffizientenbetraege,PA-03--PA-11,AM-01--AM-04,0.2823873898105033
Wald + Wind,Alpen-Sevelen,Koeffizientenbetraege,PA-04--PA-11,BB-04--BB-06,0.1570455381955726
Wald + Wind,Alpen-Sevelen,Koeffizientenbetraege,PA-05--PA-11,AM-01--AM-03,0.0470629796770436
Wald + Wind,Alpen-Sevelen,Koeffizientenbetraege,PA-06--PA-11,AM-01--AM-02,0.1155517417308852
Wald + Wind,Alpen-Sevelen,Koeffizientenbetraege,PA-07--PA-11,AM-01--AM-02,0.0348133491119368
Wald + Wind,Alpen-Sevelen,Koeffizientenbetraege,PA-08--PA-11,BB-01--BB-03,0.0629786008327853
Wald + Wind,Alpen-Sevelen,Koeffizientenbetraege,PA-09--PA-11,AM-02--AM-03,0.2197996858868354
Wald + Wind,Alpen-Sevelen,Koeffizientenbetraege,PA-02--PA-12,BB-04--BB-06,0.1911993268861928
Wald + Wind,Alpen-Sevelen,Koeffizientenbetraege,PA-03--PA-12,AM-01--AM-04,0.8384498153143526
Wald + Wind,Alpen-Sevelen,Koeffizientenbetraege,PA-04--PA-12,AM-01--AM-04,0.6296767836864502
Wald + Wind,Alpen-Sevelen,Koeffizientenbetraege,PA-05--PA-12,BB-05--BB-07,0.1722014333494235
Wald + Wind,Alpen-Sevelen,Koeffizientenbetraege,PA-06--PA-12,AM-03--AM-04,0.4003077838515902
Wald + Wind,Alpen-Sevelen,Koeffizientenbetraege,PA-07--PA-12,BB-03--BB-05,0.1659457842887174
Wald + Wind,Alpen-Sevelen,Koeffizientenbetraege,PA-08--PA-12,AM-03--AM-04,0.368282807825659
Wald + Wind,Alpen-Sevelen,Koeffizientenbetraege,PA-09--PA-12,AM-03--AM-04,0.4222366642824279
Wald + Wind,Alpen-Sevelen,Koeffizientenbetraege,PA-02--PA-03,AM-01--AM-04,0.7429957641899918
Wald + Wind,Alpen-Sevelen,Koeffizientenbetraege,PA-02--PA-04,AM-03--AM-04,0.6179398566126592
Wald + Wind,Alpen-Sevelen,Koeffizientenbetraege,PA-02--PA-05,AM-01--AM-04,0.6798440179380252
Wald + Wind,Alpen-Sevelen,Koeffizientenbetraege,PA-02--PA-06,AM-01--AM-04,0.7547900779570894
Wald + Wind,Alpen-Sevelen,Koeffizientenbetraege,PA-02--PA-07,AM-01--AM-04,0.5331418275860114
Wald + Wind,Alpen-Sevelen,Koeffizientenbetraege,PA-02--PA-08,AM-01--AM-04,0.9109430182743944
Wald + Wind,Alpen-Sevelen,Koeffizientenbetraege,PA-02--PA-09,AM-01--AM-04,0.9230108537156124
Wald + Wind,Alpen-Sevelen,Koeffizientenbetraege,PA-03--PA-04,BB-03--BB-05,0.2587841138071987
Wald + Wind,Alpen-Sevelen,Koeffizientenbetraege,PA-03--PA-05,AM-02--AM-03,0.2046606885328863
Wald + Wind,Alpen-Sevelen,Koeffizientenbetraege,PA-03--PA-06,BB-02--BB-04,0.1136517757629856
Wald + Wind,Alpen-Sevelen,Koeffizientenbetraege,PA-03--PA-07,AM-03--AM-04,0.2996457478569208
Wald + Wind,Alpen-Sevelen,Koeffizientenbetraege,PA-03--PA-08,AM-01--AM-02,0.0666820195066538
Wald + Wind,Alpen-Sevelen,Koeffizientenbetraege,PA-03--PA-09,BB-03--BB-05,0.0515140373668528
Wald + Wind,Alpen-Sevelen,Koeffizientenbetraege,PA-04--PA-05,BB-04--BB-07,0.0500464475718115
Wald + Wind,Alpen-Sevelen,Koeffizientenbetraege,PA-04--PA-06,BB-01--BB-07,0.222401739503423
Wald + Wind,Alpen-Sevelen,Koeffizientenbetraege,PA-04--PA-07,BB-03--BB-05,0.1080784225285274
Wald + Wind,Alpen-Sevelen,Koeffizientenbetraege,PA-04--PA-08,BB-03--BB-04,0.120530348930295
Wald + Wind,Alpen-Sevelen,Koeffizientenbetraege,PA-04--PA-09,BB-02--BB-05,0.0833335177071679
Wald + Wind,Alpen-Sevelen,Koeffizientenbetraege,PA-05--PA-06,BC-01--BC-04,0.0822533541040927
Wald + Wind,Alpen-Sevelen,Koeffizientenbetraege,PA-05--PA-07,BC-04--BC-06,0.0413724739928066
Wald + Wind,Alpen-Sevelen,Koeffizientenbetraege,PA-05--PA-08,BC-02--BC-06,0.1639586498050444
Wald + Wind,Alpen-Sevelen,Koeffizientenbetraege,PA-05--PA-09,BB-01--BB-03,0.06640011058618
Wald + Wind,Alpen-Sevelen,Koeffizientenbetraege,PA-06--PA-07,BC-05--BC-06,0.1838047557028586
Wald + Wind,Alpen-Sevelen,Koeffizientenbetraege,PA-06--PA-08,BC-02--BC-04,0.0839704935540179
Wald + Wind,Alpen-Sevelen,Koeffizientenbetraege,PA-06--PA-09,BC-05--BC-06,0.147128873207286
Wald + Wind,Alpen-Sevelen,Koeffizientenbetraege,PA-07--PA-08,LO-02--LO-03,0.2002983733705949
Wald + Wind,Alpen-Sevelen,Koeffizientenbetraege,PA-07--PA-09,RB-03--RB-05,0.0787859940688767
Wald + Wind,Alpen-Sevelen,Koeffizientenbetraege,PA-08--PA-09,BC-02--BC-06,0.0767789926130649
Wald + Wind,Alpen-Sevelen,Koeffizientenbetraege,RB-01--RB-02,OF-01--OF-02,0.179155185992181
Wald + Wind,Alpen-Sevelen,Koeffizientenbetraege,RB-01--RB-03,BC-02--BC-05,0.1182618904266337
Wald + Wind,Alpen-Sevelen,Koeffizientenbetraege,RB-01--RB-04,PA-08--PA-10,0.1236899793219768
Wald + Wind,Alpen-Sevelen,Koeffizientenbetraege,RB-01--RB-05,PA-06--PA-10,0.0625523780804592
Wald + Wind,Alpen-Sevelen,Koeffizientenbetraege,RB-02--RB-03,OF-01--OF-03,0.1544969105292454
Wald + Wind,Alpen-Sevelen,Koeffizientenbetraege,RB-02--RB-04,PA-08--PA-10,0.1133589747627937
Wald + Wind,Alpen-Sevelen,Koeffizientenbetraege,RB-02--RB-05,PA-06--PA-10,0.0785314576331124
Wald + Wind,Alpen-Sevelen,Koeffizientenbetraege,RB-03--RB-04,AM-01--AM-02,0.0900429957088939
Wald + Wind,Alpen-Sevelen,Koeffizientenbetraege,RB-03--RB-05,BC-01--BC-06,0.0706062487849569
Wald + Wind,Alpen-Sevelen,Koeffizientenbetraege,RB-04--RB-05,OF-01--OF-03,0.1584886301294462
Wald + Wind,Alpen-Sevelen,Gleichgewichtung,AM-01--AM-02,PA-07--PA-11,0.0327657452464651
Wald + Wind,Alpen-Sevelen,Gleichgewichtung,AM-01--AM-03,PA-05--PA-11,0.052800189189992
Wald + Wind,Alpen-Sevelen,Gleichgewichtung,AM-01--AM-04,PA-04--PA-11,0.1876734123206123
Wald + Wind,Alpen-Sevelen,Gleichgewichtung,AM-02--AM-03,PA-10--PA-11,0.0827780836421436
Wald + Wind,Alpen-Sevelen,Gleichgewichtung,AM-02--AM-04,PA-05--PA-11,0.1228067301578143
Wald + Wind,Alpen-Sevelen,Gleichgewichtung,AM-03--AM-04,PA-03--PA-05,0.2698732863129281
Wald + Wind,Alpen-Sevelen,Gleichgewichtung,BB-01--BB-02,AM-02--AM-04,0.2131958738842911
Wald + Wind,Alpen-Sevelen,Gleichgewichtung,BB-01--BB-03,PA-08--PA-11,0.0554456775731855
Wald + Wind,Alpen-Sevelen,Gleichgewichtung,BB-01--BB-04,PA-04--PA-05,0.1044783509572194
Wald + Wind,Alpen-Sevelen,Gleichgewichtung,BB-01--BB-05,PA-08--PA-09,0.137639948736028
Wald + Wind,Alpen-Sevelen,Gleichgewichtung,BB-01--BB-06,PA-04--PA-10,0.1520855980622128
Wald + Wind,Alpen-Sevelen,Gleichgewichtung,BB-01--BB-07,PA-04--PA-10,0.0684640368693366
Wald + Wind,Alpen-Sevelen,Gleichgewichtung,BB-02--BB-03,PA-04--PA-09,0.0926999047365848
Wald + Wind,Alpen-Sevelen,Gleichgewichtung,BB-02--BB-04,PA-03--PA-06,0.1219353264953587
Wald + Wind,Alpen-Sevelen,Gleichgewichtung,BB-02--BB-05,PA-03--PA-10,0.0839560180805189
Wald + Wind,Alpen-Sevelen,Gleichgewichtung,BB-02--BB-06,PA-01--PA-06,0.4039445334357005
Wald + Wind,Alpen-Sevelen,Gleichgewichtung,BB-02--BB-07,PA-03--PA-08,0.1018364769327227
Wald + Wind,Alpen-Sevelen,Gleichgewichtung,BB-03--BB-04,PA-03--PA-10,0.1338254542323258
Wald + Wind,Alpen-Sevelen,Gleichgewichtung,BB-03--BB-05,PA-03--PA-09,0.0471179279825319
Wald + Wind,Alpen-Sevelen,Gleichgewichtung,BB-03--BB-06,PA-04--PA-10,0.0170542277493282
Wald + Wind,Alpen-Sevelen,Gleichgewichtung,BB-03--BB-07,PA-01--PA-08,0.3172281317233048
Wald + Wind,Alpen-Sevelen,Gleichgewichtung,BB-04--BB-05,AM-01--AM-03,0.1727606181157326
Wald + Wind,Alpen-Sevelen,Gleichgewichtung,BB-04--BB-06,PA-04--PA-11,0.1895206838237675
Wald + Wind,Alpen-Sevelen,Gleichgewichtung,BB-04--BB-07,PA-04--PA-05,0.0492789736499857
Wald + Wind,Alpen-Sevelen,Gleichgewichtung,BB-05--BB-06,PA-01--PA-03,0.1387126879401851
Wald + Wind,Alpen-Sevelen,Gleichgewichtung,BB-05--BB-07,PA-04--PA-09,0.0949270294971304
Wald + Wind,Alpen-Sevelen,Gleichgewichtung,BB-06--BB-07,PA-01--PA-06,0.7483552974929217
Wald + Wind,Alpen-Sevelen,Gleichgewichtung,BC-01--BC-02,PA-05--PA-07,0.0665054283634296
Wald + Wind,Alpen-Sevelen,Gleichgewichtung,BC-01--BC-03,PA-06--PA-08,0.1089557540292611
Wald + Wind,Alpen-Sevelen,Gleichgewichtung,BC-01--BC-04,PA-05--PA-06,0.0721975841941851
Wald + Wind,Alpen-Sevelen,Gleichgewichtung,BC-01--BC-05,PA-06--PA-08,0.1612155949982254
Wald + Wind,Alpen-Sevelen,Gleichgewichtung,BC-01--BC-06,PA-05--PA-06,0.0830859019603297
Wald + Wind,Alpen-Sevelen,Gleichgewichtung,BC-02--BC-03,RB-01--RB-05,0.0858433905154781
Wald + Wind,Alpen-Sevelen,Gleichgewichtung,BC-02--BC-04,PA-06--PA-08,0.082955563731328
Wald + Wind,Alpen-Sevelen,Gleichgewichtung,BC-02--BC-05,RB-01--RB-03,0.1114646503303171
Wald + Wind,Alpen-Sevelen,Gleichgewichtung,BC-02--BC-06,PA-08--PA-09,0.0918777060793914
Wald + Wind,Alpen-Sevelen,Gleichgewichtung,BC-03--BC-04,RB-01--RB-03,0.2128264094557221
Wald + Wind,Alpen-Sevelen,Gleichgewichtung,BC-03--BC-05,PA-05--PA-06,0.1645746901149255
Wald + Wind,Alpen-Sevelen,Gleichgewichtung,BC-03--BC-06,PA-05--PA-07,0.1624555444502694
Wald + Wind,Alpen-Sevelen,Gleichgewichtung,BC-04--BC-05,PA-06--PA-08,0.1759903518381268
Wald + Wind,Alpen-Sevelen,Gleichgewichtung,BC-04--BC-06,PA-05--PA-07,0.0423019775024619
Wald + Wind,Alpen-Sevelen,Gleichgewichtung,BC-05--BC-06,PA-11--PA-12,0.1205075371565159
Wald + Wind,Alpen-Sevelen,Gleichgewichtung,LO-01--LO-02,PA-06--PA-09,0.2367897762553101
Wald + Wind,Alpen-Sevelen,Gleichgewichtung,LO-01--LO-03,AM-02--AM-03,0.2033906533324271
Wald + Wind,Alpen-Sevelen,Gleichgewichtung,LO-02--LO-03,PA-06--PA-09,0.151237285971996
Wald + Wind,Alpen-Sevelen,Gleichgewichtung,OF-01--OF-02,RB-02--RB-03,0.1908882514484199
Wald + Wind,Alpen-Sevelen,Gleichgewichtung,OF-01--OF-03,RB-02--RB-03,0.1781924533819881
Wald + Wind,Alpen-Sevelen,Gleichgewichtung,OF-01--OF-04,BC-02--BC-04,0.3234634738681907
Wald + Wind,Alpen-Sevelen,Gleichgewichtung,OF-02--OF-03,RB-02--RB-03,0.3179283906072749
Wald + Wind,Alpen-Sevelen,Gleichgewichtung,OF-02--OF-04,RB-04--RB-05,0.2775688594070355
Wald + Wind,Alpen-Sevelen,Gleichgewichtung,OF-03--OF-04,BC-02--BC-04,0.2368234320019321
Wald + Wind,Alpen-Sevelen,Gleichgewichtung,PA-01--PA-10,BB-02--BB-06,0.5297967453545048
Wald + Wind,Alpen-Sevelen,Gleichgewichtung,PA-01--PA-11,BB-03--BB-07,0.7352091830019867
Wald + Wind,Alpen-Sevelen,Gleichgewichtung,PA-01--PA-12,AM-01--AM-04,1.0797115505928498
Wald + Wind,Alpen-Sevelen,Gleichgewichtung,PA-01--PA-02,AM-03--AM-04,0.6899976939377452
Wald + Wind,Alpen-Sevelen,Gleichgewichtung,PA-01--PA-03,BB-02--BB-05,0.0955344966164061
Wald + Wind,Alpen-Sevelen,Gleichgewichtung,PA-01--PA-04,AM-03--AM-04,0.3146562424379033
Wald + Wind,Alpen-Sevelen,Gleichgewichtung,PA-01--PA-05,AM-01--AM-04,0.4708061997367089
Wald + Wind,Alpen-Sevelen,Gleichgewichtung,PA-01--PA-06,BB-03--BB-07,0.3882958150406154
Wald + Wind,Alpen-Sevelen,Gleichgewichtung,PA-01--PA-07,AM-01--AM-04,0.614063537596136
Wald + Wind,Alpen-Sevelen,Gleichgewichtung,PA-01--PA-08,BB-03--BB-07,0.3172281317233048
Wald + Wind,Alpen-Sevelen,Gleichgewichtung,PA-01--PA-09,AM-01--AM-04,0.8039157653593925
Wald + Wind,Alpen-Sevelen,Gleichgewichtung,PA-10--PA-11,AM-02--AM-03,0.0827780836421436
Wald + Wind,Alpen-Sevelen,Gleichgewichtung,PA-10--PA-12,AM-03--AM-04,0.3944952796803794
Wald + Wind,Alpen-Sevelen,Gleichgewichtung,PA-02--PA-10,AM-01--AM-04,0.9094963126018716
Wald + Wind,Alpen-Sevelen,Gleichgewichtung,PA-03--PA-10,BB-02--BB-05,0.0839560180805189
Wald + Wind,Alpen-Sevelen,Gleichgewichtung,PA-04--PA-10,BB-03--BB-06,0.0170542277493282
Wald + Wind,Alpen-Sevelen,Gleichgewichtung,PA-05--PA-10,BB-03--BB-05,0.0474169250415327
Wald + Wind,Alpen-Sevelen,Gleichgewichtung,PA-06--PA-10,RB-01--RB-05,0.0716473218212775
Wald + Wind,Alpen-Sevelen,Gleichgewichtung,PA-07--PA-10,BB-03--BB-05,0.3205781490382051
Wald + Wind,Alpen-Sevelen,Gleichgewichtung,PA-08--PA-10,RB-03--RB-04,0.1194565307700283
Wald + Wind,Alpen-Sevelen,Gleichgewichtung,PA-09--PA-10,BB-01--BB-03,0.158281180998993
Wald + Wind,Alpen-Sevelen,Gleichgewichtung,PA-11--PA-12,BC-05--BC-06,0.1205075371565159
Wald + Wind,Alpen-Sevelen,Gleichgewichtung,PA-02--PA-11,AM-01--AM-04,0.4378016867506594
Wald + Wind,Alpen-Sevelen,Gleichgewichtung,PA-03--PA-11,AM-01--AM-04,0.3077844964727586
Wald + Wind,Alpen-Sevelen,Gleichgewichtung,PA-04--PA-11,AM-01--AM-04,0.1876734123206123
Wald + Wind,Alpen-Sevelen,Gleichgewichtung,PA-05--PA-11,AM-01--AM-03,0.052800189189992
Wald + Wind,Alpen-Sevelen,Gleichgewichtung,PA-06--PA-11,BC-02--BC-06,0.1085505093040697
Wald + Wind,Alpen-Sevelen,Gleichgewichtung,PA-07--PA-11,AM-01--AM-02,0.0327657452464651
Wald + Wind,Alpen-Sevelen,Gleichgewichtung,PA-08--PA-11,BB-01--BB-03,0.0554456775731855
Wald + Wind,Alpen-Sevelen,Gleichgewichtung,PA-09--PA-11,AM-02--AM-03,0.1940454614069564
Wald + Wind,Alpen-Sevelen,Gleichgewichtung,PA-02--PA-12,AM-01--AM-04,0.2125476293640899
Wald + Wind,Alpen-Sevelen,Gleichgewichtung,PA-03--PA-12,AM-03--AM-04,0.9225226507272808
Wald + Wind,Alpen-Sevelen,Gleichgewichtung,PA-04--PA-12,AM-01--AM-04,0.7492946176920602
Wald + Wind,Alpen-Sevelen,Gleichgewichtung,PA-05--PA-12,BB-05--BB-07,0.2047842323608903
Wald + Wind,Alpen-Sevelen,Gleichgewichtung,PA-06--PA-12,AM-03--AM-04,0.3516390890086003
Wald + Wind,Alpen-Sevelen,Gleichgewichtung,PA-07--PA-12,BB-03--BB-05,0.1841811461451422
Wald + Wind,Alpen-Sevelen,Gleichgewichtung,PA-08--PA-12,AM-03--AM-04,0.3398658035204198
Wald + Wind,Alpen-Sevelen,Gleichgewichtung,PA-09--PA-12,AM-03--AM-04,0.4442421457007712
Wald + Wind,Alpen-Sevelen,Gleichgewichtung,PA-02--PA-03,AM-01--AM-04,0.8911268349964795
Wald + Wind,Alpen-Sevelen,Gleichgewichtung,PA-02--PA-04,AM-03--AM-04,0.5969760087048216
Wald + Wind,Alpen-Sevelen,Gleichgewichtung,PA-02--PA-05,AM-01--AM-04,0.6957065256971808
Wald + Wind,Alpen-Sevelen,Gleichgewichtung,PA-02--PA-06,AM-01--AM-04,0.7681951632018388
Wald + Wind,Alpen-Sevelen,Gleichgewichtung,PA-02--PA-07,AM-01--AM-04,0.5443362926495623
Wald + Wind,Alpen-Sevelen,Gleichgewichtung,PA-02--PA-08,AM-01--AM-04,1.0472914043635349
Wald + Wind,Alpen-Sevelen,Gleichgewichtung,PA-02--PA-09,AM-01--AM-04,1.0404380722812658
Wald + Wind,Alpen-Sevelen,Gleichgewichtung,PA-03--PA-04,BB-03--BB-05,0.2637385765383854
Wald + Wind,Alpen-Sevelen,Gleichgewichtung,PA-03--PA-05,AM-02--AM-03,0.1952788122050714
Wald + Wind,Alpen-Sevelen,Gleichgewichtung,PA-03--PA-06,BB-02--BB-04,0.1219353264953587
Wald + Wind,Alpen-Sevelen,Gleichgewichtung,PA-03--PA-07,AM-02--AM-03,0.2868000183521516
Wald + Wind,Alpen-Sevelen,Gleichgewichtung,PA-03--PA-08,AM-01--AM-02,0.0628525895856956
Wald + Wind,Alpen-Sevelen,Gleichgewichtung,PA-03--PA-09,BB-03--BB-05,0.0471179279825319
Wald + Wind,Alpen-Sevelen,Gleichgewichtung,PA-04--PA-05,BB-04--BB-07,0.0492789736499857
Wald + Wind,Alpen-Sevelen,Gleichgewichtung,PA-04--PA-06,BB-01--BB-07,0.2213116839339432
Wald + Wind,Alpen-Sevelen,Gleichgewichtung,PA-04--PA-07,BB-03--BB-05,0.096831912994981
Wald + Wind,Alpen-Sevelen,Gleichgewichtung,PA-04--PA-08,BB-03--BB-04,0.1401184215876444
Wald + Wind,Alpen-Sevelen,Gleichgewichtung,PA-04--PA-09,BB-02--BB-03,0.0926999047365848
Wald + Wind,Alpen-Sevelen,Gleichgewichtung,PA-05--PA-06,BC-01--BC-04,0.0721975841941851
Wald + Wind,Alpen-Sevelen,Gleichgewichtung,PA-05--PA-07,BC-04--BC-06,0.0423019775024619
Wald + Wind,Alpen-Sevelen,Gleichgewichtung,PA-05--PA-08,BC-02--BC-06,0.1491442653980075
Wald + Wind,Alpen-Sevelen,Gleichgewichtung,PA-05--PA-09,BB-01--BB-03,0.0772493115769041
Wald + Wind,Alpen-Sevelen,Gleichgewichtung,PA-06--PA-07,BC-02--BC-06,0.1922526725634796
Wald + Wind,Alpen-Sevelen,Gleichgewichtung,PA-06--PA-08,BC-02--BC-04,0.082955563731328
Wald + Wind,Alpen-Sevelen,Gleichgewichtung,PA-06--PA-09,LO-02--LO-03,0.151237285971996
Wald + Wind,Alpen-Sevelen,Gleichgewichtung,PA-07--PA-08,LO-02--LO-03,0.1795783710068535
Wald + Wind,Alpen-Sevelen,Gleichgewichtung,PA-07--PA-09,RB-03--RB-05,0.0949650191687347
Wald + Wind,Alpen-Sevelen,Gleichgewichtung,PA-08--PA-09,BC-02--BC-06,0.0918777060793914
Wald + Wind,Alpen-Sevelen,Gleichgewichtung,RB-01--RB-02,OF-01--OF-03,0.214194915280011
Wald + Wind,Alpen-Sevelen,Gleichgewichtung,RB-01--RB-03,BC-02--BC-05,0.1114646503303171
Wald + Wind,Alpen-Sevelen,Gleichgewichtung,RB-01--RB-04,AM-01--AM-03,0.109988939162325
Wald + Wind,Alpen-Sevelen,Gleichgewichtung,RB-01--RB-05,PA-06--PA-10,0.0716473218212775
Wald + Wind,Alpen-Sevelen,Gleichgewichtung,RB-02--RB-03,OF-01--OF-03,0.1781924533819881
Wald + Wind,Alpen-Sevelen,Gleichgewichtung,RB-02--RB-04,AM-01--AM-03,0.1051582279753814
Wald + Wind,Alpen-Sevelen,Gleichgewichtung,RB-02--RB-05,PA-06--PA-10,0.0890633278957324
Wald + Wind,Alpen-Sevelen,Gleichgewichtung,RB-03--RB-04,AM-01--AM-02,0.0833175309835536
Wald + Wind,Alpen-Sevelen,Gleichgewichtung,RB-03--RB-05,BC-01--BC-06,0.0837268755180092
Wald + Wind,Alpen-Sevelen,Gleichgewichtung,RB-04--RB-05,OF-01--OF-03,0.1911016000038395
Wald + Wind,Altenmellrich,Koeffizientenbetraege,AS-01--AS-02,LO-02--LO-03,0.0906572294575746
Wald + Wind,Altenmellrich,Koeffizientenbetraege,AS-01--AS-03,BC-01--BC-04,0.0447830458474792
Wald + Wind,Altenmellrich,Koeffizientenbetraege,AS-01--AS-04,PA-07--PA-08,0.0536489082909366
Wald + Wind,Altenmellrich,Koeffizientenbetraege,AS-01--AS-05,PA-07--PA-08,0.0830661511941081
Wald + Wind,Altenmellrich,Koeffizientenbetraege,AS-01--AS-06,PA-07--PA-08,0.0753815787035179
Wald + Wind,Altenmellrich,Koeffizientenbetraege,AS-02--AS-03,BC-01--BC-06,0.0411080103360134
Wald + Wind,Altenmellrich,Koeffizientenbetraege,AS-02--AS-04,OF-01--OF-04,0.0588689194613792
Wald + Wind,Altenmellrich,Koeffizientenbetraege,AS-02--AS-05,PA-06--PA-08,0.103009306637762
Wald + Wind,Altenmellrich,Koeffizientenbetraege,AS-02--AS-06,OF-01--OF-04,0.0718908343252879
Wald + Wind,Altenmellrich,Koeffizientenbetraege,AS-03--AS-04,BC-03--BC-04,0.0923796776180023
Wald + Wind,Altenmellrich,Koeffizientenbetraege,AS-03--AS-05,PA-05--PA-07,0.0659234530597845
Wald + Wind,Altenmellrich,Koeffizientenbetraege,AS-03--AS-06,PA-05--PA-07,0.1073672523798432
Wald + Wind,Altenmellrich,Koeffizientenbetraege,AS-04--AS-05,RB-01--RB-02,0.0608870694752853
Wald + Wind,Altenmellrich,Koeffizientenbetraege,AS-04--AS-06,RB-01--RB-02,0.0676530066048318
Wald + Wind,Altenmellrich,Koeffizientenbetraege,AS-05--AS-06,RB-01--RB-02,0.0684317539739604
Wald + Wind,Altenmellrich,Koeffizientenbetraege,BB-01--BB-02,PA-05--PA-11,0.2656278877975785
Wald + Wind,Altenmellrich,Koeffizientenbetraege,BB-01--BB-03,PA-05--PA-09,0.0610555058270875
Wald + Wind,Altenmellrich,Koeffizientenbetraege,BB-01--BB-04,PA-04--PA-05,0.0789121962013975
Wald + Wind,Altenmellrich,Koeffizientenbetraege,BB-01--BB-05,PA-06--PA-11,0.1124879051916983
Wald + Wind,Altenmellrich,Koeffizientenbetraege,BB-01--BB-06,PA-04--PA-10,0.1744447572115198
Wald + Wind,Altenmellrich,Koeffizientenbetraege,BB-01--BB-07,PA-04--PA-10,0.0510141050947883
Wald + Wind,Altenmellrich,Koeffizientenbetraege,BB-02--BB-03,PA-04--PA-09,0.0853202446884752
Wald + Wind,Altenmellrich,Koeffizientenbetraege,BB-02--BB-04,PA-03--PA-08,0.1061963420569475
Wald + Wind,Altenmellrich,Koeffizientenbetraege,BB-02--BB-05,PA-03--PA-10,0.0673412275859172
Wald + Wind,Altenmellrich,Koeffizientenbetraege,BB-02--BB-06,PA-01--PA-06,0.3114297660227596
Wald + Wind,Altenmellrich,Koeffizientenbetraege,BB-02--BB-07,PA-03--PA-08,0.0963001422804078
Wald + Wind,Altenmellrich,Koeffizientenbetraege,BB-03--BB-04,PA-04--PA-08,0.1108750344561968
Wald + Wind,Altenmellrich,Koeffizientenbetraege,BB-03--BB-05,PA-03--PA-09,0.0521476393665707
Wald + Wind,Altenmellrich,Koeffizientenbetraege,BB-03--BB-06,PA-04--PA-10,0.0156233233271924
Wald + Wind,Altenmellrich,Koeffizientenbetraege,BB-03--BB-07,PA-02--PA-12,0.2676562211549735
Wald + Wind,Altenmellrich,Koeffizientenbetraege,BB-04--BB-05,PA-04--PA-05,0.1579557924267108
Wald + Wind,Altenmellrich,Koeffizientenbetraege,BB-04--BB-06,PA-04--PA-11,0.141325749188793
Wald + Wind,Altenmellrich,Koeffizientenbetraege,BB-04--BB-07,PA-04--PA-05,0.0495090673653517
Wald + Wind,Altenmellrich,Koeffizientenbetraege,BB-05--BB-06,PA-01--PA-03,0.1618167428367867
Wald + Wind,Altenmellrich,Koeffizientenbetraege,BB-05--BB-07,PA-04--PA-09,0.0801959965944628
Wald + Wind,Altenmellrich,Koeffizientenbetraege,BB-06--BB-07,PA-01--PA-06,0.6278482758115973
Wald + Wind,Altenmellrich,Koeffizientenbetraege,BC-01--BC-02,PA-05--PA-07,0.0767207545424457
Wald + Wind,Altenmellrich,Koeffizientenbetraege,BC-01--BC-03,PA-06--PA-08,0.1202047513734767
Wald + Wind,Altenmellrich,Koeffizientenbetraege,BC-01--BC-04,AS-01--AS-03,0.0447830458474792
Wald + Wind,Altenmellrich,Koeffizientenbetraege,BC-01--BC-05,AS-01--AS-03,0.1713835716676008
Wald + Wind,Altenmellrich,Koeffizientenbetraege,BC-01--BC-06,AS-02--AS-03,0.0411080103360134
Wald + Wind,Altenmellrich,Koeffizientenbetraege,BC-02--BC-03,AS-02--AS-03,0.0465838109261618
Wald + Wind,Altenmellrich,Koeffizientenbetraege,BC-02--BC-04,PA-06--PA-08,0.0829744800593765
Wald + Wind,Altenmellrich,Koeffizientenbetraege,BC-02--BC-05,RB-01--RB-03,0.1186636059385336
Wald + Wind,Altenmellrich,Koeffizientenbetraege,BC-02--BC-06,PA-08--PA-09,0.0694531390067087
Wald + Wind,Altenmellrich,Koeffizientenbetraege,BC-03--BC-04,AS-03--AS-04,0.0923796776180023
Wald + Wind,Altenmellrich,Koeffizientenbetraege,BC-03--BC-05,AS-01--AS-03,0.0891310820188352
Wald + Wind,Altenmellrich,Koeffizientenbetraege,BC-03--BC-06,PA-05--PA-07,0.1214120830468424
Wald + Wind,Altenmellrich,Koeffizientenbetraege,BC-04--BC-05,AS-01--AS-03,0.1219169697753479
Wald + Wind,Altenmellrich,Koeffizientenbetraege,BC-04--BC-06,PA-05--PA-07,0.0403742530887416
Wald + Wind,Altenmellrich,Koeffizientenbetraege,BC-05--BC-06,PA-06--PA-09,0.1348302962994373
Wald + Wind,Altenmellrich,Koeffizientenbetraege,LO-01--LO-02,AS-01--AS-02,0.1802429140861306
Wald + Wind,Altenmellrich,Koeffizientenbetraege,LO-01--LO-03,AS-01--AS-06,0.1888744134230094
Wald + Wind,Altenmellrich,Koeffizientenbetraege,LO-02--LO-03,AS-01--AS-02,0.0906572294575746
Wald + Wind,Altenmellrich,Koeffizientenbetraege,OF-01--OF-02,AS-05--AS-06,0.1319483388822543
Wald + Wind,Altenmellrich,Koeffizientenbetraege,OF-01--OF-03,RB-04--RB-05,0.1426990267720665
Wald + Wind,Altenmellrich,Koeffizientenbetraege,OF-01--OF-04,AS-02--AS-04,0.0588689194613792
Wald + Wind,Altenmellrich,Koeffizientenbetraege,OF-02--OF-03,RB-04--RB-05,0.2524942506770206
Wald + Wind,Altenmellrich,Koeffizientenbetraege,OF-02--OF-04,AS-02--AS-04,0.1081767620035695
Wald + Wind,Altenmellrich,Koeffizientenbetraege,OF-03--OF-04,AS-02--AS-06,0.1922995721307058
Wald + Wind,Altenmellrich,Koeffizientenbetraege,PA-01--PA-10,BB-02--BB-06,0.3986788356052954
Wald + Wind,Altenmellrich,Koeffizientenbetraege,PA-01--PA-11,BB-02--BB-06,0.5556068469129591
Wald + Wind,Altenmellrich,Koeffizientenbetraege,PA-01--PA-12,BB-03--BB-07,1.0062916010013832
Wald + Wind,Altenmellrich,Koeffizientenbetraege,PA-01--PA-02,BB-05--BB-07,0.6080340910866933
Wald + Wind,Altenmellrich,Koeffizientenbetraege,PA-01--PA-03,BB-02--BB-05,0.1058668740257749
Wald + Wind,Altenmellrich,Koeffizientenbetraege,PA-01--PA-04,BB-03--BB-05,0.3954316041214558
Wald + Wind,Altenmellrich,Koeffizientenbetraege,PA-01--PA-05,BB-04--BB-06,0.5190531378648833
Wald + Wind,Altenmellrich,Koeffizientenbetraege,PA-01--PA-06,BB-02--BB-06,0.3114297660227596
Wald + Wind,Altenmellrich,Koeffizientenbetraege,PA-01--PA-07,BB-04--BB-06,0.6331258708343134
Wald + Wind,Altenmellrich,Koeffizientenbetraege,PA-01--PA-08,BB-03--BB-07,0.2700796346997218
Wald + Wind,Altenmellrich,Koeffizientenbetraege,PA-01--PA-09,BB-02--BB-06,0.7369690471672059
Wald + Wind,Altenmellrich,Koeffizientenbetraege,PA-10--PA-11,AS-01--AS-05,0.2158356597101009
Wald + Wind,Altenmellrich,Koeffizientenbetraege,PA-10--PA-12,LO-01--LO-03,0.7500553354851526
Wald + Wind,Altenmellrich,Koeffizientenbetraege,PA-02--PA-10,BB-04--BB-06,0.8660046028871825
Wald + Wind,Altenmellrich,Koeffizientenbetraege,PA-03--PA-10,BB-02--BB-05,0.0673412275859172
Wald + Wind,Altenmellrich,Koeffizientenbetraege,PA-04--PA-10,BB-03--BB-06,0.0156233233271924
Wald + Wind,Altenmellrich,Koeffizientenbetraege,PA-05--PA-10,BB-03--BB-05,0.0554336960502601
Wald + Wind,Altenmellrich,Koeffizientenbetraege,PA-06--PA-10,RB-01--RB-05,0.058005477059355
Wald + Wind,Altenmellrich,Koeffizientenbetraege,PA-07--PA-10,BB-01--BB-05,0.2910299485244426
Wald + Wind,Altenmellrich,Koeffizientenbetraege,PA-08--PA-10,RB-02--RB-05,0.1053476198879111
Wald + Wind,Altenmellrich,Koeffizientenbetraege,PA-09--PA-10,BB-01--BB-03,0.160669031792604
Wald + Wind,Altenmellrich,Koeffizientenbetraege,PA-11--PA-12,BC-01--BC-04,0.1068453170249561
Wald + Wind,Altenmellrich,Koeffizientenbetraege,PA-02--PA-11,BB-03--BB-07,0.3638546044617118
Wald + Wind,Altenmellrich,Koeffizientenbetraege,PA-03--PA-11,BB-05--BB-07,0.3038236215630803
Wald + Wind,Altenmellrich,Koeffizientenbetraege,PA-04--PA-11,BB-04--BB-06,0.141325749188793
Wald + Wind,Altenmellrich,Koeffizientenbetraege,PA-05--PA-11,RB-02--RB-04,0.1552945421387437
Wald + Wind,Altenmellrich,Koeffizientenbetraege,PA-06--PA-11,RB-03--RB-04,0.1119682123379048
Wald + Wind,Altenmellrich,Koeffizientenbetraege,PA-07--PA-11,BB-02--BB-04,0.1195253782327644
Wald + Wind,Altenmellrich,Koeffizientenbetraege,PA-08--PA-11,BB-01--BB-03,0.0644134807118113
Wald + Wind,Altenmellrich,Koeffizientenbetraege,PA-09--PA-11,BB-01--BB-03,0.2486012264019862
Wald + Wind,Altenmellrich,Koeffizientenbetraege,PA-02--PA-12,BB-04--BB-06,0.1742908390823626
Wald + Wind,Altenmellrich,Koeffizientenbetraege,PA-03--PA-12,BB-05--BB-07,0.8710802128409524
Wald + Wind,Altenmellrich,Koeffizientenbetraege,PA-04--PA-12,BB-05--BB-07,0.7500057900118793
Wald + Wind,Altenmellrich,Koeffizientenbetraege,PA-05--PA-12,BB-05--BB-07,0.1563555856504245
Wald + Wind,Altenmellrich,Koeffizientenbetraege,PA-06--PA-12,BB-03--BB-05,0.4580526619748487
Wald + Wind,Altenmellrich,Koeffizientenbetraege,PA-07--PA-12,BB-03--BB-05,0.156348622195603
Wald + Wind,Altenmellrich,Koeffizientenbetraege,PA-08--PA-12,BB-03--BB-05,0.6140221619366965
Wald + Wind,Altenmellrich,Koeffizientenbetraege,PA-09--PA-12,BB-03--BB-05,0.7700227209741153
Wald + Wind,Altenmellrich,Koeffizientenbetraege,PA-02--PA-03,BB-05--BB-07,0.8355432818786641
Wald + Wind,Altenmellrich,Koeffizientenbetraege,PA-02--PA-04,BB-03--BB-05,0.7572755131001123
Wald + Wind,Altenmellrich,Koeffizientenbetraege,PA-02--PA-05,BB-03--BB-07,0.6952455905914492
Wald + Wind,Altenmellrich,Koeffizientenbetraege,PA-02--PA-06,BB-03--BB-07,0.7473677604006953
Wald + Wind,Altenmellrich,Koeffizientenbetraege,PA-02--PA-07,BB-04--BB-06,0.5684330403558151
Wald + Wind,Altenmellrich,Koeffizientenbetraege,PA-02--PA-08,BB-04--BB-06,0.9725444736207168
Wald + Wind,Altenmellrich,Koeffizientenbetraege,PA-02--PA-09,BB-04--BB-06,0.9704940563842666
Wald + Wind,Altenmellrich,Koeffizientenbetraege,PA-03--PA-04,BB-03--BB-05,0.2528518935090053
Wald + Wind,Altenmellrich,Koeffizientenbetraege,PA-03--PA-05,BB-01--BB-03,0.3090296228820681
Wald + Wind,Altenmellrich,Koeffizientenbetraege,PA-03--PA-06,BB-02--BB-04,0.1087552366100942
Wald + Wind,Altenmellrich,Koeffizientenbetraege,PA-03--PA-07,BB-01--BB-03,0.2766107676863273
Wald + Wind,Altenmellrich,Koeffizientenbetraege,PA-03--PA-08,BB-02--BB-07,0.0963001422804078
Wald + Wind,Altenmellrich,Koeffizientenbetraege,PA-03--PA-09,BB-03--BB-05,0.0521476393665707
Wald + Wind,Altenmellrich,Koeffizientenbetraege,PA-04--PA-05,BB-04--BB-07,0.0495090673653517
Wald + Wind,Altenmellrich,Koeffizientenbetraege,PA-04--PA-06,BB-01--BB-07,0.2192069215403259
Wald + Wind,Altenmellrich,Koeffizientenbetraege,PA-04--PA-07,BB-03--BB-05,0.1100334766829781
Wald + Wind,Altenmellrich,Koeffizientenbetraege,PA-04--PA-08,BB-03--BB-04,0.1108750344561968
Wald + Wind,Altenmellrich,Koeffizientenbetraege,PA-04--PA-09,BB-02--BB-05,0.0753658738906781
Wald + Wind,Altenmellrich,Koeffizientenbetraege,PA-05--PA-06,BC-01--BC-04,0.0841921517719504
Wald + Wind,Altenmellrich,Koeffizientenbetraege,PA-05--PA-07,BC-04--BC-06,0.0403742530887416
Wald + Wind,Altenmellrich,Koeffizientenbetraege,PA-05--PA-08,BC-02--BC-06,0.1662320934208008
Wald + Wind,Altenmellrich,Koeffizientenbetraege,PA-05--PA-09,BB-01--BB-03,0.0610555058270875
Wald + Wind,Altenmellrich,Koeffizientenbetraege,PA-06--PA-07,BC-05--BC-06,0.1761521932418339
Wald + Wind,Altenmellrich,Koeffizientenbetraege,PA-06--PA-08,BC-02--BC-04,0.0829744800593765
Wald + Wind,Altenmellrich,Koeffizientenbetraege,PA-06--PA-09,AS-01--AS-04,0.1123655827522922
Wald + Wind,Altenmellrich,Koeffizientenbetraege,PA-07--PA-08,AS-01--AS-04,0.0536489082909366
Wald + Wind,Altenmellrich,Koeffizientenbetraege,PA-07--PA-09,RB-03--RB-05,0.0709522443608902
Wald + Wind,Altenmellrich,Koeffizientenbetraege,PA-08--PA-09,BC-02--BC-06,0.0694531390067087
Wald + Wind,Altenmellrich,Koeffizientenbetraege,RB-01--RB-02,AS-04--AS-05,0.0608870694752853
Wald + Wind,Altenmellrich,Koeffizientenbetraege,RB-01--RB-03,BC-02--BC-05,0.1186636059385336
Wald + Wind,Altenmellrich,Koeffizientenbetraege,RB-01--RB-04,PA-08--PA-10,0.1151328262011367
Wald + Wind,Altenmellrich,Koeffizientenbetraege,RB-01--RB-05,PA-06--PA-10,0.058005477059355
Wald + Wind,Altenmellrich,Koeffizientenbetraege,RB-02--RB-03,AS-04--AS-05,0.0614207658022157
Wald + Wind,Altenmellrich,Koeffizientenbetraege,RB-02--RB-04,PA-08--PA-10,0.1075332094653877
Wald + Wind,Altenmellrich,Koeffizientenbetraege,RB-02--RB-05,PA-06--PA-10,0.0731998976104349
Wald + Wind,Altenmellrich,Koeffizientenbetraege,RB-03--RB-04,PA-08--PA-10,0.1070618072297361
Wald + Wind,Altenmellrich,Koeffizientenbetraege,RB-03--RB-05,BC-01--BC-06,0.0642174332420503
Wald + Wind,Altenmellrich,Koeffizientenbetraege,RB-04--RB-05,AS-04--AS-05,0.071205436582846
Wald + Wind,Altenmellrich,Gleichgewichtung,AS-01--AS-02,LO-02--LO-03,0.1150738166986061
Wald + Wind,Altenmellrich,Gleichgewichtung,AS-01--AS-03,BC-01--BC-04,0.0390875547139087
Wald + Wind,Altenmellrich,Gleichgewichtung,AS-01--AS-04,PA-07--PA-08,0.0461699585231141
Wald + Wind,Altenmellrich,Gleichgewichtung,AS-01--AS-05,PA-07--PA-08,0.1065412894686358
Wald + Wind,Altenmellrich,Gleichgewichtung,AS-01--AS-06,PA-07--PA-08,0.1009806794362927
Wald + Wind,Altenmellrich,Gleichgewichtung,AS-02--AS-03,BC-02--BC-03,0.0490575635463111
Wald + Wind,Altenmellrich,Gleichgewichtung,AS-02--AS-04,OF-01--OF-04,0.0675125735630871
Wald + Wind,Altenmellrich,Gleichgewichtung,AS-02--AS-05,BC-02--BC-04,0.1170021787881958
Wald + Wind,Altenmellrich,Gleichgewichtung,AS-02--AS-06,OF-01--OF-04,0.0767877737421471
Wald + Wind,Altenmellrich,Gleichgewichtung,AS-03--AS-04,BC-03--BC-04,0.0927304309430438
Wald + Wind,Altenmellrich,Gleichgewichtung,AS-03--AS-05,PA-05--PA-07,0.0646215722816862
Wald + Wind,Altenmellrich,Gleichgewichtung,AS-03--AS-06,PA-05--PA-07,0.0894563159321484
Wald + Wind,Altenmellrich,Gleichgewichtung,AS-04--AS-05,RB-01--RB-02,0.0688726901590429
Wald + Wind,Altenmellrich,Gleichgewichtung,AS-04--AS-06,RB-01--RB-02,0.0751628508177613
Wald + Wind,Altenmellrich,Gleichgewichtung,AS-05--AS-06,RB-01--RB-02,0.0784241544208481
Wald + Wind,Altenmellrich,Gleichgewichtung,BB-01--BB-02,PA-05--PA-11,0.2913014063129316
Wald + Wind,Altenmellrich,Gleichgewichtung,BB-01--BB-03,PA-08--PA-11,0.054078110339694
Wald + Wind,Altenmellrich,Gleichgewichtung,BB-01--BB-04,PA-04--PA-05,0.1040782889805865
Wald + Wind,Altenmellrich,Gleichgewichtung,BB-01--BB-05,PA-08--PA-09,0.1341808129862987
Wald + Wind,Altenmellrich,Gleichgewichtung,BB-01--BB-06,PA-04--PA-10,0.1484740657609086
Wald + Wind,Altenmellrich,Gleichgewichtung,BB-01--BB-07,PA-04--PA-10,0.0682295298072955
Wald + Wind,Altenmellrich,Gleichgewichtung,BB-02--BB-03,PA-04--PA-09,0.0916638205490556
Wald + Wind,Altenmellrich,Gleichgewichtung,BB-02--BB-04,PA-03--PA-06,0.1207401609145592
Wald + Wind,Altenmellrich,Gleichgewichtung,BB-02--BB-05,PA-03--PA-10,0.0834724430343642
Wald + Wind,Altenmellrich,Gleichgewichtung,BB-02--BB-06,PA-01--PA-06,0.4021419748293172
Wald + Wind,Altenmellrich,Gleichgewichtung,BB-02--BB-07,PA-03--PA-08,0.1005703165952856
Wald + Wind,Altenmellrich,Gleichgewichtung,BB-03--BB-04,PA-03--PA-10,0.1322266617957745
Wald + Wind,Altenmellrich,Gleichgewichtung,BB-03--BB-05,PA-03--PA-09,0.0461143549973238
Wald + Wind,Altenmellrich,Gleichgewichtung,BB-03--BB-06,PA-04--PA-10,0.016867202579098
Wald + Wind,Altenmellrich,Gleichgewichtung,BB-03--BB-07,PA-01--PA-08,0.3147149764721622
Wald + Wind,Altenmellrich,Gleichgewichtung,BB-04--BB-05,PA-04--PA-05,0.1891317036775595
Wald + Wind,Altenmellrich,Gleichgewichtung,BB-04--BB-06,PA-04--PA-11,0.1888672046773306
Wald + Wind,Altenmellrich,Gleichgewichtung,BB-04--BB-07,PA-04--PA-05,0.0485145953157491
Wald + Wind,Altenmellrich,Gleichgewichtung,BB-05--BB-06,PA-01--PA-03,0.1352492601967131
Wald + Wind,Altenmellrich,Gleichgewichtung,BB-05--BB-07,PA-04--PA-09,0.0942030405611817
Wald + Wind,Altenmellrich,Gleichgewichtung,BB-06--BB-07,PA-01--PA-06,0.7428434066067151
Wald + Wind,Altenmellrich,Gleichgewichtung,BC-01--BC-02,PA-05--PA-07,0.0648989352484066
Wald + Wind,Altenmellrich,Gleichgewichtung,BC-01--BC-03,PA-06--PA-08,0.1066578061959633
Wald + Wind,Altenmellrich,Gleichgewichtung,BC-01--BC-04,AS-01--AS-03,0.0390875547139087
Wald + Wind,Altenmellrich,Gleichgewichtung,BC-01--BC-05,PA-06--PA-08,0.1571716121922306
Wald + Wind,Altenmellrich,Gleichgewichtung,BC-01--BC-06,AS-02--AS-03,0.0499772006225045
Wald + Wind,Altenmellrich,Gleichgewichtung,BC-02--BC-03,AS-02--AS-03,0.0490575635463111
Wald + Wind,Altenmellrich,Gleichgewichtung,BC-02--BC-04,PA-06--PA-08,0.0816885947075622
Wald + Wind,Altenmellrich,Gleichgewichtung,BC-02--BC-05,RB-01--RB-03,0.10936504351042
Wald + Wind,Altenmellrich,Gleichgewichtung,BC-02--BC-06,PA-08--PA-09,0.0915235673552783
Wald + Wind,Altenmellrich,Gleichgewichtung,BC-03--BC-04,AS-03--AS-04,0.0927304309430438
Wald + Wind,Altenmellrich,Gleichgewichtung,BC-03--BC-05,AS-01--AS-03,0.1184023387961414
Wald + Wind,Altenmellrich,Gleichgewichtung,BC-03--BC-06,PA-05--PA-07,0.1618847700857814
Wald + Wind,Altenmellrich,Gleichgewichtung,BC-04--BC-05,AS-01--AS-03,0.1629047217581774
Wald + Wind,Altenmellrich,Gleichgewichtung,BC-04--BC-06,PA-05--PA-07,0.0417571537276934
Wald + Wind,Altenmellrich,Gleichgewichtung,BC-05--BC-06,PA-11--PA-12,0.1175851604628707
Wald + Wind,Altenmellrich,Gleichgewichtung,LO-01--LO-02,AS-01--AS-02,0.1738917076634891
Wald + Wind,Altenmellrich,Gleichgewichtung,LO-01--LO-03,AS-01--AS-06,0.236575250880903
Wald + Wind,Altenmellrich,Gleichgewichtung,LO-02--LO-03,AS-01--AS-02,0.1150738166986061
Wald + Wind,Altenmellrich,Gleichgewichtung,OF-01--OF-02,AS-05--AS-06,0.1574065855931171
Wald + Wind,Altenmellrich,Gleichgewichtung,OF-01--OF-03,RB-02--RB-03,0.1771742669917529
Wald + Wind,Altenmellrich,Gleichgewichtung,OF-01--OF-04,AS-02--AS-04,0.0675125735630871
Wald + Wind,Altenmellrich,Gleichgewichtung,OF-02--OF-03,AS-05--AS-06,0.3150752984786979
Wald + Wind,Altenmellrich,Gleichgewichtung,OF-02--OF-04,AS-02--AS-04,0.0908779003911539
Wald + Wind,Altenmellrich,Gleichgewichtung,OF-03--OF-04,AS-02--AS-06,0.1613704220628666
Wald + Wind,Altenmellrich,Gleichgewichtung,PA-01--PA-10,BB-02--BB-06,0.5278269329634144
Wald + Wind,Altenmellrich,Gleichgewichtung,PA-01--PA-11,BB-03--BB-07,0.7274763156559464
Wald + Wind,Altenmellrich,Gleichgewichtung,PA-01--PA-12,BB-04--BB-06,1.23052225714457
Wald + Wind,Altenmellrich,Gleichgewichtung,PA-01--PA-02,BB-03--BB-05,0.8086777302172092
Wald + Wind,Altenmellrich,Gleichgewichtung,PA-01--PA-03,BB-02--BB-05,0.0934916768584768
Wald + Wind,Altenmellrich,Gleichgewichtung,PA-01--PA-04,BB-03--BB-05,0.4903180235054732
Wald + Wind,Altenmellrich,Gleichgewichtung,PA-01--PA-05,BB-05--BB-07,0.6801604991666038
Wald + Wind,Altenmellrich,Gleichgewichtung,PA-01--PA-06,BB-03--BB-07,0.3820639933032402
Wald + Wind,Altenmellrich,Gleichgewichtung,PA-01--PA-07,BB-05--BB-07,0.8184995135746715
Wald + Wind,Altenmellrich,Gleichgewichtung,PA-01--PA-08,BB-03--BB-07,0.3147149764721622
Wald + Wind,Altenmellrich,Gleichgewichtung,PA-01--PA-09,BB-04--BB-06,0.8919551892808977
Wald + Wind,Altenmellrich,Gleichgewichtung,PA-10--PA-11,AS-01--AS-05,0.2044632076307951
Wald + Wind,Altenmellrich,Gleichgewichtung,PA-10--PA-12,LO-01--LO-03,0.838860608942632
Wald + Wind,Altenmellrich,Gleichgewichtung,PA-02--PA-10,BB-05--BB-07,1.1010473693671186
Wald + Wind,Altenmellrich,Gleichgewichtung,PA-03--PA-10,BB-02--BB-05,0.0834724430343642
Wald + Wind,Altenmellrich,Gleichgewichtung,PA-04--PA-10,BB-03--BB-06,0.016867202579098
Wald + Wind,Altenmellrich,Gleichgewichtung,PA-05--PA-10,BB-03--BB-05,0.0462254886010386
Wald + Wind,Altenmellrich,Gleichgewichtung,PA-06--PA-10,RB-01--RB-05,0.071211690003414
Wald + Wind,Altenmellrich,Gleichgewichtung,PA-07--PA-10,BB-03--BB-05,0.3166060123427706
Wald + Wind,Altenmellrich,Gleichgewichtung,PA-08--PA-10,RB-03--RB-04,0.1182610278044493
Wald + Wind,Altenmellrich,Gleichgewichtung,PA-09--PA-10,BB-01--BB-03,0.1557368496460349
Wald + Wind,Altenmellrich,Gleichgewichtung,PA-11--PA-12,BC-05--BC-06,0.1175851604628707
Wald + Wind,Altenmellrich,Gleichgewichtung,PA-02--PA-11,BB-04--BB-06,0.4430582759407767
Wald + Wind,Altenmellrich,Gleichgewichtung,PA-03--PA-11,BB-05--BB-07,0.4062640392807676
Wald + Wind,Altenmellrich,Gleichgewichtung,PA-04--PA-11,BB-04--BB-06,0.1888672046773306
Wald + Wind,Altenmellrich,Gleichgewichtung,PA-05--PA-11,RB-01--RB-04,0.1386167804232311
Wald + Wind,Altenmellrich,Gleichgewichtung,PA-06--PA-11,BC-02--BC-06,0.1062697545971682
Wald + Wind,Altenmellrich,Gleichgewichtung,PA-07--PA-11,RB-03--RB-04,0.1010546196088381
Wald + Wind,Altenmellrich,Gleichgewichtung,PA-08--PA-11,BB-01--BB-03,0.054078110339694
Wald + Wind,Altenmellrich,Gleichgewichtung,PA-09--PA-11,BB-01--BB-03,0.3327416135871229
Wald + Wind,Altenmellrich,Gleichgewichtung,PA-02--PA-12,BB-04--BB-06,0.2248450969711007
Wald + Wind,Altenmellrich,Gleichgewichtung,PA-03--PA-12,BB-05--BB-07,1.1559285668028283
Wald + Wind,Altenmellrich,Gleichgewichtung,PA-04--PA-12,BB-05--BB-07,0.92697726490126
Wald + Wind,Altenmellrich,Gleichgewichtung,PA-05--PA-12,BB-05--BB-07,0.2039324484348069
Wald + Wind,Altenmellrich,Gleichgewichtung,PA-06--PA-12,BB-03--BB-05,0.6076341075232167
Wald + Wind,Altenmellrich,Gleichgewichtung,PA-07--PA-12,BB-03--BB-05,0.1827427250106801
Wald + Wind,Altenmellrich,Gleichgewichtung,PA-08--PA-12,BB-03--BB-05,0.8099781732704907
Wald + Wind,Altenmellrich,Gleichgewichtung,PA-09--PA-12,LO-01--LO-03,0.922485475220196
Wald + Wind,Altenmellrich,Gleichgewichtung,PA-02--PA-03,BB-05--BB-07,1.060268335799737
Wald + Wind,Altenmellrich,Gleichgewichtung,PA-02--PA-04,BB-03--BB-05,1.0126283552480757
Wald + Wind,Altenmellrich,Gleichgewichtung,PA-02--PA-05,BB-04--BB-06,0.8564858654985115
Wald + Wind,Altenmellrich,Gleichgewichtung,PA-02--PA-06,BB-04--BB-06,0.9195698663140106
Wald + Wind,Altenmellrich,Gleichgewichtung,PA-02--PA-07,BB-04--BB-06,0.716452858381862
Wald + Wind,Altenmellrich,Gleichgewichtung,PA-02--PA-08,BB-05--BB-07,1.2363712535773514
Wald + Wind,Altenmellrich,Gleichgewichtung,PA-02--PA-09,BB-05--BB-07,1.2347977448038103
Wald + Wind,Altenmellrich,Gleichgewichtung,PA-03--PA-04,BB-03--BB-05,0.2602839431365135
Wald + Wind,Altenmellrich,Gleichgewichtung,PA-03--PA-05,LO-01--LO-03,0.3527392027106457
Wald + Wind,Altenmellrich,Gleichgewichtung,PA-03--PA-06,BB-02--BB-04,0.1207401609145592
Wald + Wind,Altenmellrich,Gleichgewichtung,PA-03--PA-07,BB-01--BB-03,0.3577831315758463
Wald + Wind,Altenmellrich,Gleichgewichtung,PA-03--PA-08,BB-02--BB-07,0.1005703165952856
Wald + Wind,Altenmellrich,Gleichgewichtung,PA-03--PA-09,BB-03--BB-05,0.0461143549973238
Wald + Wind,Altenmellrich,Gleichgewichtung,PA-04--PA-05,BB-04--BB-07,0.0485145953157491
Wald + Wind,Altenmellrich,Gleichgewichtung,PA-04--PA-06,BB-01--BB-07,0.2180464417794562
Wald + Wind,Altenmellrich,Gleichgewichtung,PA-04--PA-07,BB-03--BB-05,0.0945962249400292
Wald + Wind,Altenmellrich,Gleichgewichtung,PA-04--PA-08,BB-03--BB-04,0.1393753094143997
Wald + Wind,Altenmellrich,Gleichgewichtung,PA-04--PA-09,BB-02--BB-03,0.0916638205490556
Wald + Wind,Altenmellrich,Gleichgewichtung,PA-05--PA-06,BC-01--BC-04,0.0703968651848846
Wald + Wind,Altenmellrich,Gleichgewichtung,PA-05--PA-07,BC-04--BC-06,0.0417571537276934
Wald + Wind,Altenmellrich,Gleichgewichtung,PA-05--PA-08,BC-02--BC-06,0.1458977738904615
Wald + Wind,Altenmellrich,Gleichgewichtung,PA-05--PA-09,BB-01--BB-03,0.0768426201314497
Wald + Wind,Altenmellrich,Gleichgewichtung,PA-06--PA-07,BC-02--BC-06,0.1875323034646736
Wald + Wind,Altenmellrich,Gleichgewichtung,PA-06--PA-08,BC-02--BC-04,0.0816885947075622
Wald + Wind,Altenmellrich,Gleichgewichtung,PA-06--PA-09,AS-01--AS-04,0.1488260242754884
Wald + Wind,Altenmellrich,Gleichgewichtung,PA-07--PA-08,AS-01--AS-04,0.0461699585231141
Wald + Wind,Altenmellrich,Gleichgewichtung,PA-07--PA-09,RB-03--RB-05,0.0946321740731669
Wald + Wind,Altenmellrich,Gleichgewichtung,PA-08--PA-09,BC-02--BC-06,0.0915235673552783
Wald + Wind,Altenmellrich,Gleichgewichtung,RB-01--RB-02,AS-04--AS-05,0.0688726901590429
Wald + Wind,Altenmellrich,Gleichgewichtung,RB-01--RB-03,BC-02--BC-05,0.10936504351042
Wald + Wind,Altenmellrich,Gleichgewichtung,RB-01--RB-04,PA-05--PA-11,0.1386167804232311
Wald + Wind,Altenmellrich,Gleichgewichtung,RB-01--RB-05,PA-06--PA-10,0.071211690003414
Wald + Wind,Altenmellrich,Gleichgewichtung,RB-02--RB-03,AS-04--AS-05,0.0822338169521681
Wald + Wind,Altenmellrich,Gleichgewichtung,RB-02--RB-04,PA-08--PA-10,0.1229377180290818
Wald + Wind,Altenmellrich,Gleichgewichtung,RB-02--RB-05,PA-06--PA-10,0.0884744332151436
Wald + Wind,Altenmellrich,Gleichgewichtung,RB-03--RB-04,PA-07--PA-11,0.1010546196088381
Wald + Wind,Altenmellrich,Gleichgewichtung,RB-03--RB-05,BC-01--BC-06,0.083366837823296
Wald + Wind,Altenmellrich,Gleichgewichtung,RB-04--RB-05,AS-04--AS-05,0.0756489144926968
Wald + Wind,Bad Berleburg,Koeffizientenbetraege,AS-01--AS-02,LO-02--LO-03,0.080984515662758
Wald + Wind,Bad Berleburg,Koeffizientenbetraege,AS-01--AS-03,BC-01--BC-04,0.0481404059987265
Wald + Wind,Bad Berleburg,Koeffizientenbetraege,AS-01--AS-04,PA-07--PA-08,0.0578931320478223
Wald + Wind,Bad Berleburg,Koeffizientenbetraege,AS-01--AS-05,PA-07--PA-08,0.0735371126679646
Wald + Wind,Bad Berleburg,Koeffizientenbetraege,AS-01--AS-06,PA-07--PA-08,0.063999889906912
Wald + Wind,Bad Berleburg,Koeffizientenbetraege,AS-02--AS-03,BC-01--BC-06,0.0379896958547004
Wald + Wind,Bad Berleburg,Koeffizientenbetraege,AS-02--AS-04,OF-01--OF-04,0.0565445772023214
Wald + Wind,Bad Berleburg,Koeffizientenbetraege,AS-02--AS-05,PA-06--PA-08,0.0912581889726461
Wald + Wind,Bad Berleburg,Koeffizientenbetraege,AS-02--AS-06,OF-01--OF-04,0.0717464173409326
Wald + Wind,Bad Berleburg,Koeffizientenbetraege,AS-03--AS-04,BC-03--BC-04,0.0947550336776988
Wald + Wind,Bad Berleburg,Koeffizientenbetraege,AS-03--AS-05,PA-05--PA-07,0.0682475816299478
Wald + Wind,Bad Berleburg,Koeffizientenbetraege,AS-03--AS-06,PA-05--PA-07,0.1168295736410083
Wald + Wind,Bad Berleburg,Koeffizientenbetraege,AS-04--AS-05,RB-02--RB-03,0.052176892098536
Wald + Wind,Bad Berleburg,Koeffizientenbetraege,AS-04--AS-06,RB-01--RB-02,0.0661701063179312
Wald + Wind,Bad Berleburg,Koeffizientenbetraege,AS-05--AS-06,RB-01--RB-02,0.0657576455292303
Wald + Wind,Bad Berleburg,Koeffizientenbetraege,AM-01--AM-02,PA-07--PA-11,0.0369856793529088
Wald + Wind,Bad Berleburg,Koeffizientenbetraege,AM-01--AM-03,PA-05--PA-11,0.0414169592342148
Wald + Wind,Bad Berleburg,Koeffizientenbetraege,AM-01--AM-04,PA-01--PA-03,0.1963999300213817
Wald + Wind,Bad Berleburg,Koeffizientenbetraege,AM-02--AM-03,PA-10--PA-11,0.0910448101714876
Wald + Wind,Bad Berleburg,Koeffizientenbetraege,AM-02--AM-04,PA-05--PA-11,0.1514573660264712
Wald + Wind,Bad Berleburg,Koeffizientenbetraege,AM-03--AM-04,PA-03--PA-05,0.1709280107007415
Wald + Wind,Bad Berleburg,Koeffizientenbetraege,BC-01--BC-02,PA-05--PA-07,0.0831643521954104
Wald + Wind,Bad Berleburg,Koeffizientenbetraege,BC-01--BC-03,PA-06--PA-08,0.128615130590966
Wald + Wind,Bad Berleburg,Koeffizientenbetraege,BC-01--BC-04,AS-01--AS-03,0.0481404059987265
Wald + Wind,Bad Berleburg,Koeffizientenbetraege,BC-01--BC-05,AS-01--AS-03,0.145832381027368
Wald + Wind,Bad Berleburg,Koeffizientenbetraege,BC-01--BC-06,AS-02--AS-03,0.0379896958547004
Wald + Wind,Bad Berleburg,Koeffizientenbetraege,BC-02--BC-03,AS-02--AS-03,0.0468020729134579
Wald + Wind,Bad Berleburg,Koeffizientenbetraege,BC-02--BC-04,PA-06--PA-08,0.085758722432045
Wald + Wind,Bad Berleburg,Koeffizientenbetraege,BC-02--BC-05,RB-01--RB-03,0.1255077602367669
Wald + Wind,Bad Berleburg,Koeffizientenbetraege,BC-02--BC-06,PA-08--PA-09,0.0599566335806811
Wald + Wind,Bad Berleburg,Koeffizientenbetraege,BC-03--BC-04,AS-03--AS-04,0.0947550336776988
Wald + Wind,Bad Berleburg,Koeffizientenbetraege,BC-03--BC-05,AS-01--AS-03,0.0763300611256873
Wald + Wind,Bad Berleburg,Koeffizientenbetraege,BC-03--BC-06,PA-05--PA-07,0.1035814965474003
Wald + Wind,Bad Berleburg,Koeffizientenbetraege,BC-04--BC-05,AS-01--AS-03,0.1037835970728083
Wald + Wind,Bad Berleburg,Koeffizientenbetraege,BC-04--BC-06,PA-05--PA-07,0.0408949062588115
Wald + Wind,Bad Berleburg,Koeffizientenbetraege,BC-05--BC-06,PA-06--PA-09,0.1203214874809895
Wald + Wind,Bad Berleburg,Koeffizientenbetraege,LO-01--LO-02,AS-01--AS-02,0.1876981245059817
Wald + Wind,Bad Berleburg,Koeffizientenbetraege,LO-01--LO-03,AS-01--AS-06,0.1705947509190451
Wald + Wind,Bad Berleburg,Koeffizientenbetraege,LO-02--LO-03,AS-01--AS-02,0.080984515662758
Wald + Wind,Bad Berleburg,Koeffizientenbetraege,OF-01--OF-02,RB-02--RB-03,0.1211740349406954
Wald + Wind,Bad Berleburg,Koeffizientenbetraege,OF-01--OF-03,RB-04--RB-05,0.1216320787312491
Wald + Wind,Bad Berleburg,Koeffizientenbetraege,OF-01--OF-04,AS-02--AS-04,0.0565445772023214
Wald + Wind,Bad Berleburg,Koeffizientenbetraege,OF-02--OF-03,RB-04--RB-05,0.2241582631636543
Wald + Wind,Bad Berleburg,Koeffizientenbetraege,OF-02--OF-04,AS-02--AS-04,0.1174683537843628
Wald + Wind,Bad Berleburg,Koeffizientenbetraege,OF-03--OF-04,BC-02--BC-04,0.1838439788881326
Wald + Wind,Bad Berleburg,Koeffizientenbetraege,PA-01--PA-10,AM-01--AM-04,0.9715423709634128
Wald + Wind,Bad Berleburg,Koeffizientenbetraege,PA-01--PA-11,AM-01--AM-04,0.941197722333511
Wald + Wind,Bad Berleburg,Koeffizientenbetraege,PA-01--PA-12,AM-01--AM-04,1.0143285132757685
Wald + Wind,Bad Berleburg,Koeffizientenbetraege,PA-01--PA-02,AM-01--AM-04,0.4766782867457468
Wald + Wind,Bad Berleburg,Koeffizientenbetraege,PA-01--PA-03,AM-01--AM-04,0.1963999300213817
Wald + Wind,Bad Berleburg,Koeffizientenbetraege,PA-01--PA-04,AM-03--AM-04,0.3456661960562318
Wald + Wind,Bad Berleburg,Koeffizientenbetraege,PA-01--PA-05,AM-01--AM-04,0.4084612405630081
Wald + Wind,Bad Berleburg,Koeffizientenbetraege,PA-01--PA-06,AM-01--AM-04,0.7753608399820472
Wald + Wind,Bad Berleburg,Koeffizientenbetraege,PA-01--PA-07,AM-01--AM-04,0.5078814746169386
Wald + Wind,Bad Berleburg,Koeffizientenbetraege,PA-01--PA-08,AM-01--AM-04,0.5818702200417992
Wald + Wind,Bad Berleburg,Koeffizientenbetraege,PA-01--PA-09,AM-01--AM-04,0.8857078457841728
Wald + Wind,Bad Berleburg,Koeffizientenbetraege,PA-10--PA-11,AM-02--AM-03,0.0910448101714876
Wald + Wind,Bad Berleburg,Koeffizientenbetraege,PA-10--PA-12,AM-03--AM-04,0.2651193355797915
Wald + Wind,Bad Berleburg,Koeffizientenbetraege,PA-02--PA-10,AM-01--AM-04,0.6748838402790263
Wald + Wind,Bad Berleburg,Koeffizientenbetraege,PA-03--PA-10,AM-01--AM-04,0.2182730744229822
Wald + Wind,Bad Berleburg,Koeffizientenbetraege,PA-04--PA-10,AM-01--AM-04,0.3059100165002631
Wald + Wind,Bad Berleburg,Koeffizientenbetraege,PA-05--PA-10,AM-01--AM-02,0.371848942291819
Wald + Wind,Bad Berleburg,Koeffizientenbetraege,PA-06--PA-10,RB-01--RB-05,0.0532192407120762
Wald + Wind,Bad Berleburg,Koeffizientenbetraege,PA-07--PA-10,AM-03--AM-04,0.3716897663853741
Wald + Wind,Bad Berleburg,Koeffizientenbetraege,PA-08--PA-10,AM-01--AM-02,0.0880554461909434
Wald + Wind,Bad Berleburg,Koeffizientenbetraege,PA-09--PA-10,AM-02--AM-03,0.1614452145084107
Wald + Wind,Bad Berleburg,Koeffizientenbetraege,PA-11--PA-12,BC-01--BC-04,0.090962065265785
Wald + Wind,Bad Berleburg,Koeffizientenbetraege,PA-02--PA-11,AM-01--AM-04,0.5525089330552377
Wald + Wind,Bad Berleburg,Koeffizientenbetraege,PA-03--PA-11,AM-01--AM-04,0.2590642361339021
Wald + Wind,Bad Berleburg,Koeffizientenbetraege,PA-04--PA-11,AM-01--AM-04,0.2155798244994965
Wald + Wind,Bad Berleburg,Koeffizientenbetraege,PA-05--PA-11,AM-01--AM-03,0.0414169592342148
Wald + Wind,Bad Berleburg,Koeffizientenbetraege,PA-06--PA-11,RB-03--RB-04,0.095480546793427
Wald + Wind,Bad Berleburg,Koeffizientenbetraege,PA-07--PA-11,AM-01--AM-02,0.0369856793529088
Wald + Wind,Bad Berleburg,Koeffizientenbetraege,PA-08--PA-11,BC-02--BC-06,0.1071006502932486
Wald + Wind,Bad Berleburg,Koeffizientenbetraege,PA-09--PA-11,AM-03--AM-04,0.2196059025281004
Wald + Wind,Bad Berleburg,Koeffizientenbetraege,PA-02--PA-12,AM-01--AM-04,0.2616692100184397
Wald + Wind,Bad Berleburg,Koeffizientenbetraege,PA-03--PA-12,AM-01--AM-04,0.641180212213714
Wald + Wind,Bad Berleburg,Koeffizientenbetraege,PA-04--PA-12,AM-01--AM-04,0.497787441851083
Wald + Wind,Bad Berleburg,Koeffizientenbetraege,PA-05--PA-12,AM-01--AM-04,0.2763571635964615
Wald + Wind,Bad Berleburg,Koeffizientenbetraege,PA-06--PA-12,AM-03--AM-04,0.4452591539369054
Wald + Wind,Bad Berleburg,Koeffizientenbetraege,PA-07--PA-12,AM-01--AM-04,0.4389173226443299
Wald + Wind,Bad Berleburg,Koeffizientenbetraege,PA-08--PA-12,AM-03--AM-04,0.3968543574625529
Wald + Wind,Bad Berleburg,Koeffizientenbetraege,PA-09--PA-12,AM-03--AM-04,0.4046883003054458
Wald + Wind,Bad Berleburg,Koeffizientenbetraege,PA-02--PA-03,AM-01--AM-04,0.577253169662451
Wald + Wind,Bad Berleburg,Koeffizientenbetraege,PA-02--PA-04,AM-03--AM-04,0.6432477586108681
Wald + Wind,Bad Berleburg,Koeffizientenbetraege,PA-02--PA-05,AM-01--AM-04,0.6714174886191273
Wald + Wind,Bad Berleburg,Koeffizientenbetraege,PA-02--PA-06,AM-01--AM-04,0.7495526913586893
Wald + Wind,Bad Berleburg,Koeffizientenbetraege,PA-02--PA-07,AM-01--AM-04,0.5277565750135467
Wald + Wind,Bad Berleburg,Koeffizientenbetraege,PA-02--PA-08,AM-01--AM-04,0.7700119912793326
Wald + Wind,Bad Berleburg,Koeffizientenbetraege,PA-02--PA-09,AM-01--AM-04,0.8062993966058773
Wald + Wind,Bad Berleburg,Koeffizientenbetraege,PA-03--PA-04,AM-01--AM-02,0.376261351302568
Wald + Wind,Bad Berleburg,Koeffizientenbetraege,PA-03--PA-05,AM-03--AM-04,0.1709280107007415
Wald + Wind,Bad Berleburg,Koeffizientenbetraege,PA-03--PA-06,AM-01--AM-02,0.2520737757626124
Wald + Wind,Bad Berleburg,Koeffizientenbetraege,PA-03--PA-07,AM-03--AM-04,0.2504467560763156
Wald + Wind,Bad Berleburg,Koeffizientenbetraege,PA-03--PA-08,AM-01--AM-02,0.0707649087901291
Wald + Wind,Bad Berleburg,Koeffizientenbetraege,PA-03--PA-09,AM-01--AM-02,0.3678301167219476
Wald + Wind,Bad Berleburg,Koeffizientenbetraege,PA-04--PA-05,AM-02--AM-04,0.2537933852316544
Wald + Wind,Bad Berleburg,Koeffizientenbetraege,PA-04--PA-06,AM-02--AM-04,0.3261069168204306
Wald + Wind,Bad Berleburg,Koeffizientenbetraege,PA-04--PA-07,AM-01--AM-04,0.4275914388169131
Wald + Wind,Bad Berleburg,Koeffizientenbetraege,PA-04--PA-08,AM-01--AM-04,0.3690507726034782
Wald + Wind,Bad Berleburg,Koeffizientenbetraege,PA-04--PA-09,AM-01--AM-04,0.2223877537950814
Wald + Wind,Bad Berleburg,Koeffizientenbetraege,PA-05--PA-06,BC-01--BC-04,0.0915314090109135
Wald + Wind,Bad Berleburg,Koeffizientenbetraege,PA-05--PA-07,BC-04--BC-06,0.0408949062588115
Wald + Wind,Bad Berleburg,Koeffizientenbetraege,PA-05--PA-08,BC-01--BC-04,0.1653478747425317
Wald + Wind,Bad Berleburg,Koeffizientenbetraege,PA-05--PA-09,BC-02--BC-06,0.1615704602001624
Wald + Wind,Bad Berleburg,Koeffizientenbetraege,PA-06--PA-07,BC-05--BC-06,0.1728430167217775
Wald + Wind,Bad Berleburg,Koeffizientenbetraege,PA-06--PA-08,BC-02--BC-04,0.085758722432045
Wald + Wind,Bad Berleburg,Koeffizientenbetraege,PA-06--PA-09,AS-01--AS-04,0.0965148618425
Wald + Wind,Bad Berleburg,Koeffizientenbetraege,PA-07--PA-08,AS-01--AS-04,0.0578931320478223
Wald + Wind,Bad Berleburg,Koeffizientenbetraege,PA-07--PA-09,RB-03--RB-05,0.0605137543253046
Wald + Wind,Bad Berleburg,Koeffizientenbetraege,PA-08--PA-09,BC-02--BC-06,0.0599566335806811
Wald + Wind,Bad Berleburg,Koeffizientenbetraege,RB-01--RB-02,AS-04--AS-05,0.0589575289500928
Wald + Wind,Bad Berleburg,Koeffizientenbetraege,RB-01--RB-03,AS-04--AS-05,0.1165196312410064
Wald + Wind,Bad Berleburg,Koeffizientenbetraege,RB-01--RB-04,PA-08--PA-10,0.106524667091742
Wald + Wind,Bad Berleburg,Koeffizientenbetraege,RB-01--RB-05,PA-06--PA-10,0.0532192407120762
Wald + Wind,Bad Berleburg,Koeffizientenbetraege,RB-02--RB-03,AS-04--AS-05,0.052176892098536
Wald + Wind,Bad Berleburg,Koeffizientenbetraege,RB-02--RB-04,PA-08--PA-10,0.1034802009045357
Wald + Wind,Bad Berleburg,Koeffizientenbetraege,RB-02--RB-05,PA-06--PA-10,0.0679329591637695
Wald + Wind,Bad Berleburg,Koeffizientenbetraege,RB-03--RB-04,PA-06--PA-11,0.095480546793427
Wald + Wind,Bad Berleburg,Koeffizientenbetraege,RB-03--RB-05,BC-01--BC-06,0.0562330270410885
Wald + Wind,Bad Berleburg,Koeffizientenbetraege,RB-04--RB-05,AS-04--AS-05,0.0712449457112655
Wald + Wind,Bad Berleburg,Gleichgewichtung,AS-01--AS-02,LO-02--LO-03,0.1029578230791296
Wald + Wind,Bad Berleburg,Gleichgewichtung,AS-01--AS-03,BC-01--BC-04,0.0421256692948488
Wald + Wind,Bad Berleburg,Gleichgewichtung,AS-01--AS-04,PA-07--PA-08,0.050176504699274
Wald + Wind,Bad Berleburg,Gleichgewichtung,AS-01--AS-05,PA-07--PA-08,0.0949257511408525
Wald + Wind,Bad Berleburg,Gleichgewichtung,AS-01--AS-06,PA-07--PA-08,0.0884623987232455
Wald + Wind,Bad Berleburg,Gleichgewichtung,AS-02--AS-03,BC-01--BC-06,0.0455224067723022
Wald + Wind,Bad Berleburg,Gleichgewichtung,AS-02--AS-04,OF-01--OF-04,0.0630933767182023
Wald + Wind,Bad Berleburg,Gleichgewichtung,AS-02--AS-05,PA-06--PA-08,0.1176585543621052
Wald + Wind,Bad Berleburg,Gleichgewichtung,AS-02--AS-06,OF-01--OF-04,0.0742098018237662
Wald + Wind,Bad Berleburg,Gleichgewichtung,AS-03--AS-04,BC-03--BC-04,0.0924730244080817
Wald + Wind,Bad Berleburg,Gleichgewichtung,AS-03--AS-05,PA-05--PA-07,0.0652526047269353
Wald + Wind,Bad Berleburg,Gleichgewichtung,AS-03--AS-06,PA-05--PA-07,0.0991392097337293
Wald + Wind,Bad Berleburg,Gleichgewichtung,AS-04--AS-05,RB-01--RB-02,0.064771027221647
Wald + Wind,Bad Berleburg,Gleichgewichtung,AS-04--AS-06,RB-01--RB-02,0.0712804016434517
Wald + Wind,Bad Berleburg,Gleichgewichtung,AS-05--AS-06,RB-01--RB-02,0.0733142112078639
Wald + Wind,Bad Berleburg,Gleichgewichtung,AM-01--AM-02,PA-07--PA-11,0.0336109681212168
Wald + Wind,Bad Berleburg,Gleichgewichtung,AM-01--AM-03,PA-05--PA-11,0.0482171854626257
Wald + Wind,Bad Berleburg,Gleichgewichtung,AM-01--AM-04,PA-04--PA-11,0.1938839196314083
Wald + Wind,Bad Berleburg,Gleichgewichtung,AM-02--AM-03,PA-10--PA-11,0.0840471458879209
Wald + Wind,Bad Berleburg,Gleichgewichtung,AM-02--AM-04,PA-05--PA-11,0.1307793473238825
Wald + Wind,Bad Berleburg,Gleichgewichtung,AM-03--AM-04,PA-03--PA-05,0.2357303730214544
Wald + Wind,Bad Berleburg,Gleichgewichtung,BC-01--BC-02,PA-05--PA-07,0.0712633917387797
Wald + Wind,Bad Berleburg,Gleichgewichtung,BC-01--BC-03,PA-06--PA-08,0.1138456598037438
Wald + Wind,Bad Berleburg,Gleichgewichtung,BC-01--BC-04,AS-01--AS-03,0.0421256692948488
Wald + Wind,Bad Berleburg,Gleichgewichtung,BC-01--BC-05,PA-06--PA-08,0.1740278805756704
Wald + Wind,Bad Berleburg,Gleichgewichtung,BC-01--BC-06,AS-02--AS-03,0.0455224067723022
Wald + Wind,Bad Berleburg,Gleichgewichtung,BC-02--BC-03,AS-02--AS-03,0.0477426544187854
Wald + Wind,Bad Berleburg,Gleichgewichtung,BC-02--BC-04,PA-06--PA-08,0.0822968407231243
Wald + Wind,Bad Berleburg,Gleichgewichtung,BC-02--BC-05,RB-01--RB-03,0.114226110170557
Wald + Wind,Bad Berleburg,Gleichgewichtung,BC-02--BC-06,PA-08--PA-09,0.0806830900870894
Wald + Wind,Bad Berleburg,Gleichgewichtung,BC-03--BC-04,AS-03--AS-04,0.0924730244080817
Wald + Wind,Bad Berleburg,Gleichgewichtung,BC-03--BC-05,AS-01--AS-03,0.1040560741399447
Wald + Wind,Bad Berleburg,Gleichgewichtung,BC-03--BC-06,PA-05--PA-07,0.1420683066114373
Wald + Wind,Bad Berleburg,Gleichgewichtung,BC-04--BC-05,AS-01--AS-03,0.1428475407263413
Wald + Wind,Bad Berleburg,Gleichgewichtung,BC-04--BC-06,PA-05--PA-07,0.0410074563150677
Wald + Wind,Bad Berleburg,Gleichgewichtung,BC-05--BC-06,PA-11--PA-12,0.1292268383099841
Wald + Wind,Bad Berleburg,Gleichgewichtung,LO-01--LO-02,AS-01--AS-02,0.1770962778570146
Wald + Wind,Bad Berleburg,Gleichgewichtung,LO-01--LO-03,AS-01--AS-06,0.2128176260475933
Wald + Wind,Bad Berleburg,Gleichgewichtung,LO-02--LO-03,AS-01--AS-02,0.1029578230791296
Wald + Wind,Bad Berleburg,Gleichgewichtung,OF-01--OF-02,AS-05--AS-06,0.144548576862046
Wald + Wind,Bad Berleburg,Gleichgewichtung,OF-01--OF-03,RB-02--RB-03,0.1599786057834291
Wald + Wind,Bad Berleburg,Gleichgewichtung,OF-01--OF-04,AS-02--AS-04,0.0630933767182023
Wald + Wind,Bad Berleburg,Gleichgewichtung,OF-02--OF-03,RB-04--RB-05,0.2879902892651595
Wald + Wind,Bad Berleburg,Gleichgewichtung,OF-02--OF-04,AS-02--AS-04,0.100208886110289
Wald + Wind,Bad Berleburg,Gleichgewichtung,OF-03--OF-04,AS-02--AS-06,0.1780586236182026
Wald + Wind,Bad Berleburg,Gleichgewichtung,PA-01--PA-10,AM-01--AM-04,0.8243522367476246
Wald + Wind,Bad Berleburg,Gleichgewichtung,PA-01--PA-11,AM-01--AM-04,0.8129065818282093
Wald + Wind,Bad Berleburg,Gleichgewichtung,PA-01--PA-12,AM-01--AM-04,1.0370253721095637
Wald + Wind,Bad Berleburg,Gleichgewichtung,PA-01--PA-02,AM-01--AM-04,0.6170922715721356
Wald + Wind,Bad Berleburg,Gleichgewichtung,PA-01--PA-03,AM-01--AM-04,0.2577127774375494
Wald + Wind,Bad Berleburg,Gleichgewichtung,PA-01--PA-04,AM-03--AM-04,0.3193318187091976
Wald + Wind,Bad Berleburg,Gleichgewichtung,PA-01--PA-05,AM-01--AM-04,0.4415204627828877
Wald + Wind,Bad Berleburg,Gleichgewichtung,PA-01--PA-06,AM-01--AM-04,0.6640657521958929
Wald + Wind,Bad Berleburg,Gleichgewichtung,PA-01--PA-07,AM-01--AM-04,0.5683730647471491
Wald + Wind,Bad Berleburg,Gleichgewichtung,PA-01--PA-08,AM-01--AM-04,0.4984781368031391
Wald + Wind,Bad Berleburg,Gleichgewichtung,PA-01--PA-09,AM-01--AM-04,0.8167821312653805
Wald + Wind,Bad Berleburg,Gleichgewichtung,PA-10--PA-11,AM-02--AM-03,0.0840471458879209
Wald + Wind,Bad Berleburg,Gleichgewichtung,PA-10--PA-12,AM-03--AM-04,0.3483438639114117
Wald + Wind,Bad Berleburg,Gleichgewichtung,PA-02--PA-10,AM-01--AM-04,0.8198121114874534
Wald + Wind,Bad Berleburg,Gleichgewichtung,PA-03--PA-10,AM-01--AM-04,0.2509922911153177
Wald + Wind,Bad Berleburg,Gleichgewichtung,PA-04--PA-10,AM-01--AM-04,0.4229764358254973
Wald + Wind,Bad Berleburg,Gleichgewichtung,PA-05--PA-10,AM-01--AM-02,0.4051042038362
Wald + Wind,Bad Berleburg,Gleichgewichtung,PA-06--PA-10,RB-01--RB-05,0.064597003373271
Wald + Wind,Bad Berleburg,Gleichgewichtung,PA-07--PA-10,AM-02--AM-03,0.4155633454749989
Wald + Wind,Bad Berleburg,Gleichgewichtung,PA-08--PA-10,RB-03--RB-04,0.1124582188914682
Wald + Wind,Bad Berleburg,Gleichgewichtung,PA-09--PA-10,AM-02--AM-03,0.1919526028538775
Wald + Wind,Bad Berleburg,Gleichgewichtung,PA-11--PA-12,AS-01--AS-03,0.1222568492489051
Wald + Wind,Bad Berleburg,Gleichgewichtung,PA-02--PA-11,AM-01--AM-04,0.4710778880336604
Wald + Wind,Bad Berleburg,Gleichgewichtung,PA-03--PA-11,AM-01--AM-04,0.2862245582212659
Wald + Wind,Bad Berleburg,Gleichgewichtung,PA-04--PA-11,AM-01--AM-04,0.1938839196314083
Wald + Wind,Bad Berleburg,Gleichgewichtung,PA-05--PA-11,AM-01--AM-03,0.0482171854626257
Wald + Wind,Bad Berleburg,Gleichgewichtung,PA-06--PA-11,BC-02--BC-06,0.11334590950304
Wald + Wind,Bad Berleburg,Gleichgewichtung,PA-07--PA-11,AM-01--AM-02,0.0336109681212168
Wald + Wind,Bad Berleburg,Gleichgewichtung,PA-08--PA-11,BC-02--BC-06,0.1476799701374771
Wald + Wind,Bad Berleburg,Gleichgewichtung,PA-09--PA-11,AM-02--AM-03,0.2083538055873247
Wald + Wind,Bad Berleburg,Gleichgewichtung,PA-02--PA-12,AM-01--AM-04,0.2261676898937268
Wald + Wind,Bad Berleburg,Gleichgewichtung,PA-03--PA-12,AM-01--AM-04,0.8843873598931966
Wald + Wind,Bad Berleburg,Gleichgewichtung,PA-04--PA-12,AM-01--AM-04,0.6601864448345645
Wald + Wind,Bad Berleburg,Gleichgewichtung,PA-05--PA-12,AM-01--AM-04,0.2380901599592871
Wald + Wind,Bad Berleburg,Gleichgewichtung,PA-06--PA-12,AM-03--AM-04,0.3789451239005984
Wald + Wind,Bad Berleburg,Gleichgewichtung,PA-07--PA-12,AM-01--AM-04,0.3755113723193319
Wald + Wind,Bad Berleburg,Gleichgewichtung,PA-08--PA-12,AM-03--AM-04,0.3535012075831497
Wald + Wind,Bad Berleburg,Gleichgewichtung,PA-09--PA-12,AM-03--AM-04,0.4226213195724215
Wald + Wind,Bad Berleburg,Gleichgewichtung,PA-02--PA-03,AM-01--AM-04,0.7815015160119806
Wald + Wind,Bad Berleburg,Gleichgewichtung,PA-02--PA-04,AM-03--AM-04,0.6013677252301504
Wald + Wind,Bad Berleburg,Gleichgewichtung,PA-02--PA-05,AM-01--AM-04,0.6740374199705856
Wald + Wind,Bad Berleburg,Gleichgewichtung,PA-02--PA-06,AM-01--AM-04,0.7469772992661394
Wald + Wind,Bad Berleburg,Gleichgewichtung,PA-02--PA-07,AM-01--AM-04,0.5281834119514147
Wald + Wind,Bad Berleburg,Gleichgewichtung,PA-02--PA-08,AM-01--AM-04,0.9420837398950058
Wald + Wind,Bad Berleburg,Gleichgewichtung,PA-02--PA-09,AM-01--AM-04,0.9473440265515232
Wald + Wind,Bad Berleburg,Gleichgewichtung,PA-03--PA-04,BC-02--BC-06,0.4498942395135474
Wald + Wind,Bad Berleburg,Gleichgewichtung,PA-03--PA-05,AM-02--AM-03,0.1984121363829656
Wald + Wind,Bad Berleburg,Gleichgewichtung,PA-03--PA-06,AM-01--AM-02,0.2468508294525713
Wald + Wind,Bad Berleburg,Gleichgewichtung,PA-03--PA-07,AM-02--AM-03,0.3079828511495069
Wald + Wind,Bad Berleburg,Gleichgewichtung,PA-03--PA-08,AM-01--AM-02,0.0644074264545572
Wald + Wind,Bad Berleburg,Gleichgewichtung,PA-03--PA-09,AM-01--AM-02,0.3928605445460922
Wald + Wind,Bad Berleburg,Gleichgewichtung,PA-04--PA-05,AM-01--AM-03,0.3360214424588786
Wald + Wind,Bad Berleburg,Gleichgewichtung,PA-04--PA-06,AM-02--AM-04,0.2869528146899656
Wald + Wind,Bad Berleburg,Gleichgewichtung,PA-04--PA-07,AM-01--AM-04,0.3655265508686974
Wald + Wind,Bad Berleburg,Gleichgewichtung,PA-04--PA-08,AM-02--AM-04,0.3912662459575085
Wald + Wind,Bad Berleburg,Gleichgewichtung,PA-04--PA-09,AM-01--AM-04,0.2448063372563051
Wald + Wind,Bad Berleburg,Gleichgewichtung,PA-05--PA-06,BC-01--BC-04,0.0778476087992526
Wald + Wind,Bad Berleburg,Gleichgewichtung,PA-05--PA-07,BC-04--BC-06,0.0410074563150677
Wald + Wind,Bad Berleburg,Gleichgewichtung,PA-05--PA-08,BC-02--BC-06,0.1567256361523526
Wald + Wind,Bad Berleburg,Gleichgewichtung,PA-05--PA-09,BC-02--BC-06,0.2208917771567459
Wald + Wind,Bad Berleburg,Gleichgewichtung,PA-06--PA-07,BC-05--BC-06,0.1850149763662097
Wald + Wind,Bad Berleburg,Gleichgewichtung,PA-06--PA-08,BC-02--BC-04,0.0822968407231243
Wald + Wind,Bad Berleburg,Gleichgewichtung,PA-06--PA-09,AS-01--AS-04,0.130941998403771
Wald + Wind,Bad Berleburg,Gleichgewichtung,PA-07--PA-08,AS-01--AS-04,0.050176504699274
Wald + Wind,Bad Berleburg,Gleichgewichtung,PA-07--PA-09,RB-03--RB-05,0.0830387959299155
Wald + Wind,Bad Berleburg,Gleichgewichtung,PA-08--PA-09,BC-02--BC-06,0.0806830900870894
Wald + Wind,Bad Berleburg,Gleichgewichtung,RB-01--RB-02,AS-04--AS-05,0.064771027221647
Wald + Wind,Bad Berleburg,Gleichgewichtung,RB-01--RB-03,BC-02--BC-05,0.114226110170557
Wald + Wind,Bad Berleburg,Gleichgewichtung,RB-01--RB-04,AM-01--AM-03,0.1188139738169046
Wald + Wind,Bad Berleburg,Gleichgewichtung,RB-01--RB-05,PA-06--PA-10,0.064597003373271
Wald + Wind,Bad Berleburg,Gleichgewichtung,RB-02--RB-03,AS-04--AS-05,0.0720544807889876
Wald + Wind,Bad Berleburg,Gleichgewichtung,RB-02--RB-04,AM-01--AM-03,0.1124236191143685
Wald + Wind,Bad Berleburg,Gleichgewichtung,RB-02--RB-05,PA-06--PA-10,0.0807894054964007
Wald + Wind,Bad Berleburg,Gleichgewichtung,RB-03--RB-04,AM-01--AM-02,0.08649642657778
Wald + Wind,Bad Berleburg,Gleichgewichtung,RB-03--RB-05,BC-01--BC-06,0.0739228774097449
Wald + Wind,Bad Berleburg,Gleichgewichtung,RB-04--RB-05,AS-04--AS-05,0.0733018972103415
Wald + Wind,Borken-Coesfeld,Koeffizientenbetraege,AS-01--AS-02,LO-02--LO-03,0.0925490589814275
Wald + Wind,Borken-Coesfeld,Koeffizientenbetraege,AS-01--AS-03,PA-11--PA-12,0.1111398533006211
Wald + Wind,Borken-Coesfeld,Koeffizientenbetraege,AS-01--AS-04,PA-07--PA-08,0.0523880312397331
Wald + Wind,Borken-Coesfeld,Koeffizientenbetraege,AS-01--AS-05,PA-07--PA-08,0.0849398035467528
Wald + Wind,Borken-Coesfeld,Koeffizientenbetraege,AS-01--AS-06,PA-07--PA-08,0.0776405667277313
Wald + Wind,Borken-Coesfeld,Koeffizientenbetraege,AS-02--AS-03,RB-03--RB-05,0.0984986850815962
Wald + Wind,Borken-Coesfeld,Koeffizientenbetraege,AS-02--AS-04,OF-01--OF-04,0.0592222756070248
Wald + Wind,Borken-Coesfeld,Koeffizientenbetraege,AS-02--AS-05,PA-06--PA-08,0.1053190339147445
Wald + Wind,Borken-Coesfeld,Koeffizientenbetraege,AS-02--AS-06,OF-01--OF-04,0.0716853919952631
Wald + Wind,Borken-Coesfeld,Koeffizientenbetraege,AS-03--AS-04,RB-01--RB-03,0.1888440016604601
Wald + Wind,Borken-Coesfeld,Koeffizientenbetraege,AS-03--AS-05,PA-05--PA-07,0.0651265993116899
Wald + Wind,Borken-Coesfeld,Koeffizientenbetraege,AS-03--AS-06,PA-05--PA-07,0.1045836814649621
Wald + Wind,Borken-Coesfeld,Koeffizientenbetraege,AS-04--AS-05,RB-01--RB-02,0.0611424443696135
Wald + Wind,Borken-Coesfeld,Koeffizientenbetraege,AS-04--AS-06,RB-01--RB-02,0.0677816610990113
Wald + Wind,Borken-Coesfeld,Koeffizientenbetraege,AS-05--AS-06,RB-01--RB-02,0.0688360885052137
Wald + Wind,Borken-Coesfeld,Koeffizientenbetraege,AM-01--AM-02,PA-07--PA-11,0.0343170088490385
Wald + Wind,Borken-Coesfeld,Koeffizientenbetraege,AM-01--AM-03,PA-05--PA-11,0.0445893128015587
Wald + Wind,Borken-Coesfeld,Koeffizientenbetraege,AM-01--AM-04,PA-04--PA-11,0.1989103707396387
Wald + Wind,Borken-Coesfeld,Koeffizientenbetraege,AM-02--AM-03,PA-10--PA-11,0.0852004183007155
Wald + Wind,Borken-Coesfeld,Koeffizientenbetraege,AM-02--AM-04,PA-05--PA-11,0.1367910708636491
Wald + Wind,Borken-Coesfeld,Koeffizientenbetraege,AM-03--AM-04,PA-03--PA-05,0.20701833502605
Wald + Wind,Borken-Coesfeld,Koeffizientenbetraege,BB-01--BB-02,AM-02--AM-04,0.1684624528596216
Wald + Wind,Borken-Coesfeld,Koeffizientenbetraege,BB-01--BB-03,PA-05--PA-09,0.0622467605800555
Wald + Wind,Borken-Coesfeld,Koeffizientenbetraege,BB-01--BB-04,PA-04--PA-05,0.0810622939386366
Wald + Wind,Borken-Coesfeld,Koeffizientenbetraege,BB-01--BB-05,PA-06--PA-11,0.1154126984995619
Wald + Wind,Borken-Coesfeld,Koeffizientenbetraege,BB-01--BB-06,PA-04--PA-10,0.1701974173119955
Wald + Wind,Borken-Coesfeld,Koeffizientenbetraege,BB-01--BB-07,PA-04--PA-10,0.0525284894376116
Wald + Wind,Borken-Coesfeld,Koeffizientenbetraege,BB-02--BB-03,PA-04--PA-09,0.0851345729012545
Wald + Wind,Borken-Coesfeld,Koeffizientenbetraege,BB-02--BB-04,PA-03--PA-08,0.1070307240707671
Wald + Wind,Borken-Coesfeld,Koeffizientenbetraege,BB-02--BB-05,PA-03--PA-10,0.0684951459868286
Wald + Wind,Borken-Coesfeld,Koeffizientenbetraege,BB-02--BB-06,PA-01--PA-06,0.318800125342842
Wald + Wind,Borken-Coesfeld,Koeffizientenbetraege,BB-02--BB-07,PA-03--PA-08,0.0957777534296283
Wald + Wind,Borken-Coesfeld,Koeffizientenbetraege,BB-03--BB-04,PA-04--PA-08,0.1130171329689042
Wald + Wind,Borken-Coesfeld,Koeffizientenbetraege,BB-03--BB-05,PA-03--PA-09,0.0510343736062492
Wald + Wind,Borken-Coesfeld,Koeffizientenbetraege,BB-03--BB-06,PA-04--PA-10,0.0155983624216062
Wald + Wind,Borken-Coesfeld,Koeffizientenbetraege,BB-03--BB-07,PA-01--PA-08,0.2722827027130791
Wald + Wind,Borken-Coesfeld,Koeffizientenbetraege,BB-04--BB-05,PA-04--PA-05,0.1598479995794347
Wald + Wind,Borken-Coesfeld,Koeffizientenbetraege,BB-04--BB-06,PA-04--PA-11,0.145501142442277
Wald + Wind,Borken-Coesfeld,Koeffizientenbetraege,BB-04--BB-07,PA-04--PA-05,0.048908931984615
Wald + Wind,Borken-Coesfeld,Koeffizientenbetraege,BB-05--BB-06,PA-01--PA-03,0.1576587386308143
Wald + Wind,Borken-Coesfeld,Koeffizientenbetraege,BB-05--BB-07,PA-04--PA-09,0.0809391040902636
Wald + Wind,Borken-Coesfeld,Koeffizientenbetraege,BB-06--BB-07,PA-01--PA-06,0.6343000843852831
Wald + Wind,Borken-Coesfeld,Koeffizientenbetraege,LO-01--LO-02,AS-01--AS-02,0.1777842346600875
Wald + Wind,Borken-Coesfeld,Koeffizientenbetraege,LO-01--LO-03,AS-01--AS-06,0.1924170226073476
Wald + Wind,Borken-Coesfeld,Koeffizientenbetraege,LO-02--LO-03,AS-01--AS-02,0.0925490589814275
Wald + Wind,Borken-Coesfeld,Koeffizientenbetraege,OF-01--OF-02,AS-05--AS-06,0.1334586978204216
Wald + Wind,Borken-Coesfeld,Koeffizientenbetraege,OF-01--OF-03,RB-02--RB-03,0.1452124472144708
Wald + Wind,Borken-Coesfeld,Koeffizientenbetraege,OF-01--OF-04,AS-02--AS-04,0.0592222756070248
Wald + Wind,Borken-Coesfeld,Koeffizientenbetraege,OF-02--OF-03,RB-04--RB-05,0.2580576001222678
Wald + Wind,Borken-Coesfeld,Koeffizientenbetraege,OF-02--OF-04,AS-02--AS-04,0.1054375084070547
Wald + Wind,Borken-Coesfeld,Koeffizientenbetraege,OF-03--OF-04,AS-02--AS-06,0.1874145524282582
Wald + Wind,Borken-Coesfeld,Koeffizientenbetraege,PA-01--PA-10,BB-02--BB-06,0.4098039189743313
Wald + Wind,Borken-Coesfeld,Koeffizientenbetraege,PA-01--PA-11,BB-02--BB-06,0.5721132451552723
Wald + Wind,Borken-Coesfeld,Koeffizientenbetraege,PA-01--PA-12,AM-01--AM-04,1.006411335192338
Wald + Wind,Borken-Coesfeld,Koeffizientenbetraege,PA-01--PA-02,AM-01--AM-04,0.5517063435345277
Wald + Wind,Borken-Coesfeld,Koeffizientenbetraege,PA-01--PA-03,BB-02--BB-05,0.1035951349740732
Wald + Wind,Borken-Coesfeld,Koeffizientenbetraege,PA-01--PA-04,AM-03--AM-04,0.3236066825970267
Wald + Wind,Borken-Coesfeld,Koeffizientenbetraege,PA-01--PA-05,AM-01--AM-04,0.4193062577939677
Wald + Wind,Borken-Coesfeld,Koeffizientenbetraege,PA-01--PA-06,BB-02--BB-06,0.318800125342842
Wald + Wind,Borken-Coesfeld,Koeffizientenbetraege,PA-01--PA-07,AM-01--AM-04,0.5329351421710946
Wald + Wind,Borken-Coesfeld,Koeffizientenbetraege,PA-01--PA-08,BB-03--BB-07,0.2722827027130791
Wald + Wind,Borken-Coesfeld,Koeffizientenbetraege,PA-01--PA-09,BB-02--BB-06,0.7589210191822617
Wald + Wind,Borken-Coesfeld,Koeffizientenbetraege,PA-10--PA-11,AM-02--AM-03,0.0852004183007155
Wald + Wind,Borken-Coesfeld,Koeffizientenbetraege,PA-10--PA-12,AM-03--AM-04,0.3100859572008488
Wald + Wind,Borken-Coesfeld,Koeffizientenbetraege,PA-02--PA-10,AM-01--AM-04,0.7475024973453503
Wald + Wind,Borken-Coesfeld,Koeffizientenbetraege,PA-03--PA-10,BB-02--BB-05,0.0684951459868286
Wald + Wind,Borken-Coesfeld,Koeffizientenbetraege,PA-04--PA-10,BB-03--BB-06,0.0155983624216062
Wald + Wind,Borken-Coesfeld,Koeffizientenbetraege,PA-05--PA-10,BB-03--BB-05,0.0539999540329414
Wald + Wind,Borken-Coesfeld,Koeffizientenbetraege,PA-06--PA-10,RB-01--RB-05,0.0589143350382239
Wald + Wind,Borken-Coesfeld,Koeffizientenbetraege,PA-07--PA-10,BB-01--BB-03,0.2955664807079145
Wald + Wind,Borken-Coesfeld,Koeffizientenbetraege,PA-08--PA-10,AM-01--AM-02,0.1065688842257814
Wald + Wind,Borken-Coesfeld,Koeffizientenbetraege,PA-09--PA-10,BB-01--BB-03,0.1585501291691226
Wald + Wind,Borken-Coesfeld,Koeffizientenbetraege,PA-11--PA-12,AS-01--AS-03,0.1111398533006211
Wald + Wind,Borken-Coesfeld,Koeffizientenbetraege,PA-02--PA-11,BB-03--BB-07,0.3716190604535212
Wald + Wind,Borken-Coesfeld,Koeffizientenbetraege,PA-03--PA-11,AM-01--AM-04,0.2696295089419673
Wald + Wind,Borken-Coesfeld,Koeffizientenbetraege,PA-04--PA-11,BB-04--BB-06,0.145501142442277
Wald + Wind,Borken-Coesfeld,Koeffizientenbetraege,PA-05--PA-11,AM-01--AM-03,0.0445893128015587
Wald + Wind,Borken-Coesfeld,Koeffizientenbetraege,PA-06--PA-11,AM-01--AM-02,0.1101950030784414
Wald + Wind,Borken-Coesfeld,Koeffizientenbetraege,PA-07--PA-11,AM-01--AM-02,0.0343170088490385
Wald + Wind,Borken-Coesfeld,Koeffizientenbetraege,PA-08--PA-11,BB-01--BB-03,0.0627793470677493
Wald + Wind,Borken-Coesfeld,Koeffizientenbetraege,PA-09--PA-11,AM-02--AM-03,0.2190100750808317
Wald + Wind,Borken-Coesfeld,Koeffizientenbetraege,PA-02--PA-12,BB-04--BB-06,0.1783883529400765
Wald + Wind,Borken-Coesfeld,Koeffizientenbetraege,PA-03--PA-12,AM-01--AM-04,0.7766396770646437
Wald + Wind,Borken-Coesfeld,Koeffizientenbetraege,PA-04--PA-12,AM-01--AM-04,0.5861038862510077
Wald + Wind,Borken-Coesfeld,Koeffizientenbetraege,PA-05--PA-12,BB-05--BB-07,0.1603182371527374
Wald + Wind,Borken-Coesfeld,Koeffizientenbetraege,PA-06--PA-12,AM-03--AM-04,0.3991792360164462
Wald + Wind,Borken-Coesfeld,Koeffizientenbetraege,PA-07--PA-12,BB-03--BB-05,0.157689337994771
Wald + Wind,Borken-Coesfeld,Koeffizientenbetraege,PA-08--PA-12,AM-03--AM-04,0.3642985163113605
Wald + Wind,Borken-Coesfeld,Koeffizientenbetraege,PA-09--PA-12,AM-03--AM-04,0.406702545657335
Wald + Wind,Borken-Coesfeld,Koeffizientenbetraege,PA-02--PA-03,AM-01--AM-04,0.6897981811358607
Wald + Wind,Borken-Coesfeld,Koeffizientenbetraege,PA-02--PA-04,AM-03--AM-04,0.6061673289991211
Wald + Wind,Borken-Coesfeld,Koeffizientenbetraege,PA-02--PA-05,AM-01--AM-04,0.6590062188059658
Wald + Wind,Borken-Coesfeld,Koeffizientenbetraege,PA-02--PA-06,AM-01--AM-04,0.7325340526052709
Wald + Wind,Borken-Coesfeld,Koeffizientenbetraege,PA-02--PA-07,AM-01--AM-04,0.5170612638454729
Wald + Wind,Borken-Coesfeld,Koeffizientenbetraege,PA-02--PA-08,AM-01--AM-04,0.8570184436044814
Wald + Wind,Borken-Coesfeld,Koeffizientenbetraege,PA-02--PA-09,AM-01--AM-04,0.8733390340230702
Wald + Wind,Borken-Coesfeld,Koeffizientenbetraege,PA-03--PA-04,BB-03--BB-05,0.2510787906425126
Wald + Wind,Borken-Coesfeld,Koeffizientenbetraege,PA-03--PA-05,AM-02--AM-03,0.2012351308872043
Wald + Wind,Borken-Coesfeld,Koeffizientenbetraege,PA-03--PA-06,BB-02--BB-04,0.1089521816863638
Wald + Wind,Borken-Coesfeld,Koeffizientenbetraege,PA-03--PA-07,AM-03--AM-04,0.281376679857436
Wald + Wind,Borken-Coesfeld,Koeffizientenbetraege,PA-03--PA-08,AM-01--AM-02,0.0657137507121733
Wald + Wind,Borken-Coesfeld,Koeffizientenbetraege,PA-03--PA-09,BB-03--BB-05,0.0510343736062492
Wald + Wind,Borken-Coesfeld,Koeffizientenbetraege,PA-04--PA-05,BB-04--BB-07,0.048908931984615
Wald + Wind,Borken-Coesfeld,Koeffizientenbetraege,PA-04--PA-06,BB-01--BB-07,0.2168794147798538
Wald + Wind,Borken-Coesfeld,Koeffizientenbetraege,PA-04--PA-07,BB-03--BB-05,0.1074386412487936
Wald + Wind,Borken-Coesfeld,Koeffizientenbetraege,PA-04--PA-08,BB-03--BB-04,0.1130171329689042
Wald + Wind,Borken-Coesfeld,Koeffizientenbetraege,PA-04--PA-09,BB-02--BB-05,0.0774158349516943
Wald + Wind,Borken-Coesfeld,Koeffizientenbetraege,PA-05--PA-06,RB-03--RB-05,0.1105498029510299
Wald + Wind,Borken-Coesfeld,Koeffizientenbetraege,PA-05--PA-07,AS-03--AS-05,0.0651265993116899
Wald + Wind,Borken-Coesfeld,Koeffizientenbetraege,PA-05--PA-08,RB-03--RB-05,0.1914862997398019
Wald + Wind,Borken-Coesfeld,Koeffizientenbetraege,PA-05--PA-09,BB-01--BB-03,0.0622467605800555
Wald + Wind,Borken-Coesfeld,Koeffizientenbetraege,PA-06--PA-07,AS-01--AS-04,0.1939622640534543
Wald + Wind,Borken-Coesfeld,Koeffizientenbetraege,PA-06--PA-08,AS-02--AS-05,0.1053190339147445
Wald + Wind,Borken-Coesfeld,Koeffizientenbetraege,PA-06--PA-09,AS-01--AS-04,0.1155090923191922
Wald + Wind,Borken-Coesfeld,Koeffizientenbetraege,PA-07--PA-08,AS-01--AS-04,0.0523880312397331
Wald + Wind,Borken-Coesfeld,Koeffizientenbetraege,PA-07--PA-09,RB-03--RB-05,0.0730236496909749
Wald + Wind,Borken-Coesfeld,Koeffizientenbetraege,PA-08--PA-09,BB-01--BB-03,0.0957760190175691
Wald + Wind,Borken-Coesfeld,Koeffizientenbetraege,RB-01--RB-02,AS-04--AS-05,0.0611424443696135
Wald + Wind,Borken-Coesfeld,Koeffizientenbetraege,RB-01--RB-03,AS-04--AS-05,0.1196062119546281
Wald + Wind,Borken-Coesfeld,Koeffizientenbetraege,RB-01--RB-04,PA-08--PA-10,0.1167409770195983
Wald + Wind,Borken-Coesfeld,Koeffizientenbetraege,RB-01--RB-05,PA-06--PA-10,0.0589143350382239
Wald + Wind,Borken-Coesfeld,Koeffizientenbetraege,RB-02--RB-03,AS-04--AS-05,0.0632554219406679
Wald + Wind,Borken-Coesfeld,Koeffizientenbetraege,RB-02--RB-04,PA-08--PA-10,0.108134112383903
Wald + Wind,Borken-Coesfeld,Koeffizientenbetraege,RB-02--RB-05,PA-06--PA-10,0.0741767969076251
Wald + Wind,Borken-Coesfeld,Koeffizientenbetraege,RB-03--RB-04,AM-01--AM-02,0.0890276017440419
Wald + Wind,Borken-Coesfeld,Koeffizientenbetraege,RB-03--RB-05,PA-07--PA-09,0.0730236496909749
Wald + Wind,Borken-Coesfeld,Koeffizientenbetraege,RB-04--RB-05,AS-04--AS-05,0.0709577008902901
Wald + Wind,Borken-Coesfeld,Gleichgewichtung,AS-01--AS-02,LO-02--LO-03,0.1118163181079035
Wald + Wind,Borken-Coesfeld,Gleichgewichtung,AS-01--AS-03,PA-05--PA-06,0.1066537249571518
Wald + Wind,Borken-Coesfeld,Gleichgewichtung,AS-01--AS-04,PA-07--PA-08,0.0461496253243567
Wald + Wind,Borken-Coesfeld,Gleichgewichtung,AS-01--AS-05,PA-07--PA-08,0.1034725385383723
Wald + Wind,Borken-Coesfeld,Gleichgewichtung,AS-01--AS-06,PA-07--PA-08,0.0978737483618249
Wald + Wind,Borken-Coesfeld,Gleichgewichtung,AS-02--AS-03,PA-05--PA-06,0.1216383480729155
Wald + Wind,Borken-Coesfeld,Gleichgewichtung,AS-02--AS-04,OF-01--OF-04,0.065965783154449
Wald + Wind,Borken-Coesfeld,Gleichgewichtung,AS-02--AS-05,PA-06--PA-08,0.1282153612184924
Wald + Wind,Borken-Coesfeld,Gleichgewichtung,AS-02--AS-06,OF-01--OF-04,0.0753714742638238
Wald + Wind,Borken-Coesfeld,Gleichgewichtung,AS-03--AS-04,RB-01--RB-03,0.20639034016107
Wald + Wind,Borken-Coesfeld,Gleichgewichtung,AS-03--AS-05,PA-05--PA-07,0.063835306783
Wald + Wind,Borken-Coesfeld,Gleichgewichtung,AS-03--AS-06,PA-05--PA-07,0.0897207051566804
Wald + Wind,Borken-Coesfeld,Gleichgewichtung,AS-04--AS-05,RB-01--RB-02,0.0673510208777574
Wald + Wind,Borken-Coesfeld,Gleichgewichtung,AS-04--AS-06,RB-01--RB-02,0.0735849370294549
Wald + Wind,Borken-Coesfeld,Gleichgewichtung,AS-05--AS-06,RB-01--RB-02,0.0766306116180854
Wald + Wind,Borken-Coesfeld,Gleichgewichtung,AM-01--AM-02,PA-07--PA-11,0.0319262826676755
Wald + Wind,Borken-Coesfeld,Gleichgewichtung,AM-01--AM-03,PA-05--PA-11,0.0511129775435644
Wald + Wind,Borken-Coesfeld,Gleichgewichtung,AM-01--AM-04,PA-04--PA-11,0.1829467105433299
Wald + Wind,Borken-Coesfeld,Gleichgewichtung,AM-02--AM-03,PA-10--PA-11,0.0806061459627636
Wald + Wind,Borken-Coesfeld,Gleichgewichtung,AM-02--AM-04,PA-05--PA-11,0.1199505672800169
Wald + Wind,Borken-Coesfeld,Gleichgewichtung,AM-03--AM-04,PA-03--PA-05,0.2606915333145888
Wald + Wind,Borken-Coesfeld,Gleichgewichtung,BB-01--BB-02,AM-02--AM-04,0.2060695669225067
Wald + Wind,Borken-Coesfeld,Gleichgewichtung,BB-01--BB-03,PA-08--PA-11,0.054193743158025
Wald + Wind,Borken-Coesfeld,Gleichgewichtung,BB-01--BB-04,PA-04--PA-05,0.1009472324173785
Wald + Wind,Borken-Coesfeld,Gleichgewichtung,BB-01--BB-05,PA-08--PA-09,0.1345661273598369
Wald + Wind,Borken-Coesfeld,Gleichgewichtung,BB-01--BB-06,PA-04--PA-10,0.1485775606023295
Wald + Wind,Borken-Coesfeld,Gleichgewichtung,BB-01--BB-07,PA-04--PA-10,0.0661349790632533
Wald + Wind,Borken-Coesfeld,Gleichgewichtung,BB-02--BB-03,PA-04--PA-09,0.0899374756432005
Wald + Wind,Borken-Coesfeld,Gleichgewichtung,BB-02--BB-04,PA-03--PA-06,0.1182108836834378
Wald + Wind,Borken-Coesfeld,Gleichgewichtung,BB-02--BB-05,PA-03--PA-10,0.081207078642448
Wald + Wind,Borken-Coesfeld,Gleichgewichtung,BB-02--BB-06,PA-01--PA-06,0.3904320913784718
Wald + Wind,Borken-Coesfeld,Gleichgewichtung,BB-02--BB-07,PA-03--PA-08,0.0988709356609866
Wald + Wind,Borken-Coesfeld,Gleichgewichtung,BB-03--BB-04,PA-03--PA-10,0.1298932147840936
Wald + Wind,Borken-Coesfeld,Gleichgewichtung,BB-03--BB-05,PA-03--PA-09,0.0459698091992524
Wald + Wind,Borken-Coesfeld,Gleichgewichtung,BB-03--BB-06,PA-04--PA-10,0.0165440767814633
Wald + Wind,Borken-Coesfeld,Gleichgewichtung,BB-03--BB-07,PA-01--PA-08,0.3072148800836982
Wald + Wind,Borken-Coesfeld,Gleichgewichtung,BB-04--BB-05,AM-01--AM-03,0.167701269578637
Wald + Wind,Borken-Coesfeld,Gleichgewichtung,BB-04--BB-06,PA-04--PA-11,0.1830758023057313
Wald + Wind,Borken-Coesfeld,Gleichgewichtung,BB-04--BB-07,PA-04--PA-05,0.0479256359358016
Wald + Wind,Borken-Coesfeld,Gleichgewichtung,BB-05--BB-06,PA-01--PA-03,0.1356029108321874
Wald + Wind,Borken-Coesfeld,Gleichgewichtung,BB-05--BB-07,PA-04--PA-09,0.0919154210268906
Wald + Wind,Borken-Coesfeld,Gleichgewichtung,BB-06--BB-07,PA-01--PA-06,0.7245068819719294
Wald + Wind,Borken-Coesfeld,Gleichgewichtung,LO-01--LO-02,AS-01--AS-02,0.1719990181229438
Wald + Wind,Borken-Coesfeld,Gleichgewichtung,LO-01--LO-03,AM-02--AM-03,0.1987052648980232
Wald + Wind,Borken-Coesfeld,Gleichgewichtung,LO-02--LO-03,AS-01--AS-02,0.1118163181079035
Wald + Wind,Borken-Coesfeld,Gleichgewichtung,OF-01--OF-02,AS-05--AS-06,0.1534502044302911
Wald + Wind,Borken-Coesfeld,Gleichgewichtung,OF-01--OF-03,RB-02--RB-03,0.172353505004539
Wald + Wind,Borken-Coesfeld,Gleichgewichtung,OF-01--OF-04,AS-02--AS-04,0.065965783154449
Wald + Wind,Borken-Coesfeld,Gleichgewichtung,OF-02--OF-03,RB-02--RB-03,0.3077045442725756
Wald + Wind,Borken-Coesfeld,Gleichgewichtung,OF-02--OF-04,AS-02--AS-04,0.0910659881116075
Wald + Wind,Borken-Coesfeld,Gleichgewichtung,OF-03--OF-04,AS-02--AS-06,0.1617233639112668
Wald + Wind,Borken-Coesfeld,Gleichgewichtung,PA-01--PA-10,BB-02--BB-06,0.5118586717549736
Wald + Wind,Borken-Coesfeld,Gleichgewichtung,PA-01--PA-11,BB-03--BB-07,0.7130379937655517
Wald + Wind,Borken-Coesfeld,Gleichgewichtung,PA-01--PA-12,AM-01--AM-04,1.0479894051974894
Wald + Wind,Borken-Coesfeld,Gleichgewichtung,PA-01--PA-02,AM-01--AM-04,0.6731084341346217
Wald + Wind,Borken-Coesfeld,Gleichgewichtung,PA-01--PA-03,BB-02--BB-05,0.0932108819277253
Wald + Wind,Borken-Coesfeld,Gleichgewichtung,PA-01--PA-04,AM-03--AM-04,0.3063915499485679
Wald + Wind,Borken-Coesfeld,Gleichgewichtung,PA-01--PA-05,AM-01--AM-04,0.4563852646513001
Wald + Wind,Borken-Coesfeld,Gleichgewichtung,PA-01--PA-06,BB-03--BB-07,0.3777443127182235
Wald + Wind,Borken-Coesfeld,Gleichgewichtung,PA-01--PA-07,AM-01--AM-04,0.5948485294573274
Wald + Wind,Borken-Coesfeld,Gleichgewichtung,PA-01--PA-08,BB-03--BB-07,0.3072148800836982
Wald + Wind,Borken-Coesfeld,Gleichgewichtung,PA-01--PA-09,AM-01--AM-04,0.7828544000035335
Wald + Wind,Borken-Coesfeld,Gleichgewichtung,PA-10--PA-11,AM-02--AM-03,0.0806061459627636
Wald + Wind,Borken-Coesfeld,Gleichgewichtung,PA-10--PA-12,AM-03--AM-04,0.3812660928214676
Wald + Wind,Borken-Coesfeld,Gleichgewichtung,PA-02--PA-10,AM-01--AM-04,0.8798661387677658
Wald + Wind,Borken-Coesfeld,Gleichgewichtung,PA-03--PA-10,BB-02--BB-05,0.081207078642448
Wald + Wind,Borken-Coesfeld,Gleichgewichtung,PA-04--PA-10,BB-03--BB-06,0.0165440767814633
Wald + Wind,Borken-Coesfeld,Gleichgewichtung,PA-05--PA-10,BB-03--BB-05,0.0463578700906133
Wald + Wind,Borken-Coesfeld,Gleichgewichtung,PA-06--PA-10,RB-01--RB-05,0.0693139213042925
Wald + Wind,Borken-Coesfeld,Gleichgewichtung,PA-07--PA-10,BB-03--BB-05,0.3112353189666829
Wald + Wind,Borken-Coesfeld,Gleichgewichtung,PA-08--PA-10,RB-03--RB-04,0.1158211542190224
Wald + Wind,Borken-Coesfeld,Gleichgewichtung,PA-09--PA-10,BB-01--BB-03,0.1539822427677253
Wald + Wind,Borken-Coesfeld,Gleichgewichtung,PA-11--PA-12,AS-01--AS-03,0.1315468130604359
Wald + Wind,Borken-Coesfeld,Gleichgewichtung,PA-02--PA-11,AM-01--AM-04,0.4279192828115161
Wald + Wind,Borken-Coesfeld,Gleichgewichtung,PA-03--PA-11,AM-01--AM-04,0.2982258295828275
Wald + Wind,Borken-Coesfeld,Gleichgewichtung,PA-04--PA-11,AM-01--AM-04,0.1829467105433299
Wald + Wind,Borken-Coesfeld,Gleichgewichtung,PA-05--PA-11,AM-01--AM-03,0.0511129775435644
Wald + Wind,Borken-Coesfeld,Gleichgewichtung,PA-06--PA-11,AM-01--AM-02,0.1225943169407689
Wald + Wind,Borken-Coesfeld,Gleichgewichtung,PA-07--PA-11,AM-01--AM-02,0.0319262826676755
Wald + Wind,Borken-Coesfeld,Gleichgewichtung,PA-08--PA-11,BB-01--BB-03,0.054193743158025
Wald + Wind,Borken-Coesfeld,Gleichgewichtung,PA-09--PA-11,AM-02--AM-03,0.1896380077477059
Wald + Wind,Borken-Coesfeld,Gleichgewichtung,PA-02--PA-12,AM-01--AM-04,0.2075933616221914
Wald + Wind,Borken-Coesfeld,Gleichgewichtung,PA-03--PA-12,AM-03--AM-04,0.899298246559644
Wald + Wind,Borken-Coesfeld,Gleichgewichtung,PA-04--PA-12,AM-01--AM-04,0.7240928755797189
Wald + Wind,Borken-Coesfeld,Gleichgewichtung,PA-05--PA-12,BB-05--BB-07,0.1979000197608182
Wald + Wind,Borken-Coesfeld,Gleichgewichtung,PA-06--PA-12,AM-03--AM-04,0.3437375532757434
Wald + Wind,Borken-Coesfeld,Gleichgewichtung,PA-07--PA-12,BB-03--BB-05,0.1783562405764945
Wald + Wind,Borken-Coesfeld,Gleichgewichtung,PA-08--PA-12,AM-03--AM-04,0.3314491342683803
Wald + Wind,Borken-Coesfeld,Gleichgewichtung,PA-09--PA-12,AM-03--AM-04,0.4309649375556046
Wald + Wind,Borken-Coesfeld,Gleichgewichtung,PA-02--PA-03,AM-01--AM-04,0.8609675718977379
Wald + Wind,Borken-Coesfeld,Gleichgewichtung,PA-02--PA-04,AM-03--AM-04,0.5810337908893622
Wald + Wind,Borken-Coesfeld,Gleichgewichtung,PA-02--PA-05,AM-01--AM-04,0.6755933102901365
Wald + Wind,Borken-Coesfeld,Gleichgewichtung,PA-02--PA-06,AM-01--AM-04,0.7461388542515007
Wald + Wind,Borken-Coesfeld,Gleichgewichtung,PA-02--PA-07,AM-01--AM-04,0.5286443651299096
Wald + Wind,Borken-Coesfeld,Gleichgewichtung,PA-02--PA-08,AM-01--AM-04,1.0130705032474911
Wald + Wind,Borken-Coesfeld,Gleichgewichtung,PA-02--PA-09,AM-01--AM-04,1.0070433722724028
Wald + Wind,Borken-Coesfeld,Gleichgewichtung,PA-03--PA-04,BB-03--BB-05,0.2561530516433828
Wald + Wind,Borken-Coesfeld,Gleichgewichtung,PA-03--PA-05,AM-02--AM-03,0.190163273676969
Wald + Wind,Borken-Coesfeld,Gleichgewichtung,PA-03--PA-06,BB-02--BB-04,0.1182108836834378
Wald + Wind,Borken-Coesfeld,Gleichgewichtung,PA-03--PA-07,AM-02--AM-03,0.2802879528505829
Wald + Wind,Borken-Coesfeld,Gleichgewichtung,PA-03--PA-08,AM-01--AM-02,0.0612383542415349
Wald + Wind,Borken-Coesfeld,Gleichgewichtung,PA-03--PA-09,BB-03--BB-05,0.0459698091992524
Wald + Wind,Borken-Coesfeld,Gleichgewichtung,PA-04--PA-05,BB-04--BB-07,0.0479256359358016
Wald + Wind,Borken-Coesfeld,Gleichgewichtung,PA-04--PA-06,BB-01--BB-07,0.2151437539665318
Wald + Wind,Borken-Coesfeld,Gleichgewichtung,PA-04--PA-07,BB-03--BB-05,0.0945645359467361
Wald + Wind,Borken-Coesfeld,Gleichgewichtung,PA-04--PA-08,BB-03--BB-04,0.1354956745233705
Wald + Wind,Borken-Coesfeld,Gleichgewichtung,PA-04--PA-09,BB-02--BB-03,0.0899374756432005
Wald + Wind,Borken-Coesfeld,Gleichgewichtung,PA-05--PA-06,RB-03--RB-05,0.1001555016994965
Wald + Wind,Borken-Coesfeld,Gleichgewichtung,PA-05--PA-07,AS-03--AS-05,0.063835306783
Wald + Wind,Borken-Coesfeld,Gleichgewichtung,PA-05--PA-08,RB-03--RB-05,0.2107964215707413
Wald + Wind,Borken-Coesfeld,Gleichgewichtung,PA-05--PA-09,BB-01--BB-03,0.0746990878881177
Wald + Wind,Borken-Coesfeld,Gleichgewichtung,PA-06--PA-07,AS-01--AS-04,0.1975180438884132
Wald + Wind,Borken-Coesfeld,Gleichgewichtung,PA-06--PA-08,AS-02--AS-05,0.1282153612184924
Wald + Wind,Borken-Coesfeld,Gleichgewichtung,PA-06--PA-09,AS-01--AS-04,0.1443209261245387
Wald + Wind,Borken-Coesfeld,Gleichgewichtung,PA-07--PA-08,AS-01--AS-04,0.0461496253243567
Wald + Wind,Borken-Coesfeld,Gleichgewichtung,PA-07--PA-09,RB-03--RB-05,0.0917385747995163
Wald + Wind,Borken-Coesfeld,Gleichgewichtung,PA-08--PA-09,BB-01--BB-03,0.1025204654087309
Wald + Wind,Borken-Coesfeld,Gleichgewichtung,RB-01--RB-02,AS-04--AS-05,0.0673510208777574
Wald + Wind,Borken-Coesfeld,Gleichgewichtung,RB-01--RB-03,AS-04--AS-05,0.1301735996204837
Wald + Wind,Borken-Coesfeld,Gleichgewichtung,RB-01--RB-04,AM-01--AM-03,0.1075350884489895
Wald + Wind,Borken-Coesfeld,Gleichgewichtung,RB-01--RB-05,PA-06--PA-10,0.0693139213042925
Wald + Wind,Borken-Coesfeld,Gleichgewichtung,RB-02--RB-03,AS-04--AS-05,0.0797056321407567
Wald + Wind,Borken-Coesfeld,Gleichgewichtung,RB-02--RB-04,AM-01--AM-03,0.1027395176001259
Wald + Wind,Borken-Coesfeld,Gleichgewichtung,RB-02--RB-05,PA-06--PA-10,0.0861885461725984
Wald + Wind,Borken-Coesfeld,Gleichgewichtung,RB-03--RB-04,AM-01--AM-02,0.0812443615293123
Wald + Wind,Borken-Coesfeld,Gleichgewichtung,RB-03--RB-05,PA-07--PA-09,0.0917385747995163
Wald + Wind,Borken-Coesfeld,Gleichgewichtung,RB-04--RB-05,AS-04--AS-05,0.0742810405859455
Wald + Wind,Lorup,Koeffizientenbetraege,AS-01--AS-02,PA-07--PA-08,0.1548878098649449
Wald + Wind,Lorup,Koeffizientenbetraege,AS-01--AS-03,BC-01--BC-04,0.0414424977526914
Wald + Wind,Lorup,Koeffizientenbetraege,AS-01--AS-04,PA-07--PA-08,0.0492304497978331
Wald + Wind,Lorup,Koeffizientenbetraege,AS-01--AS-05,PA-07--PA-08,0.1001223843207754
Wald + Wind,Lorup,Koeffizientenbetraege,AS-01--AS-06,PA-07--PA-08,0.0939622766504065
Wald + Wind,Lorup,Koeffizientenbetraege,AS-02--AS-03,BC-01--BC-06,0.0475866459400085
Wald + Wind,Lorup,Koeffizientenbetraege,AS-02--AS-04,OF-01--OF-04,0.0652908123827763
Wald + Wind,Lorup,Koeffizientenbetraege,AS-02--AS-05,BC-02--BC-04,0.120002452174222
Wald + Wind,Lorup,Koeffizientenbetraege,AS-02--AS-06,OF-01--OF-04,0.0758216738117531
Wald + Wind,Lorup,Koeffizientenbetraege,AS-03--AS-04,BC-03--BC-04,0.0934065381193519
Wald + Wind,Lorup,Koeffizientenbetraege,AS-03--AS-05,PA-05--PA-07,0.0656198118529096
Wald + Wind,Lorup,Koeffizientenbetraege,AS-03--AS-06,PA-05--PA-07,0.0966728787565578
Wald + Wind,Lorup,Koeffizientenbetraege,AS-04--AS-05,RB-01--RB-02,0.0668640103346563
Wald + Wind,Lorup,Koeffizientenbetraege,AS-04--AS-06,RB-01--RB-02,0.0733483798859439
Wald + Wind,Lorup,Koeffizientenbetraege,AS-05--AS-06,RB-01--RB-02,0.0758581902853894
Wald + Wind,Lorup,Koeffizientenbetraege,AM-01--AM-02,PA-07--PA-11,0.0333970240598484
Wald + Wind,Lorup,Koeffizientenbetraege,AM-01--AM-03,PA-05--PA-11,0.0502076110755492
Wald + Wind,Lorup,Koeffizientenbetraege,AM-01--AM-04,PA-04--PA-11,0.1921405569807746
Wald + Wind,Lorup,Koeffizientenbetraege,AM-02--AM-03,PA-10--PA-11,0.0838360723224855
Wald + Wind,Lorup,Koeffizientenbetraege,AM-02--AM-04,PA-05--PA-11,0.1281769400199041
Wald + Wind,Lorup,Koeffizientenbetraege,AM-03--AM-04,PA-03--PA-05,0.2503324912541961
Wald + Wind,Lorup,Koeffizientenbetraege,BB-01--BB-02,AM-02--AM-04,0.1992035252443617
Wald + Wind,Lorup,Koeffizientenbetraege,BB-01--BB-03,PA-08--PA-11,0.0582541768849796
Wald + Wind,Lorup,Koeffizientenbetraege,BB-01--BB-04,PA-04--PA-05,0.0971808278789558
Wald + Wind,Lorup,Koeffizientenbetraege,BB-01--BB-05,PA-06--PA-11,0.1377524208348787
Wald + Wind,Lorup,Koeffizientenbetraege,BB-01--BB-06,PA-04--PA-10,0.159033752829879
Wald + Wind,Lorup,Koeffizientenbetraege,BB-01--BB-07,PA-04--PA-10,0.0635096722543734
Wald + Wind,Lorup,Koeffizientenbetraege,BB-02--BB-03,PA-04--PA-09,0.0903494409653602
Wald + Wind,Lorup,Koeffizientenbetraege,BB-02--BB-04,PA-03--PA-06,0.1178502712895236
Wald + Wind,Lorup,Koeffizientenbetraege,BB-02--BB-05,PA-03--PA-10,0.0790932503542555
Wald + Wind,Lorup,Koeffizientenbetraege,BB-02--BB-06,PA-01--PA-06,0.3773181088907879
Wald + Wind,Lorup,Koeffizientenbetraege,BB-02--BB-07,PA-03--PA-08,0.1000053637290248
Wald + Wind,Lorup,Koeffizientenbetraege,BB-03--BB-04,PA-03--PA-10,0.1310381233230565
Wald + Wind,Lorup,Koeffizientenbetraege,BB-03--BB-05,PA-03--PA-09,0.0486401311964061
Wald + Wind,Lorup,Koeffizientenbetraege,BB-03--BB-06,PA-04--PA-10,0.0166006529171543
Wald + Wind,Lorup,Koeffizientenbetraege,BB-03--BB-07,PA-01--PA-08,0.3030269952097356
Wald + Wind,Lorup,Koeffizientenbetraege,BB-04--BB-05,AM-01--AM-03,0.1693460333874622
Wald + Wind,Lorup,Koeffizientenbetraege,BB-04--BB-06,PA-04--PA-11,0.1758330931429738
Wald + Wind,Lorup,Koeffizientenbetraege,BB-04--BB-07,PA-04--PA-05,0.0492698929779723
Wald + Wind,Lorup,Koeffizientenbetraege,BB-05--BB-06,PA-01--PA-03,0.1459656970431166
Wald + Wind,Lorup,Koeffizientenbetraege,BB-05--BB-07,PA-04--PA-09,0.0905080675837646
Wald + Wind,Lorup,Koeffizientenbetraege,BB-06--BB-07,PA-01--PA-06,0.7123340400531312
Wald + Wind,Lorup,Koeffizientenbetraege,BC-01--BC-02,PA-05--PA-07,0.0696911941491901
Wald + Wind,Lorup,Koeffizientenbetraege,BC-01--BC-03,PA-06--PA-08,0.1123504614955912
Wald + Wind,Lorup,Koeffizientenbetraege,BC-01--BC-04,AS-01--AS-03,0.0414424977526914
Wald + Wind,Lorup,Koeffizientenbetraege,BC-01--BC-05,PA-06--PA-08,0.1697458513484321
Wald + Wind,Lorup,Koeffizientenbetraege,BC-01--BC-06,AS-02--AS-03,0.0475866459400085
Wald + Wind,Lorup,Koeffizientenbetraege,BC-02--BC-03,AS-02--AS-03,0.0486536748627349
Wald + Wind,Lorup,Koeffizientenbetraege,BC-02--BC-04,PA-06--PA-08,0.082827042045954
Wald + Wind,Lorup,Koeffizientenbetraege,BC-02--BC-05,RB-01--RB-03,0.1135414824257046
Wald + Wind,Lorup,Koeffizientenbetraege,BC-02--BC-06,PA-08--PA-09,0.085474778592724
Wald + Wind,Lorup,Koeffizientenbetraege,BC-03--BC-04,AS-03--AS-04,0.0934065381193519
Wald + Wind,Lorup,Koeffizientenbetraege,BC-03--BC-05,AS-01--AS-03,0.1103779405629824
Wald + Wind,Lorup,Koeffizientenbetraege,BC-03--BC-06,PA-05--PA-07,0.1507889068482586
Wald + Wind,Lorup,Koeffizientenbetraege,BC-04--BC-05,AS-01--AS-03,0.1516674063739409
Wald + Wind,Lorup,Koeffizientenbetraege,BC-04--BC-06,PA-05--PA-07,0.0416514548814344
Wald + Wind,Lorup,Koeffizientenbetraege,BC-05--BC-06,PA-11--PA-12,0.1263418976988366
Wald + Wind,Lorup,Koeffizientenbetraege,OF-01--OF-02,AS-05--AS-06,0.1506138902986433
Wald + Wind,Lorup,Koeffizientenbetraege,OF-01--OF-03,RB-02--RB-03,0.1678213162808285
Wald + Wind,Lorup,Koeffizientenbetraege,OF-01--OF-04,AS-02--AS-04,0.0652908123827763
Wald + Wind,Lorup,Koeffizientenbetraege,OF-02--OF-03,RB-02--RB-03,0.3015973535593212
Wald + Wind,Lorup,Koeffizientenbetraege,OF-02--OF-04,AS-02--AS-04,0.0978694196372143
Wald + Wind,Lorup,Koeffizientenbetraege,OF-03--OF-04,AS-02--AS-06,0.1738652409082173
Wald + Wind,Lorup,Koeffizientenbetraege,PA-01--PA-10,BB-02--BB-06,0.4924255172841323
Wald + Wind,Lorup,Koeffizientenbetraege,PA-01--PA-11,BB-02--BB-06,0.6917697015410066
Wald + Wind,Lorup,Koeffizientenbetraege,PA-01--PA-12,AM-01--AM-04,1.0572600019237817
Wald + Wind,Lorup,Koeffizientenbetraege,PA-01--PA-02,AM-01--AM-04,0.6510805289542835
Wald + Wind,Lorup,Koeffizientenbetraege,PA-01--PA-03,BB-02--BB-05,0.0986649925194972
Wald + Wind,Lorup,Koeffizientenbetraege,PA-01--PA-04,AM-03--AM-04,0.3185861001303631
Wald + Wind,Lorup,Koeffizientenbetraege,PA-01--PA-05,AM-01--AM-04,0.4545891208400195
Wald + Wind,Lorup,Koeffizientenbetraege,PA-01--PA-06,BB-02--BB-06,0.3773181088907879
Wald + Wind,Lorup,Koeffizientenbetraege,PA-01--PA-07,AM-01--AM-04,0.5884338162441304
Wald + Wind,Lorup,Koeffizientenbetraege,PA-01--PA-08,BB-03--BB-07,0.3030269952097356
Wald + Wind,Lorup,Koeffizientenbetraege,PA-01--PA-09,AM-01--AM-04,0.8145256736900268
Wald + Wind,Lorup,Koeffizientenbetraege,PA-10--PA-11,AM-02--AM-03,0.0838360723224855
Wald + Wind,Lorup,Koeffizientenbetraege,PA-10--PA-12,AM-03--AM-04,0.3681196124368288
Wald + Wind,Lorup,Koeffizientenbetraege,PA-02--PA-10,AM-01--AM-04,0.8584923789307283
Wald + Wind,Lorup,Koeffizientenbetraege,PA-03--PA-10,BB-02--BB-05,0.0790932503542555
Wald + Wind,Lorup,Koeffizientenbetraege,PA-04--PA-10,BB-03--BB-06,0.0166006529171543
Wald + Wind,Lorup,Koeffizientenbetraege,PA-05--PA-10,BB-03--BB-05,0.0499366958018124
Wald + Wind,Lorup,Koeffizientenbetraege,PA-06--PA-10,RB-01--RB-05,0.0676380659297885
Wald + Wind,Lorup,Koeffizientenbetraege,PA-07--PA-10,BB-03--BB-05,0.3147338063776932
Wald + Wind,Lorup,Koeffizientenbetraege,PA-08--PA-10,RB-03--RB-04,0.1156010576214618
Wald + Wind,Lorup,Koeffizientenbetraege,PA-09--PA-10,BB-01--BB-03,0.1587613677840725
Wald + Wind,Lorup,Koeffizientenbetraege,PA-11--PA-12,BC-05--BC-06,0.1263418976988366
Wald + Wind,Lorup,Koeffizientenbetraege,PA-02--PA-11,BB-03--BB-07,0.4360690645661084
Wald + Wind,Lorup,Koeffizientenbetraege,PA-03--PA-11,AM-01--AM-04,0.2957383409393233
Wald + Wind,Lorup,Koeffizientenbetraege,PA-04--PA-11,BB-04--BB-06,0.1758330931429738
Wald + Wind,Lorup,Koeffizientenbetraege,PA-05--PA-11,AM-01--AM-03,0.0502076110755492
Wald + Wind,Lorup,Koeffizientenbetraege,PA-06--PA-11,BC-02--BC-06,0.1118848842370191
Wald + Wind,Lorup,Koeffizientenbetraege,PA-07--PA-11,AM-01--AM-02,0.0333970240598484
Wald + Wind,Lorup,Koeffizientenbetraege,PA-08--PA-11,BB-01--BB-03,0.0582541768849796
Wald + Wind,Lorup,Koeffizientenbetraege,PA-09--PA-11,AM-02--AM-03,0.2036094526916478
Wald + Wind,Lorup,Koeffizientenbetraege,PA-02--PA-12,BB-04--BB-06,0.211012090605389
Wald + Wind,Lorup,Koeffizientenbetraege,PA-03--PA-12,AM-01--AM-04,0.9391824046353252
Wald + Wind,Lorup,Koeffizientenbetraege,PA-04--PA-12,AM-01--AM-04,0.6983516030388579
Wald + Wind,Lorup,Koeffizientenbetraege,PA-05--PA-12,BB-05--BB-07,0.1909009933551789
Wald + Wind,Lorup,Koeffizientenbetraege,PA-06--PA-12,AM-03--AM-04,0.369840497232144
Wald + Wind,Lorup,Koeffizientenbetraege,PA-07--PA-12,BB-03--BB-05,0.1758110342193247
Wald + Wind,Lorup,Koeffizientenbetraege,PA-08--PA-12,AM-03--AM-04,0.3494444287229465
Wald + Wind,Lorup,Koeffizientenbetraege,PA-09--PA-12,AM-03--AM-04,0.4325537304947626
Wald + Wind,Lorup,Koeffizientenbetraege,PA-02--PA-03,AM-01--AM-04,0.8284142699771273
Wald + Wind,Lorup,Koeffizientenbetraege,PA-02--PA-04,AM-03--AM-04,0.6016659580916423
Wald + Wind,Lorup,Koeffizientenbetraege,PA-02--PA-05,AM-01--AM-04,0.6847776196797222
Wald + Wind,Lorup,Koeffizientenbetraege,PA-02--PA-06,AM-01--AM-04,0.757773895666831
Wald + Wind,Lorup,Koeffizientenbetraege,PA-02--PA-07,AM-01--AM-04,0.5362721692843724
Wald + Wind,Lorup,Koeffizientenbetraege,PA-02--PA-08,AM-01--AM-04,0.98742009252327
Wald + Wind,Lorup,Koeffizientenbetraege,PA-02--PA-09,AM-01--AM-04,0.9877016934668568
Wald + Wind,Lorup,Koeffizientenbetraege,PA-03--PA-04,BB-03--BB-05,0.2600194737974346
Wald + Wind,Lorup,Koeffizientenbetraege,PA-03--PA-05,AM-02--AM-03,0.1978609855620036
Wald + Wind,Lorup,Koeffizientenbetraege,PA-03--PA-06,BB-02--BB-04,0.1178502712895236
Wald + Wind,Lorup,Koeffizientenbetraege,PA-03--PA-07,AM-02--AM-03,0.3009577602894653
Wald + Wind,Lorup,Koeffizientenbetraege,PA-03--PA-08,AM-01--AM-02,0.064022248823102
Wald + Wind,Lorup,Koeffizientenbetraege,PA-03--PA-09,BB-03--BB-05,0.0486401311964061
Wald + Wind,Lorup,Koeffizientenbetraege,PA-04--PA-05,BB-04--BB-07,0.0492698929779723
Wald + Wind,Lorup,Koeffizientenbetraege,PA-04--PA-06,BB-01--BB-07,0.220309643983847
Wald + Wind,Lorup,Koeffizientenbetraege,PA-04--PA-07,BB-03--BB-05,0.1009092124824486
Wald + Wind,Lorup,Koeffizientenbetraege,PA-04--PA-08,BB-03--BB-04,0.1316098642630195
Wald + Wind,Lorup,Koeffizientenbetraege,PA-04--PA-09,BB-02--BB-03,0.0903494409653602
Wald + Wind,Lorup,Koeffizientenbetraege,PA-05--PA-06,BC-01--BC-04,0.0759622274521995
Wald + Wind,Lorup,Koeffizientenbetraege,PA-05--PA-07,BC-04--BC-06,0.0416514548814344
Wald + Wind,Lorup,Koeffizientenbetraege,PA-05--PA-08,BC-02--BC-06,0.1543467337442675
Wald + Wind,Lorup,Koeffizientenbetraege,PA-05--PA-09,BB-01--BB-03,0.0725399760885642
Wald + Wind,Lorup,Koeffizientenbetraege,PA-06--PA-07,BC-05--BC-06,0.1901799017988412
Wald + Wind,Lorup,Koeffizientenbetraege,PA-06--PA-08,BC-02--BC-04,0.082827042045954
Wald + Wind,Lorup,Koeffizientenbetraege,PA-06--PA-09,AS-01--AS-04,0.1388315515852953
Wald + Wind,Lorup,Koeffizientenbetraege,PA-07--PA-08,AS-01--AS-04,0.0492304497978331
Wald + Wind,Lorup,Koeffizientenbetraege,PA-07--PA-09,RB-03--RB-05,0.0881401360008416
Wald + Wind,Lorup,Koeffizientenbetraege,PA-08--PA-09,BC-02--BC-06,0.085474778592724
Wald + Wind,Lorup,Koeffizientenbetraege,RB-01--RB-02,AS-04--AS-05,0.0668640103346563
Wald + Wind,Lorup,Koeffizientenbetraege,RB-01--RB-03,BC-02--BC-05,0.1135414824257046
Wald + Wind,Lorup,Koeffizientenbetraege,RB-01--RB-04,AM-01--AM-03,0.1158617513465605
Wald + Wind,Lorup,Koeffizientenbetraege,RB-01--RB-05,PA-06--PA-10,0.0676380659297885
Wald + Wind,Lorup,Koeffizientenbetraege,RB-02--RB-03,AS-04--AS-05,0.0765275933779933
Wald + Wind,Lorup,Koeffizientenbetraege,RB-02--RB-04,AM-01--AM-03,0.1100329215404453
Wald + Wind,Lorup,Koeffizientenbetraege,RB-02--RB-05,PA-06--PA-10,0.0843687170123431
Wald + Wind,Lorup,Koeffizientenbetraege,RB-03--RB-04,AM-01--AM-02,0.0855635180252982
Wald + Wind,Lorup,Koeffizientenbetraege,RB-03--RB-05,BC-01--BC-06,0.0781237526401591
Wald + Wind,Lorup,Koeffizientenbetraege,RB-04--RB-05,AS-04--AS-05,0.0748208431082891
Wald + Wind,Lorup,Gleichgewichtung,AS-01--AS-02,PA-07--PA-08,0.1492764668910871
Wald + Wind,Lorup,Gleichgewichtung,AS-01--AS-03,BC-01--BC-04,0.0399592617504207
Wald + Wind,Lorup,Gleichgewichtung,AS-01--AS-04,PA-07--PA-08,0.0472722383314126
Wald + Wind,Lorup,Gleichgewichtung,AS-01--AS-05,PA-07--PA-08,0.1057234459366824
Wald + Wind,Lorup,Gleichgewichtung,AS-01--AS-06,PA-07--PA-08,0.0999845825503337
Wald + Wind,Lorup,Gleichgewichtung,AS-02--AS-03,BC-02--BC-03,0.0492994137767958
Wald + Wind,Lorup,Gleichgewichtung,AS-02--AS-04,OF-01--OF-04,0.067437280655947
Wald + Wind,Lorup,Gleichgewichtung,AS-02--AS-05,BC-02--BC-04,0.1185718163544569
Wald + Wind,Lorup,Gleichgewichtung,AS-02--AS-06,OF-01--OF-04,0.0770838854399638
Wald + Wind,Lorup,Gleichgewichtung,AS-03--AS-04,BC-03--BC-04,0.0935457176486019
Wald + Wind,Lorup,Gleichgewichtung,AS-03--AS-05,PA-05--PA-07,0.0653220171626382
Wald + Wind,Lorup,Gleichgewichtung,AS-03--AS-06,PA-05--PA-07,0.0919294928678288
Wald + Wind,Lorup,Gleichgewichtung,AS-04--AS-05,RB-01--RB-02,0.0688585326355298
Wald + Wind,Lorup,Gleichgewichtung,AS-04--AS-06,RB-01--RB-02,0.0752394843873091
Wald + Wind,Lorup,Gleichgewichtung,AS-05--AS-06,RB-01--RB-02,0.0783403041612143
Wald + Wind,Lorup,Gleichgewichtung,AM-01--AM-02,PA-07--PA-11,0.0326851252494695
Wald + Wind,Lorup,Gleichgewichtung,AM-01--AM-03,PA-05--PA-11,0.0522435300850901
Wald + Wind,Lorup,Gleichgewichtung,AM-01--AM-04,PA-04--PA-11,0.1873155588001489
Wald + Wind,Lorup,Gleichgewichtung,AM-02--AM-03,PA-10--PA-11,0.0825091899394701
Wald + Wind,Lorup,Gleichgewichtung,AM-02--AM-04,PA-05--PA-11,0.1228743758549946
Wald + Wind,Lorup,Gleichgewichtung,AM-03--AM-04,PA-03--PA-05,0.2663152993743123
Wald + Wind,Lorup,Gleichgewichtung,BB-01--BB-02,AM-02--AM-04,0.2105475427719632
Wald + Wind,Lorup,Gleichgewichtung,BB-01--BB-03,PA-08--PA-11,0.0555241050234609
Wald + Wind,Lorup,Gleichgewichtung,BB-01--BB-04,PA-04--PA-05,0.1031309300010991
Wald + Wind,Lorup,Gleichgewichtung,BB-01--BB-05,PA-08--PA-09,0.1378779722093772
Wald + Wind,Lorup,Gleichgewichtung,BB-01--BB-06,PA-04--PA-10,0.1522064160215706
Wald + Wind,Lorup,Gleichgewichtung,BB-01--BB-07,PA-04--PA-10,0.0675617412176847
Wald + Wind,Lorup,Gleichgewichtung,BB-02--BB-03,PA-04--PA-09,0.0919776087740872
Wald + Wind,Lorup,Gleichgewichtung,BB-02--BB-04,PA-03--PA-06,0.1208693330726269
Wald + Wind,Lorup,Gleichgewichtung,BB-02--BB-05,PA-03--PA-10,0.0829864075803561
Wald + Wind,Lorup,Gleichgewichtung,BB-02--BB-06,PA-01--PA-06,0.3989137445945682
Wald + Wind,Lorup,Gleichgewichtung,BB-02--BB-07,PA-03--PA-08,0.1011312410347467
Wald + Wind,Lorup,Gleichgewichtung,BB-03--BB-04,PA-03--PA-10,0.1328538236864183
Wald + Wind,Lorup,Gleichgewichtung,BB-03--BB-05,PA-03--PA-09,0.0470772624798211
Wald + Wind,Lorup,Gleichgewichtung,BB-03--BB-06,PA-04--PA-10,0.0169188690861634
Wald + Wind,Lorup,Gleichgewichtung,BB-03--BB-07,PA-01--PA-08,0.3140415771817005
Wald + Wind,Lorup,Gleichgewichtung,BB-04--BB-05,AM-01--AM-03,0.1715279135074094
Wald + Wind,Lorup,Gleichgewichtung,BB-04--BB-06,PA-04--PA-11,0.1870259918033461
Wald + Wind,Lorup,Gleichgewichtung,BB-04--BB-07,PA-04--PA-05,0.0490419316118223
Wald + Wind,Lorup,Gleichgewichtung,BB-05--BB-06,PA-01--PA-03,0.1389372816984143
Wald + Wind,Lorup,Gleichgewichtung,BB-05--BB-07,PA-04--PA-09,0.0939540124510374
Wald + Wind,Lorup,Gleichgewichtung,BB-06--BB-07,PA-01--PA-06,0.7405485980206816
Wald + Wind,Lorup,Gleichgewichtung,BC-01--BC-02,PA-05--PA-07,0.0665766413823029
Wald + Wind,Lorup,Gleichgewichtung,BC-01--BC-03,PA-06--PA-08,0.1088462982987289
Wald + Wind,Lorup,Gleichgewichtung,BC-01--BC-04,AS-01--AS-03,0.0399592617504207
Wald + Wind,Lorup,Gleichgewichtung,BC-01--BC-05,PA-06--PA-08,0.1614892299764413
Wald + Wind,Lorup,Gleichgewichtung,BC-01--BC-06,AS-02--AS-03,0.0497415684716516
Wald + Wind,Lorup,Gleichgewichtung,BC-02--BC-03,AS-02--AS-03,0.0492994137767958
Wald + Wind,Lorup,Gleichgewichtung,BC-02--BC-04,PA-06--PA-08,0.0825429750515791
Wald + Wind,Lorup,Gleichgewichtung,BC-02--BC-05,RB-01--RB-03,0.111181782196775
Wald + Wind,Lorup,Gleichgewichtung,BC-02--BC-06,PA-08--PA-09,0.090694417672551
Wald + Wind,Lorup,Gleichgewichtung,BC-03--BC-04,AS-03--AS-04,0.0935457176486019
Wald + Wind,Lorup,Gleichgewichtung,BC-03--BC-05,AS-01--AS-03,0.1172826704218489
Wald + Wind,Lorup,Gleichgewichtung,BC-03--BC-06,PA-05--PA-07,0.1603245429030301
Wald + Wind,Lorup,Gleichgewichtung,BC-04--BC-05,AS-01--AS-03,0.1613178048332482
Wald + Wind,Lorup,Gleichgewichtung,BC-04--BC-06,PA-05--PA-07,0.0420220252929395
Wald + Wind,Lorup,Gleichgewichtung,BC-05--BC-06,PA-11--PA-12,0.1206442852838336
Wald + Wind,Lorup,Gleichgewichtung,OF-01--OF-02,AS-05--AS-06,0.1568413593812165
Wald + Wind,Lorup,Gleichgewichtung,OF-01--OF-03,RB-02--RB-03,0.1761288049552928
Wald + Wind,Lorup,Gleichgewichtung,OF-01--OF-04,AS-02--AS-04,0.067437280655947
Wald + Wind,Lorup,Gleichgewichtung,OF-02--OF-03,RB-02--RB-03,0.3144941161850056
Wald + Wind,Lorup,Gleichgewichtung,OF-02--OF-04,AS-02--AS-04,0.0933009618723043
Wald + Wind,Lorup,Gleichgewichtung,OF-03--OF-04,AS-02--AS-06,0.165694070744717
Wald + Wind,Lorup,Gleichgewichtung,PA-01--PA-10,BB-02--BB-06,0.5229229909903672
Wald + Wind,Lorup,Gleichgewichtung,PA-01--PA-11,BB-03--BB-07,0.7291459895027712
Wald + Wind,Lorup,Gleichgewichtung,PA-01--PA-12,AM-01--AM-04,1.0718767063783057
Wald + Wind,Lorup,Gleichgewichtung,PA-01--PA-02,AM-01--AM-04,0.6877452186251749
Wald + Wind,Lorup,Gleichgewichtung,PA-01--PA-03,BB-02--BB-05,0.0954574826636582
Wald + Wind,Lorup,Gleichgewichtung,PA-01--PA-04,AM-03--AM-04,0.3136230069311034
Wald + Wind,Lorup,Gleichgewichtung,PA-01--PA-05,AM-01--AM-04,0.4666386605454222
Wald + Wind,Lorup,Gleichgewichtung,PA-01--PA-06,BB-03--BB-07,0.3865711107332353
Wald + Wind,Lorup,Gleichgewichtung,PA-01--PA-07,AM-01--AM-04,0.6081095174091681
Wald + Wind,Lorup,Gleichgewichtung,PA-01--PA-08,BB-03--BB-07,0.3140415771817005
Wald + Wind,Lorup,Gleichgewichtung,PA-01--PA-09,AM-01--AM-04,0.8013449464839661
Wald + Wind,Lorup,Gleichgewichtung,PA-10--PA-11,AM-02--AM-03,0.0825091899394701
Wald + Wind,Lorup,Gleichgewichtung,PA-10--PA-12,AM-03--AM-04,0.3895402297128895
Wald + Wind,Lorup,Gleichgewichtung,PA-02--PA-10,AM-01--AM-04,0.8991829550161601
Wald + Wind,Lorup,Gleichgewichtung,PA-03--PA-10,BB-02--BB-05,0.0829864075803561
Wald + Wind,Lorup,Gleichgewichtung,PA-04--PA-10,BB-03--BB-06,0.0169188690861634
Wald + Wind,Lorup,Gleichgewichtung,PA-05--PA-10,BB-03--BB-05,0.0474987657010533
Wald + Wind,Lorup,Gleichgewichtung,PA-06--PA-10,RB-01--RB-05,0.0708358550189604
Wald + Wind,Lorup,Gleichgewichtung,PA-07--PA-10,BB-03--BB-05,0.3183486505467438
Wald + Wind,Lorup,Gleichgewichtung,PA-08--PA-10,RB-03--RB-04,0.1184292521019996
Wald + Wind,Lorup,Gleichgewichtung,PA-09--PA-10,BB-01--BB-03,0.1575809129669119
Wald + Wind,Lorup,Gleichgewichtung,PA-11--PA-12,BC-05--BC-06,0.1206442852838336
Wald + Wind,Lorup,Gleichgewichtung,PA-02--PA-11,AM-01--AM-04,0.4384246852426288
Wald + Wind,Lorup,Gleichgewichtung,PA-03--PA-11,AM-01--AM-04,0.3048926084068898
Wald + Wind,Lorup,Gleichgewichtung,PA-04--PA-11,BB-04--BB-06,0.1870259918033461
Wald + Wind,Lorup,Gleichgewichtung,PA-05--PA-11,AM-01--AM-03,0.0522435300850901
Wald + Wind,Lorup,Gleichgewichtung,PA-06--PA-11,BC-02--BC-06,0.1084355907780592
Wald + Wind,Lorup,Gleichgewichtung,PA-07--PA-11,AM-01--AM-02,0.0326851252494695
Wald + Wind,Lorup,Gleichgewichtung,PA-08--PA-11,BB-01--BB-03,0.0555241050234609
Wald + Wind,Lorup,Gleichgewichtung,PA-09--PA-11,AM-02--AM-03,0.1942868039510593
Wald + Wind,Lorup,Gleichgewichtung,PA-02--PA-12,AM-01--AM-04,0.2126507341662349
Wald + Wind,Lorup,Gleichgewichtung,PA-03--PA-12,AM-03--AM-04,0.9207764072558264
Wald + Wind,Lorup,Gleichgewichtung,PA-04--PA-12,AM-01--AM-04,0.7397878814465504
Wald + Wind,Lorup,Gleichgewichtung,PA-05--PA-12,BB-05--BB-07,0.2021904758181101
Wald + Wind,Lorup,Gleichgewichtung,PA-06--PA-12,AM-03--AM-04,0.3521852583131481
Wald + Wind,Lorup,Gleichgewichtung,PA-07--PA-12,BB-03--BB-05,0.1823166716925641
Wald + Wind,Lorup,Gleichgewichtung,PA-08--PA-12,AM-03--AM-04,0.3394001787890016
Wald + Wind,Lorup,Gleichgewichtung,PA-09--PA-12,AM-03--AM-04,0.440731034775469
Wald + Wind,Lorup,Gleichgewichtung,PA-02--PA-03,AM-01--AM-04,0.8795815114288353
Wald + Wind,Lorup,Gleichgewichtung,PA-02--PA-04,AM-03--AM-04,0.594681405263663
Wald + Wind,Lorup,Gleichgewichtung,PA-02--PA-05,AM-01--AM-04,0.6910751674322505
Wald + Wind,Lorup,Gleichgewichtung,PA-02--PA-06,AM-01--AM-04,0.7632759330702641
Wald + Wind,Lorup,Gleichgewichtung,PA-02--PA-07,AM-01--AM-04,0.5407701598139452
Wald + Wind,Lorup,Gleichgewichtung,PA-02--PA-08,AM-01--AM-04,1.0352858082318246
Wald + Wind,Lorup,Gleichgewichtung,PA-02--PA-09,AM-01--AM-04,1.0292801789356043
Wald + Wind,Lorup,Gleichgewichtung,PA-03--PA-04,BB-03--BB-05,0.2620329796414163
Wald + Wind,Lorup,Gleichgewichtung,PA-03--PA-05,AM-02--AM-03,0.1946549326633355
Wald + Wind,Lorup,Gleichgewichtung,PA-03--PA-06,BB-02--BB-04,0.1208693330726269
Wald + Wind,Lorup,Gleichgewichtung,PA-03--PA-07,AM-02--AM-03,0.2871594878511681
Wald + Wind,Lorup,Gleichgewichtung,PA-03--PA-08,AM-01--AM-02,0.0626929128876161
Wald + Wind,Lorup,Gleichgewichtung,PA-03--PA-09,BB-03--BB-05,0.0470772624798211
Wald + Wind,Lorup,Gleichgewichtung,PA-04--PA-05,BB-04--BB-07,0.0490419316118223
Wald + Wind,Lorup,Gleichgewichtung,PA-04--PA-06,BB-01--BB-07,0.2201322087495557
Wald + Wind,Lorup,Gleichgewichtung,PA-04--PA-07,BB-03--BB-05,0.0968657304928427
Wald + Wind,Lorup,Gleichgewichtung,PA-04--PA-08,BB-03--BB-04,0.1384556094053214
Wald + Wind,Lorup,Gleichgewichtung,PA-04--PA-09,BB-02--BB-03,0.0919776087740872
Wald + Wind,Lorup,Gleichgewichtung,PA-05--PA-06,BC-01--BC-04,0.0723131757886979
Wald + Wind,Lorup,Gleichgewichtung,PA-05--PA-07,BC-04--BC-06,0.0420220252929395
Wald + Wind,Lorup,Gleichgewichtung,PA-05--PA-08,BC-02--BC-06,0.1490629215802174
Wald + Wind,Lorup,Gleichgewichtung,PA-05--PA-09,BB-01--BB-03,0.0763304890350695
Wald + Wind,Lorup,Gleichgewichtung,PA-06--PA-07,BC-02--BC-06,0.1925100760313157
Wald + Wind,Lorup,Gleichgewichtung,PA-06--PA-08,BC-02--BC-04,0.0825429750515791
Wald + Wind,Lorup,Gleichgewichtung,PA-06--PA-09,AS-01--AS-04,0.147440313929056
Wald + Wind,Lorup,Gleichgewichtung,PA-07--PA-08,AS-01--AS-04,0.0472722383314126
Wald + Wind,Lorup,Gleichgewichtung,PA-07--PA-09,RB-03--RB-05,0.093718756455116
Wald + Wind,Lorup,Gleichgewichtung,PA-08--PA-09,BC-02--BC-06,0.090694417672551
Wald + Wind,Lorup,Gleichgewichtung,RB-01--RB-02,AS-04--AS-05,0.0688585326355298
Wald + Wind,Lorup,Gleichgewichtung,RB-01--RB-03,BC-02--BC-05,0.111181782196775
Wald + Wind,Lorup,Gleichgewichtung,RB-01--RB-04,AM-01--AM-03,0.110182277630626
Wald + Wind,Lorup,Gleichgewichtung,RB-01--RB-05,PA-06--PA-10,0.0708358550189604
Wald + Wind,Lorup,Gleichgewichtung,RB-02--RB-03,AS-04--AS-05,0.0814248165578197
Wald + Wind,Lorup,Gleichgewichtung,RB-02--RB-04,AM-01--AM-03,0.1052505457075965
Wald + Wind,Lorup,Gleichgewichtung,RB-02--RB-05,PA-06--PA-10,0.0880875858048114
Wald + Wind,Lorup,Gleichgewichtung,RB-03--RB-04,AM-01--AM-02,0.0831908452190365
Wald + Wind,Lorup,Gleichgewichtung,RB-03--RB-05,BC-01--BC-06,0.0826746393704973
Wald + Wind,Lorup,Gleichgewichtung,RB-04--RB-05,AS-04--AS-05,0.0759711458783136
Wald + Wind,Ostfriesland,Koeffizientenbetraege,AS-01--AS-02,LO-02--LO-03,0.0947224644691264
Wald + Wind,Ostfriesland,Koeffizientenbetraege,AS-01--AS-03,BC-01--BC-04,0.0453318863464259
Wald + Wind,Ostfriesland,Koeffizientenbetraege,AS-01--AS-04,PA-07--PA-08,0.0542620657258424
Wald + Wind,Ostfriesland,Koeffizientenbetraege,AS-01--AS-05,PA-07--PA-08,0.0868972325367288
Wald + Wind,Ostfriesland,Koeffizientenbetraege,AS-01--AS-06,PA-07--PA-08,0.0792819900707905
Wald + Wind,Ostfriesland,Koeffizientenbetraege,AS-02--AS-03,BC-01--BC-06,0.0427441692642909
Wald + Wind,Ostfriesland,Koeffizientenbetraege,AS-02--AS-04,BC-02--BC-04,0.2129590364327692
Wald + Wind,Ostfriesland,Koeffizientenbetraege,AS-02--AS-05,PA-06--PA-08,0.1077497518212446
Wald + Wind,Ostfriesland,Koeffizientenbetraege,AS-02--AS-06,BC-02--BC-04,0.2044583766165735
Wald + Wind,Ostfriesland,Koeffizientenbetraege,AS-03--AS-04,BC-03--BC-04,0.0943928327918931
Wald + Wind,Ostfriesland,Koeffizientenbetraege,AS-03--AS-05,PA-05--PA-07,0.0672410343538328
Wald + Wind,Ostfriesland,Koeffizientenbetraege,AS-03--AS-06,PA-05--PA-07,0.1083996857262827
Wald + Wind,Ostfriesland,Koeffizientenbetraege,AS-04--AS-05,RB-01--RB-02,0.0628500225936726
Wald + Wind,Ostfriesland,Koeffizientenbetraege,AS-04--AS-06,RB-01--RB-02,0.0697171507016437
Wald + Wind,Ostfriesland,Koeffizientenbetraege,AS-05--AS-06,RB-01--RB-02,0.0707264400141838
Wald + Wind,Ostfriesland,Koeffizientenbetraege,AM-01--AM-02,PA-07--PA-11,0.0354896831160246
Wald + Wind,Ostfriesland,Koeffizientenbetraege,AM-01--AM-03,PA-05--PA-11,0.0457537529125584
Wald + Wind,Ostfriesland,Koeffizientenbetraege,AM-01--AM-04,PA-04--PA-11,0.2057772209977107
Wald + Wind,Ostfriesland,Koeffizientenbetraege,AM-02--AM-03,PA-10--PA-11,0.0880668217114318
Wald + Wind,Ostfriesland,Koeffizientenbetraege,AM-02--AM-04,PA-05--PA-11,0.1417017008235048
Wald + Wind,Ostfriesland,Koeffizientenbetraege,AM-03--AM-04,PA-03--PA-05,0.2114075738386334
Wald + Wind,Ostfriesland,Koeffizientenbetraege,BB-01--BB-02,AM-02--AM-04,0.1723070721307638
Wald + Wind,Ostfriesland,Koeffizientenbetraege,BB-01--BB-03,PA-05--PA-09,0.0637306024342372
Wald + Wind,Ostfriesland,Koeffizientenbetraege,BB-01--BB-04,PA-04--PA-05,0.0828323494287937
Wald + Wind,Ostfriesland,Koeffizientenbetraege,BB-01--BB-05,PA-06--PA-11,0.1179697131538088
Wald + Wind,Ostfriesland,Koeffizientenbetraege,BB-01--BB-06,PA-04--PA-10,0.1763281328628727
Wald + Wind,Ostfriesland,Koeffizientenbetraege,BB-01--BB-07,PA-04--PA-10,0.0536427761947393
Wald + Wind,Ostfriesland,Koeffizientenbetraege,BB-02--BB-03,PA-04--PA-09,0.0876613324905291
Wald + Wind,Ostfriesland,Koeffizientenbetraege,BB-02--BB-04,PA-03--PA-08,0.1099135299579101
Wald + Wind,Ostfriesland,Koeffizientenbetraege,BB-02--BB-05,PA-03--PA-10,0.070170629895211
Wald + Wind,Ostfriesland,Koeffizientenbetraege,BB-02--BB-06,PA-01--PA-06,0.3260551777957822
Wald + Wind,Ostfriesland,Koeffizientenbetraege,BB-02--BB-07,PA-03--PA-08,0.0987070829932325
Wald + Wind,Ostfriesland,Koeffizientenbetraege,BB-03--BB-04,PA-04--PA-08,0.1157168911641897
Wald + Wind,Ostfriesland,Koeffizientenbetraege,BB-03--BB-05,PA-03--PA-09,0.0528277391426304
Wald + Wind,Ostfriesland,Koeffizientenbetraege,BB-03--BB-06,PA-04--PA-10,0.0160588144829409
Wald + Wind,Ostfriesland,Koeffizientenbetraege,BB-03--BB-07,PA-02--PA-12,0.2791422068364486
Wald + Wind,Ostfriesland,Koeffizientenbetraege,BB-04--BB-05,PA-04--PA-05,0.1639765471029119
Wald + Wind,Ostfriesland,Koeffizientenbetraege,BB-04--BB-06,PA-04--PA-11,0.1485928854842284
Wald + Wind,Ostfriesland,Koeffizientenbetraege,BB-04--BB-07,PA-04--PA-05,0.050497311883252
Wald + Wind,Ostfriesland,Koeffizientenbetraege,BB-05--BB-06,PA-01--PA-03,0.1634005881358345
Wald + Wind,Ostfriesland,Koeffizientenbetraege,BB-05--BB-07,PA-04--PA-09,0.0830884237529003
Wald + Wind,Ostfriesland,Koeffizientenbetraege,BB-06--BB-07,PA-01--PA-06,0.6509717815755165
Wald + Wind,Ostfriesland,Koeffizientenbetraege,BC-01--BC-02,PA-05--PA-07,0.0775225636865706
Wald + Wind,Ostfriesland,Koeffizientenbetraege,BC-01--BC-03,PA-06--PA-08,0.1217972994729978
Wald + Wind,Ostfriesland,Koeffizientenbetraege,BC-01--BC-04,AS-01--AS-03,0.0453318863464259
Wald + Wind,Ostfriesland,Koeffizientenbetraege,BC-01--BC-05,AS-01--AS-03,0.1802020020477693
Wald + Wind,Ostfriesland,Koeffizientenbetraege,BC-01--BC-06,AS-02--AS-03,0.0427441692642909
Wald + Wind,Ostfriesland,Koeffizientenbetraege,BC-02--BC-03,AS-02--AS-03,0.0477810768457105
Wald + Wind,Ostfriesland,Koeffizientenbetraege,BC-02--BC-04,PA-06--PA-08,0.0846596587338481
Wald + Wind,Ostfriesland,Koeffizientenbetraege,BC-02--BC-05,RB-01--RB-03,0.1205224465867778
Wald + Wind,Ostfriesland,Koeffizientenbetraege,BC-02--BC-06,PA-08--PA-09,0.072895554766727
Wald + Wind,Ostfriesland,Koeffizientenbetraege,BC-03--BC-04,AS-03--AS-04,0.0943928327918931
Wald + Wind,Ostfriesland,Koeffizientenbetraege,BC-03--BC-05,AS-01--AS-03,0.0936430617683241
Wald + Wind,Ostfriesland,Koeffizientenbetraege,BC-03--BC-06,PA-05--PA-07,0.1276181687419903
Wald + Wind,Ostfriesland,Koeffizientenbetraege,BC-04--BC-05,AS-01--AS-03,0.1281836100630844
Wald + Wind,Ostfriesland,Koeffizientenbetraege,BC-04--BC-06,PA-05--PA-07,0.0413507608008678
Wald + Wind,Ostfriesland,Koeffizientenbetraege,BC-05--BC-06,PA-11--PA-12,0.1406445522427003
Wald + Wind,Ostfriesland,Koeffizientenbetraege,LO-01--LO-02,AS-01--AS-02,0.183635159190234
Wald + Wind,Ostfriesland,Koeffizientenbetraege,LO-01--LO-03,AS-01--AS-06,0.1970418826988675
Wald + Wind,Ostfriesland,Koeffizientenbetraege,LO-02--LO-03,AS-01--AS-02,0.0947224644691264
Wald + Wind,Ostfriesland,Koeffizientenbetraege,PA-01--PA-10,BB-02--BB-06,0.4186832588157851
Wald + Wind,Ostfriesland,Koeffizientenbetraege,PA-01--PA-11,BB-02--BB-06,0.5842461082891939
Wald + Wind,Ostfriesland,Koeffizientenbetraege,PA-01--PA-12,AM-01--AM-04,1.036854088629866
Wald + Wind,Ostfriesland,Koeffizientenbetraege,PA-01--PA-02,AM-01--AM-04,0.5643750559652317
Wald + Wind,Ostfriesland,Koeffizientenbetraege,PA-01--PA-03,BB-02--BB-05,0.1072388401706057
Wald + Wind,Ostfriesland,Koeffizientenbetraege,PA-01--PA-04,AM-03--AM-04,0.3344858483478184
Wald + Wind,Ostfriesland,Koeffizientenbetraege,PA-01--PA-05,AM-01--AM-04,0.4312333232065201
Wald + Wind,Ostfriesland,Koeffizientenbetraege,PA-01--PA-06,BB-02--BB-06,0.3260551777957822
Wald + Wind,Ostfriesland,Koeffizientenbetraege,PA-01--PA-07,AM-01--AM-04,0.5475074661043035
Wald + Wind,Ostfriesland,Koeffizientenbetraege,PA-01--PA-08,BB-03--BB-07,0.2795944207200584
Wald + Wind,Ostfriesland,Koeffizientenbetraege,PA-01--PA-09,BB-02--BB-06,0.7750004592112576
Wald + Wind,Ostfriesland,Koeffizientenbetraege,PA-10--PA-11,AM-02--AM-03,0.0880668217114318
Wald + Wind,Ostfriesland,Koeffizientenbetraege,PA-10--PA-12,AM-03--AM-04,0.3170758049684258
Wald + Wind,Ostfriesland,Koeffizientenbetraege,PA-02--PA-10,AM-01--AM-04,0.7660590043117144
Wald + Wind,Ostfriesland,Koeffizientenbetraege,PA-03--PA-10,BB-02--BB-05,0.070170629895211
Wald + Wind,Ostfriesland,Koeffizientenbetraege,PA-04--PA-10,BB-03--BB-06,0.0160588144829409
Wald + Wind,Ostfriesland,Koeffizientenbetraege,PA-05--PA-10,BB-03--BB-05,0.0559692957009976
Wald + Wind,Ostfriesland,Koeffizientenbetraege,PA-06--PA-10,RB-01--RB-05,0.0603782515423406
Wald + Wind,Ostfriesland,Koeffizientenbetraege,PA-07--PA-10,BB-01--BB-05,0.303970832513403
Wald + Wind,Ostfriesland,Koeffizientenbetraege,PA-08--PA-10,AM-01--AM-02,0.108831303009985
Wald + Wind,Ostfriesland,Koeffizientenbetraege,PA-09--PA-10,BB-01--BB-03,0.1637475101801095
Wald + Wind,Ostfriesland,Koeffizientenbetraege,PA-11--PA-12,BC-01--BC-04,0.1123359810530506
Wald + Wind,Ostfriesland,Koeffizientenbetraege,PA-02--PA-11,BB-03--BB-07,0.3803004649156677
Wald + Wind,Ostfriesland,Koeffizientenbetraege,PA-03--PA-11,AM-01--AM-04,0.2771112988915469
Wald + Wind,Ostfriesland,Koeffizientenbetraege,PA-04--PA-11,BB-04--BB-06,0.1485928854842284
Wald + Wind,Ostfriesland,Koeffizientenbetraege,PA-05--PA-11,AM-01--AM-03,0.0457537529125584
Wald + Wind,Ostfriesland,Koeffizientenbetraege,PA-06--PA-11,AM-01--AM-02,0.1132242812116892
Wald + Wind,Ostfriesland,Koeffizientenbetraege,PA-07--PA-11,AM-01--AM-02,0.0354896831160246
Wald + Wind,Ostfriesland,Koeffizientenbetraege,PA-08--PA-11,BB-01--BB-03,0.0650596767606872
Wald + Wind,Ostfriesland,Koeffizientenbetraege,PA-09--PA-11,AM-02--AM-03,0.2269472708003062
Wald + Wind,Ostfriesland,Koeffizientenbetraege,PA-02--PA-12,BB-04--BB-06,0.1824552278283102
Wald + Wind,Ostfriesland,Koeffizientenbetraege,PA-03--PA-12,AM-01--AM-04,0.7931032163469351
Wald + Wind,Ostfriesland,Koeffizientenbetraege,PA-04--PA-12,AM-01--AM-04,0.5991617460605079
Wald + Wind,Ostfriesland,Koeffizientenbetraege,PA-05--PA-12,BB-05--BB-07,0.1638972527783944
Wald + Wind,Ostfriesland,Koeffizientenbetraege,PA-06--PA-12,AM-03--AM-04,0.4137047848084644
Wald + Wind,Ostfriesland,Koeffizientenbetraege,PA-07--PA-12,BB-03--BB-05,0.1619060657350408
Wald + Wind,Ostfriesland,Koeffizientenbetraege,PA-08--PA-12,AM-03--AM-04,0.3769931611140014
Wald + Wind,Ostfriesland,Koeffizientenbetraege,PA-09--PA-12,AM-03--AM-04,0.4187231800629228
Wald + Wind,Ostfriesland,Koeffizientenbetraege,PA-02--PA-03,AM-01--AM-04,0.7047719742328299
Wald + Wind,Ostfriesland,Koeffizientenbetraege,PA-02--PA-04,AM-03--AM-04,0.6263030524099392
Wald + Wind,Ostfriesland,Koeffizientenbetraege,PA-02--PA-05,AM-01--AM-04,0.6793351637400552
Wald + Wind,Ostfriesland,Koeffizientenbetraege,PA-02--PA-06,AM-01--AM-04,0.7553084758793983
Wald + Wind,Ostfriesland,Koeffizientenbetraege,PA-02--PA-07,AM-01--AM-04,0.5330641162447073
Wald + Wind,Ostfriesland,Koeffizientenbetraege,PA-02--PA-08,AM-01--AM-04,0.8781106168017495
Wald + Wind,Ostfriesland,Koeffizientenbetraege,PA-02--PA-09,AM-01--AM-04,0.8959001414427133
Wald + Wind,Ostfriesland,Koeffizientenbetraege,PA-03--PA-04,BB-03--BB-05,0.2588697636667257
Wald + Wind,Ostfriesland,Koeffizientenbetraege,PA-03--PA-05,AM-02--AM-03,0.2080127677345662
Wald + Wind,Ostfriesland,Koeffizientenbetraege,PA-03--PA-06,BB-02--BB-04,0.1120659993402451
Wald + Wind,Ostfriesland,Koeffizientenbetraege,PA-03--PA-07,AM-03--AM-04,0.2881870297499145
Wald + Wind,Ostfriesland,Koeffizientenbetraege,PA-03--PA-08,AM-01--AM-02,0.0679558888989582
Wald + Wind,Ostfriesland,Koeffizientenbetraege,PA-03--PA-09,BB-03--BB-05,0.0528277391426304
Wald + Wind,Ostfriesland,Koeffizientenbetraege,PA-04--PA-05,BB-04--BB-07,0.050497311883252
Wald + Wind,Ostfriesland,Koeffizientenbetraege,PA-04--PA-06,BB-01--BB-07,0.2238300658741964
Wald + Wind,Ostfriesland,Koeffizientenbetraege,PA-04--PA-07,BB-03--BB-05,0.1112844809760479
Wald + Wind,Ostfriesland,Koeffizientenbetraege,PA-04--PA-08,BB-03--BB-04,0.1157168911641897
Wald + Wind,Ostfriesland,Koeffizientenbetraege,PA-04--PA-09,BB-02--BB-05,0.0791071912524268
Wald + Wind,Ostfriesland,Koeffizientenbetraege,PA-05--PA-06,BC-01--BC-04,0.0850180185949508
Wald + Wind,Ostfriesland,Koeffizientenbetraege,PA-05--PA-07,BC-04--BC-06,0.0413507608008678
Wald + Wind,Ostfriesland,Koeffizientenbetraege,PA-05--PA-08,BC-02--BC-06,0.168324418277688
Wald + Wind,Ostfriesland,Koeffizientenbetraege,PA-05--PA-09,BB-01--BB-03,0.0637306024342372
Wald + Wind,Ostfriesland,Koeffizientenbetraege,PA-06--PA-07,BC-05--BC-06,0.1814283370863976
Wald + Wind,Ostfriesland,Koeffizientenbetraege,PA-06--PA-08,BC-02--BC-04,0.0846596587338481
Wald + Wind,Ostfriesland,Koeffizientenbetraege,PA-06--PA-09,AS-01--AS-04,0.1180097683715202
Wald + Wind,Ostfriesland,Koeffizientenbetraege,PA-07--PA-08,AS-01--AS-04,0.0542620657258424
Wald + Wind,Ostfriesland,Koeffizientenbetraege,PA-07--PA-09,RB-03--RB-05,0.0745818360786738
Wald + Wind,Ostfriesland,Koeffizientenbetraege,PA-08--PA-09,BC-02--BC-06,0.072895554766727
Wald + Wind,Ostfriesland,Koeffizientenbetraege,RB-01--RB-02,AS-04--AS-05,0.0628500225936726
Wald + Wind,Ostfriesland,Koeffizientenbetraege,RB-01--RB-03,BC-02--BC-05,0.1205224465867778
Wald + Wind,Ostfriesland,Koeffizientenbetraege,RB-01--RB-04,PA-08--PA-10,0.1196943684685043
Wald + Wind,Ostfriesland,Koeffizientenbetraege,RB-01--RB-05,PA-06--PA-10,0.0603782515423406
Wald + Wind,Ostfriesland,Koeffizientenbetraege,RB-02--RB-03,AS-04--AS-05,0.0645942864690215
Wald + Wind,Ostfriesland,Koeffizientenbetraege,RB-02--RB-04,PA-08--PA-10,0.1111130597357675
Wald + Wind,Ostfriesland,Koeffizientenbetraege,RB-02--RB-05,PA-06--PA-10,0.0760656326351797
Wald + Wind,Ostfriesland,Koeffizientenbetraege,RB-03--RB-04,AM-01--AM-02,0.0921219612671226
Wald + Wind,Ostfriesland,Koeffizientenbetraege,RB-03--RB-05,BC-01--BC-06,0.0672765772051093
Wald + Wind,Ostfriesland,Koeffizientenbetraege,RB-04--RB-05,AS-04--AS-05,0.073089388133391
Wald + Wind,Ostfriesland,Gleichgewichtung,AS-01--AS-02,LO-02--LO-03,0.1245325987051391
Wald + Wind,Ostfriesland,Gleichgewichtung,AS-01--AS-03,BC-01--BC-04,0.0387730024766011
Wald + Wind,Ostfriesland,Gleichgewichtung,AS-01--AS-04,PA-07--PA-08,0.0455613526751092
Wald + Wind,Ostfriesland,Gleichgewichtung,AS-01--AS-05,PA-07--PA-08,0.1154688263904603
Wald + Wind,Ostfriesland,Gleichgewichtung,AS-01--AS-06,PA-07--PA-08,0.1100782730054119
Wald + Wind,Ostfriesland,Gleichgewichtung,AS-02--AS-03,BC-02--BC-03,0.0513380577184526
Wald + Wind,Ostfriesland,Gleichgewichtung,AS-02--AS-04,BC-02--BC-04,0.2751804040332435
Wald + Wind,Ostfriesland,Gleichgewichtung,AS-02--AS-05,BC-02--BC-04,0.1193806856268568
Wald + Wind,Ostfriesland,Gleichgewichtung,AS-02--AS-06,BC-02--BC-04,0.2694867076229568
Wald + Wind,Ostfriesland,Gleichgewichtung,AS-03--AS-04,BC-03--BC-04,0.0959472624163126
Wald + Wind,Ostfriesland,Gleichgewichtung,AS-03--AS-05,PA-05--PA-07,0.0664545004063311
Wald + Wind,Ostfriesland,Gleichgewichtung,AS-03--AS-06,PA-05--PA-07,0.0871628112788099
Wald + Wind,Ostfriesland,Gleichgewichtung,AS-04--AS-05,RB-01--RB-02,0.0731358957482619
Wald + Wind,Ostfriesland,Gleichgewichtung,AS-04--AS-06,RB-01--RB-02,0.0795411035261875
Wald + Wind,Ostfriesland,Gleichgewichtung,AS-05--AS-06,RB-01--RB-02,0.0834795555319691
Wald + Wind,Ostfriesland,Gleichgewichtung,AM-01--AM-02,PA-07--PA-11,0.0324540287688961
Wald + Wind,Ostfriesland,Gleichgewichtung,AM-01--AM-03,PA-05--PA-11,0.0561532034858877
Wald + Wind,Ostfriesland,Gleichgewichtung,AM-01--AM-04,PA-04--PA-11,0.1849077566686988
Wald + Wind,Ostfriesland,Gleichgewichtung,AM-02--AM-03,PA-10--PA-11,0.0826014623853089
Wald + Wind,Ostfriesland,Gleichgewichtung,AM-02--AM-04,PA-05--PA-11,0.1181035845127111
Wald + Wind,Ostfriesland,Gleichgewichtung,AM-03--AM-04,PA-03--PA-05,0.2931308764414166
Wald + Wind,Ostfriesland,Gleichgewichtung,BB-01--BB-02,AM-02--AM-04,0.2301862539039207
Wald + Wind,Ostfriesland,Gleichgewichtung,BB-01--BB-03,PA-08--PA-11,0.0528547477972569
Wald + Wind,Ostfriesland,Gleichgewichtung,BB-01--BB-04,PA-04--PA-05,0.1132272905931666
Wald + Wind,Ostfriesland,Gleichgewichtung,BB-01--BB-05,PA-08--PA-09,0.130782273336916
Wald + Wind,Ostfriesland,Gleichgewichtung,BB-01--BB-06,PA-04--PA-10,0.1459007382916864
Wald + Wind,Ostfriesland,Gleichgewichtung,BB-01--BB-07,PA-04--PA-10,0.0743614574885488
Wald + Wind,Ostfriesland,Gleichgewichtung,BB-02--BB-03,PA-04--PA-09,0.0963423314233312
Wald + Wind,Ostfriesland,Gleichgewichtung,BB-02--BB-04,PA-03--PA-06,0.1277551774888088
Wald + Wind,Ostfriesland,Gleichgewichtung,BB-02--BB-05,PA-03--PA-10,0.0900182306324289
Wald + Wind,Ostfriesland,Gleichgewichtung,BB-02--BB-06,PA-01--PA-06,0.4362471418938393
Wald + Wind,Ostfriesland,Gleichgewichtung,BB-02--BB-07,PA-03--PA-08,0.1050477920337719
Wald + Wind,Ostfriesland,Gleichgewichtung,BB-03--BB-04,PA-03--PA-10,0.1384482249003978
Wald + Wind,Ostfriesland,Gleichgewichtung,BB-03--BB-05,PA-05--PA-10,0.0450560168643631
Wald + Wind,Ostfriesland,Gleichgewichtung,BB-03--BB-06,PA-04--PA-10,0.0177463950194675
Wald + Wind,Ostfriesland,Gleichgewichtung,BB-03--BB-07,PA-04--PA-10,0.3127692834847649
Wald + Wind,Ostfriesland,Gleichgewichtung,BB-04--BB-05,AM-01--AM-03,0.1785345434374902
Wald + Wind,Ostfriesland,Gleichgewichtung,BB-04--BB-06,PA-01--PA-03,0.2026661128228432
Wald + Wind,Ostfriesland,Gleichgewichtung,BB-04--BB-07,PA-04--PA-05,0.0498860789250706
Wald + Wind,Ostfriesland,Gleichgewichtung,BB-05--BB-06,PA-01--PA-03,0.1319519588226446
Wald + Wind,Ostfriesland,Gleichgewichtung,BB-05--BB-07,PA-04--PA-09,0.1007136094945808
Wald + Wind,Ostfriesland,Gleichgewichtung,BB-06--BB-07,PA-01--PA-06,0.7951570078532364
Wald + Wind,Ostfriesland,Gleichgewichtung,BC-01--BC-02,PA-05--PA-07,0.0636215046924181
Wald + Wind,Ostfriesland,Gleichgewichtung,BC-01--BC-03,PA-06--PA-08,0.1064156720241551
Wald + Wind,Ostfriesland,Gleichgewichtung,BC-01--BC-04,AS-01--AS-03,0.0387730024766011
Wald + Wind,Ostfriesland,Gleichgewichtung,BC-01--BC-05,PA-06--PA-08,0.1532340806859845
Wald + Wind,Ostfriesland,Gleichgewichtung,BC-01--BC-06,AS-02--AS-03,0.0537348789783625
Wald + Wind,Ostfriesland,Gleichgewichtung,BC-02--BC-03,AS-02--AS-03,0.0513380577184526
Wald + Wind,Ostfriesland,Gleichgewichtung,BC-02--BC-04,PA-06--PA-08,0.0841019034298505
Wald + Wind,Ostfriesland,Gleichgewichtung,BC-02--BC-05,RB-01--RB-03,0.1104851781811655
Wald + Wind,Ostfriesland,Gleichgewichtung,BC-02--BC-06,PA-08--PA-09,0.0995576414604189
Wald + Wind,Ostfriesland,Gleichgewichtung,BC-03--BC-04,AS-03--AS-04,0.0959472624163126
Wald + Wind,Ostfriesland,Gleichgewichtung,BC-03--BC-05,AS-01--AS-03,0.1289309628772923
Wald + Wind,Ostfriesland,Gleichgewichtung,BC-03--BC-06,AS-03--AS-04,0.1644003185757454
Wald + Wind,Ostfriesland,Gleichgewichtung,BC-04--BC-05,PA-06--PA-08,0.1721134318106929
Wald + Wind,Ostfriesland,Gleichgewichtung,BC-04--BC-06,PA-05--PA-07,0.0435189062878189
Wald + Wind,Ostfriesland,Gleichgewichtung,BC-05--BC-06,PA-11--PA-12,0.1152065017219873
Wald + Wind,Ostfriesland,Gleichgewichtung,LO-01--LO-02,AS-01--AS-02,0.1780519782570053
Wald + Wind,Ostfriesland,Gleichgewichtung,LO-01--LO-03,AM-02--AM-03,0.1950441131449982
Wald + Wind,Ostfriesland,Gleichgewichtung,LO-02--LO-03,AS-01--AS-02,0.1245325987051391
Wald + Wind,Ostfriesland,Gleichgewichtung,PA-01--PA-10,BB-02--BB-06,0.5745114392031089
Wald + Wind,Ostfriesland,Gleichgewichtung,PA-01--PA-11,AM-01--AM-04,0.7343921817939998
Wald + Wind,Ostfriesland,Gleichgewichtung,PA-01--PA-12,AM-01--AM-04,1.1169695510636086
Wald + Wind,Ostfriesland,Gleichgewichtung,PA-01--PA-02,AM-03--AM-04,0.6584865276837759
Wald + Wind,Ostfriesland,Gleichgewichtung,PA-01--PA-03,BB-02--BB-05,0.0931260105775745
Wald + Wind,Ostfriesland,Gleichgewichtung,PA-01--PA-04,AM-03--AM-04,0.3140885467080562
Wald + Wind,Ostfriesland,Gleichgewichtung,PA-01--PA-05,AM-01--AM-04,0.4937331357856612
Wald + Wind,Ostfriesland,Gleichgewichtung,PA-01--PA-06,BB-03--BB-07,0.3917634966969202
Wald + Wind,Ostfriesland,Gleichgewichtung,PA-01--PA-07,AM-01--AM-04,0.648524038446748
Wald + Wind,Ostfriesland,Gleichgewichtung,PA-01--PA-08,BB-03--BB-07,0.3359982311380372
Wald + Wind,Ostfriesland,Gleichgewichtung,PA-01--PA-09,AM-01--AM-04,0.8018216800149827
Wald + Wind,Ostfriesland,Gleichgewichtung,PA-10--PA-11,AM-02--AM-03,0.0826014623853089
Wald + Wind,Ostfriesland,Gleichgewichtung,PA-10--PA-12,AM-03--AM-04,0.4264002658827455
Wald + Wind,Ostfriesland,Gleichgewichtung,PA-02--PA-10,AM-01--AM-04,0.9735271783569124
Wald + Wind,Ostfriesland,Gleichgewichtung,PA-03--PA-10,BB-02--BB-05,0.0900182306324289
Wald + Wind,Ostfriesland,Gleichgewichtung,PA-04--PA-10,BB-03--BB-06,0.0177463950194675
Wald + Wind,Ostfriesland,Gleichgewichtung,PA-05--PA-10,BB-03--BB-05,0.0450560168643631
Wald + Wind,Ostfriesland,Gleichgewichtung,PA-06--PA-10,RB-01--RB-05,0.0766829555967349
Wald + Wind,Ostfriesland,Gleichgewichtung,PA-07--PA-10,BB-03--BB-05,0.3307721068124358
Wald + Wind,Ostfriesland,Gleichgewichtung,PA-08--PA-10,BB-02--BB-07,0.1234660967092759
Wald + Wind,Ostfriesland,Gleichgewichtung,PA-09--PA-10,BB-01--BB-03,0.1596691495672173
Wald + Wind,Ostfriesland,Gleichgewichtung,PA-11--PA-12,BC-05--BC-06,0.1152065017219873
Wald + Wind,Ostfriesland,Gleichgewichtung,PA-02--PA-11,AM-01--AM-04,0.4173069718207791
Wald + Wind,Ostfriesland,Gleichgewichtung,PA-03--PA-11,AM-01--AM-04,0.3242465384113601
Wald + Wind,Ostfriesland,Gleichgewichtung,PA-04--PA-11,AM-01--AM-04,0.1849077566686988
Wald + Wind,Ostfriesland,Gleichgewichtung,PA-05--PA-11,AM-01--AM-03,0.0561532034858877
Wald + Wind,Ostfriesland,Gleichgewichtung,PA-06--PA-11,BC-02--BC-06,0.1060759287992412
Wald + Wind,Ostfriesland,Gleichgewichtung,PA-07--PA-11,AM-01--AM-02,0.0324540287688961
Wald + Wind,Ostfriesland,Gleichgewichtung,PA-08--PA-11,BB-01--BB-03,0.0528547477972569
Wald + Wind,Ostfriesland,Gleichgewichtung,PA-09--PA-11,AM-02--AM-03,0.1853026214172561
Wald + Wind,Ostfriesland,Gleichgewichtung,PA-02--PA-12,AM-01--AM-04,0.2045433777061448
Wald + Wind,Ostfriesland,Gleichgewichtung,PA-03--PA-12,AM-03--AM-04,0.9088066457066648
Wald + Wind,Ostfriesland,Gleichgewichtung,PA-04--PA-12,AM-01--AM-04,0.8107062202678779
Wald + Wind,Ostfriesland,Gleichgewichtung,PA-05--PA-12,AM-01--AM-04,0.2142969035693745
Wald + Wind,Ostfriesland,Gleichgewichtung,PA-06--PA-12,AM-03--AM-04,0.3347283704759092
Wald + Wind,Ostfriesland,Gleichgewichtung,PA-07--PA-12,BB-03--BB-05,0.1952044140707277
Wald + Wind,Ostfriesland,Gleichgewichtung,PA-08--PA-12,AM-03--AM-04,0.3331265695595868
Wald + Wind,Ostfriesland,Gleichgewichtung,PA-09--PA-12,AM-03--AM-04,0.4621403053044552
Wald + Wind,Ostfriesland,Gleichgewichtung,PA-02--PA-03,AM-01--AM-04,0.9661978926150052
Wald + Wind,Ostfriesland,Gleichgewichtung,PA-02--PA-04,AM-03--AM-04,0.5990074794740956
Wald + Wind,Ostfriesland,Gleichgewichtung,PA-02--PA-05,AM-01--AM-04,0.7159656955082071
Wald + Wind,Ostfriesland,Gleichgewichtung,PA-02--PA-06,AM-01--AM-04,0.7888080764569462
Wald + Wind,Ostfriesland,Gleichgewichtung,PA-02--PA-07,AM-01--AM-04,0.5596685268734434
Wald + Wind,Ostfriesland,Gleichgewichtung,PA-02--PA-08,AM-01--AM-04,1.1221414570318466
Wald + Wind,Ostfriesland,Gleichgewichtung,PA-02--PA-09,AM-01--AM-04,1.1081490743776572
Wald + Wind,Ostfriesland,Gleichgewichtung,PA-03--PA-04,BB-03--BB-05,0.2709664521711483
Wald + Wind,Ostfriesland,Gleichgewichtung,PA-03--PA-05,AM-02--AM-03,0.1947645677403733
Wald + Wind,Ostfriesland,Gleichgewichtung,PA-03--PA-06,BB-02--BB-04,0.1277551774888088
Wald + Wind,Ostfriesland,Gleichgewichtung,PA-03--PA-07,AM-02--AM-03,0.2738509961182072
Wald + Wind,Ostfriesland,Gleichgewichtung,PA-03--PA-08,AM-01--AM-02,0.0623019139397039
Wald + Wind,Ostfriesland,Gleichgewichtung,PA-03--PA-09,BB-03--BB-05,0.0459557204736902
Wald + Wind,Ostfriesland,Gleichgewichtung,PA-04--PA-05,BB-04--BB-07,0.0498860789250706
Wald + Wind,Ostfriesland,Gleichgewichtung,PA-04--PA-06,BB-01--BB-07,0.2250905107942717
Wald + Wind,Ostfriesland,Gleichgewichtung,PA-04--PA-07,BB-03--BB-05,0.0933129798943279
Wald + Wind,Ostfriesland,Gleichgewichtung,PA-04--PA-08,BB-03--BB-04,0.1506192118507668
Wald + Wind,Ostfriesland,Gleichgewichtung,PA-04--PA-09,BB-02--BB-03,0.0963423314233312
Wald + Wind,Ostfriesland,Gleichgewichtung,PA-05--PA-06,BC-01--BC-04,0.0686915773794922
Wald + Wind,Ostfriesland,Gleichgewichtung,PA-05--PA-07,BC-04--BC-06,0.0435189062878189
Wald + Wind,Ostfriesland,Gleichgewichtung,PA-05--PA-08,BC-02--BC-06,0.1450114633290479
Wald + Wind,Ostfriesland,Gleichgewichtung,PA-05--PA-09,BB-01--BB-03,0.0830564901449633
Wald + Wind,Ostfriesland,Gleichgewichtung,PA-06--PA-07,BC-02--BC-06,0.1834114155531799
Wald + Wind,Ostfriesland,Gleichgewichtung,PA-06--PA-08,BC-02--BC-04,0.0841019034298505
Wald + Wind,Ostfriesland,Gleichgewichtung,PA-06--PA-09,LO-02--LO-03,0.1542848339484338
Wald + Wind,Ostfriesland,Gleichgewichtung,PA-07--PA-08,AS-01--AS-04,0.0455613526751092
Wald + Wind,Ostfriesland,Gleichgewichtung,PA-07--PA-09,RB-03--RB-05,0.1031002890473913
Wald + Wind,Ostfriesland,Gleichgewichtung,PA-08--PA-09,BC-02--BC-06,0.0995576414604189
Wald + Wind,Ostfriesland,Gleichgewichtung,RB-01--RB-02,AS-04--AS-05,0.0731358957482619
Wald + Wind,Ostfriesland,Gleichgewichtung,RB-01--RB-03,BC-02--BC-05,0.1104851781811655
Wald + Wind,Ostfriesland,Gleichgewichtung,RB-01--RB-04,AM-01--AM-03,0.10447808255344
Wald + Wind,Ostfriesland,Gleichgewichtung,RB-01--RB-05,PA-06--PA-10,0.0766829555967349
Wald + Wind,Ostfriesland,Gleichgewichtung,RB-02--RB-03,AS-04--AS-06,0.087594251148282
Wald + Wind,Ostfriesland,Gleichgewichtung,RB-02--RB-04,AM-01--AM-03,0.1007961904437278
Wald + Wind,Ostfriesland,Gleichgewichtung,RB-02--RB-05,BC-02--BC-03,0.0888553713091604
Wald + Wind,Ostfriesland,Gleichgewichtung,RB-03--RB-04,AM-01--AM-02,0.0817846252022689
Wald + Wind,Ostfriesland,Gleichgewichtung,RB-03--RB-05,BC-01--BC-06,0.0905033278439066
Wald + Wind,Ostfriesland,Gleichgewichtung,RB-04--RB-05,AS-04--AS-05,0.0793190584942169
Wald + Wind,Paderborn,Koeffizientenbetraege,AS-01--AS-02,LO-02--LO-03,0.1155141369243104
Wald + Wind,Paderborn,Koeffizientenbetraege,AS-01--AS-03,BC-01--BC-04,0.0535611366058652
Wald + Wind,Paderborn,Koeffizientenbetraege,AS-01--AS-04,LO-02--LO-03,0.1793774913439349
Wald + Wind,Paderborn,Koeffizientenbetraege,AS-01--AS-05,AM-02--AM-03,0.2157165840288085
Wald + Wind,Paderborn,Koeffizientenbetraege,AS-01--AS-06,LO-01--LO-03,0.2399471643457069
Wald + Wind,Paderborn,Koeffizientenbetraege,AS-02--AS-03,BC-01--BC-06,0.0518886794585349
Wald + Wind,Paderborn,Koeffizientenbetraege,AS-02--AS-04,OF-01--OF-04,0.0734390743744649
Wald + Wind,Paderborn,Koeffizientenbetraege,AS-02--AS-05,BC-02--BC-04,0.148564244927191
Wald + Wind,Paderborn,Koeffizientenbetraege,AS-02--AS-06,OF-01--OF-04,0.0885345065352838
Wald + Wind,Paderborn,Koeffizientenbetraege,AS-03--AS-04,BC-03--BC-04,0.1126247300303877
Wald + Wind,Paderborn,Koeffizientenbetraege,AS-03--AS-05,BC-04--BC-06,0.1078504441163792
Wald + Wind,Paderborn,Koeffizientenbetraege,AS-03--AS-06,BC-04--BC-06,0.1697990519369261
Wald + Wind,Paderborn,Koeffizientenbetraege,AS-04--AS-05,RB-01--RB-02,0.0757583671902267
Wald + Wind,Paderborn,Koeffizientenbetraege,AS-04--AS-06,RB-01--RB-02,0.0838971509099224
Wald + Wind,Paderborn,Koeffizientenbetraege,AS-05--AS-06,RB-01--RB-02,0.0853571608962869
Wald + Wind,Paderborn,Koeffizientenbetraege,AM-01--AM-02,RB-03--RB-04,0.1090467667769305
Wald + Wind,Paderborn,Koeffizientenbetraege,AM-01--AM-03,RB-02--RB-04,0.1440505348936653
Wald + Wind,Paderborn,Koeffizientenbetraege,AM-01--AM-04,BB-05--BB-07,0.2798976797259285
Wald + Wind,Paderborn,Koeffizientenbetraege,AM-02--AM-03,AS-01--AS-05,0.2157165840288085
Wald + Wind,Paderborn,Koeffizientenbetraege,AM-02--AM-04,BB-01--BB-02,0.2104912969352713
Wald + Wind,Paderborn,Koeffizientenbetraege,AM-03--AM-04,LO-01--LO-03,0.6035242420146434
Wald + Wind,Paderborn,Koeffizientenbetraege,BB-01--BB-02,AM-02--AM-04,0.2104912969352713
Wald + Wind,Paderborn,Koeffizientenbetraege,BB-01--BB-03,BC-02--BC-06,0.1824313114739896
Wald + Wind,Paderborn,Koeffizientenbetraege,BB-01--BB-04,AM-02--AM-04,0.4819731797370023
Wald + Wind,Paderborn,Koeffizientenbetraege,BB-01--BB-05,BC-02--BC-06,0.1963671570995717
Wald + Wind,Paderborn,Koeffizientenbetraege,BB-01--BB-06,AM-01--AM-04,0.4748397950198655
Wald + Wind,Paderborn,Koeffizientenbetraege,BB-01--BB-07,AM-01--AM-04,0.5307554766376786
Wald + Wind,Paderborn,Koeffizientenbetraege,BB-02--BB-03,AM-01--AM-04,0.3014636922332361
Wald + Wind,Paderborn,Koeffizientenbetraege,BB-02--BB-04,AM-01--AM-02,0.1705459609222449
Wald + Wind,Paderborn,Koeffizientenbetraege,BB-02--BB-05,AM-01--AM-04,0.374156159736916
Wald + Wind,Paderborn,Koeffizientenbetraege,BB-02--BB-06,AM-01--AM-04,1.0920558998808834
Wald + Wind,Paderborn,Koeffizientenbetraege,BB-02--BB-07,RB-02--RB-04,0.1580963703848441
Wald + Wind,Paderborn,Koeffizientenbetraege,BB-03--BB-04,AM-01--AM-04,0.4404008287998929
Wald + Wind,Paderborn,Koeffizientenbetraege,BB-03--BB-05,AM-01--AM-02,0.5196546860020154
Wald + Wind,Paderborn,Koeffizientenbetraege,BB-03--BB-06,AM-01--AM-04,0.4521579278835523
Wald + Wind,Paderborn,Koeffizientenbetraege,BB-03--BB-07,AM-01--AM-04,0.5647944364123285
Wald + Wind,Paderborn,Koeffizientenbetraege,BB-04--BB-05,AM-01--AM-03,0.1993694345234621
Wald + Wind,Paderborn,Koeffizientenbetraege,BB-04--BB-06,AM-01--AM-04,0.3437182108524104
Wald + Wind,Paderborn,Koeffizientenbetraege,BB-04--BB-07,AM-02--AM-04,0.4227914331603553
Wald + Wind,Paderborn,Koeffizientenbetraege,BB-05--BB-06,AM-01--AM-04,0.2811409074928435
Wald + Wind,Paderborn,Koeffizientenbetraege,BB-05--BB-07,AM-01--AM-04,0.2798976797259285
Wald + Wind,Paderborn,Koeffizientenbetraege,BB-06--BB-07,AM-01--AM-04,1.504859870710748
Wald + Wind,Paderborn,Koeffizientenbetraege,BC-01--BC-02,AS-01--AS-03,0.1387552387240097
Wald + Wind,Paderborn,Koeffizientenbetraege,BC-01--BC-03,AS-02--AS-05,0.1915921379955432
Wald + Wind,Paderborn,Koeffizientenbetraege,BC-01--BC-04,AS-01--AS-03,0.0535611366058652
Wald + Wind,Paderborn,Koeffizientenbetraege,BC-01--BC-05,AS-01--AS-03,0.2210436362405036
Wald + Wind,Paderborn,Koeffizientenbetraege,BC-01--BC-06,AS-02--AS-03,0.0518886794585349
Wald + Wind,Paderborn,Koeffizientenbetraege,BC-02--BC-03,AS-02--AS-03,0.0572314801775433
Wald + Wind,Paderborn,Koeffizientenbetraege,BC-02--BC-04,AS-02--AS-05,0.148564244927191
Wald + Wind,Paderborn,Koeffizientenbetraege,BC-02--BC-05,RB-01--RB-03,0.1429078774944869
Wald + Wind,Paderborn,Koeffizientenbetraege,BC-02--BC-06,BB-01--BB-03,0.1824313114739896
Wald + Wind,Paderborn,Koeffizientenbetraege,BC-03--BC-04,AS-03--AS-04,0.1126247300303877
Wald + Wind,Paderborn,Koeffizientenbetraege,BC-03--BC-05,AS-01--AS-03,0.1147833633221721
Wald + Wind,Paderborn,Koeffizientenbetraege,BC-03--BC-06,RB-01--RB-03,0.1818952965088193
Wald + Wind,Paderborn,Koeffizientenbetraege,BC-04--BC-05,AS-01--AS-03,0.1572282952567734
Wald + Wind,Paderborn,Koeffizientenbetraege,BC-04--BC-06,AS-03--AS-05,0.1078504441163792
Wald + Wind,Paderborn,Koeffizientenbetraege,BC-05--BC-06,AS-01--AS-03,0.177836743033283
Wald + Wind,Paderborn,Koeffizientenbetraege,LO-01--LO-02,AS-01--AS-02,0.2184480804430292
Wald + Wind,Paderborn,Koeffizientenbetraege,LO-01--LO-03,AS-01--AS-06,0.2399471643457069
Wald + Wind,Paderborn,Koeffizientenbetraege,LO-02--LO-03,AS-01--AS-02,0.1155141369243104
Wald + Wind,Paderborn,Koeffizientenbetraege,OF-01--OF-02,AS-05--AS-06,0.1658978862801086
Wald + Wind,Paderborn,Koeffizientenbetraege,OF-01--OF-03,RB-02--RB-03,0.1809729969571235
Wald + Wind,Paderborn,Koeffizientenbetraege,OF-01--OF-04,AS-02--AS-04,0.0734390743744649
Wald + Wind,Paderborn,Koeffizientenbetraege,OF-02--OF-03,RB-04--RB-05,0.3222510142759056
Wald + Wind,Paderborn,Koeffizientenbetraege,OF-02--OF-04,AS-02--AS-04,0.1288031360611894
Wald + Wind,Paderborn,Koeffizientenbetraege,OF-03--OF-04,AS-02--AS-06,0.2289373520263089
Wald + Wind,Paderborn,Koeffizientenbetraege,RB-01--RB-02,AS-04--AS-05,0.0757583671902267
Wald + Wind,Paderborn,Koeffizientenbetraege,RB-01--RB-03,BC-02--BC-05,0.1429078774944869
Wald + Wind,Paderborn,Koeffizientenbetraege,RB-01--RB-04,AM-01--AM-03,0.1530608509139036
Wald + Wind,Paderborn,Koeffizientenbetraege,RB-01--RB-05,BC-02--BC-03,0.1184693184906851
Wald + Wind,Paderborn,Koeffizientenbetraege,RB-02--RB-03,AS-04--AS-05,0.079248923498909
Wald + Wind,Paderborn,Koeffizientenbetraege,RB-02--RB-04,AM-01--AM-03,0.1440505348936653
Wald + Wind,Paderborn,Koeffizientenbetraege,RB-02--RB-05,BC-02--BC-03,0.1302257052910823
Wald + Wind,Paderborn,Koeffizientenbetraege,RB-03--RB-04,AM-01--AM-02,0.1090467667769305
Wald + Wind,Paderborn,Koeffizientenbetraege,RB-03--RB-05,BC-01--BC-06,0.0822484509716385
Wald + Wind,Paderborn,Koeffizientenbetraege,RB-04--RB-05,AS-04--AS-05,0.0876104008235813
Wald + Wind,Paderborn,Gleichgewichtung,AS-01--AS-02,LO-02--LO-03,0.1438715621836795
Wald + Wind,Paderborn,Gleichgewichtung,AS-01--AS-03,BC-01--BC-04,0.0488351015624851
Wald + Wind,Paderborn,Gleichgewichtung,AS-01--AS-04,LO-02--LO-03,0.1615046570382552
Wald + Wind,Paderborn,Gleichgewichtung,AS-01--AS-05,AM-02--AM-03,0.2467916367877467
Wald + Wind,Paderborn,Gleichgewichtung,AS-01--AS-06,AM-02--AM-03,0.2652474810481756
Wald + Wind,Paderborn,Gleichgewichtung,AS-02--AS-03,BC-02--BC-03,0.0613169667452773
Wald + Wind,Paderborn,Gleichgewichtung,AS-02--AS-04,OF-01--OF-04,0.0843959504185574
Wald + Wind,Paderborn,Gleichgewichtung,AS-02--AS-05,BC-02--BC-04,0.1462111804033299
Wald + Wind,Paderborn,Gleichgewichtung,AS-02--AS-06,OF-01--OF-04,0.095979360208588
Wald + Wind,Paderborn,Gleichgewichtung,AS-03--AS-04,BC-03--BC-04,0.1158929414097232
Wald + Wind,Paderborn,Gleichgewichtung,AS-03--AS-05,BC-04--BC-06,0.0949887917005176
Wald + Wind,Paderborn,Gleichgewichtung,AS-03--AS-06,BC-04--BC-06,0.1517517049750283
Wald + Wind,Paderborn,Gleichgewichtung,AS-04--AS-05,RB-01--RB-02,0.0860943493575601
Wald + Wind,Paderborn,Gleichgewichtung,AS-04--AS-06,RB-01--RB-02,0.0939546432834788
Wald + Wind,Paderborn,Gleichgewichtung,AS-05--AS-06,RB-01--RB-02,0.0980361656100294
Wald + Wind,Paderborn,Gleichgewichtung,AM-01--AM-02,RB-03--RB-04,0.1019863030818287
Wald + Wind,Paderborn,Gleichgewichtung,AM-01--AM-03,RB-02--RB-04,0.1282366738622891
Wald + Wind,Paderborn,Gleichgewichtung,AM-01--AM-04,BB-05--BB-07,0.2772220374623372
Wald + Wind,Paderborn,Gleichgewichtung,AM-02--AM-03,AS-01--AS-05,0.2467916367877467
Wald + Wind,Paderborn,Gleichgewichtung,AM-02--AM-04,BB-01--BB-02,0.2653525517267255
Wald + Wind,Paderborn,Gleichgewichtung,AM-03--AM-04,LO-01--LO-03,0.6097032680889077
Wald + Wind,Paderborn,Gleichgewichtung,BB-01--BB-02,AM-02--AM-04,0.2653525517267255
Wald + Wind,Paderborn,Gleichgewichtung,BB-01--BB-03,BC-02--BC-06,0.2284068931962309
Wald + Wind,Paderborn,Gleichgewichtung,BB-01--BB-04,AM-01--AM-02,0.4688851985577307
Wald + Wind,Paderborn,Gleichgewichtung,BB-01--BB-05,BC-02--BC-06,0.1941488361726858
Wald + Wind,Paderborn,Gleichgewichtung,BB-01--BB-06,AM-01--AM-04,0.583780414605362
Wald + Wind,Paderborn,Gleichgewichtung,BB-01--BB-07,AM-02--AM-04,0.5976266265563038
Wald + Wind,Paderborn,Gleichgewichtung,BB-02--BB-03,AM-01--AM-04,0.2986049415078035
Wald + Wind,Paderborn,Gleichgewichtung,BB-02--BB-04,AM-01--AM-02,0.1650060430230384
Wald + Wind,Paderborn,Gleichgewichtung,BB-02--BB-05,AM-01--AM-04,0.4434388622583504
Wald + Wind,Paderborn,Gleichgewichtung,BB-02--BB-06,AM-01--AM-04,1.070553119445676
Wald + Wind,Paderborn,Gleichgewichtung,BB-02--BB-07,RB-02--RB-04,0.1859576852677568
Wald + Wind,Paderborn,Gleichgewichtung,BB-03--BB-04,AM-01--AM-04,0.5021509919525614
Wald + Wind,Paderborn,Gleichgewichtung,BB-03--BB-05,AM-01--AM-04,0.5323780744646268
Wald + Wind,Paderborn,Gleichgewichtung,BB-03--BB-06,AM-01--AM-04,0.5867795215999521
Wald + Wind,Paderborn,Gleichgewichtung,BB-03--BB-07,AM-01--AM-04,0.6062914931008001
Wald + Wind,Paderborn,Gleichgewichtung,BB-04--BB-05,AM-01--AM-03,0.2133136726570872
Wald + Wind,Paderborn,Gleichgewichtung,BB-04--BB-06,AM-01--AM-04,0.3975388760508658
Wald + Wind,Paderborn,Gleichgewichtung,BB-04--BB-07,AM-01--AM-02,0.4700284715214478
Wald + Wind,Paderborn,Gleichgewichtung,BB-05--BB-06,AM-01--AM-04,0.3504203783974709
Wald + Wind,Paderborn,Gleichgewichtung,BB-05--BB-07,AM-01--AM-04,0.2772220374623372
Wald + Wind,Paderborn,Gleichgewichtung,BB-06--BB-07,AM-01--AM-04,1.511613521358279
Wald + Wind,Paderborn,Gleichgewichtung,BC-01--BC-02,AS-01--AS-03,0.1228930438436216
Wald + Wind,Paderborn,Gleichgewichtung,BC-01--BC-03,AS-02--AS-03,0.2264180671101548
Wald + Wind,Paderborn,Gleichgewichtung,BC-01--BC-04,AS-01--AS-03,0.0488351015624851
Wald + Wind,Paderborn,Gleichgewichtung,BC-01--BC-05,AS-02--AS-05,0.2339241847147505
Wald + Wind,Paderborn,Gleichgewichtung,BC-01--BC-06,AS-02--AS-03,0.0624806810453322
Wald + Wind,Paderborn,Gleichgewichtung,BC-02--BC-03,AS-02--AS-03,0.0613169667452773
Wald + Wind,Paderborn,Gleichgewichtung,BC-02--BC-04,AS-02--AS-05,0.1462111804033299
Wald + Wind,Paderborn,Gleichgewichtung,BC-02--BC-05,RB-01--RB-03,0.1366569727215325
Wald + Wind,Paderborn,Gleichgewichtung,BC-02--BC-06,BB-01--BB-05,0.1941488361726858
Wald + Wind,Paderborn,Gleichgewichtung,BC-03--BC-04,AS-03--AS-04,0.1158929414097232
Wald + Wind,Paderborn,Gleichgewichtung,BC-03--BC-05,AS-01--AS-03,0.14804116139873
Wald + Wind,Paderborn,Gleichgewichtung,BC-03--BC-06,AS-03--AS-04,0.2106515770286712
Wald + Wind,Paderborn,Gleichgewichtung,BC-04--BC-05,AS-01--AS-03,0.2036848716836316
Wald + Wind,Paderborn,Gleichgewichtung,BC-04--BC-06,AS-03--AS-05,0.0949887917005176
Wald + Wind,Paderborn,Gleichgewichtung,BC-05--BC-06,AS-03--AS-05,0.194451271250483
Wald + Wind,Paderborn,Gleichgewichtung,LO-01--LO-02,AS-01--AS-02,0.2173088837154105
Wald + Wind,Paderborn,Gleichgewichtung,LO-01--LO-03,AM-02--AM-03,0.2480454034368529
Wald + Wind,Paderborn,Gleichgewichtung,LO-02--LO-03,AS-01--AS-02,0.1438715621836795
Wald + Wind,Paderborn,Gleichgewichtung,OF-01--OF-02,AS-05--AS-06,0.1967819343419419
Wald + Wind,Paderborn,Gleichgewichtung,OF-01--OF-03,RB-02--RB-03,0.2215065611673292
Wald + Wind,Paderborn,Gleichgewichtung,OF-01--OF-04,AS-02--AS-04,0.0843959504185574
Wald + Wind,Paderborn,Gleichgewichtung,OF-02--OF-03,AS-05--AS-06,0.3938090460686624
Wald + Wind,Paderborn,Gleichgewichtung,OF-02--OF-04,AS-02--AS-04,0.1135287612556279
Wald + Wind,Paderborn,Gleichgewichtung,OF-03--OF-04,AS-02--AS-06,0.2015905503691178
Wald + Wind,Paderborn,Gleichgewichtung,RB-01--RB-02,AS-04--AS-05,0.0860943493575601
Wald + Wind,Paderborn,Gleichgewichtung,RB-01--RB-03,BC-02--BC-05,0.1366569727215325
Wald + Wind,Paderborn,Gleichgewichtung,RB-01--RB-04,AM-01--AM-03,0.1339409977283475
Wald + Wind,Paderborn,Gleichgewichtung,RB-01--RB-05,BC-02--BC-03,0.1046148558428569
Wald + Wind,Paderborn,Gleichgewichtung,RB-02--RB-03,AS-04--AS-05,0.10281974705954
Wald + Wind,Paderborn,Gleichgewichtung,RB-02--RB-04,AM-01--AM-03,0.1282366738622891
Wald + Wind,Paderborn,Gleichgewichtung,RB-02--RB-05,BC-02--BC-03,0.1139269950703256
Wald + Wind,Paderborn,Gleichgewichtung,RB-03--RB-04,AM-01--AM-02,0.1019863030818287
Wald + Wind,Paderborn,Gleichgewichtung,RB-03--RB-05,BC-01--BC-06,0.1042326516443226
Wald + Wind,Paderborn,Gleichgewichtung,RB-04--RB-05,AS-04--AS-05,0.0945549592035121
Wald + Wind,Rheda-Beckum,Koeffizientenbetraege,AS-01--AS-02,LO-02--LO-03,0.0936447594910935
Wald + Wind,Rheda-Beckum,Koeffizientenbetraege,AS-01--AS-03,BC-01--BC-04,0.0440950867659414
Wald + Wind,Rheda-Beckum,Koeffizientenbetraege,AS-01--AS-04,PA-07--PA-08,0.0527584487462066
Wald + Wind,Rheda-Beckum,Koeffizientenbetraege,AS-01--AS-05,PA-07--PA-08,0.0859597598473127
Wald + Wind,Rheda-Beckum,Koeffizientenbetraege,AS-01--AS-06,PA-07--PA-08,0.078629641819295
Wald + Wind,Rheda-Beckum,Koeffizientenbetraege,AS-02--AS-03,BC-01--BC-06,0.0421575428163084
Wald + Wind,Rheda-Beckum,Koeffizientenbetraege,AS-02--AS-04,OF-01--OF-04,0.0598330992215389
Wald + Wind,Rheda-Beckum,Koeffizientenbetraege,AS-02--AS-05,PA-06--PA-08,0.1065822993655079
Wald + Wind,Rheda-Beckum,Koeffizientenbetraege,AS-02--AS-06,OF-01--OF-04,0.0723571817688981
Wald + Wind,Rheda-Beckum,Koeffizientenbetraege,AS-03--AS-04,BC-03--BC-04,0.0922743626604487
Wald + Wind,Rheda-Beckum,Koeffizientenbetraege,AS-03--AS-05,PA-05--PA-07,0.0656711373322627
Wald + Wind,Rheda-Beckum,Koeffizientenbetraege,AS-03--AS-06,PA-05--PA-07,0.1052938669607265
Wald + Wind,Rheda-Beckum,Koeffizientenbetraege,AS-04--AS-05,OF-01--OF-03,0.206851864964881
Wald + Wind,Rheda-Beckum,Koeffizientenbetraege,AS-04--AS-06,OF-01--OF-02,0.1399638847781051
Wald + Wind,Rheda-Beckum,Koeffizientenbetraege,AS-05--AS-06,OF-01--OF-02,0.1349108188735716
Wald + Wind,Rheda-Beckum,Koeffizientenbetraege,AM-01--AM-02,PA-07--PA-11,0.0345811188163741
Wald + Wind,Rheda-Beckum,Koeffizientenbetraege,AM-01--AM-03,PA-05--PA-11,0.0450719861480996
Wald + Wind,Rheda-Beckum,Koeffizientenbetraege,AM-01--AM-04,PA-04--PA-11,0.2004139920599967
Wald + Wind,Rheda-Beckum,Koeffizientenbetraege,AM-02--AM-03,PA-10--PA-11,0.0858737189614397
Wald + Wind,Rheda-Beckum,Koeffizientenbetraege,AM-02--AM-04,PA-05--PA-11,0.1377514974581195
Wald + Wind,Rheda-Beckum,Koeffizientenbetraege,AM-03--AM-04,PA-03--PA-05,0.2096507398236211
Wald + Wind,Rheda-Beckum,Koeffizientenbetraege,BB-01--BB-02,AM-02--AM-04,0.1704997993688242
Wald + Wind,Rheda-Beckum,Koeffizientenbetraege,BB-01--BB-03,PA-05--PA-09,0.0629752207401049
Wald + Wind,Rheda-Beckum,Koeffizientenbetraege,BB-01--BB-04,PA-04--PA-05,0.0820733549063478
Wald + Wind,Rheda-Beckum,Koeffizientenbetraege,BB-01--BB-05,PA-06--PA-11,0.1168380312975269
Wald + Wind,Rheda-Beckum,Koeffizientenbetraege,BB-01--BB-06,PA-04--PA-10,0.1713842377071875
Wald + Wind,Rheda-Beckum,Koeffizientenbetraege,BB-01--BB-07,PA-04--PA-10,0.0531962133463554
Wald + Wind,Rheda-Beckum,Koeffizientenbetraege,BB-02--BB-03,PA-04--PA-09,0.0859386520056119
Wald + Wind,Rheda-Beckum,Koeffizientenbetraege,BB-02--BB-04,PA-03--PA-08,0.108155420240136
Wald + Wind,Rheda-Beckum,Koeffizientenbetraege,BB-02--BB-05,PA-03--PA-10,0.069280285612372
Wald + Wind,Rheda-Beckum,Koeffizientenbetraege,BB-02--BB-06,PA-01--PA-06,0.3226635204126527
Wald + Wind,Rheda-Beckum,Koeffizientenbetraege,BB-02--BB-07,PA-03--PA-08,0.0966486947401948
Wald + Wind,Rheda-Beckum,Koeffizientenbetraege,BB-03--BB-04,PA-04--PA-08,0.1143375725403597
Wald + Wind,Rheda-Beckum,Koeffizientenbetraege,BB-03--BB-05,PA-03--PA-09,0.0514078318183741
Wald + Wind,Rheda-Beckum,Koeffizientenbetraege,BB-03--BB-06,PA-04--PA-10,0.015746656316357
Wald + Wind,Rheda-Beckum,Koeffizientenbetraege,BB-03--BB-07,PA-01--PA-08,0.2751524169728566
Wald + Wind,Rheda-Beckum,Koeffizientenbetraege,BB-04--BB-05,PA-04--PA-05,0.1615960358053526
Wald + Wind,Rheda-Beckum,Koeffizientenbetraege,BB-04--BB-06,PA-04--PA-11,0.1473486968726922
Wald + Wind,Rheda-Beckum,Koeffizientenbetraege,BB-04--BB-07,PA-04--PA-05,0.0493176849223196
Wald + Wind,Rheda-Beckum,Koeffizientenbetraege,BB-05--BB-06,PA-01--PA-03,0.1587335395594526
Wald + Wind,Rheda-Beckum,Koeffizientenbetraege,BB-05--BB-07,PA-04--PA-09,0.0818015013164613
Wald + Wind,Rheda-Beckum,Koeffizientenbetraege,BB-06--BB-07,PA-01--PA-06,0.6411249351218272
Wald + Wind,Rheda-Beckum,Koeffizientenbetraege,BC-01--BC-02,PA-05--PA-07,0.0753350878188956
Wald + Wind,Rheda-Beckum,Koeffizientenbetraege,BC-01--BC-03,PA-06--PA-08,0.1185365811505152
Wald + Wind,Rheda-Beckum,Koeffizientenbetraege,BC-01--BC-04,AS-01--AS-03,0.0440950867659414
Wald + Wind,Rheda-Beckum,Koeffizientenbetraege,BC-01--BC-05,AS-01--AS-03,0.1786958459050996
Wald + Wind,Rheda-Beckum,Koeffizientenbetraege,BC-01--BC-06,AS-02--AS-03,0.0421575428163084
Wald + Wind,Rheda-Beckum,Koeffizientenbetraege,BC-02--BC-03,AS-02--AS-03,0.0468013366904639
Wald + Wind,Rheda-Beckum,Koeffizientenbetraege,BC-02--BC-04,PA-06--PA-08,0.0826968147911766
Wald + Wind,Rheda-Beckum,Koeffizientenbetraege,BC-02--BC-05,PA-05--PA-07,0.2167335093718802
Wald + Wind,Rheda-Beckum,Koeffizientenbetraege,BC-02--BC-06,PA-08--PA-09,0.072223874367486
Wald + Wind,Rheda-Beckum,Koeffizientenbetraege,BC-03--BC-04,AS-03--AS-04,0.0922743626604487
Wald + Wind,Rheda-Beckum,Koeffizientenbetraege,BC-03--BC-05,AS-01--AS-03,0.0928251225904388
Wald + Wind,Rheda-Beckum,Koeffizientenbetraege,BC-03--BC-06,PA-05--PA-07,0.1265319979191622
Wald + Wind,Rheda-Beckum,Koeffizientenbetraege,BC-04--BC-05,AS-01--AS-03,0.1271091363370154
Wald + Wind,Rheda-Beckum,Koeffizientenbetraege,BC-04--BC-06,PA-05--PA-07,0.0404719386415217
Wald + Wind,Rheda-Beckum,Koeffizientenbetraege,BC-05--BC-06,PA-11--PA-12,0.1366701846094317
Wald + Wind,Rheda-Beckum,Koeffizientenbetraege,LO-01--LO-02,AS-01--AS-02,0.1792399896407423
Wald + Wind,Rheda-Beckum,Koeffizientenbetraege,LO-01--LO-03,AS-01--AS-06,0.1946541997987014
Wald + Wind,Rheda-Beckum,Koeffizientenbetraege,LO-02--LO-03,AS-01--AS-02,0.0936447594910935
Wald + Wind,Rheda-Beckum,Koeffizientenbetraege,OF-01--OF-02,AS-05--AS-06,0.1349108188735716
Wald + Wind,Rheda-Beckum,Koeffizientenbetraege,OF-01--OF-03,AS-05--AS-06,0.182086615055808
Wald + Wind,Rheda-Beckum,Koeffizientenbetraege,OF-01--OF-04,AS-02--AS-04,0.0598330992215389
Wald + Wind,Rheda-Beckum,Koeffizientenbetraege,OF-02--OF-03,AS-05--AS-06,0.3016923217737191
Wald + Wind,Rheda-Beckum,Koeffizientenbetraege,OF-02--OF-04,AS-02--AS-04,0.1061608692051638
Wald + Wind,Rheda-Beckum,Koeffizientenbetraege,OF-03--OF-04,AS-02--AS-06,0.1886985605232993
Wald + Wind,Rheda-Beckum,Koeffizientenbetraege,PA-01--PA-10,BB-02--BB-06,0.4149417598834215
Wald + Wind,Rheda-Beckum,Koeffizientenbetraege,PA-01--PA-11,BB-02--BB-06,0.5793870444248937
Wald + Wind,Rheda-Beckum,Koeffizientenbetraege,PA-01--PA-12,AM-01--AM-04,1.0156942883703577
Wald + Wind,Rheda-Beckum,Koeffizientenbetraege,PA-01--PA-02,AM-01--AM-04,0.5583486501162991
Wald + Wind,Rheda-Beckum,Koeffizientenbetraege,PA-01--PA-03,BB-02--BB-05,0.1043519167865637
Wald + Wind,Rheda-Beckum,Koeffizientenbetraege,PA-01--PA-04,AM-03--AM-04,0.3261671048905211
Wald + Wind,Rheda-Beckum,Koeffizientenbetraege,PA-01--PA-05,AM-01--AM-04,0.4234672873871952
Wald + Wind,Rheda-Beckum,Koeffizientenbetraege,PA-01--PA-06,BB-02--BB-06,0.3226635204126527
Wald + Wind,Rheda-Beckum,Koeffizientenbetraege,PA-01--PA-07,AM-01--AM-04,0.5384509837191884
Wald + Wind,Rheda-Beckum,Koeffizientenbetraege,PA-01--PA-08,BB-03--BB-07,0.2751524169728566
Wald + Wind,Rheda-Beckum,Koeffizientenbetraege,PA-01--PA-09,BB-03--BB-07,0.7679382548566149
Wald + Wind,Rheda-Beckum,Koeffizientenbetraege,PA-10--PA-11,AM-02--AM-03,0.0858737189614397
Wald + Wind,Rheda-Beckum,Koeffizientenbetraege,PA-10--PA-12,AM-03--AM-04,0.3138694621246378
Wald + Wind,Rheda-Beckum,Koeffizientenbetraege,PA-02--PA-10,AM-01--AM-04,0.7559662207788137
Wald + Wind,Rheda-Beckum,Koeffizientenbetraege,PA-03--PA-10,BB-02--BB-05,0.069280285612372
Wald + Wind,Rheda-Beckum,Koeffizientenbetraege,PA-04--PA-10,BB-03--BB-06,0.015746656316357
Wald + Wind,Rheda-Beckum,Koeffizientenbetraege,PA-05--PA-10,BB-03--BB-05,0.0543670318177356
Wald + Wind,Rheda-Beckum,Koeffizientenbetraege,PA-06--PA-10,BC-02--BC-03,0.0932341366604746
Wald + Wind,Rheda-Beckum,Koeffizientenbetraege,PA-07--PA-10,BB-01--BB-03,0.2984744646488077
Wald + Wind,Rheda-Beckum,Koeffizientenbetraege,PA-08--PA-10,AM-01--AM-02,0.1079228705728741
Wald + Wind,Rheda-Beckum,Koeffizientenbetraege,PA-09--PA-10,BB-01--BB-03,0.1598563959554073
Wald + Wind,Rheda-Beckum,Koeffizientenbetraege,PA-11--PA-12,BC-01--BC-04,0.1113937390639873
Wald + Wind,Rheda-Beckum,Koeffizientenbetraege,PA-02--PA-11,BB-03--BB-07,0.3760362658702406
Wald + Wind,Rheda-Beckum,Koeffizientenbetraege,PA-03--PA-11,AM-01--AM-04,0.2723779123637092
Wald + Wind,Rheda-Beckum,Koeffizientenbetraege,PA-04--PA-11,BB-04--BB-06,0.1473486968726922
Wald + Wind,Rheda-Beckum,Koeffizientenbetraege,PA-05--PA-11,AM-01--AM-03,0.0450719861480996
Wald + Wind,Rheda-Beckum,Koeffizientenbetraege,PA-06--PA-11,AM-01--AM-02,0.1113292621846627
Wald + Wind,Rheda-Beckum,Koeffizientenbetraege,PA-07--PA-11,AM-01--AM-02,0.0345811188163741
Wald + Wind,Rheda-Beckum,Koeffizientenbetraege,PA-08--PA-11,BB-01--BB-03,0.0632097040710262
Wald + Wind,Rheda-Beckum,Koeffizientenbetraege,PA-09--PA-11,AM-02--AM-03,0.2205184106603723
Wald + Wind,Rheda-Beckum,Koeffizientenbetraege,PA-02--PA-12,BB-04--BB-06,0.1805473832780433
Wald + Wind,Rheda-Beckum,Koeffizientenbetraege,PA-03--PA-12,AM-01--AM-04,0.7865163923763552
Wald + Wind,Rheda-Beckum,Koeffizientenbetraege,PA-04--PA-12,AM-01--AM-04,0.593314348905996
Wald + Wind,Rheda-Beckum,Koeffizientenbetraege,PA-05--PA-12,BB-05--BB-07,0.1622877364815183
Wald + Wind,Rheda-Beckum,Koeffizientenbetraege,PA-06--PA-12,AM-03--AM-04,0.4019053827767647
Wald + Wind,Rheda-Beckum,Koeffizientenbetraege,PA-07--PA-12,BB-03--BB-05,0.1593581677917635
Wald + Wind,Rheda-Beckum,Koeffizientenbetraege,PA-08--PA-12,AM-03--AM-04,0.367006168706747
Wald + Wind,Rheda-Beckum,Koeffizientenbetraege,PA-09--PA-12,AM-03--AM-04,0.4105632235414621
Wald + Wind,Rheda-Beckum,Koeffizientenbetraege,PA-02--PA-03,AM-01--AM-04,0.6984357506155429
Wald + Wind,Rheda-Beckum,Koeffizientenbetraege,PA-02--PA-04,AM-03--AM-04,0.6110580758844749
Wald + Wind,Rheda-Beckum,Koeffizientenbetraege,PA-02--PA-05,AM-01--AM-04,0.6649313853875074
Wald + Wind,Rheda-Beckum,Koeffizientenbetraege,PA-02--PA-06,AM-01--AM-04,0.7390513869325357
Wald + Wind,Rheda-Beckum,Koeffizientenbetraege,PA-02--PA-07,AM-01--AM-04,0.52168974475198
Wald + Wind,Rheda-Beckum,Koeffizientenbetraege,PA-02--PA-08,AM-01--AM-04,0.8667927328416623
Wald + Wind,Rheda-Beckum,Koeffizientenbetraege,PA-02--PA-09,AM-01--AM-04,0.8828877798881669
Wald + Wind,Rheda-Beckum,Koeffizientenbetraege,PA-03--PA-04,BB-03--BB-05,0.2533184812067359
Wald + Wind,Rheda-Beckum,Koeffizientenbetraege,PA-03--PA-05,AM-02--AM-03,0.2028224872986738
Wald + Wind,Rheda-Beckum,Koeffizientenbetraege,PA-03--PA-06,BB-02--BB-04,0.1100276847916349
Wald + Wind,Rheda-Beckum,Koeffizientenbetraege,PA-03--PA-07,AM-03--AM-04,0.284629951140032
Wald + Wind,Rheda-Beckum,Koeffizientenbetraege,PA-03--PA-08,AM-01--AM-02,0.0662208308213047
Wald + Wind,Rheda-Beckum,Koeffizientenbetraege,PA-03--PA-09,BB-03--BB-05,0.0514078318183741
Wald + Wind,Rheda-Beckum,Koeffizientenbetraege,PA-04--PA-05,BB-04--BB-07,0.0493176849223196
Wald + Wind,Rheda-Beckum,Koeffizientenbetraege,PA-04--PA-06,BB-01--BB-07,0.2187281023568502
Wald + Wind,Rheda-Beckum,Koeffizientenbetraege,PA-04--PA-07,BB-03--BB-05,0.1081973146102528
Wald + Wind,Rheda-Beckum,Koeffizientenbetraege,PA-04--PA-08,BB-03--BB-04,0.1143375725403597
Wald + Wind,Rheda-Beckum,Koeffizientenbetraege,PA-04--PA-09,BB-02--BB-05,0.0783810601739593
Wald + Wind,Rheda-Beckum,Koeffizientenbetraege,PA-05--PA-06,BC-01--BC-04,0.0825906809429579
Wald + Wind,Rheda-Beckum,Koeffizientenbetraege,PA-05--PA-07,BC-04--BC-06,0.0404719386415217
Wald + Wind,Rheda-Beckum,Koeffizientenbetraege,PA-05--PA-08,BC-02--BC-06,0.1637607386348387
Wald + Wind,Rheda-Beckum,Koeffizientenbetraege,PA-05--PA-09,BB-01--BB-03,0.0629752207401049
Wald + Wind,Rheda-Beckum,Koeffizientenbetraege,PA-06--PA-07,BC-05--BC-06,0.1780852936636974
Wald + Wind,Rheda-Beckum,Koeffizientenbetraege,PA-06--PA-08,BC-02--BC-04,0.0826968147911766
Wald + Wind,Rheda-Beckum,Koeffizientenbetraege,PA-06--PA-09,AS-01--AS-04,0.1169580695869674
Wald + Wind,Rheda-Beckum,Koeffizientenbetraege,PA-07--PA-08,AS-01--AS-04,0.0527584487462066
Wald + Wind,Rheda-Beckum,Koeffizientenbetraege,PA-07--PA-09,BC-02--BC-06,0.1187901284633977
Wald + Wind,Rheda-Beckum,Koeffizientenbetraege,PA-08--PA-09,BC-02--BC-06,0.072223874367486
Wald + Wind,Rheda-Beckum,Gleichgewichtung,AS-01--AS-02,LO-02--LO-03,0.1138731456812385
Wald + Wind,Rheda-Beckum,Gleichgewichtung,AS-01--AS-03,BC-01--BC-04,0.0393398756396873
Wald + Wind,Rheda-Beckum,Gleichgewichtung,AS-01--AS-04,PA-07--PA-08,0.0465099493330449
Wald + Wind,Rheda-Beckum,Gleichgewichtung,AS-01--AS-05,PA-07--PA-08,0.1053961121283538
Wald + Wind,Rheda-Beckum,Gleichgewichtung,AS-01--AS-06,PA-07--PA-08,0.0997693367649045
Wald + Wind,Rheda-Beckum,Gleichgewichtung,AS-02--AS-03,BC-02--BC-03,0.0488838830710281
Wald + Wind,Rheda-Beckum,Gleichgewichtung,AS-02--AS-04,OF-01--OF-04,0.0670398617110591
Wald + Wind,Rheda-Beckum,Gleichgewichtung,AS-02--AS-05,BC-02--BC-04,0.1171581812356836
Wald + Wind,Rheda-Beckum,Gleichgewichtung,AS-02--AS-06,OF-01--OF-04,0.0764686601203388
Wald + Wind,Rheda-Beckum,Gleichgewichtung,AS-03--AS-04,BC-03--BC-04,0.0926076294575721
Wald + Wind,Rheda-Beckum,Gleichgewichtung,AS-03--AS-05,PA-05--PA-07,0.0646119971066526
Wald + Wind,Rheda-Beckum,Gleichgewichtung,AS-03--AS-06,PA-05--PA-07,0.0903102029495756
Wald + Wind,Rheda-Beckum,Gleichgewichtung,AS-04--AS-05,BC-02--BC-05,0.2362757939407619
Wald + Wind,Rheda-Beckum,Gleichgewichtung,AS-04--AS-06,OF-01--OF-02,0.161868763923269
Wald + Wind,Rheda-Beckum,Gleichgewichtung,AS-05--AS-06,OF-01--OF-02,0.1560817211734896
Wald + Wind,Rheda-Beckum,Gleichgewichtung,AM-01--AM-02,PA-07--PA-11,0.0322504844667548
Wald + Wind,Rheda-Beckum,Gleichgewichtung,AM-01--AM-03,PA-05--PA-11,0.0519853943838942
Wald + Wind,Rheda-Beckum,Gleichgewichtung,AM-01--AM-04,PA-04--PA-11,0.1847183404191439
Wald + Wind,Rheda-Beckum,Gleichgewichtung,AM-02--AM-03,PA-10--PA-11,0.0814787300164964
Wald + Wind,Rheda-Beckum,Gleichgewichtung,AM-02--AM-04,PA-05--PA-11,0.1208619946293523
Wald + Wind,Rheda-Beckum,Gleichgewichtung,AM-03--AM-04,PA-03--PA-05,0.2657344691252525
Wald + Wind,Rheda-Beckum,Gleichgewichtung,BB-01--BB-02,AM-02--AM-04,0.2099204018638596
Wald + Wind,Rheda-Beckum,Gleichgewichtung,BB-01--BB-03,PA-08--PA-11,0.0545658991089023
Wald + Wind,Rheda-Beckum,Gleichgewichtung,BB-01--BB-04,PA-04--PA-05,0.1028749712595601
Wald + Wind,Rheda-Beckum,Gleichgewichtung,BB-01--BB-05,PA-08--PA-09,0.1354543721314529
Wald + Wind,Rheda-Beckum,Gleichgewichtung,BB-01--BB-06,PA-04--PA-10,0.1496758526799065
Wald + Wind,Rheda-Beckum,Gleichgewichtung,BB-01--BB-07,PA-04--PA-10,0.067414050269651
Wald + Wind,Rheda-Beckum,Gleichgewichtung,BB-02--BB-03,PA-04--PA-09,0.0912601424975628
Wald + Wind,Rheda-Beckum,Gleichgewichtung,BB-02--BB-04,PA-03--PA-06,0.1200457035589907
Wald + Wind,Rheda-Beckum,Gleichgewichtung,BB-02--BB-05,PA-03--PA-10,0.0826634948288218
Wald + Wind,Rheda-Beckum,Gleichgewichtung,BB-02--BB-06,PA-01--PA-06,0.3977389297492252
Wald + Wind,Rheda-Beckum,Gleichgewichtung,BB-02--BB-07,PA-03--PA-08,0.1002516041105736
Wald + Wind,Rheda-Beckum,Gleichgewichtung,BB-03--BB-04,PA-03--PA-10,0.1317443701684032
Wald + Wind,Rheda-Beckum,Gleichgewichtung,BB-03--BB-05,PA-03--PA-09,0.0463742195050453
Wald + Wind,Rheda-Beckum,Gleichgewichtung,BB-03--BB-06,PA-04--PA-10,0.0167894410969609
Wald + Wind,Rheda-Beckum,Gleichgewichtung,BB-03--BB-07,PA-01--PA-08,0.3123270538972482
Wald + Wind,Rheda-Beckum,Gleichgewichtung,BB-04--BB-05,AM-01--AM-03,0.170073278271282
Wald + Wind,Rheda-Beckum,Gleichgewichtung,BB-04--BB-06,PA-04--PA-11,0.1866140241642358
Wald + Wind,Rheda-Beckum,Gleichgewichtung,BB-04--BB-07,PA-04--PA-05,0.0485082561563093
Wald + Wind,Rheda-Beckum,Gleichgewichtung,BB-05--BB-06,PA-01--PA-03,0.1365106379833675
Wald + Wind,Rheda-Beckum,Gleichgewichtung,BB-05--BB-07,PA-04--PA-09,0.0934611414403115
Wald + Wind,Rheda-Beckum,Gleichgewichtung,BB-06--BB-07,PA-01--PA-06,0.7368039228786559
Wald + Wind,Rheda-Beckum,Gleichgewichtung,BC-01--BC-02,PA-05--PA-07,0.0654509984794791
Wald + Wind,Rheda-Beckum,Gleichgewichtung,BC-01--BC-03,PA-06--PA-08,0.1072365625463972
Wald + Wind,Rheda-Beckum,Gleichgewichtung,BC-01--BC-04,AS-01--AS-03,0.0393398756396873
Wald + Wind,Rheda-Beckum,Gleichgewichtung,BC-01--BC-05,PA-06--PA-08,0.1586558513035902
Wald + Wind,Rheda-Beckum,Gleichgewichtung,BC-01--BC-06,AS-02--AS-03,0.0495244701983045
Wald + Wind,Rheda-Beckum,Gleichgewichtung,BC-02--BC-03,AS-02--AS-03,0.0488838830710281
Wald + Wind,Rheda-Beckum,Gleichgewichtung,BC-02--BC-04,PA-06--PA-08,0.0816586420283243
Wald + Wind,Rheda-Beckum,Gleichgewichtung,BC-02--BC-05,AS-03--AS-04,0.2355970323715396
Wald + Wind,Rheda-Beckum,Gleichgewichtung,BC-02--BC-06,PA-08--PA-09,0.0904676437480723
Wald + Wind,Rheda-Beckum,Gleichgewichtung,BC-03--BC-04,AS-03--AS-04,0.0926076294575721
Wald + Wind,Rheda-Beckum,Gleichgewichtung,BC-03--BC-05,AS-01--AS-03,0.1170095184444666
Wald + Wind,Rheda-Beckum,Gleichgewichtung,BC-03--BC-06,PA-05--PA-07,0.1599637118607534
Wald + Wind,Rheda-Beckum,Gleichgewichtung,BC-04--BC-05,AS-01--AS-03,0.1609619538402918
Wald + Wind,Rheda-Beckum,Gleichgewichtung,BC-04--BC-06,PA-05--PA-07,0.0416431627454458
Wald + Wind,Rheda-Beckum,Gleichgewichtung,BC-05--BC-06,PA-11--PA-12,0.1185966323145391
Wald + Wind,Rheda-Beckum,Gleichgewichtung,LO-01--LO-02,AS-01--AS-02,0.1740085754501771
Wald + Wind,Rheda-Beckum,Gleichgewichtung,LO-01--LO-03,AM-02--AM-03,0.2001677135096734
Wald + Wind,Rheda-Beckum,Gleichgewichtung,LO-02--LO-03,AS-01--AS-02,0.1138731456812385
Wald + Wind,Rheda-Beckum,Gleichgewichtung,OF-01--OF-02,AS-05--AS-06,0.1560817211734896
Wald + Wind,Rheda-Beckum,Gleichgewichtung,OF-01--OF-03,AS-05--AS-06,0.1795349309359709
Wald + Wind,Rheda-Beckum,Gleichgewichtung,OF-01--OF-04,AS-02--AS-04,0.0670398617110591
Wald + Wind,Rheda-Beckum,Gleichgewichtung,OF-02--OF-03,AS-05--AS-06,0.3140185017617832
Wald + Wind,Rheda-Beckum,Gleichgewichtung,OF-02--OF-04,AS-02--AS-04,0.0916936214264985
Wald + Wind,Rheda-Beckum,Gleichgewichtung,OF-03--OF-04,AS-02--AS-06,0.1628310661475594
Wald + Wind,Rheda-Beckum,Gleichgewichtung,PA-01--PA-10,BB-02--BB-06,0.5216676924532303
Wald + Wind,Rheda-Beckum,Gleichgewichtung,PA-01--PA-11,BB-03--BB-07,0.7238024815402901
Wald + Wind,Rheda-Beckum,Gleichgewichtung,PA-01--PA-12,AM-01--AM-04,1.0629210860327598
Wald + Wind,Rheda-Beckum,Gleichgewichtung,PA-01--PA-02,AM-03--AM-04,0.6790519648625049
Wald + Wind,Rheda-Beckum,Gleichgewichtung,PA-01--PA-03,BB-02--BB-05,0.0940263830129818
Wald + Wind,Rheda-Beckum,Gleichgewichtung,PA-01--PA-04,AM-03--AM-04,0.3097175420673699
Wald + Wind,Rheda-Beckum,Gleichgewichtung,PA-01--PA-05,AM-01--AM-04,0.4635120227770985
Wald + Wind,Rheda-Beckum,Gleichgewichtung,PA-01--PA-06,BB-03--BB-07,0.3822176994932613
Wald + Wind,Rheda-Beckum,Gleichgewichtung,PA-01--PA-07,AM-01--AM-04,0.6045686792706684
Wald + Wind,Rheda-Beckum,Gleichgewichtung,PA-01--PA-08,BB-03--BB-07,0.3123270538972482
Wald + Wind,Rheda-Beckum,Gleichgewichtung,PA-01--PA-09,AM-01--AM-04,0.791295353701874
Wald + Wind,Rheda-Beckum,Gleichgewichtung,PA-10--PA-11,AM-02--AM-03,0.0814787300164964
Wald + Wind,Rheda-Beckum,Gleichgewichtung,PA-10--PA-12,AM-03--AM-04,0.388436356104512
Wald + Wind,Rheda-Beckum,Gleichgewichtung,PA-02--PA-10,AM-01--AM-04,0.8954875062634732
Wald + Wind,Rheda-Beckum,Gleichgewichtung,PA-03--PA-10,BB-02--BB-05,0.0826634948288218
Wald + Wind,Rheda-Beckum,Gleichgewichtung,PA-04--PA-10,BB-03--BB-06,0.0167894410969609
Wald + Wind,Rheda-Beckum,Gleichgewichtung,PA-05--PA-10,BB-03--BB-05,0.0466640003021838
Wald + Wind,Rheda-Beckum,Gleichgewichtung,PA-06--PA-10,BC-02--BC-03,0.0998821421572623
Wald + Wind,Rheda-Beckum,Gleichgewichtung,PA-07--PA-10,BB-03--BB-05,0.3155893603810769
Wald + Wind,Rheda-Beckum,Gleichgewichtung,PA-08--PA-10,BB-02--BB-07,0.1270728737965178
Wald + Wind,Rheda-Beckum,Gleichgewichtung,PA-09--PA-10,BB-01--BB-03,0.1558034551904003
Wald + Wind,Rheda-Beckum,Gleichgewichtung,PA-11--PA-12,BC-05--BC-06,0.1185966323145391
Wald + Wind,Rheda-Beckum,Gleichgewichtung,PA-02--PA-11,AM-01--AM-04,0.4308547776461511
Wald + Wind,Rheda-Beckum,Gleichgewichtung,PA-03--PA-11,AM-01--AM-04,0.3030220779822559
Wald + Wind,Rheda-Beckum,Gleichgewichtung,PA-04--PA-11,AM-01--AM-04,0.1847183404191439
Wald + Wind,Rheda-Beckum,Gleichgewichtung,PA-05--PA-11,AM-01--AM-03,0.0519853943838942
Wald + Wind,Rheda-Beckum,Gleichgewichtung,PA-06--PA-11,BC-02--BC-06,0.1068379267887104
Wald + Wind,Rheda-Beckum,Gleichgewichtung,PA-07--PA-11,AM-01--AM-02,0.0322504844667548
Wald + Wind,Rheda-Beckum,Gleichgewichtung,PA-08--PA-11,BB-01--BB-03,0.0545658991089023
Wald + Wind,Rheda-Beckum,Gleichgewichtung,PA-09--PA-11,AM-02--AM-03,0.190967680241605
Wald + Wind,Rheda-Beckum,Gleichgewichtung,PA-02--PA-12,AM-01--AM-04,0.2091822921095342
Wald + Wind,Rheda-Beckum,Gleichgewichtung,PA-03--PA-12,AM-03--AM-04,0.9079963062918353
Wald + Wind,Rheda-Beckum,Gleichgewichtung,PA-04--PA-12,AM-01--AM-04,0.7377898888424944
Wald + Wind,Rheda-Beckum,Gleichgewichtung,PA-05--PA-12,BB-05--BB-07,0.2016397978998397
Wald + Wind,Rheda-Beckum,Gleichgewichtung,PA-06--PA-12,AM-03--AM-04,0.3460577039712186
Wald + Wind,Rheda-Beckum,Gleichgewichtung,PA-07--PA-12,BB-03--BB-05,0.1813361245053086
Wald + Wind,Rheda-Beckum,Gleichgewichtung,PA-08--PA-12,AM-03--AM-04,0.3345076694674728
Wald + Wind,Rheda-Beckum,Gleichgewichtung,PA-09--PA-12,AM-03--AM-04,0.4373442333430232
Wald + Wind,Rheda-Beckum,Gleichgewichtung,PA-02--PA-03,AM-01--AM-04,0.8774530403839017
Wald + Wind,Rheda-Beckum,Gleichgewichtung,PA-02--PA-04,AM-03--AM-04,0.5876183418821076
Wald + Wind,Rheda-Beckum,Gleichgewichtung,PA-02--PA-05,AM-01--AM-04,0.6848725198460817
Wald + Wind,Rheda-Beckum,Gleichgewichtung,PA-02--PA-06,AM-01--AM-04,0.7562252358790956
Wald + Wind,Rheda-Beckum,Gleichgewichtung,PA-02--PA-07,AM-01--AM-04,0.5358574324592008
Wald + Wind,Rheda-Beckum,Gleichgewichtung,PA-02--PA-08,AM-01--AM-04,1.0311648577119947
Wald + Wind,Rheda-Beckum,Gleichgewichtung,PA-02--PA-09,AM-01--AM-04,1.024389218122741
Wald + Wind,Rheda-Beckum,Gleichgewichtung,PA-03--PA-04,BB-03--BB-05,0.2596296407646626
Wald + Wind,Rheda-Beckum,Gleichgewichtung,PA-03--PA-05,AM-02--AM-03,0.1922131719782523
Wald + Wind,Rheda-Beckum,Gleichgewichtung,PA-03--PA-06,BB-02--BB-04,0.1200457035589907
Wald + Wind,Rheda-Beckum,Gleichgewichtung,PA-03--PA-07,AM-02--AM-03,0.2822509433431325
Wald + Wind,Rheda-Beckum,Gleichgewichtung,PA-03--PA-08,AM-01--AM-02,0.0618643789545327
Wald + Wind,Rheda-Beckum,Gleichgewichtung,PA-03--PA-09,BB-03--BB-05,0.0463742195050453
Wald + Wind,Rheda-Beckum,Gleichgewichtung,PA-04--PA-05,BB-04--BB-07,0.0485082561563093
Wald + Wind,Rheda-Beckum,Gleichgewichtung,PA-04--PA-06,BB-01--BB-07,0.2178545801595516
Wald + Wind,Rheda-Beckum,Gleichgewichtung,PA-04--PA-07,BB-03--BB-05,0.0952992229903973
Wald + Wind,Rheda-Beckum,Gleichgewichtung,PA-04--PA-08,BB-03--BB-04,0.1379628769772505
Wald + Wind,Rheda-Beckum,Gleichgewichtung,PA-04--PA-09,BB-02--BB-03,0.0912601424975628
Wald + Wind,Rheda-Beckum,Gleichgewichtung,PA-05--PA-06,BC-01--BC-04,0.0710515026970104
Wald + Wind,Rheda-Beckum,Gleichgewichtung,PA-05--PA-07,BC-04--BC-06,0.0416431627454458
Wald + Wind,Rheda-Beckum,Gleichgewichtung,PA-05--PA-08,BC-02--BC-06,0.1467884417859321
Wald + Wind,Rheda-Beckum,Gleichgewichtung,PA-05--PA-09,BB-01--BB-03,0.0760610042556389
Wald + Wind,Rheda-Beckum,Gleichgewichtung,PA-06--PA-07,BC-02--BC-06,0.1892026564711454
Wald + Wind,Rheda-Beckum,Gleichgewichtung,PA-06--PA-08,BC-02--BC-04,0.0816586420283243
Wald + Wind,Rheda-Beckum,Gleichgewichtung,PA-06--PA-09,AS-01--AS-04,0.1470876585106472
Wald + Wind,Rheda-Beckum,Gleichgewichtung,PA-07--PA-08,AS-01--AS-04,0.0465099493330449
Wald + Wind,Rheda-Beckum,Gleichgewichtung,PA-07--PA-09,BC-02--BC-06,0.1495196839735245
Wald + Wind,Rheda-Beckum,Gleichgewichtung,PA-08--PA-09,BC-02--BC-06,0.0904676437480723
Vollstaendig,Alpen-Sevelen,Koeffizientenbetraege,AM-01--AM-02,PA-07--PA-09,0.159831822119579
Vollstaendig,Alpen-Sevelen,Koeffizientenbetraege,AM-01--AM-03,PA-05--PA-11,0.2689994862215465
Vollstaendig,Alpen-Sevelen,Koeffizientenbetraege,AM-01--AM-04,PA-04--PA-09,0.2551475981082726
Vollstaendig,Alpen-Sevelen,Koeffizientenbetraege,AM-02--AM-03,PA-05--PA-09,0.2276829158654394
Vollstaendig,Alpen-Sevelen,Koeffizientenbetraege,AM-02--AM-04,PA-05--PA-11,0.1316251464249683
Vollstaendig,Alpen-Sevelen,Koeffizientenbetraege,AM-03--AM-04,PA-08--PA-12,0.3589063191158563
Vollstaendig,Alpen-Sevelen,Koeffizientenbetraege,BB-01--BB-02,AM-01--AM-03,0.558236030652982
Vollstaendig,Alpen-Sevelen,Koeffizientenbetraege,BB-01--BB-03,PA-06--PA-07,0.4873477077581917
Vollstaendig,Alpen-Sevelen,Koeffizientenbetraege,BB-01--BB-04,PA-03--PA-10,0.3822958845667683
Vollstaendig,Alpen-Sevelen,Koeffizientenbetraege,BB-01--BB-05,PA-03--PA-08,0.4005065306106682
Vollstaendig,Alpen-Sevelen,Koeffizientenbetraege,BB-01--BB-06,PA-03--PA-10,0.4226674514539378
Vollstaendig,Alpen-Sevelen,Koeffizientenbetraege,BB-01--BB-07,PA-01--PA-03,0.4622028056977695
Vollstaendig,Alpen-Sevelen,Koeffizientenbetraege,BB-02--BB-03,PA-03--PA-10,0.436468176092113
Vollstaendig,Alpen-Sevelen,Koeffizientenbetraege,BB-02--BB-04,PA-04--PA-05,0.4728555017908245
Vollstaendig,Alpen-Sevelen,Koeffizientenbetraege,BB-02--BB-05,PA-03--PA-10,0.349866596363048
Vollstaendig,Alpen-Sevelen,Koeffizientenbetraege,BB-02--BB-06,PA-01--PA-10,0.5242648183839946
Vollstaendig,Alpen-Sevelen,Koeffizientenbetraege,BB-02--BB-07,PA-08--PA-10,0.4370322380116587
Vollstaendig,Alpen-Sevelen,Koeffizientenbetraege,BB-03--BB-04,PA-03--PA-10,0.4573568849906113
Vollstaendig,Alpen-Sevelen,Koeffizientenbetraege,BB-03--BB-05,PA-03--PA-10,0.4219540053445151
Vollstaendig,Alpen-Sevelen,Koeffizientenbetraege,BB-03--BB-06,PA-03--PA-10,0.4836864189008199
Vollstaendig,Alpen-Sevelen,Koeffizientenbetraege,BB-03--BB-07,PA-01--PA-03,0.5346305389201317
Vollstaendig,Alpen-Sevelen,Koeffizientenbetraege,BB-04--BB-05,PA-03--PA-10,0.523613451797168
Vollstaendig,Alpen-Sevelen,Koeffizientenbetraege,BB-04--BB-06,PA-03--PA-10,0.5445595899592888
Vollstaendig,Alpen-Sevelen,Koeffizientenbetraege,BB-04--BB-07,PA-01--PA-03,0.4595615643955486
Vollstaendig,Alpen-Sevelen,Koeffizientenbetraege,BB-05--BB-06,PA-03--PA-10,0.4699634821497153
Vollstaendig,Alpen-Sevelen,Koeffizientenbetraege,BB-05--BB-07,PA-03--PA-10,0.4576320963972164
Vollstaendig,Alpen-Sevelen,Koeffizientenbetraege,BB-06--BB-07,PA-01--PA-08,0.7932978861558339
Vollstaendig,Alpen-Sevelen,Koeffizientenbetraege,BC-01--BC-02,RB-01--RB-03,0.3128494476228011
Vollstaendig,Alpen-Sevelen,Koeffizientenbetraege,BC-01--BC-03,OF-02--OF-04,0.2555093348829875
Vollstaendig,Alpen-Sevelen,Koeffizientenbetraege,BC-01--BC-04,OF-03--OF-04,0.37435718891832
Vollstaendig,Alpen-Sevelen,Koeffizientenbetraege,BC-01--BC-05,OF-02--OF-04,0.2569214858266671
Vollstaendig,Alpen-Sevelen,Koeffizientenbetraege,BC-01--BC-06,OF-03--OF-04,0.3274408500490749
Vollstaendig,Alpen-Sevelen,Koeffizientenbetraege,BC-02--BC-03,RB-02--RB-04,0.3549250704681622
Vollstaendig,Alpen-Sevelen,Koeffizientenbetraege,BC-02--BC-04,OF-03--OF-04,0.3459341138441074
Vollstaendig,Alpen-Sevelen,Koeffizientenbetraege,BC-02--BC-05,OF-02--OF-04,0.2719932978198749
Vollstaendig,Alpen-Sevelen,Koeffizientenbetraege,BC-02--BC-06,PA-08--PA-11,0.4448251506204972
Vollstaendig,Alpen-Sevelen,Koeffizientenbetraege,BC-03--BC-04,RB-01--RB-03,0.1819685231666461
Vollstaendig,Alpen-Sevelen,Koeffizientenbetraege,BC-03--BC-05,RB-01--RB-03,0.2707263487380008
Vollstaendig,Alpen-Sevelen,Koeffizientenbetraege,BC-03--BC-06,OF-02--OF-04,0.28806324773736
Vollstaendig,Alpen-Sevelen,Koeffizientenbetraege,BC-04--BC-05,RB-03--RB-05,0.2943616252413837
Vollstaendig,Alpen-Sevelen,Koeffizientenbetraege,BC-04--BC-06,LO-02--LO-03,0.2492762664764029
Vollstaendig,Alpen-Sevelen,Koeffizientenbetraege,BC-05--BC-06,LO-02--LO-03,0.3160481405826167
Vollstaendig,Alpen-Sevelen,Koeffizientenbetraege,LO-01--LO-02,BC-04--BC-06,0.2762306648068726
Vollstaendig,Alpen-Sevelen,Koeffizientenbetraege,LO-01--LO-03,PA-09--PA-11,0.4751359827945038
Vollstaendig,Alpen-Sevelen,Koeffizientenbetraege,LO-02--LO-03,BC-04--BC-06,0.2492762664764029
Vollstaendig,Alpen-Sevelen,Koeffizientenbetraege,OF-01--OF-02,RB-01--RB-02,0.1455615518473962
Vollstaendig,Alpen-Sevelen,Koeffizientenbetraege,OF-01--OF-03,RB-04--RB-05,0.2218190402237802
Vollstaendig,Alpen-Sevelen,Koeffizientenbetraege,OF-01--OF-04,BC-01--BC-05,0.3377612053069503
Vollstaendig,Alpen-Sevelen,Koeffizientenbetraege,OF-02--OF-03,RB-04--RB-05,0.2375485302028604
Vollstaendig,Alpen-Sevelen,Koeffizientenbetraege,OF-02--OF-04,BC-01--BC-03,0.2555093348829875
Vollstaendig,Alpen-Sevelen,Koeffizientenbetraege,OF-03--OF-04,BC-01--BC-03,0.3175204234614059
Vollstaendig,Alpen-Sevelen,Koeffizientenbetraege,PA-01--PA-10,BB-02--BB-06,0.5242648183839946
Vollstaendig,Alpen-Sevelen,Koeffizientenbetraege,PA-01--PA-11,AM-01--AM-04,0.8668262347480503
Vollstaendig,Alpen-Sevelen,Koeffizientenbetraege,PA-01--PA-12,AM-01--AM-04,1.000988292478491
Vollstaendig,Alpen-Sevelen,Koeffizientenbetraege,PA-01--PA-02,AM-01--AM-04,0.8357895195405178
Vollstaendig,Alpen-Sevelen,Koeffizientenbetraege,PA-01--PA-03,AM-01--AM-04,0.3761551163833954
Vollstaendig,Alpen-Sevelen,Koeffizientenbetraege,PA-01--PA-04,AM-02--AM-03,0.4120280858074918
Vollstaendig,Alpen-Sevelen,Koeffizientenbetraege,PA-01--PA-05,AM-01--AM-04,0.3707435431796506
Vollstaendig,Alpen-Sevelen,Koeffizientenbetraege,PA-01--PA-06,BB-02--BB-06,0.5745158377635701
Vollstaendig,Alpen-Sevelen,Koeffizientenbetraege,PA-01--PA-07,AM-01--AM-04,0.4577465363566001
Vollstaendig,Alpen-Sevelen,Koeffizientenbetraege,PA-01--PA-08,AM-01--AM-04,0.4690833484542611
Vollstaendig,Alpen-Sevelen,Koeffizientenbetraege,PA-01--PA-09,AM-01--AM-04,0.721842717758671
Vollstaendig,Alpen-Sevelen,Koeffizientenbetraege,PA-10--PA-11,AM-03--AM-04,0.5310203733871441
Vollstaendig,Alpen-Sevelen,Koeffizientenbetraege,PA-10--PA-12,AM-03--AM-04,0.6511595620513381
Vollstaendig,Alpen-Sevelen,Koeffizientenbetraege,PA-02--PA-10,AM-01--AM-04,0.6971125988770386
Vollstaendig,Alpen-Sevelen,Koeffizientenbetraege,PA-03--PA-10,BB-02--BB-05,0.349866596363048
Vollstaendig,Alpen-Sevelen,Koeffizientenbetraege,PA-04--PA-10,AM-02--AM-04,0.4136377084411322
Vollstaendig,Alpen-Sevelen,Koeffizientenbetraege,PA-05--PA-10,AM-01--AM-03,0.5468764134906555
Vollstaendig,Alpen-Sevelen,Koeffizientenbetraege,PA-06--PA-10,AM-01--AM-03,0.4983094126205979
Vollstaendig,Alpen-Sevelen,Koeffizientenbetraege,PA-07--PA-10,AM-02--AM-03,0.4192132107163025
Vollstaendig,Alpen-Sevelen,Koeffizientenbetraege,PA-08--PA-10,AM-01--AM-03,0.3065138696687851
Vollstaendig,Alpen-Sevelen,Koeffizientenbetraege,PA-09--PA-10,AM-02--AM-03,0.4521846489776498
Vollstaendig,Alpen-Sevelen,Koeffizientenbetraege,PA-11--PA-12,RB-03--RB-05,0.3207218167227547
Vollstaendig,Alpen-Sevelen,Koeffizientenbetraege,PA-02--PA-11,BB-01--BB-06,0.6202656805606521
Vollstaendig,Alpen-Sevelen,Koeffizientenbetraege,PA-03--PA-11,AM-01--AM-04,0.6441244695967683
Vollstaendig,Alpen-Sevelen,Koeffizientenbetraege,PA-04--PA-11,AM-01--AM-04,0.4595892293577813
Vollstaendig,Alpen-Sevelen,Koeffizientenbetraege,PA-05--PA-11,AM-02--AM-04,0.1316251464249683
Vollstaendig,Alpen-Sevelen,Koeffizientenbetraege,PA-06--PA-11,BC-02--BC-06,0.6440222721079999
Vollstaendig,Alpen-Sevelen,Koeffizientenbetraege,PA-07--PA-11,AM-02--AM-04,0.3233823295758504
Vollstaendig,Alpen-Sevelen,Koeffizientenbetraege,PA-08--PA-11,AM-02--AM-03,0.318178639033096
Vollstaendig,Alpen-Sevelen,Koeffizientenbetraege,PA-09--PA-11,AM-02--AM-03,0.2568896360462231
Vollstaendig,Alpen-Sevelen,Koeffizientenbetraege,PA-02--PA-12,BB-01--BB-06,0.5466524567708348
Vollstaendig,Alpen-Sevelen,Koeffizientenbetraege,PA-03--PA-12,AM-01--AM-04,0.9218802000807153
Vollstaendig,Alpen-Sevelen,Koeffizientenbetraege,PA-04--PA-12,AM-01--AM-04,0.7006630854928207
Vollstaendig,Alpen-Sevelen,Koeffizientenbetraege,PA-05--PA-12,AM-01--AM-04,0.4090067929128081
Vollstaendig,Alpen-Sevelen,Koeffizientenbetraege,PA-06--PA-12,AM-01--AM-04,0.5917623833721305
Vollstaendig,Alpen-Sevelen,Koeffizientenbetraege,PA-07--PA-12,AM-01--AM-04,0.3472464363259998
Vollstaendig,Alpen-Sevelen,Koeffizientenbetraege,PA-08--PA-12,AM-03--AM-04,0.3589063191158563
Vollstaendig,Alpen-Sevelen,Koeffizientenbetraege,PA-09--PA-12,AM-03--AM-04,0.5121610282902139
Vollstaendig,Alpen-Sevelen,Koeffizientenbetraege,PA-02--PA-03,AM-01--AM-04,0.7469199826025654
Vollstaendig,Alpen-Sevelen,Koeffizientenbetraege,PA-02--PA-04,AM-01--AM-04,0.8614485426796887
Vollstaendig,Alpen-Sevelen,Koeffizientenbetraege,PA-02--PA-05,AM-01--AM-04,0.6339126036994192
Vollstaendig,Alpen-Sevelen,Koeffizientenbetraege,PA-02--PA-06,BB-03--BB-07,0.6940846507275648
Vollstaendig,Alpen-Sevelen,Koeffizientenbetraege,PA-02--PA-07,AM-01--AM-04,0.4893516158664038
Vollstaendig,Alpen-Sevelen,Koeffizientenbetraege,PA-02--PA-08,AM-01--AM-04,0.7557601986073024
Vollstaendig,Alpen-Sevelen,Koeffizientenbetraege,PA-02--PA-09,AM-01--AM-04,0.8020914631245102
Vollstaendig,Alpen-Sevelen,Koeffizientenbetraege,PA-03--PA-04,AM-03--AM-04,0.4561279858356943
Vollstaendig,Alpen-Sevelen,Koeffizientenbetraege,PA-03--PA-05,AM-02--AM-03,0.3191096053640919
Vollstaendig,Alpen-Sevelen,Koeffizientenbetraege,PA-03--PA-06,BB-02--BB-04,0.4767164282935339
Vollstaendig,Alpen-Sevelen,Koeffizientenbetraege,PA-03--PA-07,AM-02--AM-03,0.3703652193781696
Vollstaendig,Alpen-Sevelen,Koeffizientenbetraege,PA-03--PA-08,AM-01--AM-03,0.3652910241170664
Vollstaendig,Alpen-Sevelen,Koeffizientenbetraege,PA-03--PA-09,AM-01--AM-03,0.4929560500396098
Vollstaendig,Alpen-Sevelen,Koeffizientenbetraege,PA-04--PA-05,AM-02--AM-04,0.3837277188838106
Vollstaendig,Alpen-Sevelen,Koeffizientenbetraege,PA-04--PA-06,AM-02--AM-04,0.3553813993642337
Vollstaendig,Alpen-Sevelen,Koeffizientenbetraege,PA-04--PA-07,AM-01--AM-04,0.3256104623885024
Vollstaendig,Alpen-Sevelen,Koeffizientenbetraege,PA-04--PA-08,AM-01--AM-04,0.3536435973991337
Vollstaendig,Alpen-Sevelen,Koeffizientenbetraege,PA-04--PA-09,AM-01--AM-04,0.2551475981082726
Vollstaendig,Alpen-Sevelen,Koeffizientenbetraege,PA-05--PA-06,AM-01--AM-02,0.3550183207353535
Vollstaendig,Alpen-Sevelen,Koeffizientenbetraege,PA-05--PA-07,AM-02--AM-03,0.4631744019145807
Vollstaendig,Alpen-Sevelen,Koeffizientenbetraege,PA-05--PA-08,AM-02--AM-03,0.3151275673509544
Vollstaendig,Alpen-Sevelen,Koeffizientenbetraege,PA-05--PA-09,AM-02--AM-03,0.2276829158654394
Vollstaendig,Alpen-Sevelen,Koeffizientenbetraege,PA-06--PA-07,AM-01--AM-02,0.3777660733281337
Vollstaendig,Alpen-Sevelen,Koeffizientenbetraege,PA-06--PA-08,AM-02--AM-04,0.4935051085263153
Vollstaendig,Alpen-Sevelen,Koeffizientenbetraege,PA-06--PA-09,BC-02--BC-06,0.6021262910582077
Vollstaendig,Alpen-Sevelen,Koeffizientenbetraege,PA-07--PA-08,AM-02--AM-03,0.3118544651617754
Vollstaendig,Alpen-Sevelen,Koeffizientenbetraege,PA-07--PA-09,AM-01--AM-02,0.159831822119579
Vollstaendig,Alpen-Sevelen,Koeffizientenbetraege,PA-08--PA-09,AM-02--AM-03,0.2738708829737614
Vollstaendig,Alpen-Sevelen,Koeffizientenbetraege,RB-01--RB-02,OF-01--OF-02,0.1455615518473962
Vollstaendig,Alpen-Sevelen,Koeffizientenbetraege,RB-01--RB-03,BC-03--BC-04,0.1819685231666461
Vollstaendig,Alpen-Sevelen,Koeffizientenbetraege,RB-01--RB-04,BC-02--BC-03,0.3712473861240714
Vollstaendig,Alpen-Sevelen,Koeffizientenbetraege,RB-01--RB-05,BC-03--BC-05,0.308627889018117
Vollstaendig,Alpen-Sevelen,Koeffizientenbetraege,RB-02--RB-03,OF-01--OF-02,0.185042786626344
Vollstaendig,Alpen-Sevelen,Koeffizientenbetraege,RB-02--RB-04,BC-02--BC-03,0.3549250704681622
Vollstaendig,Alpen-Sevelen,Koeffizientenbetraege,RB-02--RB-05,BC-04--BC-05,0.3067650479263772
Vollstaendig,Alpen-Sevelen,Koeffizientenbetraege,RB-03--RB-04,BC-04--BC-05,0.3326920983042353
Vollstaendig,Alpen-Sevelen,Koeffizientenbetraege,RB-03--RB-05,BC-04--BC-05,0.2943616252413837
Vollstaendig,Alpen-Sevelen,Koeffizientenbetraege,RB-04--RB-05,OF-01--OF-02,0.1547941115003051
Vollstaendig,Alpen-Sevelen,Gleichgewichtung,AM-01--AM-02,PA-07--PA-08,0.3585842272738017
Vollstaendig,Alpen-Sevelen,Gleichgewichtung,AM-01--AM-03,PA-05--PA-08,0.3770984182539273
Vollstaendig,Alpen-Sevelen,Gleichgewichtung,AM-01--AM-04,PA-04--PA-07,0.2522942221600943
Vollstaendig,Alpen-Sevelen,Gleichgewichtung,AM-02--AM-03,PA-09--PA-11,0.2481536453922274
Vollstaendig,Alpen-Sevelen,Gleichgewichtung,AM-02--AM-04,PA-05--PA-11,0.2699701598800073
Vollstaendig,Alpen-Sevelen,Gleichgewichtung,AM-03--AM-04,PA-03--PA-04,0.4246620671696463
Vollstaendig,Alpen-Sevelen,Gleichgewichtung,BB-01--BB-02,AM-01--AM-03,0.471785498607917
Vollstaendig,Alpen-Sevelen,Gleichgewichtung,BB-01--BB-03,PA-07--PA-08,0.4160750485641084
Vollstaendig,Alpen-Sevelen,Gleichgewichtung,BB-01--BB-04,AM-01--AM-03,0.4789949979164646
Vollstaendig,Alpen-Sevelen,Gleichgewichtung,BB-01--BB-05,PA-03--PA-08,0.363520705481825
Vollstaendig,Alpen-Sevelen,Gleichgewichtung,BB-01--BB-06,PA-04--PA-10,0.4293936134821596
Vollstaendig,Alpen-Sevelen,Gleichgewichtung,BB-01--BB-07,PA-04--PA-10,0.4386042224354454
Vollstaendig,Alpen-Sevelen,Gleichgewichtung,BB-02--BB-03,PA-04--PA-05,0.3826826574129835
Vollstaendig,Alpen-Sevelen,Gleichgewichtung,BB-02--BB-04,PA-04--PA-05,0.3989519075764839
Vollstaendig,Alpen-Sevelen,Gleichgewichtung,BB-02--BB-05,PA-04--PA-06,0.4729021647240407
Vollstaendig,Alpen-Sevelen,Gleichgewichtung,BB-02--BB-06,PA-04--PA-10,0.599557316871586
Vollstaendig,Alpen-Sevelen,Gleichgewichtung,BB-02--BB-07,PA-08--PA-10,0.3533730540732662
Vollstaendig,Alpen-Sevelen,Gleichgewichtung,BB-03--BB-04,AM-01--AM-03,0.5558100544374915
Vollstaendig,Alpen-Sevelen,Gleichgewichtung,BB-03--BB-05,PA-06--PA-07,0.5113828807169459
Vollstaendig,Alpen-Sevelen,Gleichgewichtung,BB-03--BB-06,AM-01--AM-03,0.5725529380784777
Vollstaendig,Alpen-Sevelen,Gleichgewichtung,BB-03--BB-07,PA-04--PA-08,0.513782716607596
Vollstaendig,Alpen-Sevelen,Gleichgewichtung,BB-04--BB-05,AM-01--AM-02,0.4775136418328294
Vollstaendig,Alpen-Sevelen,Gleichgewichtung,BB-04--BB-06,AM-01--AM-03,0.6748949044229338
Vollstaendig,Alpen-Sevelen,Gleichgewichtung,BB-04--BB-07,PA-04--PA-08,0.4081621812106719
Vollstaendig,Alpen-Sevelen,Gleichgewichtung,BB-05--BB-06,AM-01--AM-02,0.6470773184601615
Vollstaendig,Alpen-Sevelen,Gleichgewichtung,BB-05--BB-07,PA-04--PA-05,0.4364696973617959
Vollstaendig,Alpen-Sevelen,Gleichgewichtung,BB-06--BB-07,PA-04--PA-08,0.7919971608443908
Vollstaendig,Alpen-Sevelen,Gleichgewichtung,BC-01--BC-02,LO-01--LO-02,0.3895522709197821
Vollstaendig,Alpen-Sevelen,Gleichgewichtung,BC-01--BC-03,OF-02--OF-04,0.3933989011918402
Vollstaendig,Alpen-Sevelen,Gleichgewichtung,BC-01--BC-04,OF-03--OF-04,0.4276194268556562
Vollstaendig,Alpen-Sevelen,Gleichgewichtung,BC-01--BC-05,OF-03--OF-04,0.3518942357808317
Vollstaendig,Alpen-Sevelen,Gleichgewichtung,BC-01--BC-06,OF-03--OF-04,0.3255053338450544
Vollstaendig,Alpen-Sevelen,Gleichgewichtung,BC-02--BC-03,PA-05--PA-11,0.5321846772089429
Vollstaendig,Alpen-Sevelen,Gleichgewichtung,BC-02--BC-04,OF-03--OF-04,0.4580102869464065
Vollstaendig,Alpen-Sevelen,Gleichgewichtung,BC-02--BC-05,OF-01--OF-03,0.3869554752672542
Vollstaendig,Alpen-Sevelen,Gleichgewichtung,BC-02--BC-06,PA-07--PA-11,0.3710678941903497
Vollstaendig,Alpen-Sevelen,Gleichgewichtung,BC-03--BC-04,RB-01--RB-03,0.1649601439204644
Vollstaendig,Alpen-Sevelen,Gleichgewichtung,BC-03--BC-05,RB-01--RB-03,0.3491385215176695
Vollstaendig,Alpen-Sevelen,Gleichgewichtung,BC-03--BC-06,RB-03--RB-05,0.3306691914293428
Vollstaendig,Alpen-Sevelen,Gleichgewichtung,BC-04--BC-05,PA-11--PA-12,0.2948044122907272
Vollstaendig,Alpen-Sevelen,Gleichgewichtung,BC-04--BC-06,RB-03--RB-04,0.3594564237765757
Vollstaendig,Alpen-Sevelen,Gleichgewichtung,BC-05--BC-06,LO-01--LO-02,0.3643925967568034
Vollstaendig,Alpen-Sevelen,Gleichgewichtung,LO-01--LO-02,BC-04--BC-06,0.3636309902677589
Vollstaendig,Alpen-Sevelen,Gleichgewichtung,LO-01--LO-03,PA-09--PA-11,0.4264388645581948
Vollstaendig,Alpen-Sevelen,Gleichgewichtung,LO-02--LO-03,BC-05--BC-06,0.3838360826712852
Vollstaendig,Alpen-Sevelen,Gleichgewichtung,OF-01--OF-02,RB-04--RB-05,0.1761097104616184
Vollstaendig,Alpen-Sevelen,Gleichgewichtung,OF-01--OF-03,BC-02--BC-05,0.3869554752672542
Vollstaendig,Alpen-Sevelen,Gleichgewichtung,OF-01--OF-04,BC-01--BC-03,0.5896286364124466
Vollstaendig,Alpen-Sevelen,Gleichgewichtung,OF-02--OF-03,BC-03--BC-06,0.4466299708612206
Vollstaendig,Alpen-Sevelen,Gleichgewichtung,OF-02--OF-04,BC-01--BC-03,0.3933989011918402
Vollstaendig,Alpen-Sevelen,Gleichgewichtung,OF-03--OF-04,BC-01--BC-06,0.3255053338450544
Vollstaendig,Alpen-Sevelen,Gleichgewichtung,PA-01--PA-10,BB-02--BB-06,0.7517380584628236
Vollstaendig,Alpen-Sevelen,Gleichgewichtung,PA-01--PA-11,AM-01--AM-04,1.0911423048408098
Vollstaendig,Alpen-Sevelen,Gleichgewichtung,PA-01--PA-12,AM-01--AM-04,1.2595242203878667
Vollstaendig,Alpen-Sevelen,Gleichgewichtung,PA-01--PA-02,AM-01--AM-04,0.8616048306831322
Vollstaendig,Alpen-Sevelen,Gleichgewichtung,PA-01--PA-03,AM-01--AM-04,0.3729772850941358
Vollstaendig,Alpen-Sevelen,Gleichgewichtung,PA-01--PA-04,AM-02--AM-03,0.4222807762860554
Vollstaendig,Alpen-Sevelen,Gleichgewichtung,PA-01--PA-05,AM-01--AM-04,0.3734357772747154
Vollstaendig,Alpen-Sevelen,Gleichgewichtung,PA-01--PA-06,BB-01--BB-06,0.5271472186573205
Vollstaendig,Alpen-Sevelen,Gleichgewichtung,PA-01--PA-07,AM-01--AM-04,0.5479705636513187
Vollstaendig,Alpen-Sevelen,Gleichgewichtung,PA-01--PA-08,AM-01--AM-04,0.5039491033933287
Vollstaendig,Alpen-Sevelen,Gleichgewichtung,PA-01--PA-09,AM-01--AM-04,0.92820726487365
Vollstaendig,Alpen-Sevelen,Gleichgewichtung,PA-10--PA-11,LO-01--LO-03,0.6875898239837248
Vollstaendig,Alpen-Sevelen,Gleichgewichtung,PA-10--PA-12,LO-01--LO-03,0.9287161751271796
Vollstaendig,Alpen-Sevelen,Gleichgewichtung,PA-02--PA-10,AM-01--AM-04,0.9031941675304288
Vollstaendig,Alpen-Sevelen,Gleichgewichtung,PA-03--PA-10,BB-01--BB-06,0.432314116245327
Vollstaendig,Alpen-Sevelen,Gleichgewichtung,PA-04--PA-10,AM-02--AM-04,0.4217329656544117
Vollstaendig,Alpen-Sevelen,Gleichgewichtung,PA-05--PA-10,BB-02--BB-07,0.5590375499421842
Vollstaendig,Alpen-Sevelen,Gleichgewichtung,PA-06--PA-10,BB-02--BB-07,0.6105273864638026
Vollstaendig,Alpen-Sevelen,Gleichgewichtung,PA-07--PA-10,AM-02--AM-03,0.4994143090424144
Vollstaendig,Alpen-Sevelen,Gleichgewichtung,PA-08--PA-10,AM-02--AM-04,0.3476013552361441
Vollstaendig,Alpen-Sevelen,Gleichgewichtung,PA-09--PA-10,LO-01--LO-03,0.543891073859718
Vollstaendig,Alpen-Sevelen,Gleichgewichtung,PA-11--PA-12,BC-04--BC-05,0.2948044122907272
Vollstaendig,Alpen-Sevelen,Gleichgewichtung,PA-02--PA-11,BB-01--BB-06,0.8834105102247233
Vollstaendig,Alpen-Sevelen,Gleichgewichtung,PA-03--PA-11,BC-01--BC-06,0.935284348279344
Vollstaendig,Alpen-Sevelen,Gleichgewichtung,PA-04--PA-11,AM-01--AM-04,0.6308522346700269
Vollstaendig,Alpen-Sevelen,Gleichgewichtung,PA-05--PA-11,AM-02--AM-04,0.2699701598800073
Vollstaendig,Alpen-Sevelen,Gleichgewichtung,PA-06--PA-11,AM-01--AM-04,0.5382313676969654
Vollstaendig,Alpen-Sevelen,Gleichgewichtung,PA-07--PA-11,AM-02--AM-04,0.3115036384319154
Vollstaendig,Alpen-Sevelen,Gleichgewichtung,PA-08--PA-11,BC-02--BC-06,0.3731547426191858
Vollstaendig,Alpen-Sevelen,Gleichgewichtung,PA-09--PA-11,AM-02--AM-03,0.2481536453922274
Vollstaendig,Alpen-Sevelen,Gleichgewichtung,PA-02--PA-12,BB-01--BB-06,0.900259692618985
Vollstaendig,Alpen-Sevelen,Gleichgewichtung,PA-03--PA-12,LO-01--LO-03,1.257929172278254
Vollstaendig,Alpen-Sevelen,Gleichgewichtung,PA-04--PA-12,AM-01--AM-04,0.916530902557583
Vollstaendig,Alpen-Sevelen,Gleichgewichtung,PA-05--PA-12,AM-01--AM-04,0.5512574681714943
Vollstaendig,Alpen-Sevelen,Gleichgewichtung,PA-06--PA-12,AM-01--AM-04,0.5794116640207703
Vollstaendig,Alpen-Sevelen,Gleichgewichtung,PA-07--PA-12,AM-01--AM-04,0.3294949241854732
Vollstaendig,Alpen-Sevelen,Gleichgewichtung,PA-08--PA-12,AM-03--AM-04,0.5054444132894809
Vollstaendig,Alpen-Sevelen,Gleichgewichtung,PA-09--PA-12,AM-02--AM-03,0.5718621637493838
Vollstaendig,Alpen-Sevelen,Gleichgewichtung,PA-02--PA-03,AM-01--AM-04,0.758209303923109
Vollstaendig,Alpen-Sevelen,Gleichgewichtung,PA-02--PA-04,AM-01--AM-04,0.847456775236439
Vollstaendig,Alpen-Sevelen,Gleichgewichtung,PA-02--PA-05,AM-01--AM-04,0.6285845080264821
Vollstaendig,Alpen-Sevelen,Gleichgewichtung,PA-02--PA-06,AM-01--AM-04,0.7106934025204579
Vollstaendig,Alpen-Sevelen,Gleichgewichtung,PA-02--PA-07,AM-01--AM-04,0.5147642724965708
Vollstaendig,Alpen-Sevelen,Gleichgewichtung,PA-02--PA-08,AM-01--AM-04,0.7482674196635888
Vollstaendig,Alpen-Sevelen,Gleichgewichtung,PA-02--PA-09,AM-01--AM-04,1.0214697339109056
Vollstaendig,Alpen-Sevelen,Gleichgewichtung,PA-03--PA-04,BB-02--BB-03,0.3986361146434053
Vollstaendig,Alpen-Sevelen,Gleichgewichtung,PA-03--PA-05,AM-02--AM-03,0.4259118836705059
Vollstaendig,Alpen-Sevelen,Gleichgewichtung,PA-03--PA-06,BB-02--BB-07,0.5151159092081998
Vollstaendig,Alpen-Sevelen,Gleichgewichtung,PA-03--PA-07,AM-02--AM-03,0.4900423445698734
Vollstaendig,Alpen-Sevelen,Gleichgewichtung,PA-03--PA-08,BB-01--BB-05,0.363520705481825
Vollstaendig,Alpen-Sevelen,Gleichgewichtung,PA-03--PA-09,BC-01--BC-04,0.6156653769934988
Vollstaendig,Alpen-Sevelen,Gleichgewichtung,PA-04--PA-05,AM-01--AM-04,0.3598743640121022
Vollstaendig,Alpen-Sevelen,Gleichgewichtung,PA-04--PA-06,AM-02--AM-04,0.358621535544702
Vollstaendig,Alpen-Sevelen,Gleichgewichtung,PA-04--PA-07,AM-01--AM-04,0.2522942221600943
Vollstaendig,Alpen-Sevelen,Gleichgewichtung,PA-04--PA-08,AM-01--AM-04,0.3609974209565298
Vollstaendig,Alpen-Sevelen,Gleichgewichtung,PA-04--PA-09,AM-01--AM-04,0.4209946846896661
Vollstaendig,Alpen-Sevelen,Gleichgewichtung,PA-05--PA-06,AM-01--AM-02,0.3773412726463754
Vollstaendig,Alpen-Sevelen,Gleichgewichtung,PA-05--PA-07,AM-01--AM-03,0.4269318688626497
Vollstaendig,Alpen-Sevelen,Gleichgewichtung,PA-05--PA-08,AM-02--AM-03,0.3015643534597862
Vollstaendig,Alpen-Sevelen,Gleichgewichtung,PA-05--PA-09,AM-02--AM-03,0.4342970181064368
Vollstaendig,Alpen-Sevelen,Gleichgewichtung,PA-06--PA-07,AM-01--AM-02,0.3915580304248063
Vollstaendig,Alpen-Sevelen,Gleichgewichtung,PA-06--PA-08,AM-02--AM-04,0.3851953094083609
Vollstaendig,Alpen-Sevelen,Gleichgewichtung,PA-06--PA-09,BC-02--BC-06,0.5223810871412194
Vollstaendig,Alpen-Sevelen,Gleichgewichtung,PA-07--PA-08,AM-01--AM-02,0.3585842272738017
Vollstaendig,Alpen-Sevelen,Gleichgewichtung,PA-07--PA-09,RB-03--RB-04,0.4123704809683029
Vollstaendig,Alpen-Sevelen,Gleichgewichtung,PA-08--PA-09,BC-04--BC-06,0.4487986283359485
Vollstaendig,Alpen-Sevelen,Gleichgewichtung,RB-01--RB-02,OF-01--OF-02,0.1841024913671878
Vollstaendig,Alpen-Sevelen,Gleichgewichtung,RB-01--RB-03,BC-03--BC-04,0.1649601439204644
Vollstaendig,Alpen-Sevelen,Gleichgewichtung,RB-01--RB-04,PA-07--PA-09,0.4127851368979173
Vollstaendig,Alpen-Sevelen,Gleichgewichtung,RB-01--RB-05,PA-07--PA-09,0.4337124644933114
Vollstaendig,Alpen-Sevelen,Gleichgewichtung,RB-02--RB-03,BC-03--BC-04,0.1987634120731753
Vollstaendig,Alpen-Sevelen,Gleichgewichtung,RB-02--RB-04,BC-04--BC-06,0.3764711880348597
Vollstaendig,Alpen-Sevelen,Gleichgewichtung,RB-02--RB-05,BC-03--BC-06,0.3621328780384345
Vollstaendig,Alpen-Sevelen,Gleichgewichtung,RB-03--RB-04,BC-04--BC-06,0.3594564237765757
Vollstaendig,Alpen-Sevelen,Gleichgewichtung,RB-03--RB-05,BC-03--BC-06,0.3306691914293428
Vollstaendig,Alpen-Sevelen,Gleichgewichtung,RB-04--RB-05,OF-01--OF-02,0.1761097104616184
Vollstaendig,Altenmellrich,Koeffizientenbetraege,AS-01--AS-02,LO-01--LO-02,0.1366363979897913
Vollstaendig,Altenmellrich,Koeffizientenbetraege,AS-01--AS-03,RB-03--RB-05,0.1821490042381492
Vollstaendig,Altenmellrich,Koeffizientenbetraege,AS-01--AS-04,BC-04--BC-06,0.2367738472381791
Vollstaendig,Altenmellrich,Koeffizientenbetraege,AS-01--AS-05,BC-05--BC-06,0.2659928385656496
Vollstaendig,Altenmellrich,Koeffizientenbetraege,AS-01--AS-06,BC-05--BC-06,0.2854566793606899
Vollstaendig,Altenmellrich,Koeffizientenbetraege,AS-02--AS-03,RB-02--RB-05,0.1144542269966929
Vollstaendig,Altenmellrich,Koeffizientenbetraege,AS-02--AS-04,RB-01--RB-05,0.2640549117177501
Vollstaendig,Altenmellrich,Koeffizientenbetraege,AS-02--AS-05,BC-01--BC-05,0.1768544735710271
Vollstaendig,Altenmellrich,Koeffizientenbetraege,AS-02--AS-06,BC-01--BC-05,0.2570330046718296
Vollstaendig,Altenmellrich,Koeffizientenbetraege,AS-03--AS-04,BC-03--BC-04,0.1098471415899353
Vollstaendig,Altenmellrich,Koeffizientenbetraege,AS-03--AS-05,BC-01--BC-02,0.1801113466971589
Vollstaendig,Altenmellrich,Koeffizientenbetraege,AS-03--AS-06,BC-03--BC-04,0.1721740489946703
Vollstaendig,Altenmellrich,Koeffizientenbetraege,AS-04--AS-05,RB-02--RB-03,0.1503597033160191
Vollstaendig,Altenmellrich,Koeffizientenbetraege,AS-04--AS-06,RB-01--RB-02,0.1104058909053553
Vollstaendig,Altenmellrich,Koeffizientenbetraege,AS-05--AS-06,RB-01--RB-02,0.062448107260163
Vollstaendig,Altenmellrich,Koeffizientenbetraege,BB-01--BB-02,PA-04--PA-06,0.5893672968316347
Vollstaendig,Altenmellrich,Koeffizientenbetraege,BB-01--BB-03,PA-06--PA-07,0.5078264110887377
Vollstaendig,Altenmellrich,Koeffizientenbetraege,BB-01--BB-04,PA-03--PA-08,0.49668247437313
Vollstaendig,Altenmellrich,Koeffizientenbetraege,BB-01--BB-05,PA-03--PA-08,0.4174883452213459
Vollstaendig,Altenmellrich,Koeffizientenbetraege,BB-01--BB-06,PA-03--PA-10,0.4808375574723393
Vollstaendig,Altenmellrich,Koeffizientenbetraege,BB-01--BB-07,PA-01--PA-03,0.4577688073855424
Vollstaendig,Altenmellrich,Koeffizientenbetraege,BB-02--BB-03,PA-01--PA-03,0.4249615083837362
Vollstaendig,Altenmellrich,Koeffizientenbetraege,BB-02--BB-04,PA-03--PA-04,0.4588252508129046
Vollstaendig,Altenmellrich,Koeffizientenbetraege,BB-02--BB-05,PA-03--PA-10,0.5243800039644535
Vollstaendig,Altenmellrich,Koeffizientenbetraege,BB-02--BB-06,PA-01--PA-06,0.6201320528984415
Vollstaendig,Altenmellrich,Koeffizientenbetraege,BB-02--BB-07,PA-03--PA-08,0.4297026183029924
Vollstaendig,Altenmellrich,Koeffizientenbetraege,BB-03--BB-04,PA-04--PA-06,0.6005546217830011
Vollstaendig,Altenmellrich,Koeffizientenbetraege,BB-03--BB-05,PA-03--PA-04,0.5033141238399107
Vollstaendig,Altenmellrich,Koeffizientenbetraege,BB-03--BB-06,PA-03--PA-10,0.540185057801563
Vollstaendig,Altenmellrich,Koeffizientenbetraege,BB-03--BB-07,PA-01--PA-03,0.5231661277460475
Vollstaendig,Altenmellrich,Koeffizientenbetraege,BB-04--BB-05,PA-04--PA-05,0.6008581546854747
Vollstaendig,Altenmellrich,Koeffizientenbetraege,BB-04--BB-06,PA-03--PA-10,0.6214569275058852
Vollstaendig,Altenmellrich,Koeffizientenbetraege,BB-04--BB-07,PA-01--PA-03,0.4583111564468856
Vollstaendig,Altenmellrich,Koeffizientenbetraege,BB-05--BB-06,PA-03--PA-10,0.6537911608274075
Vollstaendig,Altenmellrich,Koeffizientenbetraege,BB-05--BB-07,PA-01--PA-03,0.478484536887662
Vollstaendig,Altenmellrich,Koeffizientenbetraege,BB-06--BB-07,PA-01--PA-08,0.8782171065190426
Vollstaendig,Altenmellrich,Koeffizientenbetraege,BC-01--BC-02,AS-03--AS-05,0.1801113466971589
Vollstaendig,Altenmellrich,Koeffizientenbetraege,BC-01--BC-03,AS-02--AS-05,0.2984413606433463
Vollstaendig,Altenmellrich,Koeffizientenbetraege,BC-01--BC-04,OF-03--OF-04,0.4045559036911078
Vollstaendig,Altenmellrich,Koeffizientenbetraege,BC-01--BC-05,AS-02--AS-05,0.1768544735710271
Vollstaendig,Altenmellrich,Koeffizientenbetraege,BC-01--BC-06,OF-03--OF-04,0.2805188892461508
Vollstaendig,Altenmellrich,Koeffizientenbetraege,BC-02--BC-03,AS-02--AS-03,0.374634266400523
Vollstaendig,Altenmellrich,Koeffizientenbetraege,BC-02--BC-04,AS-02--AS-05,0.3561506112694149
Vollstaendig,Altenmellrich,Koeffizientenbetraege,BC-02--BC-05,AS-02--AS-05,0.2443581343267155
Vollstaendig,Altenmellrich,Koeffizientenbetraege,BC-02--BC-06,RB-02--RB-04,0.380692136105191
Vollstaendig,Altenmellrich,Koeffizientenbetraege,BC-03--BC-04,AS-03--AS-04,0.1098471415899353
Vollstaendig,Altenmellrich,Koeffizientenbetraege,BC-03--BC-05,AS-03--AS-05,0.2335472581055546
Vollstaendig,Altenmellrich,Koeffizientenbetraege,BC-03--BC-06,AS-01--AS-03,0.1932546644939882
Vollstaendig,Altenmellrich,Koeffizientenbetraege,BC-04--BC-05,AS-03--AS-05,0.2202114906776362
Vollstaendig,Altenmellrich,Koeffizientenbetraege,BC-04--BC-06,AS-01--AS-03,0.1898521018616386
Vollstaendig,Altenmellrich,Koeffizientenbetraege,BC-05--BC-06,AS-01--AS-04,0.2425893562973805
Vollstaendig,Altenmellrich,Koeffizientenbetraege,LO-01--LO-02,AS-01--AS-02,0.1366363979897913
Vollstaendig,Altenmellrich,Koeffizientenbetraege,LO-01--LO-03,AS-01--AS-02,0.3497904564896699
Vollstaendig,Altenmellrich,Koeffizientenbetraege,LO-02--LO-03,AS-01--AS-02,0.1371190467502106
Vollstaendig,Altenmellrich,Koeffizientenbetraege,OF-01--OF-02,AS-04--AS-06,0.1238555688785076
Vollstaendig,Altenmellrich,Koeffizientenbetraege,OF-01--OF-03,BC-02--BC-05,0.3000530401808445
Vollstaendig,Altenmellrich,Koeffizientenbetraege,OF-01--OF-04,BC-01--BC-03,0.4580249746691998
Vollstaendig,Altenmellrich,Koeffizientenbetraege,OF-02--OF-03,AS-02--AS-04,0.2790377748734491
Vollstaendig,Altenmellrich,Koeffizientenbetraege,OF-02--OF-04,BC-01--BC-03,0.3168350087992629
Vollstaendig,Altenmellrich,Koeffizientenbetraege,OF-03--OF-04,AS-02--AS-05,0.276463463617304
Vollstaendig,Altenmellrich,Koeffizientenbetraege,PA-01--PA-10,BB-02--BB-06,0.7102478480530166
Vollstaendig,Altenmellrich,Koeffizientenbetraege,PA-01--PA-11,BB-03--BB-07,1.0466309366051758
Vollstaendig,Altenmellrich,Koeffizientenbetraege,PA-01--PA-12,BB-03--BB-07,1.1940372520599911
Vollstaendig,Altenmellrich,Koeffizientenbetraege,PA-01--PA-02,BB-02--BB-03,0.6883766601833209
Vollstaendig,Altenmellrich,Koeffizientenbetraege,PA-01--PA-03,BB-02--BB-03,0.4249615083837362
Vollstaendig,Altenmellrich,Koeffizientenbetraege,PA-01--PA-04,BB-01--BB-05,0.5831852589255289
Vollstaendig,Altenmellrich,Koeffizientenbetraege,PA-01--PA-05,BB-03--BB-07,0.6541635192807561
Vollstaendig,Altenmellrich,Koeffizientenbetraege,PA-01--PA-06,BB-02--BB-06,0.6201320528984415
Vollstaendig,Altenmellrich,Koeffizientenbetraege,PA-01--PA-07,BB-03--BB-07,0.7783670333900329
Vollstaendig,Altenmellrich,Koeffizientenbetraege,PA-01--PA-08,BB-03--BB-07,0.6049526127253054
Vollstaendig,Altenmellrich,Koeffizientenbetraege,PA-01--PA-09,BB-03--BB-07,0.9922405386527092
Vollstaendig,Altenmellrich,Koeffizientenbetraege,PA-10--PA-11,LO-01--LO-03,0.6206549469510031
Vollstaendig,Altenmellrich,Koeffizientenbetraege,PA-10--PA-12,LO-01--LO-03,0.8255324967885193
Vollstaendig,Altenmellrich,Koeffizientenbetraege,PA-02--PA-10,BB-01--BB-07,0.911072874497844
Vollstaendig,Altenmellrich,Koeffizientenbetraege,PA-03--PA-10,BB-01--BB-06,0.4808375574723393
Vollstaendig,Altenmellrich,Koeffizientenbetraege,PA-04--PA-10,BB-01--BB-06,0.511218003191452
Vollstaendig,Altenmellrich,Koeffizientenbetraege,PA-05--PA-10,BB-02--BB-07,0.5488347833544159
Vollstaendig,Altenmellrich,Koeffizientenbetraege,PA-06--PA-10,BB-02--BB-07,0.5732644256322148
Vollstaendig,Altenmellrich,Koeffizientenbetraege,PA-07--PA-10,BB-01--BB-05,0.5560228435740345
Vollstaendig,Altenmellrich,Koeffizientenbetraege,PA-08--PA-10,BB-02--BB-07,0.4713883917783882
Vollstaendig,Altenmellrich,Koeffizientenbetraege,PA-09--PA-10,BC-02--BC-06,0.5903935094211551
Vollstaendig,Altenmellrich,Koeffizientenbetraege,PA-11--PA-12,BC-04--BC-05,0.3252666791592858
Vollstaendig,Altenmellrich,Koeffizientenbetraege,PA-02--PA-11,BB-01--BB-06,0.8224582726104722
Vollstaendig,Altenmellrich,Koeffizientenbetraege,PA-03--PA-11,BB-01--BB-06,0.8333741881631754
Vollstaendig,Altenmellrich,Koeffizientenbetraege,PA-04--PA-11,BB-03--BB-07,0.7968791900075753
Vollstaendig,Altenmellrich,Koeffizientenbetraege,PA-05--PA-11,RB-02--RB-04,0.5050846798587613
Vollstaendig,Altenmellrich,Koeffizientenbetraege,PA-06--PA-11,BC-02--BC-06,0.5561338777967523
Vollstaendig,Altenmellrich,Koeffizientenbetraege,PA-07--PA-11,BC-02--BC-06,0.4816095800991943
Vollstaendig,Altenmellrich,Koeffizientenbetraege,PA-08--PA-11,BC-02--BC-06,0.4642143502710315
Vollstaendig,Altenmellrich,Koeffizientenbetraege,PA-09--PA-11,AS-01--AS-05,0.4863529185421948
Vollstaendig,Altenmellrich,Koeffizientenbetraege,PA-02--PA-12,BB-01--BB-06,0.7939461997372469
Vollstaendig,Altenmellrich,Koeffizientenbetraege,PA-03--PA-12,BB-01--BB-06,1.0902911395257486
Vollstaendig,Altenmellrich,Koeffizientenbetraege,PA-04--PA-12,BB-03--BB-07,1.0163050933956208
Vollstaendig,Altenmellrich,Koeffizientenbetraege,PA-05--PA-12,BB-02--BB-05,0.7233419016880324
Vollstaendig,Altenmellrich,Koeffizientenbetraege,PA-06--PA-12,BC-02--BC-06,0.7817699590649245
Vollstaendig,Altenmellrich,Koeffizientenbetraege,PA-07--PA-12,BC-02--BC-06,0.6606842599237648
Vollstaendig,Altenmellrich,Koeffizientenbetraege,PA-08--PA-12,BC-02--BC-06,0.7495587187961804
Vollstaendig,Altenmellrich,Koeffizientenbetraege,PA-09--PA-12,LO-01--LO-03,0.7259650520213171
Vollstaendig,Altenmellrich,Koeffizientenbetraege,PA-02--PA-03,BB-02--BB-03,0.6854853520174989
Vollstaendig,Altenmellrich,Koeffizientenbetraege,PA-02--PA-04,BB-02--BB-03,0.7886656391932947
Vollstaendig,Altenmellrich,Koeffizientenbetraege,PA-02--PA-05,BB-01--BB-06,0.6706042909356454
Vollstaendig,Altenmellrich,Koeffizientenbetraege,PA-02--PA-06,BB-03--BB-07,0.7037444038745784
Vollstaendig,Altenmellrich,Koeffizientenbetraege,PA-02--PA-07,BB-03--BB-07,0.6194202616215769
Vollstaendig,Altenmellrich,Koeffizientenbetraege,PA-02--PA-08,BB-01--BB-06,0.8324324225597988
Vollstaendig,Altenmellrich,Koeffizientenbetraege,PA-02--PA-09,BB-01--BB-06,1.013830411997552
Vollstaendig,Altenmellrich,Koeffizientenbetraege,PA-03--PA-04,BB-02--BB-04,0.4588252508129046
Vollstaendig,Altenmellrich,Koeffizientenbetraege,PA-03--PA-05,BB-01--BB-05,0.4851105960015748
Vollstaendig,Altenmellrich,Koeffizientenbetraege,PA-03--PA-06,BB-02--BB-07,0.4751670694877712
Vollstaendig,Altenmellrich,Koeffizientenbetraege,PA-03--PA-07,BB-01--BB-05,0.4910185702478119
Vollstaendig,Altenmellrich,Koeffizientenbetraege,PA-03--PA-08,BB-01--BB-05,0.4174883452213459
Vollstaendig,Altenmellrich,Koeffizientenbetraege,PA-03--PA-09,BB-02--BB-07,0.6866494641093756
Vollstaendig,Altenmellrich,Koeffizientenbetraege,PA-04--PA-05,BB-02--BB-03,0.4820617581062286
Vollstaendig,Altenmellrich,Koeffizientenbetraege,PA-04--PA-06,BB-02--BB-05,0.549493255471028
Vollstaendig,Altenmellrich,Koeffizientenbetraege,PA-04--PA-07,BB-02--BB-03,0.505702095437933
Vollstaendig,Altenmellrich,Koeffizientenbetraege,PA-04--PA-08,BB-02--BB-03,0.5130091913199273
Vollstaendig,Altenmellrich,Koeffizientenbetraege,PA-04--PA-09,BB-01--BB-07,0.6800277539970014
Vollstaendig,Altenmellrich,Koeffizientenbetraege,PA-05--PA-06,BB-01--BB-03,0.5320331369866148
Vollstaendig,Altenmellrich,Koeffizientenbetraege,PA-05--PA-07,BC-04--BC-05,0.5740908366002891
Vollstaendig,Altenmellrich,Koeffizientenbetraege,PA-05--PA-08,BB-01--BB-03,0.5221165714336816
Vollstaendig,Altenmellrich,Koeffizientenbetraege,PA-05--PA-09,BC-02--BC-06,0.550272837560896
Vollstaendig,Altenmellrich,Koeffizientenbetraege,PA-06--PA-07,BB-01--BB-03,0.5078264110887377
Vollstaendig,Altenmellrich,Koeffizientenbetraege,PA-06--PA-08,BB-02--BB-04,0.590180372175404
Vollstaendig,Altenmellrich,Koeffizientenbetraege,PA-06--PA-09,BC-05--BC-06,0.5482619769324917
Vollstaendig,Altenmellrich,Koeffizientenbetraege,PA-07--PA-08,BB-01--BB-03,0.5304614239846868
Vollstaendig,Altenmellrich,Koeffizientenbetraege,PA-07--PA-09,RB-03--RB-04,0.4599245186014604
Vollstaendig,Altenmellrich,Koeffizientenbetraege,PA-08--PA-09,RB-03--RB-04,0.4816117630924916
Vollstaendig,Altenmellrich,Koeffizientenbetraege,RB-01--RB-02,AS-05--AS-06,0.062448107260163
Vollstaendig,Altenmellrich,Koeffizientenbetraege,RB-01--RB-03,BC-03--BC-04,0.1712476303483376
Vollstaendig,Altenmellrich,Koeffizientenbetraege,RB-01--RB-04,AS-02--AS-03,0.2381980760118659
Vollstaendig,Altenmellrich,Koeffizientenbetraege,RB-01--RB-05,AS-02--AS-03,0.140016257577831
Vollstaendig,Altenmellrich,Koeffizientenbetraege,RB-02--RB-03,AS-05--AS-06,0.0995241734153124
Vollstaendig,Altenmellrich,Koeffizientenbetraege,RB-02--RB-04,AS-02--AS-03,0.2255815239162489
Vollstaendig,Altenmellrich,Koeffizientenbetraege,RB-02--RB-05,AS-02--AS-03,0.1144542269966929
Vollstaendig,Altenmellrich,Koeffizientenbetraege,RB-03--RB-04,AS-02--AS-03,0.2019037176248744
Vollstaendig,Altenmellrich,Koeffizientenbetraege,RB-03--RB-05,AS-02--AS-03,0.1447515338797096
Vollstaendig,Altenmellrich,Koeffizientenbetraege,RB-04--RB-05,AS-05--AS-06,0.1071437861936313
Vollstaendig,Altenmellrich,Gleichgewichtung,AS-01--AS-02,LO-01--LO-02,0.139500185583126
Vollstaendig,Altenmellrich,Gleichgewichtung,AS-01--AS-03,RB-03--RB-05,0.1415698055088005
Vollstaendig,Altenmellrich,Gleichgewichtung,AS-01--AS-04,BC-04--BC-06,0.2964321294229729
Vollstaendig,Altenmellrich,Gleichgewichtung,AS-01--AS-05,BC-05--BC-06,0.3451014327953027
Vollstaendig,Altenmellrich,Gleichgewichtung,AS-01--AS-06,RB-03--RB-04,0.3480504602248823
Vollstaendig,Altenmellrich,Gleichgewichtung,AS-02--AS-03,RB-02--RB-05,0.0982403201762277
Vollstaendig,Altenmellrich,Gleichgewichtung,AS-02--AS-04,OF-02--OF-03,0.2581804937419781
Vollstaendig,Altenmellrich,Gleichgewichtung,AS-02--AS-05,BC-01--BC-05,0.2131037117464679
Vollstaendig,Altenmellrich,Gleichgewichtung,AS-02--AS-06,RB-02--RB-05,0.2680060019819241
Vollstaendig,Altenmellrich,Gleichgewichtung,AS-03--AS-04,BC-03--BC-04,0.1552498952301389
Vollstaendig,Altenmellrich,Gleichgewichtung,AS-03--AS-05,BC-04--BC-05,0.2138603345825832
Vollstaendig,Altenmellrich,Gleichgewichtung,AS-03--AS-06,BC-03--BC-04,0.1801605156636512
Vollstaendig,Altenmellrich,Gleichgewichtung,AS-04--AS-05,BC-03--BC-04,0.2318092458866867
Vollstaendig,Altenmellrich,Gleichgewichtung,AS-04--AS-06,OF-01--OF-02,0.1523712884207467
Vollstaendig,Altenmellrich,Gleichgewichtung,AS-05--AS-06,RB-01--RB-02,0.0635208325485027
Vollstaendig,Altenmellrich,Gleichgewichtung,BB-01--BB-02,PA-05--PA-06,0.5668646118854859
Vollstaendig,Altenmellrich,Gleichgewichtung,BB-01--BB-03,PA-06--PA-07,0.4009966067842149
Vollstaendig,Altenmellrich,Gleichgewichtung,BB-01--BB-04,PA-04--PA-06,0.4741641275308896
Vollstaendig,Altenmellrich,Gleichgewichtung,BB-01--BB-05,PA-03--PA-08,0.3498722922684674
Vollstaendig,Altenmellrich,Gleichgewichtung,BB-01--BB-06,PA-04--PA-10,0.416347089039653
Vollstaendig,Altenmellrich,Gleichgewichtung,BB-01--BB-07,PA-04--PA-10,0.4303284332937087
Vollstaendig,Altenmellrich,Gleichgewichtung,BB-02--BB-03,PA-04--PA-05,0.3701516021030607
Vollstaendig,Altenmellrich,Gleichgewichtung,BB-02--BB-04,PA-04--PA-05,0.3846346066649825
Vollstaendig,Altenmellrich,Gleichgewichtung,BB-02--BB-05,PA-04--PA-06,0.4610879401868656
Vollstaendig,Altenmellrich,Gleichgewichtung,BB-02--BB-06,PA-04--PA-10,0.5891533439008885
Vollstaendig,Altenmellrich,Gleichgewichtung,BB-02--BB-07,PA-08--PA-10,0.3381757258000182
Vollstaendig,Altenmellrich,Gleichgewichtung,BB-03--BB-04,PA-07--PA-08,0.6293403495058867
Vollstaendig,Altenmellrich,Gleichgewichtung,BB-03--BB-05,PA-04--PA-07,0.4974213011267441
Vollstaendig,Altenmellrich,Gleichgewichtung,BB-03--BB-06,PA-04--PA-06,0.5668881696701521
Vollstaendig,Altenmellrich,Gleichgewichtung,BB-03--BB-07,PA-04--PA-08,0.5048667984923783
Vollstaendig,Altenmellrich,Gleichgewichtung,BB-04--BB-05,PA-05--PA-06,0.5747731341872868
Vollstaendig,Altenmellrich,Gleichgewichtung,BB-04--BB-06,PA-04--PA-06,0.6720138543275566
Vollstaendig,Altenmellrich,Gleichgewichtung,BB-04--BB-07,PA-04--PA-08,0.3954369668967932
Vollstaendig,Altenmellrich,Gleichgewichtung,BB-05--BB-06,PA-03--PA-10,0.7121542529584974
Vollstaendig,Altenmellrich,Gleichgewichtung,BB-05--BB-07,PA-04--PA-05,0.4218088209436443
Vollstaendig,Altenmellrich,Gleichgewichtung,BB-06--BB-07,PA-04--PA-08,0.7812935859365864
Vollstaendig,Altenmellrich,Gleichgewichtung,BC-01--BC-02,AS-03--AS-05,0.262837323899388
Vollstaendig,Altenmellrich,Gleichgewichtung,BC-01--BC-03,AS-02--AS-05,0.364733252318961
Vollstaendig,Altenmellrich,Gleichgewichtung,BC-01--BC-04,OF-03--OF-04,0.4213220491045935
Vollstaendig,Altenmellrich,Gleichgewichtung,BC-01--BC-05,AS-02--AS-05,0.2131037117464679
Vollstaendig,Altenmellrich,Gleichgewichtung,BC-01--BC-06,OF-03--OF-04,0.3296569489413684
Vollstaendig,Altenmellrich,Gleichgewichtung,BC-02--BC-03,AS-02--AS-05,0.4959432716528685
Vollstaendig,Altenmellrich,Gleichgewichtung,BC-02--BC-04,OF-03--OF-04,0.4605576774044398
Vollstaendig,Altenmellrich,Gleichgewichtung,BC-02--BC-05,AS-02--AS-05,0.219495566305554
Vollstaendig,Altenmellrich,Gleichgewichtung,BC-02--BC-06,PA-07--PA-11,0.3585667047870218
Vollstaendig,Altenmellrich,Gleichgewichtung,BC-03--BC-04,AS-03--AS-04,0.1552498952301389
Vollstaendig,Altenmellrich,Gleichgewichtung,BC-03--BC-05,AS-03--AS-05,0.2712777143829924
Vollstaendig,Altenmellrich,Gleichgewichtung,BC-03--BC-06,AS-01--AS-03,0.2464034033151449
Vollstaendig,Altenmellrich,Gleichgewichtung,BC-04--BC-05,AS-03--AS-05,0.2138603345825832
Vollstaendig,Altenmellrich,Gleichgewichtung,BC-04--BC-06,AS-01--AS-03,0.2800179426064482
Vollstaendig,Altenmellrich,Gleichgewichtung,BC-05--BC-06,AS-03--AS-05,0.3221312351599842
Vollstaendig,Altenmellrich,Gleichgewichtung,LO-01--LO-02,AS-01--AS-02,0.139500185583126
Vollstaendig,Altenmellrich,Gleichgewichtung,LO-01--LO-03,PA-09--PA-11,0.4070044900872011
Vollstaendig,Altenmellrich,Gleichgewichtung,LO-02--LO-03,AS-01--AS-02,0.2196977586878044
Vollstaendig,Altenmellrich,Gleichgewichtung,OF-01--OF-02,AS-05--AS-06,0.1509191257830928
Vollstaendig,Altenmellrich,Gleichgewichtung,OF-01--OF-03,AS-02--AS-06,0.3403650111554231
Vollstaendig,Altenmellrich,Gleichgewichtung,OF-01--OF-04,BC-01--BC-03,0.566989880577039
Vollstaendig,Altenmellrich,Gleichgewichtung,OF-02--OF-03,AS-02--AS-04,0.2581804937419781
Vollstaendig,Altenmellrich,Gleichgewichtung,OF-02--OF-04,BC-01--BC-03,0.3844197485635434
Vollstaendig,Altenmellrich,Gleichgewichtung,OF-03--OF-04,BC-01--BC-06,0.3296569489413684
Vollstaendig,Altenmellrich,Gleichgewichtung,PA-01--PA-10,BB-02--BB-06,0.7260780434417388
Vollstaendig,Altenmellrich,Gleichgewichtung,PA-01--PA-11,BB-01--BB-07,1.1740993110104034
Vollstaendig,Altenmellrich,Gleichgewichtung,PA-01--PA-12,BB-01--BB-07,1.3940451923693855
Vollstaendig,Altenmellrich,Gleichgewichtung,PA-01--PA-02,BB-04--BB-07,0.9120905736939248
Vollstaendig,Altenmellrich,Gleichgewichtung,PA-01--PA-03,BB-01--BB-07,0.4654436828630406
Vollstaendig,Altenmellrich,Gleichgewichtung,PA-01--PA-04,BB-01--BB-05,0.5372032780272951
Vollstaendig,Altenmellrich,Gleichgewichtung,PA-01--PA-05,BB-01--BB-07,0.6639806490875918
Vollstaendig,Altenmellrich,Gleichgewichtung,PA-01--PA-06,BB-01--BB-06,0.5131346726137643
Vollstaendig,Altenmellrich,Gleichgewichtung,PA-01--PA-07,BB-01--BB-07,0.7613379590757834
Vollstaendig,Altenmellrich,Gleichgewichtung,PA-01--PA-08,BB-01--BB-07,0.5928028472111763
Vollstaendig,Altenmellrich,Gleichgewichtung,PA-01--PA-09,BB-01--BB-07,1.0489452273183837
Vollstaendig,Altenmellrich,Gleichgewichtung,PA-10--PA-11,LO-01--LO-03,0.6944957351983964
Vollstaendig,Altenmellrich,Gleichgewichtung,PA-10--PA-12,LO-01--LO-03,0.925630735355506
Vollstaendig,Altenmellrich,Gleichgewichtung,PA-02--PA-10,BB-01--BB-07,0.9974165678154108
Vollstaendig,Altenmellrich,Gleichgewichtung,PA-03--PA-10,BB-01--BB-06,0.4184254329718144
Vollstaendig,Altenmellrich,Gleichgewichtung,PA-04--PA-10,BB-01--BB-06,0.416347089039653
Vollstaendig,Altenmellrich,Gleichgewichtung,PA-05--PA-10,BB-02--BB-07,0.535448667341088
Vollstaendig,Altenmellrich,Gleichgewichtung,PA-06--PA-10,BB-02--BB-07,0.5746678830536304
Vollstaendig,Altenmellrich,Gleichgewichtung,PA-07--PA-10,LO-01--LO-03,0.5453231801019642
Vollstaendig,Altenmellrich,Gleichgewichtung,PA-08--PA-10,BB-02--BB-07,0.3381757258000182
Vollstaendig,Altenmellrich,Gleichgewichtung,PA-09--PA-10,BC-02--BC-06,0.5337539253517871
Vollstaendig,Altenmellrich,Gleichgewichtung,PA-11--PA-12,BC-04--BC-05,0.2921295075549711
Vollstaendig,Altenmellrich,Gleichgewichtung,PA-02--PA-11,BB-01--BB-06,0.8530029921777026
Vollstaendig,Altenmellrich,Gleichgewichtung,PA-03--PA-11,BC-01--BC-06,0.9148457909524756
Vollstaendig,Altenmellrich,Gleichgewichtung,PA-04--PA-11,BB-01--BB-07,0.794366262457564
Vollstaendig,Altenmellrich,Gleichgewichtung,PA-05--PA-11,BC-02--BC-06,0.4645388719870592
Vollstaendig,Altenmellrich,Gleichgewichtung,PA-06--PA-11,BB-04--BB-07,0.6224965712912167
Vollstaendig,Altenmellrich,Gleichgewichtung,PA-07--PA-11,BC-02--BC-06,0.3585667047870218
Vollstaendig,Altenmellrich,Gleichgewichtung,PA-08--PA-11,BC-02--BC-06,0.3627174381389486
Vollstaendig,Altenmellrich,Gleichgewichtung,PA-09--PA-11,LO-01--LO-03,0.4070044900872011
Vollstaendig,Altenmellrich,Gleichgewichtung,PA-02--PA-12,BB-01--BB-06,0.8656760402539735
Vollstaendig,Altenmellrich,Gleichgewichtung,PA-03--PA-12,LO-01--LO-03,1.2207335694112198
Vollstaendig,Altenmellrich,Gleichgewichtung,PA-04--PA-12,BB-01--BB-07,1.1331104291944083
Vollstaendig,Altenmellrich,Gleichgewichtung,PA-05--PA-12,BC-02--BC-06,0.6106295215806301
Vollstaendig,Altenmellrich,Gleichgewichtung,PA-06--PA-12,BB-02--BB-03,0.8369993139688666
Vollstaendig,Altenmellrich,Gleichgewichtung,PA-07--PA-12,BC-02--BC-06,0.5011659078144701
Vollstaendig,Altenmellrich,Gleichgewichtung,PA-08--PA-12,BC-02--BC-06,0.6946487568360306
Vollstaendig,Altenmellrich,Gleichgewichtung,PA-09--PA-12,LO-01--LO-03,0.596332774487741
Vollstaendig,Altenmellrich,Gleichgewichtung,PA-02--PA-03,BB-02--BB-05,0.7921444244890556
Vollstaendig,Altenmellrich,Gleichgewichtung,PA-02--PA-04,BB-04--BB-07,0.9741618141331222
Vollstaendig,Altenmellrich,Gleichgewichtung,PA-02--PA-05,BB-02--BB-06,0.7118027779764897
Vollstaendig,Altenmellrich,Gleichgewichtung,PA-02--PA-06,BB-03--BB-07,0.7920595691576964
Vollstaendig,Altenmellrich,Gleichgewichtung,PA-02--PA-07,BB-05--BB-07,0.6561967323520052
Vollstaendig,Altenmellrich,Gleichgewichtung,PA-02--PA-08,BB-05--BB-07,0.8805331727958621
Vollstaendig,Altenmellrich,Gleichgewichtung,PA-02--PA-09,BB-01--BB-06,1.0594703326339523
Vollstaendig,Altenmellrich,Gleichgewichtung,PA-03--PA-04,BB-02--BB-03,0.3940417766605817
Vollstaendig,Altenmellrich,Gleichgewichtung,PA-03--PA-05,BB-01--BB-05,0.5020666648456522
Vollstaendig,Altenmellrich,Gleichgewichtung,PA-03--PA-06,BB-02--BB-07,0.508781548168176
Vollstaendig,Altenmellrich,Gleichgewichtung,PA-03--PA-07,BB-01--BB-05,0.5227163984707764
Vollstaendig,Altenmellrich,Gleichgewichtung,PA-03--PA-08,BB-01--BB-05,0.3498722922684674
Vollstaendig,Altenmellrich,Gleichgewichtung,PA-03--PA-09,BC-01--BC-04,0.6046310930116229
Vollstaendig,Altenmellrich,Gleichgewichtung,PA-04--PA-05,BB-02--BB-03,0.3701516021030607
Vollstaendig,Altenmellrich,Gleichgewichtung,PA-04--PA-06,BB-01--BB-06,0.4384549263216536
Vollstaendig,Altenmellrich,Gleichgewichtung,PA-04--PA-07,BB-02--BB-03,0.4115093370456042
Vollstaendig,Altenmellrich,Gleichgewichtung,PA-04--PA-08,BB-04--BB-07,0.3954369668967932
Vollstaendig,Altenmellrich,Gleichgewichtung,PA-04--PA-09,BB-01--BB-07,0.5808783877710555
Vollstaendig,Altenmellrich,Gleichgewichtung,PA-05--PA-06,BB-02--BB-04,0.4091667363471759
Vollstaendig,Altenmellrich,Gleichgewichtung,PA-05--PA-07,BC-04--BC-05,0.4323624040166213
Vollstaendig,Altenmellrich,Gleichgewichtung,PA-05--PA-08,BB-01--BB-05,0.4012669267342202
Vollstaendig,Altenmellrich,Gleichgewichtung,PA-05--PA-09,BC-02--BC-06,0.4763191379876313
Vollstaendig,Altenmellrich,Gleichgewichtung,PA-06--PA-07,BB-01--BB-03,0.4009966067842149
Vollstaendig,Altenmellrich,Gleichgewichtung,PA-06--PA-08,BB-02--BB-04,0.4921218085502331
Vollstaendig,Altenmellrich,Gleichgewichtung,PA-06--PA-09,BC-02--BC-06,0.5164152837598134
Vollstaendig,Altenmellrich,Gleichgewichtung,PA-07--PA-08,BB-01--BB-03,0.4061739649560841
Vollstaendig,Altenmellrich,Gleichgewichtung,PA-07--PA-09,RB-01--RB-04,0.4003186015342414
Vollstaendig,Altenmellrich,Gleichgewichtung,PA-08--PA-09,RB-03--RB-04,0.428536999767641
Vollstaendig,Altenmellrich,Gleichgewichtung,RB-01--RB-02,AS-05--AS-06,0.0635208325485027
Vollstaendig,Altenmellrich,Gleichgewichtung,RB-01--RB-03,BC-03--BC-04,0.1614241665412181
Vollstaendig,Altenmellrich,Gleichgewichtung,RB-01--RB-04,AS-02--AS-03,0.2618925430533123
Vollstaendig,Altenmellrich,Gleichgewichtung,RB-01--RB-05,AS-02--AS-03,0.182504014073767
Vollstaendig,Altenmellrich,Gleichgewichtung,RB-02--RB-03,AS-05--AS-06,0.1293307107135416
Vollstaendig,Altenmellrich,Gleichgewichtung,RB-02--RB-04,AS-02--AS-03,0.2126175966747376
Vollstaendig,Altenmellrich,Gleichgewichtung,RB-02--RB-05,AS-02--AS-03,0.0982403201762277
Vollstaendig,Altenmellrich,Gleichgewichtung,RB-03--RB-04,AS-01--AS-03,0.1870182522227287
Vollstaendig,Altenmellrich,Gleichgewichtung,RB-03--RB-05,AS-01--AS-03,0.1415698055088005
Vollstaendig,Altenmellrich,Gleichgewichtung,RB-04--RB-05,AS-05--AS-06,0.0879475803138406
Vollstaendig,Bad Berleburg,Koeffizientenbetraege,AS-01--AS-02,LO-01--LO-02,0.1429790845546628
Vollstaendig,Bad Berleburg,Koeffizientenbetraege,AS-01--AS-03,RB-03--RB-05,0.1867770447258101
Vollstaendig,Bad Berleburg,Koeffizientenbetraege,AS-01--AS-04,BC-04--BC-06,0.2081284661250571
Vollstaendig,Bad Berleburg,Koeffizientenbetraege,AS-01--AS-05,BC-04--BC-06,0.2491034698217924
Vollstaendig,Bad Berleburg,Koeffizientenbetraege,AS-01--AS-06,BC-04--BC-06,0.2601002744269683
Vollstaendig,Bad Berleburg,Koeffizientenbetraege,AS-02--AS-03,RB-02--RB-05,0.1197309699294133
Vollstaendig,Bad Berleburg,Koeffizientenbetraege,AS-02--AS-04,RB-01--RB-05,0.2293695405630527
Vollstaendig,Bad Berleburg,Koeffizientenbetraege,AS-02--AS-05,BC-01--BC-05,0.1784530354985024
Vollstaendig,Bad Berleburg,Koeffizientenbetraege,AS-02--AS-06,RB-02--RB-05,0.2180664680814277
Vollstaendig,Bad Berleburg,Koeffizientenbetraege,AS-03--AS-04,BC-03--BC-04,0.1453760807029957
Vollstaendig,Bad Berleburg,Koeffizientenbetraege,AS-03--AS-05,BC-04--BC-06,0.1884026542652386
Vollstaendig,Bad Berleburg,Koeffizientenbetraege,AS-03--AS-06,BC-03--BC-04,0.159278668972136
Vollstaendig,Bad Berleburg,Koeffizientenbetraege,AS-04--AS-05,BC-03--BC-04,0.1905651184583023
Vollstaendig,Bad Berleburg,Koeffizientenbetraege,AS-04--AS-06,OF-01--OF-02,0.1235784952041285
Vollstaendig,Bad Berleburg,Koeffizientenbetraege,AS-05--AS-06,RB-01--RB-02,0.0687945182052477
Vollstaendig,Bad Berleburg,Koeffizientenbetraege,AM-01--AM-02,PA-07--PA-09,0.2326104282885106
Vollstaendig,Bad Berleburg,Koeffizientenbetraege,AM-01--AM-03,PA-05--PA-11,0.3139284869199405
Vollstaendig,Bad Berleburg,Koeffizientenbetraege,AM-01--AM-04,PA-04--PA-09,0.2698246011622397
Vollstaendig,Bad Berleburg,Koeffizientenbetraege,AM-02--AM-03,PA-05--PA-08,0.2124887019206034
Vollstaendig,Bad Berleburg,Koeffizientenbetraege,AM-02--AM-04,PA-05--PA-11,0.1699191822087461
Vollstaendig,Bad Berleburg,Koeffizientenbetraege,AM-03--AM-04,PA-06--PA-07,0.3565754631825246
Vollstaendig,Bad Berleburg,Koeffizientenbetraege,BC-01--BC-02,AS-03--AS-05,0.2456022951538678
Vollstaendig,Bad Berleburg,Koeffizientenbetraege,BC-01--BC-03,AS-02--AS-05,0.2332102462878955
Vollstaendig,Bad Berleburg,Koeffizientenbetraege,BC-01--BC-04,OF-03--OF-04,0.3216928375834774
Vollstaendig,Bad Berleburg,Koeffizientenbetraege,BC-01--BC-05,AS-02--AS-05,0.1784530354985024
Vollstaendig,Bad Berleburg,Koeffizientenbetraege,BC-01--BC-06,OF-03--OF-04,0.2477843895164964
Vollstaendig,Bad Berleburg,Koeffizientenbetraege,BC-02--BC-03,AS-02--AS-05,0.3508829531344903
Vollstaendig,Bad Berleburg,Koeffizientenbetraege,BC-02--BC-04,OF-03--OF-04,0.3452093658832807
Vollstaendig,Bad Berleburg,Koeffizientenbetraege,BC-02--BC-05,AS-02--AS-05,0.2147884325494106
Vollstaendig,Bad Berleburg,Koeffizientenbetraege,BC-02--BC-06,AS-02--AS-05,0.4125992438544489
Vollstaendig,Bad Berleburg,Koeffizientenbetraege,BC-03--BC-04,AS-03--AS-04,0.1453760807029957
Vollstaendig,Bad Berleburg,Koeffizientenbetraege,BC-03--BC-05,AS-02--AS-05,0.2436168311442082
Vollstaendig,Bad Berleburg,Koeffizientenbetraege,BC-03--BC-06,AS-03--AS-05,0.2130568151817867
Vollstaendig,Bad Berleburg,Koeffizientenbetraege,BC-04--BC-05,AS-02--AS-05,0.2124381032831495
Vollstaendig,Bad Berleburg,Koeffizientenbetraege,BC-04--BC-06,AS-03--AS-05,0.1884026542652386
Vollstaendig,Bad Berleburg,Koeffizientenbetraege,BC-05--BC-06,AS-01--AS-05,0.2556182162337679
Vollstaendig,Bad Berleburg,Koeffizientenbetraege,LO-01--LO-02,AS-01--AS-02,0.1429790845546628
Vollstaendig,Bad Berleburg,Koeffizientenbetraege,LO-01--LO-03,BC-01--BC-06,0.4154813487350572
Vollstaendig,Bad Berleburg,Koeffizientenbetraege,LO-02--LO-03,AS-01--AS-02,0.1742992736414985
Vollstaendig,Bad Berleburg,Koeffizientenbetraege,OF-01--OF-02,RB-01--RB-02,0.1192627579908175
Vollstaendig,Bad Berleburg,Koeffizientenbetraege,OF-01--OF-03,BC-03--BC-06,0.2420066169303355
Vollstaendig,Bad Berleburg,Koeffizientenbetraege,OF-01--OF-04,AS-02--AS-06,0.3225068951352452
Vollstaendig,Bad Berleburg,Koeffizientenbetraege,OF-02--OF-03,AS-02--AS-04,0.2738525905883594
Vollstaendig,Bad Berleburg,Koeffizientenbetraege,OF-02--OF-04,BC-01--BC-03,0.2416614112702406
Vollstaendig,Bad Berleburg,Koeffizientenbetraege,OF-03--OF-04,BC-01--BC-06,0.2477843895164964
Vollstaendig,Bad Berleburg,Koeffizientenbetraege,PA-01--PA-10,AM-01--AM-04,0.772978461926095
Vollstaendig,Bad Berleburg,Koeffizientenbetraege,PA-01--PA-11,AM-01--AM-04,0.9224678764945512
Vollstaendig,Bad Berleburg,Koeffizientenbetraege,PA-01--PA-12,AM-01--AM-04,0.9959537527562156
Vollstaendig,Bad Berleburg,Koeffizientenbetraege,PA-01--PA-02,AM-01--AM-04,0.8356161705001799
Vollstaendig,Bad Berleburg,Koeffizientenbetraege,PA-01--PA-03,AM-01--AM-04,0.4414747611443722
Vollstaendig,Bad Berleburg,Koeffizientenbetraege,PA-01--PA-04,AM-02--AM-03,0.4325809619943814
Vollstaendig,Bad Berleburg,Koeffizientenbetraege,PA-01--PA-05,AM-01--AM-04,0.3774468114781288
Vollstaendig,Bad Berleburg,Koeffizientenbetraege,PA-01--PA-06,AM-01--AM-04,0.7054163611510738
Vollstaendig,Bad Berleburg,Koeffizientenbetraege,PA-01--PA-07,AM-01--AM-04,0.4507691904342391
Vollstaendig,Bad Berleburg,Koeffizientenbetraege,PA-01--PA-08,AM-01--AM-04,0.5176499211657809
Vollstaendig,Bad Berleburg,Koeffizientenbetraege,PA-01--PA-09,AM-01--AM-04,0.7568860654355234
Vollstaendig,Bad Berleburg,Koeffizientenbetraege,PA-10--PA-11,AM-03--AM-04,0.572097987916533
Vollstaendig,Bad Berleburg,Koeffizientenbetraege,PA-10--PA-12,AM-03--AM-04,0.7350023460941899
Vollstaendig,Bad Berleburg,Koeffizientenbetraege,PA-02--PA-10,AM-01--AM-04,0.7225070177005005
Vollstaendig,Bad Berleburg,Koeffizientenbetraege,PA-03--PA-10,AM-02--AM-04,0.4703704908924652
Vollstaendig,Bad Berleburg,Koeffizientenbetraege,PA-04--PA-10,AM-01--AM-04,0.4002178919729212
Vollstaendig,Bad Berleburg,Koeffizientenbetraege,PA-05--PA-10,AM-02--AM-04,0.5425861447765739
Vollstaendig,Bad Berleburg,Koeffizientenbetraege,PA-06--PA-10,AM-01--AM-03,0.5856020118108439
Vollstaendig,Bad Berleburg,Koeffizientenbetraege,PA-07--PA-10,AM-02--AM-03,0.465069317987435
Vollstaendig,Bad Berleburg,Koeffizientenbetraege,PA-08--PA-10,AM-01--AM-03,0.3445014264913273
Vollstaendig,Bad Berleburg,Koeffizientenbetraege,PA-09--PA-10,AM-03--AM-04,0.4591800712253667
Vollstaendig,Bad Berleburg,Koeffizientenbetraege,PA-11--PA-12,BC-04--BC-05,0.3915474535031254
Vollstaendig,Bad Berleburg,Koeffizientenbetraege,PA-02--PA-11,AM-01--AM-04,0.8399768473332023
Vollstaendig,Bad Berleburg,Koeffizientenbetraege,PA-03--PA-11,AM-01--AM-04,0.7155016468241698
Vollstaendig,Bad Berleburg,Koeffizientenbetraege,PA-04--PA-11,AM-01--AM-04,0.4860822067493756
Vollstaendig,Bad Berleburg,Koeffizientenbetraege,PA-05--PA-11,AM-02--AM-04,0.1699191822087461
Vollstaendig,Bad Berleburg,Koeffizientenbetraege,PA-06--PA-11,AM-03--AM-04,0.5819655727199647
Vollstaendig,Bad Berleburg,Koeffizientenbetraege,PA-07--PA-11,AM-02--AM-04,0.2927891623690382
Vollstaendig,Bad Berleburg,Koeffizientenbetraege,PA-08--PA-11,AM-02--AM-03,0.3143771960632552
Vollstaendig,Bad Berleburg,Koeffizientenbetraege,PA-09--PA-11,AM-02--AM-03,0.3193883207135915
Vollstaendig,Bad Berleburg,Koeffizientenbetraege,PA-02--PA-12,AM-01--AM-04,0.8326457225764379
Vollstaendig,Bad Berleburg,Koeffizientenbetraege,PA-03--PA-12,AM-01--AM-04,0.9116846498332302
Vollstaendig,Bad Berleburg,Koeffizientenbetraege,PA-04--PA-12,AM-01--AM-04,0.6661010778873597
Vollstaendig,Bad Berleburg,Koeffizientenbetraege,PA-05--PA-12,AM-01--AM-04,0.4431473906364304
Vollstaendig,Bad Berleburg,Koeffizientenbetraege,PA-06--PA-12,AM-01--AM-04,0.5596559318732476
Vollstaendig,Bad Berleburg,Koeffizientenbetraege,PA-07--PA-12,AM-01--AM-04,0.3534705464491552
Vollstaendig,Bad Berleburg,Koeffizientenbetraege,PA-08--PA-12,AM-03--AM-04,0.3949546781761003
Vollstaendig,Bad Berleburg,Koeffizientenbetraege,PA-09--PA-12,AM-03--AM-04,0.5291279080739747
Vollstaendig,Bad Berleburg,Koeffizientenbetraege,PA-02--PA-03,AM-01--AM-04,0.7589631573133241
Vollstaendig,Bad Berleburg,Koeffizientenbetraege,PA-02--PA-04,AM-01--AM-04,0.8032288181309969
Vollstaendig,Bad Berleburg,Koeffizientenbetraege,PA-02--PA-05,AM-01--AM-04,0.6869711089070287
Vollstaendig,Bad Berleburg,Koeffizientenbetraege,PA-02--PA-06,AM-01--AM-04,0.7296651098835953
Vollstaendig,Bad Berleburg,Koeffizientenbetraege,PA-02--PA-07,AM-01--AM-04,0.5629992866970582
Vollstaendig,Bad Berleburg,Koeffizientenbetraege,PA-02--PA-08,AM-01--AM-04,0.686994336793628
Vollstaendig,Bad Berleburg,Koeffizientenbetraege,PA-02--PA-09,AM-01--AM-04,0.7560507063969595
Vollstaendig,Bad Berleburg,Koeffizientenbetraege,PA-03--PA-04,AM-03--AM-04,0.4323501795145462
Vollstaendig,Bad Berleburg,Koeffizientenbetraege,PA-03--PA-05,AM-02--AM-03,0.3945533095410839
Vollstaendig,Bad Berleburg,Koeffizientenbetraege,PA-03--PA-06,AM-02--AM-04,0.5310983652498502
Vollstaendig,Bad Berleburg,Koeffizientenbetraege,PA-03--PA-07,AM-02--AM-03,0.4409573047984045
Vollstaendig,Bad Berleburg,Koeffizientenbetraege,PA-03--PA-08,AM-01--AM-03,0.4181266306424936
Vollstaendig,Bad Berleburg,Koeffizientenbetraege,PA-03--PA-09,AM-01--AM-03,0.5239053852392598
Vollstaendig,Bad Berleburg,Koeffizientenbetraege,PA-04--PA-05,AM-02--AM-04,0.3531668854599697
Vollstaendig,Bad Berleburg,Koeffizientenbetraege,PA-04--PA-06,AM-02--AM-04,0.3691442288903894
Vollstaendig,Bad Berleburg,Koeffizientenbetraege,PA-04--PA-07,AM-01--AM-04,0.3445495782675661
Vollstaendig,Bad Berleburg,Koeffizientenbetraege,PA-04--PA-08,AM-01--AM-04,0.3117912498963748
Vollstaendig,Bad Berleburg,Koeffizientenbetraege,PA-04--PA-09,AM-01--AM-04,0.2698246011622397
Vollstaendig,Bad Berleburg,Koeffizientenbetraege,PA-05--PA-06,AM-01--AM-02,0.3823623789507483
Vollstaendig,Bad Berleburg,Koeffizientenbetraege,PA-05--PA-07,AM-02--AM-03,0.3336251765253067
Vollstaendig,Bad Berleburg,Koeffizientenbetraege,PA-05--PA-08,AM-02--AM-03,0.2124887019206034
Vollstaendig,Bad Berleburg,Koeffizientenbetraege,PA-05--PA-09,AM-02--AM-03,0.2593688462401896
Vollstaendig,Bad Berleburg,Koeffizientenbetraege,PA-06--PA-07,AM-03--AM-04,0.3565754631825246
Vollstaendig,Bad Berleburg,Koeffizientenbetraege,PA-06--PA-08,AM-02--AM-04,0.5091887594027321
Vollstaendig,Bad Berleburg,Koeffizientenbetraege,PA-06--PA-09,AM-03--AM-04,0.4826201546401136
Vollstaendig,Bad Berleburg,Koeffizientenbetraege,PA-07--PA-08,AM-02--AM-03,0.3299012154265666
Vollstaendig,Bad Berleburg,Koeffizientenbetraege,PA-07--PA-09,AM-01--AM-02,0.2326104282885106
Vollstaendig,Bad Berleburg,Koeffizientenbetraege,PA-08--PA-09,AM-02--AM-03,0.2705606738408005
Vollstaendig,Bad Berleburg,Koeffizientenbetraege,RB-01--RB-02,AS-05--AS-06,0.0687945182052477
Vollstaendig,Bad Berleburg,Koeffizientenbetraege,RB-01--RB-03,BC-03--BC-04,0.1825434164741095
Vollstaendig,Bad Berleburg,Koeffizientenbetraege,RB-01--RB-04,AS-02--AS-03,0.2692400493865508
Vollstaendig,Bad Berleburg,Koeffizientenbetraege,RB-01--RB-05,AS-02--AS-03,0.1728943906384546
Vollstaendig,Bad Berleburg,Koeffizientenbetraege,RB-02--RB-03,AS-05--AS-06,0.1247784211746002
Vollstaendig,Bad Berleburg,Koeffizientenbetraege,RB-02--RB-04,AS-02--AS-03,0.2374172203009717
Vollstaendig,Bad Berleburg,Koeffizientenbetraege,RB-02--RB-05,AS-02--AS-03,0.1197309699294133
Vollstaendig,Bad Berleburg,Koeffizientenbetraege,RB-03--RB-04,AS-02--AS-03,0.1611085986318108
Vollstaendig,Bad Berleburg,Koeffizientenbetraege,RB-03--RB-05,AS-02--AS-03,0.1440773415224896
Vollstaendig,Bad Berleburg,Koeffizientenbetraege,RB-04--RB-05,AS-05--AS-06,0.1086576594210404
Vollstaendig,Bad Berleburg,Gleichgewichtung,AS-01--AS-02,LO-01--LO-02,0.137320997198923
Vollstaendig,Bad Berleburg,Gleichgewichtung,AS-01--AS-03,RB-03--RB-05,0.1540053366250737
Vollstaendig,Bad Berleburg,Gleichgewichtung,AS-01--AS-04,BC-04--BC-06,0.2686667202088479
Vollstaendig,Bad Berleburg,Gleichgewichtung,AS-01--AS-05,BC-05--BC-06,0.3157832527975283
Vollstaendig,Bad Berleburg,Gleichgewichtung,AS-01--AS-06,RB-03--RB-04,0.3314806932696443
Vollstaendig,Bad Berleburg,Gleichgewichtung,AS-02--AS-03,RB-02--RB-05,0.1025989507784686
Vollstaendig,Bad Berleburg,Gleichgewichtung,AS-02--AS-04,RB-01--RB-05,0.2508894182030473
Vollstaendig,Bad Berleburg,Gleichgewichtung,AS-02--AS-05,BC-01--BC-05,0.2051128892215546
Vollstaendig,Bad Berleburg,Gleichgewichtung,AS-02--AS-06,RB-02--RB-05,0.244307267236419
Vollstaendig,Bad Berleburg,Gleichgewichtung,AS-03--AS-04,BC-03--BC-04,0.1510050357348593
Vollstaendig,Bad Berleburg,Gleichgewichtung,AS-03--AS-05,BC-04--BC-05,0.2089035388347735
Vollstaendig,Bad Berleburg,Gleichgewichtung,AS-03--AS-06,BC-03--BC-04,0.1697854278878464
Vollstaendig,Bad Berleburg,Gleichgewichtung,AS-04--AS-05,BC-03--BC-04,0.2183700212598835
Vollstaendig,Bad Berleburg,Gleichgewichtung,AS-04--AS-06,OF-01--OF-02,0.1446718202326912
Vollstaendig,Bad Berleburg,Gleichgewichtung,AS-05--AS-06,RB-01--RB-02,0.066347228478542
Vollstaendig,Bad Berleburg,Gleichgewichtung,AM-01--AM-02,PA-07--PA-08,0.3738218641329946
Vollstaendig,Bad Berleburg,Gleichgewichtung,AM-01--AM-03,PA-04--PA-06,0.3686454010641056
Vollstaendig,Bad Berleburg,Gleichgewichtung,AM-01--AM-04,PA-04--PA-07,0.2812183218655802
Vollstaendig,Bad Berleburg,Gleichgewichtung,AM-02--AM-03,PA-05--PA-08,0.2749533929256333
Vollstaendig,Bad Berleburg,Gleichgewichtung,AM-02--AM-04,PA-05--PA-11,0.2476583593045211
Vollstaendig,Bad Berleburg,Gleichgewichtung,AM-03--AM-04,PA-03--PA-04,0.4339255988784627
Vollstaendig,Bad Berleburg,Gleichgewichtung,BC-01--BC-02,AS-03--AS-05,0.2553009206490654
Vollstaendig,Bad Berleburg,Gleichgewichtung,BC-01--BC-03,AS-02--AS-05,0.3467858239618439
Vollstaendig,Bad Berleburg,Gleichgewichtung,BC-01--BC-04,OF-03--OF-04,0.3931748532751021
Vollstaendig,Bad Berleburg,Gleichgewichtung,BC-01--BC-05,AS-02--AS-05,0.2051128892215546
Vollstaendig,Bad Berleburg,Gleichgewichtung,BC-01--BC-06,OF-03--OF-04,0.2988075214978675
Vollstaendig,Bad Berleburg,Gleichgewichtung,BC-02--BC-03,AS-02--AS-05,0.4718379837732305
Vollstaendig,Bad Berleburg,Gleichgewichtung,BC-02--BC-04,OF-03--OF-04,0.4391537158013665
Vollstaendig,Bad Berleburg,Gleichgewichtung,BC-02--BC-05,AS-02--AS-05,0.2183470757300873
Vollstaendig,Bad Berleburg,Gleichgewichtung,BC-02--BC-06,AS-02--AS-05,0.4967690677678926
Vollstaendig,Bad Berleburg,Gleichgewichtung,BC-03--BC-04,AS-03--AS-04,0.1510050357348593
Vollstaendig,Bad Berleburg,Gleichgewichtung,BC-03--BC-05,AS-03--AS-05,0.26424202597893
Vollstaendig,Bad Berleburg,Gleichgewichtung,BC-03--BC-06,AS-01--AS-03,0.2387680284848025
Vollstaendig,Bad Berleburg,Gleichgewichtung,BC-04--BC-05,AS-03--AS-05,0.2089035388347735
Vollstaendig,Bad Berleburg,Gleichgewichtung,BC-04--BC-06,AS-02--AS-05,0.2683685229618768
Vollstaendig,Bad Berleburg,Gleichgewichtung,BC-05--BC-06,AS-03--AS-05,0.3116984494774868
Vollstaendig,Bad Berleburg,Gleichgewichtung,LO-01--LO-02,AS-01--AS-02,0.137320997198923
Vollstaendig,Bad Berleburg,Gleichgewichtung,LO-01--LO-03,PA-09--PA-11,0.5013643124082585
Vollstaendig,Bad Berleburg,Gleichgewichtung,LO-02--LO-03,AS-01--AS-02,0.2098453186419488
Vollstaendig,Bad Berleburg,Gleichgewichtung,OF-01--OF-02,AS-04--AS-06,0.1446718202326912
Vollstaendig,Bad Berleburg,Gleichgewichtung,OF-01--OF-03,AS-02--AS-06,0.3418061281485974
Vollstaendig,Bad Berleburg,Gleichgewichtung,OF-01--OF-04,BC-01--BC-03,0.5324209489386049
Vollstaendig,Bad Berleburg,Gleichgewichtung,OF-02--OF-03,AS-02--AS-04,0.254375501131798
Vollstaendig,Bad Berleburg,Gleichgewichtung,OF-02--OF-04,BC-01--BC-03,0.3584319962633336
Vollstaendig,Bad Berleburg,Gleichgewichtung,OF-03--OF-04,BC-01--BC-06,0.2988075214978675
Vollstaendig,Bad Berleburg,Gleichgewichtung,PA-01--PA-10,AM-01--AM-04,0.772935974780668
Vollstaendig,Bad Berleburg,Gleichgewichtung,PA-01--PA-11,AM-01--AM-04,1.0406410264736914
Vollstaendig,Bad Berleburg,Gleichgewichtung,PA-01--PA-12,AM-01--AM-04,1.1804699696453154
Vollstaendig,Bad Berleburg,Gleichgewichtung,PA-01--PA-02,AM-01--AM-04,0.8792601746040725
Vollstaendig,Bad Berleburg,Gleichgewichtung,PA-01--PA-03,AM-01--AM-04,0.4166930908368368
Vollstaendig,Bad Berleburg,Gleichgewichtung,PA-01--PA-04,AM-02--AM-03,0.4084237858729018
Vollstaendig,Bad Berleburg,Gleichgewichtung,PA-01--PA-05,AM-01--AM-04,0.3796522494466532
Vollstaendig,Bad Berleburg,Gleichgewichtung,PA-01--PA-06,AM-01--AM-04,0.6816697960505412
Vollstaendig,Bad Berleburg,Gleichgewichtung,PA-01--PA-07,AM-01--AM-04,0.518535171906154
Vollstaendig,Bad Berleburg,Gleichgewichtung,PA-01--PA-08,AM-01--AM-04,0.5069631525924785
Vollstaendig,Bad Berleburg,Gleichgewichtung,PA-01--PA-09,AM-01--AM-04,0.878801134346073
Vollstaendig,Bad Berleburg,Gleichgewichtung,PA-10--PA-11,AM-03--AM-04,0.6811850959496697
Vollstaendig,Bad Berleburg,Gleichgewichtung,PA-10--PA-12,AM-03--AM-04,0.8770893494533055
Vollstaendig,Bad Berleburg,Gleichgewichtung,PA-02--PA-10,AM-01--AM-04,0.8651329504212788
Vollstaendig,Bad Berleburg,Gleichgewichtung,PA-03--PA-10,AM-02--AM-04,0.518674906498592
Vollstaendig,Bad Berleburg,Gleichgewichtung,PA-04--PA-10,AM-02--AM-04,0.4165699638340679
Vollstaendig,Bad Berleburg,Gleichgewichtung,PA-05--PA-10,AM-02--AM-03,0.6121487439989843
Vollstaendig,Bad Berleburg,Gleichgewichtung,PA-06--PA-10,AM-02--AM-04,0.6566809962045559
Vollstaendig,Bad Berleburg,Gleichgewichtung,PA-07--PA-10,AM-02--AM-03,0.4662041299918429
Vollstaendig,Bad Berleburg,Gleichgewichtung,PA-08--PA-10,AM-02--AM-04,0.3484650046836838
Vollstaendig,Bad Berleburg,Gleichgewichtung,PA-09--PA-10,AM-02--AM-03,0.5221348686344528
Vollstaendig,Bad Berleburg,Gleichgewichtung,PA-11--PA-12,BC-04--BC-05,0.3547986448325264
Vollstaendig,Bad Berleburg,Gleichgewichtung,PA-02--PA-11,AM-01--AM-04,1.0181458205944092
Vollstaendig,Bad Berleburg,Gleichgewichtung,PA-03--PA-11,AM-01--AM-04,0.8821497356457196
Vollstaendig,Bad Berleburg,Gleichgewichtung,PA-04--PA-11,AM-01--AM-04,0.5986612758141904
Vollstaendig,Bad Berleburg,Gleichgewichtung,PA-05--PA-11,AM-02--AM-04,0.2476583593045211
Vollstaendig,Bad Berleburg,Gleichgewichtung,PA-06--PA-11,AM-01--AM-04,0.556766499405088
Vollstaendig,Bad Berleburg,Gleichgewichtung,PA-07--PA-11,AM-02--AM-04,0.2977618456588899
Vollstaendig,Bad Berleburg,Gleichgewichtung,PA-08--PA-11,AM-02--AM-03,0.3980795894946133
Vollstaendig,Bad Berleburg,Gleichgewichtung,PA-09--PA-11,AM-02--AM-03,0.2856588727640766
Vollstaendig,Bad Berleburg,Gleichgewichtung,PA-02--PA-12,AM-02--AM-04,1.047627077522579
Vollstaendig,Bad Berleburg,Gleichgewichtung,PA-03--PA-12,AM-01--AM-04,1.1566584565728104
Vollstaendig,Bad Berleburg,Gleichgewichtung,PA-04--PA-12,AM-01--AM-04,0.8414438087062813
Vollstaendig,Bad Berleburg,Gleichgewichtung,PA-05--PA-12,AM-01--AM-04,0.5152343990899769
Vollstaendig,Bad Berleburg,Gleichgewichtung,PA-06--PA-12,AM-01--AM-04,0.5543377074574649
Vollstaendig,Bad Berleburg,Gleichgewichtung,PA-07--PA-12,AM-01--AM-04,0.3288948095667416
Vollstaendig,Bad Berleburg,Gleichgewichtung,PA-08--PA-12,AM-03--AM-04,0.4733464863600064
Vollstaendig,Bad Berleburg,Gleichgewichtung,PA-09--PA-12,AM-02--AM-03,0.5480969656431053
Vollstaendig,Bad Berleburg,Gleichgewichtung,PA-02--PA-03,AM-01--AM-04,0.7783888370551565
Vollstaendig,Bad Berleburg,Gleichgewichtung,PA-02--PA-04,AM-01--AM-04,0.8422134499060869
Vollstaendig,Bad Berleburg,Gleichgewichtung,PA-02--PA-05,AM-01--AM-04,0.6540481297290295
Vollstaendig,Bad Berleburg,Gleichgewichtung,PA-02--PA-06,AM-01--AM-04,0.7318733786087455
Vollstaendig,Bad Berleburg,Gleichgewichtung,PA-02--PA-07,AM-01--AM-04,0.5522228453478983
Vollstaendig,Bad Berleburg,Gleichgewichtung,PA-02--PA-08,AM-01--AM-04,0.7438341743327145
Vollstaendig,Bad Berleburg,Gleichgewichtung,PA-02--PA-09,AM-01--AM-04,0.9682881537469216
Vollstaendig,Bad Berleburg,Gleichgewichtung,PA-03--PA-04,AM-03--AM-04,0.4339255988784627
Vollstaendig,Bad Berleburg,Gleichgewichtung,PA-03--PA-05,AM-02--AM-03,0.4119108415924831
Vollstaendig,Bad Berleburg,Gleichgewichtung,PA-03--PA-06,AM-01--AM-04,0.5603568234855485
Vollstaendig,Bad Berleburg,Gleichgewichtung,PA-03--PA-07,AM-02--AM-03,0.4709846225784464
Vollstaendig,Bad Berleburg,Gleichgewichtung,PA-03--PA-08,AM-01--AM-03,0.4567272811957588
Vollstaendig,Bad Berleburg,Gleichgewichtung,PA-03--PA-09,AM-02--AM-03,0.7561641922580759
Vollstaendig,Bad Berleburg,Gleichgewichtung,PA-04--PA-05,AM-01--AM-04,0.3638657689572072
Vollstaendig,Bad Berleburg,Gleichgewichtung,PA-04--PA-06,AM-02--AM-04,0.3609941216699819
Vollstaendig,Bad Berleburg,Gleichgewichtung,PA-04--PA-07,AM-01--AM-04,0.2812183218655802
Vollstaendig,Bad Berleburg,Gleichgewichtung,PA-04--PA-08,AM-01--AM-04,0.3423972458683358
Vollstaendig,Bad Berleburg,Gleichgewichtung,PA-04--PA-09,AM-01--AM-04,0.394093845041465
Vollstaendig,Bad Berleburg,Gleichgewichtung,PA-05--PA-06,AM-01--AM-02,0.3805928051215396
Vollstaendig,Bad Berleburg,Gleichgewichtung,PA-05--PA-07,AM-02--AM-03,0.3951095726206038
Vollstaendig,Bad Berleburg,Gleichgewichtung,PA-05--PA-08,AM-02--AM-03,0.2749533929256333
Vollstaendig,Bad Berleburg,Gleichgewichtung,PA-05--PA-09,AM-02--AM-03,0.4025723182460407
Vollstaendig,Bad Berleburg,Gleichgewichtung,PA-06--PA-07,AM-01--AM-02,0.3837965523286927
Vollstaendig,Bad Berleburg,Gleichgewichtung,PA-06--PA-08,AM-02--AM-04,0.4156431537932209
Vollstaendig,Bad Berleburg,Gleichgewichtung,PA-06--PA-09,AM-03--AM-04,0.5572475005328162
Vollstaendig,Bad Berleburg,Gleichgewichtung,PA-07--PA-08,AM-01--AM-02,0.3738218641329946
Vollstaendig,Bad Berleburg,Gleichgewichtung,PA-07--PA-09,AM-01--AM-02,0.3854630438209385
Vollstaendig,Bad Berleburg,Gleichgewichtung,PA-08--PA-09,AM-02--AM-03,0.4233816101360854
Vollstaendig,Bad Berleburg,Gleichgewichtung,RB-01--RB-02,AS-05--AS-06,0.066347228478542
Vollstaendig,Bad Berleburg,Gleichgewichtung,RB-01--RB-03,BC-03--BC-04,0.1639862342115209
Vollstaendig,Bad Berleburg,Gleichgewichtung,RB-01--RB-04,AS-02--AS-03,0.2603280885387111
Vollstaendig,Bad Berleburg,Gleichgewichtung,RB-01--RB-05,AS-02--AS-03,0.1785263521484934
Vollstaendig,Bad Berleburg,Gleichgewichtung,RB-02--RB-03,AS-05--AS-06,0.1266973367689418
Vollstaendig,Bad Berleburg,Gleichgewichtung,RB-02--RB-04,AS-02--AS-03,0.2165194907535786
Vollstaendig,Bad Berleburg,Gleichgewichtung,RB-02--RB-05,AS-02--AS-03,0.1025989507784686
Vollstaendig,Bad Berleburg,Gleichgewichtung,RB-03--RB-04,AS-02--AS-03,0.1989029874559732
Vollstaendig,Bad Berleburg,Gleichgewichtung,RB-03--RB-05,AS-01--AS-03,0.1540053366250737
Vollstaendig,Bad Berleburg,Gleichgewichtung,RB-04--RB-05,AS-05--AS-06,0.0900149206597174
Vollstaendig,Borken-Coesfeld,Koeffizientenbetraege,AS-01--AS-02,LO-02--LO-03,0.1296941705753272
Vollstaendig,Borken-Coesfeld,Koeffizientenbetraege,AS-01--AS-03,RB-03--RB-05,0.1768874464532166
Vollstaendig,Borken-Coesfeld,Koeffizientenbetraege,AS-01--AS-04,LO-02--LO-03,0.2041211460896295
Vollstaendig,Borken-Coesfeld,Koeffizientenbetraege,AS-01--AS-05,LO-02--LO-03,0.2647646005551274
Vollstaendig,Borken-Coesfeld,Koeffizientenbetraege,AS-01--AS-06,LO-02--LO-03,0.2647886252282113
Vollstaendig,Borken-Coesfeld,Koeffizientenbetraege,AS-02--AS-03,RB-02--RB-05,0.1179539624531426
Vollstaendig,Borken-Coesfeld,Koeffizientenbetraege,AS-02--AS-04,RB-02--RB-05,0.2729759320108348
Vollstaendig,Borken-Coesfeld,Koeffizientenbetraege,AS-02--AS-05,RB-02--RB-05,0.2408366194120107
Vollstaendig,Borken-Coesfeld,Koeffizientenbetraege,AS-02--AS-06,RB-02--RB-05,0.260453353288869
Vollstaendig,Borken-Coesfeld,Koeffizientenbetraege,AS-03--AS-04,RB-01--RB-02,0.1949215043636461
Vollstaendig,Borken-Coesfeld,Koeffizientenbetraege,AS-03--AS-05,LO-01--LO-02,0.218520060809393
Vollstaendig,Borken-Coesfeld,Koeffizientenbetraege,AS-03--AS-06,RB-01--RB-03,0.2394350236510592
Vollstaendig,Borken-Coesfeld,Koeffizientenbetraege,AS-04--AS-05,RB-04--RB-05,0.1363215184905084
Vollstaendig,Borken-Coesfeld,Koeffizientenbetraege,AS-04--AS-06,RB-01--RB-02,0.0962475867918443
Vollstaendig,Borken-Coesfeld,Koeffizientenbetraege,AS-05--AS-06,RB-01--RB-02,0.0675333404610237
Vollstaendig,Borken-Coesfeld,Koeffizientenbetraege,AM-01--AM-02,PA-07--PA-09,0.219815914032237
Vollstaendig,Borken-Coesfeld,Koeffizientenbetraege,AM-01--AM-03,PA-08--PA-10,0.2844096375136228
Vollstaendig,Borken-Coesfeld,Koeffizientenbetraege,AM-01--AM-04,PA-04--PA-09,0.2899146658205939
Vollstaendig,Borken-Coesfeld,Koeffizientenbetraege,AM-02--AM-03,PA-09--PA-11,0.2563916795059865
Vollstaendig,Borken-Coesfeld,Koeffizientenbetraege,AM-02--AM-04,PA-05--PA-11,0.1475467376044248
Vollstaendig,Borken-Coesfeld,Koeffizientenbetraege,AM-03--AM-04,PA-08--PA-12,0.3659426707902374
Vollstaendig,Borken-Coesfeld,Koeffizientenbetraege,BB-01--BB-02,AM-01--AM-03,0.5445855911066932
Vollstaendig,Borken-Coesfeld,Koeffizientenbetraege,BB-01--BB-03,PA-06--PA-07,0.4741519763644844
Vollstaendig,Borken-Coesfeld,Koeffizientenbetraege,BB-01--BB-04,PA-03--PA-10,0.4093696332018815
Vollstaendig,Borken-Coesfeld,Koeffizientenbetraege,BB-01--BB-05,PA-03--PA-08,0.3832892325634668
Vollstaendig,Borken-Coesfeld,Koeffizientenbetraege,BB-01--BB-06,PA-03--PA-10,0.4220485280524113
Vollstaendig,Borken-Coesfeld,Koeffizientenbetraege,BB-01--BB-07,PA-01--PA-03,0.4677411927809132
Vollstaendig,Borken-Coesfeld,Koeffizientenbetraege,BB-02--BB-03,PA-01--PA-03,0.4421355444115525
Vollstaendig,Borken-Coesfeld,Koeffizientenbetraege,BB-02--BB-04,PA-03--PA-06,0.4365182836982944
Vollstaendig,Borken-Coesfeld,Koeffizientenbetraege,BB-02--BB-05,PA-03--PA-10,0.3780998813870245
Vollstaendig,Borken-Coesfeld,Koeffizientenbetraege,BB-02--BB-06,PA-01--PA-10,0.5342572779227283
Vollstaendig,Borken-Coesfeld,Koeffizientenbetraege,BB-02--BB-07,PA-08--PA-10,0.4289647039948474
Vollstaendig,Borken-Coesfeld,Koeffizientenbetraege,BB-03--BB-04,PA-03--PA-10,0.4967610450211541
Vollstaendig,Borken-Coesfeld,Koeffizientenbetraege,BB-03--BB-05,PA-03--PA-10,0.4476028947339166
Vollstaendig,Borken-Coesfeld,Koeffizientenbetraege,BB-03--BB-06,PA-03--PA-10,0.5052265725441203
Vollstaendig,Borken-Coesfeld,Koeffizientenbetraege,BB-03--BB-07,PA-01--PA-03,0.4932090076475767
Vollstaendig,Borken-Coesfeld,Koeffizientenbetraege,BB-04--BB-05,PA-03--PA-10,0.5313513183840443
Vollstaendig,Borken-Coesfeld,Koeffizientenbetraege,BB-04--BB-06,PA-03--PA-10,0.5743257057448251
Vollstaendig,Borken-Coesfeld,Koeffizientenbetraege,BB-04--BB-07,PA-01--PA-03,0.424869840308734
Vollstaendig,Borken-Coesfeld,Koeffizientenbetraege,BB-05--BB-06,PA-03--PA-10,0.476227303601057
Vollstaendig,Borken-Coesfeld,Koeffizientenbetraege,BB-05--BB-07,PA-03--PA-10,0.4924222976754359
Vollstaendig,Borken-Coesfeld,Koeffizientenbetraege,BB-06--BB-07,PA-01--PA-08,0.7531138849082403
Vollstaendig,Borken-Coesfeld,Koeffizientenbetraege,LO-01--LO-02,AS-01--AS-02,0.1355024327898205
Vollstaendig,Borken-Coesfeld,Koeffizientenbetraege,LO-01--LO-03,AS-01--AS-02,0.3399429908971154
Vollstaendig,Borken-Coesfeld,Koeffizientenbetraege,LO-02--LO-03,AS-01--AS-02,0.1296941705753272
Vollstaendig,Borken-Coesfeld,Koeffizientenbetraege,OF-01--OF-02,AS-05--AS-06,0.1175849808285456
Vollstaendig,Borken-Coesfeld,Koeffizientenbetraege,OF-01--OF-03,AS-04--AS-06,0.3131152389276959
Vollstaendig,Borken-Coesfeld,Koeffizientenbetraege,OF-01--OF-04,AS-02--AS-04,0.3140740187957202
Vollstaendig,Borken-Coesfeld,Koeffizientenbetraege,OF-02--OF-03,AS-02--AS-04,0.286357938967234
Vollstaendig,Borken-Coesfeld,Koeffizientenbetraege,OF-02--OF-04,AS-02--AS-06,0.2927625528842699
Vollstaendig,Borken-Coesfeld,Koeffizientenbetraege,OF-03--OF-04,AS-02--AS-06,0.307684453128254
Vollstaendig,Borken-Coesfeld,Koeffizientenbetraege,PA-01--PA-10,BB-02--BB-06,0.5342572779227283
Vollstaendig,Borken-Coesfeld,Koeffizientenbetraege,PA-01--PA-11,BB-03--BB-07,0.8888663730805938
Vollstaendig,Borken-Coesfeld,Koeffizientenbetraege,PA-01--PA-12,AM-01--AM-04,1.000051456430059
Vollstaendig,Borken-Coesfeld,Koeffizientenbetraege,PA-01--PA-02,BB-04--BB-07,0.8098290398518021
Vollstaendig,Borken-Coesfeld,Koeffizientenbetraege,PA-01--PA-03,AM-01--AM-04,0.367268871100472
Vollstaendig,Borken-Coesfeld,Koeffizientenbetraege,PA-01--PA-04,AM-02--AM-03,0.3927345208130301
Vollstaendig,Borken-Coesfeld,Koeffizientenbetraege,PA-01--PA-05,AM-01--AM-04,0.3555746019276626
Vollstaendig,Borken-Coesfeld,Koeffizientenbetraege,PA-01--PA-06,BB-01--BB-06,0.579133776049136
Vollstaendig,Borken-Coesfeld,Koeffizientenbetraege,PA-01--PA-07,AM-01--AM-04,0.4319783668843426
Vollstaendig,Borken-Coesfeld,Koeffizientenbetraege,PA-01--PA-08,AM-01--AM-04,0.4711078149319656
Vollstaendig,Borken-Coesfeld,Koeffizientenbetraege,PA-01--PA-09,AM-01--AM-04,0.7401743134515093
Vollstaendig,Borken-Coesfeld,Koeffizientenbetraege,PA-10--PA-11,AM-03--AM-04,0.4389760930546419
Vollstaendig,Borken-Coesfeld,Koeffizientenbetraege,PA-10--PA-12,AM-03--AM-04,0.5250491088668531
Vollstaendig,Borken-Coesfeld,Koeffizientenbetraege,PA-02--PA-10,AM-01--AM-04,0.6671168890821105
Vollstaendig,Borken-Coesfeld,Koeffizientenbetraege,PA-03--PA-10,BB-02--BB-05,0.3780998813870245
Vollstaendig,Borken-Coesfeld,Koeffizientenbetraege,PA-04--PA-10,AM-02--AM-04,0.4049515940803013
Vollstaendig,Borken-Coesfeld,Koeffizientenbetraege,PA-05--PA-10,AM-01--AM-03,0.4629107847559411
Vollstaendig,Borken-Coesfeld,Koeffizientenbetraege,PA-06--PA-10,AM-01--AM-03,0.4045603710859478
Vollstaendig,Borken-Coesfeld,Koeffizientenbetraege,PA-07--PA-10,AM-02--AM-03,0.3796258749615429
Vollstaendig,Borken-Coesfeld,Koeffizientenbetraege,PA-08--PA-10,AM-01--AM-03,0.2844096375136228
Vollstaendig,Borken-Coesfeld,Koeffizientenbetraege,PA-09--PA-10,AM-03--AM-04,0.4011471779252268
Vollstaendig,Borken-Coesfeld,Koeffizientenbetraege,PA-11--PA-12,RB-03--RB-05,0.3476069292499931
Vollstaendig,Borken-Coesfeld,Koeffizientenbetraege,PA-02--PA-11,BB-01--BB-06,0.6363765807247606
Vollstaendig,Borken-Coesfeld,Koeffizientenbetraege,PA-03--PA-11,AM-01--AM-04,0.6208010409073585
Vollstaendig,Borken-Coesfeld,Koeffizientenbetraege,PA-04--PA-11,AM-01--AM-04,0.4879298846035221
Vollstaendig,Borken-Coesfeld,Koeffizientenbetraege,PA-05--PA-11,AM-02--AM-04,0.1475467376044248
Vollstaendig,Borken-Coesfeld,Koeffizientenbetraege,PA-06--PA-11,AM-03--AM-04,0.6768195197152175
Vollstaendig,Borken-Coesfeld,Koeffizientenbetraege,PA-07--PA-11,AM-02--AM-04,0.3107005514388232
Vollstaendig,Borken-Coesfeld,Koeffizientenbetraege,PA-08--PA-11,AM-02--AM-03,0.3358962026239998
Vollstaendig,Borken-Coesfeld,Koeffizientenbetraege,PA-09--PA-11,AM-02--AM-03,0.2563916795059865
Vollstaendig,Borken-Coesfeld,Koeffizientenbetraege,PA-02--PA-12,BB-01--BB-06,0.5779118184415194
Vollstaendig,Borken-Coesfeld,Koeffizientenbetraege,PA-03--PA-12,AM-01--AM-04,0.8328672393944616
Vollstaendig,Borken-Coesfeld,Koeffizientenbetraege,PA-04--PA-12,AM-01--AM-04,0.6743297635824094
Vollstaendig,Borken-Coesfeld,Koeffizientenbetraege,PA-05--PA-12,AM-01--AM-04,0.4043027433910794
Vollstaendig,Borken-Coesfeld,Koeffizientenbetraege,PA-06--PA-12,AM-01--AM-04,0.5675032923578158
Vollstaendig,Borken-Coesfeld,Koeffizientenbetraege,PA-07--PA-12,AM-01--AM-04,0.3492267052113852
Vollstaendig,Borken-Coesfeld,Koeffizientenbetraege,PA-08--PA-12,AM-03--AM-04,0.3659426707902374
Vollstaendig,Borken-Coesfeld,Koeffizientenbetraege,PA-09--PA-12,AM-03--AM-04,0.4856084634409928
Vollstaendig,Borken-Coesfeld,Koeffizientenbetraege,PA-02--PA-03,BB-05--BB-07,0.69184608023493
Vollstaendig,Borken-Coesfeld,Koeffizientenbetraege,PA-02--PA-04,AM-01--AM-04,0.8403426682839953
Vollstaendig,Borken-Coesfeld,Koeffizientenbetraege,PA-02--PA-05,AM-01--AM-04,0.6078835883825123
Vollstaendig,Borken-Coesfeld,Koeffizientenbetraege,PA-02--PA-06,BB-03--BB-07,0.6357472361843103
Vollstaendig,Borken-Coesfeld,Koeffizientenbetraege,PA-02--PA-07,AM-01--AM-04,0.4873215869366505
Vollstaendig,Borken-Coesfeld,Koeffizientenbetraege,PA-02--PA-08,AM-01--AM-04,0.7256320327579555
Vollstaendig,Borken-Coesfeld,Koeffizientenbetraege,PA-02--PA-09,AM-01--AM-04,0.8197383407933985
Vollstaendig,Borken-Coesfeld,Koeffizientenbetraege,PA-03--PA-04,AM-03--AM-04,0.4515277362370787
Vollstaendig,Borken-Coesfeld,Koeffizientenbetraege,PA-03--PA-05,AM-02--AM-03,0.2806411938226455
Vollstaendig,Borken-Coesfeld,Koeffizientenbetraege,PA-03--PA-06,BB-02--BB-04,0.4365182836982944
Vollstaendig,Borken-Coesfeld,Koeffizientenbetraege,PA-03--PA-07,AM-02--AM-03,0.3489179750764642
Vollstaendig,Borken-Coesfeld,Koeffizientenbetraege,PA-03--PA-08,AM-01--AM-03,0.347226120808447
Vollstaendig,Borken-Coesfeld,Koeffizientenbetraege,PA-03--PA-09,AM-01--AM-03,0.4866173114264172
Vollstaendig,Borken-Coesfeld,Koeffizientenbetraege,PA-04--PA-05,AM-02--AM-04,0.3880613906892112
Vollstaendig,Borken-Coesfeld,Koeffizientenbetraege,PA-04--PA-06,AM-01--AM-03,0.3479947283376308
Vollstaendig,Borken-Coesfeld,Koeffizientenbetraege,PA-04--PA-07,AM-01--AM-04,0.3263747048501543
Vollstaendig,Borken-Coesfeld,Koeffizientenbetraege,PA-04--PA-08,AM-01--AM-04,0.3208688284246531
Vollstaendig,Borken-Coesfeld,Koeffizientenbetraege,PA-04--PA-09,AM-01--AM-04,0.2899146658205939
Vollstaendig,Borken-Coesfeld,Koeffizientenbetraege,PA-05--PA-06,AM-01--AM-02,0.3569640497805333
Vollstaendig,Borken-Coesfeld,Koeffizientenbetraege,PA-05--PA-07,AM-02--AM-03,0.4220612414736493
Vollstaendig,Borken-Coesfeld,Koeffizientenbetraege,PA-05--PA-08,AM-02--AM-03,0.2837521586470032
Vollstaendig,Borken-Coesfeld,Koeffizientenbetraege,PA-05--PA-09,AM-02--AM-03,0.2681176124080902
Vollstaendig,Borken-Coesfeld,Koeffizientenbetraege,PA-06--PA-07,AM-01--AM-02,0.3589992613274533
Vollstaendig,Borken-Coesfeld,Koeffizientenbetraege,PA-06--PA-08,AM-01--AM-02,0.4770450590926395
Vollstaendig,Borken-Coesfeld,Koeffizientenbetraege,PA-06--PA-09,AM-03--AM-04,0.571069325129071
Vollstaendig,Borken-Coesfeld,Koeffizientenbetraege,PA-07--PA-08,AM-02--AM-03,0.2654030515233681
Vollstaendig,Borken-Coesfeld,Koeffizientenbetraege,PA-07--PA-09,AM-01--AM-02,0.219815914032237
Vollstaendig,Borken-Coesfeld,Koeffizientenbetraege,PA-08--PA-09,AM-02--AM-03,0.2853207954545724
Vollstaendig,Borken-Coesfeld,Koeffizientenbetraege,RB-01--RB-02,AS-05--AS-06,0.0675333404610237
Vollstaendig,Borken-Coesfeld,Koeffizientenbetraege,RB-01--RB-03,AS-04--AS-05,0.2058779158185745
Vollstaendig,Borken-Coesfeld,Koeffizientenbetraege,RB-01--RB-04,AS-02--AS-03,0.276021351784357
Vollstaendig,Borken-Coesfeld,Koeffizientenbetraege,RB-01--RB-05,AS-02--AS-03,0.1675843473388435
Vollstaendig,Borken-Coesfeld,Koeffizientenbetraege,RB-02--RB-03,AS-05--AS-06,0.1327026382118314
Vollstaendig,Borken-Coesfeld,Koeffizientenbetraege,RB-02--RB-04,AS-02--AS-03,0.2349500303072536
Vollstaendig,Borken-Coesfeld,Koeffizientenbetraege,RB-02--RB-05,AS-02--AS-03,0.1179539624531426
Vollstaendig,Borken-Coesfeld,Koeffizientenbetraege,RB-03--RB-04,AS-02--AS-03,0.1576120764118827
Vollstaendig,Borken-Coesfeld,Koeffizientenbetraege,RB-03--RB-05,AS-02--AS-03,0.1391318271009372
Vollstaendig,Borken-Coesfeld,Koeffizientenbetraege,RB-04--RB-05,AS-05--AS-06,0.1108065596624979
Vollstaendig,Borken-Coesfeld,Gleichgewichtung,AS-01--AS-02,LO-01--LO-02,0.1406958677559581
Vollstaendig,Borken-Coesfeld,Gleichgewichtung,AS-01--AS-03,RB-03--RB-05,0.1414356356659113
Vollstaendig,Borken-Coesfeld,Gleichgewichtung,AS-01--AS-04,LO-01--LO-02,0.3136152450879403
Vollstaendig,Borken-Coesfeld,Gleichgewichtung,AS-01--AS-05,RB-03--RB-04,0.3399428350505928
Vollstaendig,Borken-Coesfeld,Gleichgewichtung,AS-01--AS-06,RB-03--RB-04,0.3337206859916056
Vollstaendig,Borken-Coesfeld,Gleichgewichtung,AS-02--AS-03,RB-02--RB-05,0.0964897336982158
Vollstaendig,Borken-Coesfeld,Gleichgewichtung,AS-02--AS-04,OF-02--OF-03,0.2521222667896182
Vollstaendig,Borken-Coesfeld,Gleichgewichtung,AS-02--AS-05,RB-02--RB-04,0.2580037618975154
Vollstaendig,Borken-Coesfeld,Gleichgewichtung,AS-02--AS-06,RB-02--RB-05,0.2586099857140151
Vollstaendig,Borken-Coesfeld,Gleichgewichtung,AS-03--AS-04,RB-01--RB-02,0.2173439279091222
Vollstaendig,Borken-Coesfeld,Gleichgewichtung,AS-03--AS-05,LO-01--LO-02,0.2640861012728027
Vollstaendig,Borken-Coesfeld,Gleichgewichtung,AS-03--AS-06,RB-01--RB-03,0.2626862202670256
Vollstaendig,Borken-Coesfeld,Gleichgewichtung,AS-04--AS-05,RB-02--RB-03,0.2599855809948411
Vollstaendig,Borken-Coesfeld,Gleichgewichtung,AS-04--AS-06,OF-01--OF-02,0.1541309423486731
Vollstaendig,Borken-Coesfeld,Gleichgewichtung,AS-05--AS-06,RB-01--RB-02,0.0611662924135555
Vollstaendig,Borken-Coesfeld,Gleichgewichtung,AM-01--AM-02,PA-07--PA-08,0.3498507601924244
Vollstaendig,Borken-Coesfeld,Gleichgewichtung,AM-01--AM-03,PA-05--PA-08,0.3671415954540646
Vollstaendig,Borken-Coesfeld,Gleichgewichtung,AM-01--AM-04,PA-04--PA-07,0.2469402149198261
Vollstaendig,Borken-Coesfeld,Gleichgewichtung,AM-02--AM-03,PA-09--PA-11,0.2464596778764401
Vollstaendig,Borken-Coesfeld,Gleichgewichtung,AM-02--AM-04,PA-05--PA-11,0.2751626284723463
Vollstaendig,Borken-Coesfeld,Gleichgewichtung,AM-03--AM-04,PA-03--PA-04,0.4137536926721649
Vollstaendig,Borken-Coesfeld,Gleichgewichtung,BB-01--BB-02,AM-01--AM-03,0.4646803401957061
Vollstaendig,Borken-Coesfeld,Gleichgewichtung,BB-01--BB-03,PA-07--PA-08,0.4105348568208278
Vollstaendig,Borken-Coesfeld,Gleichgewichtung,BB-01--BB-04,AM-01--AM-03,0.4715076882237634
Vollstaendig,Borken-Coesfeld,Gleichgewichtung,BB-01--BB-05,PA-03--PA-08,0.357346979945272
Vollstaendig,Borken-Coesfeld,Gleichgewichtung,BB-01--BB-06,PA-04--PA-10,0.4265880316319841
Vollstaendig,Borken-Coesfeld,Gleichgewichtung,BB-01--BB-07,PA-04--PA-10,0.43306616424827
Vollstaendig,Borken-Coesfeld,Gleichgewichtung,BB-02--BB-03,PA-04--PA-05,0.3774161697405057
Vollstaendig,Borken-Coesfeld,Gleichgewichtung,BB-02--BB-04,PA-04--PA-05,0.3940271572623324
Vollstaendig,Borken-Coesfeld,Gleichgewichtung,BB-02--BB-05,PA-04--PA-06,0.4676789142075033
Vollstaendig,Borken-Coesfeld,Gleichgewichtung,BB-02--BB-06,PA-01--PA-03,0.5946564304975744
Vollstaendig,Borken-Coesfeld,Gleichgewichtung,BB-02--BB-07,PA-08--PA-10,0.3500971690312253
Vollstaendig,Borken-Coesfeld,Gleichgewichtung,BB-03--BB-04,AM-01--AM-03,0.5457202027337867
Vollstaendig,Borken-Coesfeld,Gleichgewichtung,BB-03--BB-05,PA-06--PA-07,0.5027848109068948
Vollstaendig,Borken-Coesfeld,Gleichgewichtung,BB-03--BB-06,AM-01--AM-03,0.5629734469405108
Vollstaendig,Borken-Coesfeld,Gleichgewichtung,BB-03--BB-07,PA-04--PA-08,0.50533309014339
Vollstaendig,Borken-Coesfeld,Gleichgewichtung,BB-04--BB-05,AM-01--AM-02,0.4722386902725132
Vollstaendig,Borken-Coesfeld,Gleichgewichtung,BB-04--BB-06,AM-01--AM-03,0.6611551316953477
Vollstaendig,Borken-Coesfeld,Gleichgewichtung,BB-04--BB-07,PA-04--PA-08,0.4037840811935855
Vollstaendig,Borken-Coesfeld,Gleichgewichtung,BB-05--BB-06,AM-01--AM-02,0.636430282111208
Vollstaendig,Borken-Coesfeld,Gleichgewichtung,BB-05--BB-07,PA-04--PA-05,0.4301548315648875
Vollstaendig,Borken-Coesfeld,Gleichgewichtung,BB-06--BB-07,PA-04--PA-08,0.7796545397415534
Vollstaendig,Borken-Coesfeld,Gleichgewichtung,LO-01--LO-02,AS-01--AS-02,0.1406958677559581
Vollstaendig,Borken-Coesfeld,Gleichgewichtung,LO-01--LO-03,PA-09--PA-11,0.4184661065743508
Vollstaendig,Borken-Coesfeld,Gleichgewichtung,LO-02--LO-03,AS-01--AS-02,0.2291676021257377
Vollstaendig,Borken-Coesfeld,Gleichgewichtung,OF-01--OF-02,AS-04--AS-06,0.1541309423486731
Vollstaendig,Borken-Coesfeld,Gleichgewichtung,OF-01--OF-03,AS-02--AS-06,0.3430067467225614
Vollstaendig,Borken-Coesfeld,Gleichgewichtung,OF-01--OF-04,AS-02--AS-03,0.68624882978667
Vollstaendig,Borken-Coesfeld,Gleichgewichtung,OF-02--OF-03,AS-02--AS-04,0.2521222667896182
Vollstaendig,Borken-Coesfeld,Gleichgewichtung,OF-02--OF-04,AS-02--AS-06,0.5832403878958472
Vollstaendig,Borken-Coesfeld,Gleichgewichtung,OF-03--OF-04,AS-02--AS-05,0.4068357424944612
Vollstaendig,Borken-Coesfeld,Gleichgewichtung,PA-01--PA-10,BB-02--BB-06,0.7604142645768892
Vollstaendig,Borken-Coesfeld,Gleichgewichtung,PA-01--PA-11,AM-01--AM-04,1.089847941222226
Vollstaendig,Borken-Coesfeld,Gleichgewichtung,PA-01--PA-12,AM-01--AM-04,1.2513677584957856
Vollstaendig,Borken-Coesfeld,Gleichgewichtung,PA-01--PA-02,AM-01--AM-04,0.8434972915301454
Vollstaendig,Borken-Coesfeld,Gleichgewichtung,PA-01--PA-03,AM-01--AM-04,0.3647971973834201
Vollstaendig,Borken-Coesfeld,Gleichgewichtung,PA-01--PA-04,AM-02--AM-03,0.4143107925306486
Vollstaendig,Borken-Coesfeld,Gleichgewichtung,PA-01--PA-05,AM-01--AM-04,0.3678443491254179
Vollstaendig,Borken-Coesfeld,Gleichgewichtung,PA-01--PA-06,BB-01--BB-06,0.5251911924540198
Vollstaendig,Borken-Coesfeld,Gleichgewichtung,PA-01--PA-07,AM-01--AM-04,0.5424274045983646
Vollstaendig,Borken-Coesfeld,Gleichgewichtung,PA-01--PA-08,AM-01--AM-04,0.501571579245875
Vollstaendig,Borken-Coesfeld,Gleichgewichtung,PA-01--PA-09,AM-01--AM-04,0.9322859321016074
Vollstaendig,Borken-Coesfeld,Gleichgewichtung,PA-10--PA-11,LO-01--LO-03,0.6737015721774622
Vollstaendig,Borken-Coesfeld,Gleichgewichtung,PA-10--PA-12,LO-01--LO-03,0.9058801129943586
Vollstaendig,Borken-Coesfeld,Gleichgewichtung,PA-02--PA-10,AM-01--AM-04,0.8998261412893659
Vollstaendig,Borken-Coesfeld,Gleichgewichtung,PA-03--PA-10,BB-01--BB-06,0.4327111940931031
Vollstaendig,Borken-Coesfeld,Gleichgewichtung,PA-04--PA-10,AM-02--AM-04,0.4190080371057647
Vollstaendig,Borken-Coesfeld,Gleichgewichtung,PA-05--PA-10,BB-02--BB-07,0.5457488748395055
Vollstaendig,Borken-Coesfeld,Gleichgewichtung,PA-06--PA-10,BB-02--BB-07,0.5985043480189365
Vollstaendig,Borken-Coesfeld,Gleichgewichtung,PA-07--PA-10,AM-02--AM-03,0.4859718473161131
Vollstaendig,Borken-Coesfeld,Gleichgewichtung,PA-08--PA-10,AM-02--AM-04,0.3381570719190906
Vollstaendig,Borken-Coesfeld,Gleichgewichtung,PA-09--PA-10,LO-01--LO-03,0.5349762065886399
Vollstaendig,Borken-Coesfeld,Gleichgewichtung,PA-11--PA-12,AS-03--AS-05,0.3122206799525941
Vollstaendig,Borken-Coesfeld,Gleichgewichtung,PA-02--PA-11,BB-01--BB-06,0.8925428241052102
Vollstaendig,Borken-Coesfeld,Gleichgewichtung,PA-03--PA-11,BB-02--BB-07,0.9437605662017048
Vollstaendig,Borken-Coesfeld,Gleichgewichtung,PA-04--PA-11,AM-01--AM-04,0.6287237774498166
Vollstaendig,Borken-Coesfeld,Gleichgewichtung,PA-05--PA-11,AM-02--AM-04,0.2751626284723463
Vollstaendig,Borken-Coesfeld,Gleichgewichtung,PA-06--PA-11,AM-01--AM-04,0.5252000495716993
Vollstaendig,Borken-Coesfeld,Gleichgewichtung,PA-07--PA-11,AM-02--AM-04,0.3046027710161126
Vollstaendig,Borken-Coesfeld,Gleichgewichtung,PA-08--PA-11,AM-02--AM-03,0.4177550479197161
Vollstaendig,Borken-Coesfeld,Gleichgewichtung,PA-09--PA-11,AM-02--AM-03,0.2464596778764401
Vollstaendig,Borken-Coesfeld,Gleichgewichtung,PA-02--PA-12,BB-01--BB-06,0.91255872296732
Vollstaendig,Borken-Coesfeld,Gleichgewichtung,PA-03--PA-12,LO-01--LO-03,1.2472950050584275
Vollstaendig,Borken-Coesfeld,Gleichgewichtung,PA-04--PA-12,AM-01--AM-04,0.9021661422096304
Vollstaendig,Borken-Coesfeld,Gleichgewichtung,PA-05--PA-12,AM-01--AM-04,0.5433836328464762
Vollstaendig,Borken-Coesfeld,Gleichgewichtung,PA-06--PA-12,AM-01--AM-04,0.5637877225008403
Vollstaendig,Borken-Coesfeld,Gleichgewichtung,PA-07--PA-12,AM-01--AM-04,0.3240957943643418
Vollstaendig,Borken-Coesfeld,Gleichgewichtung,PA-08--PA-12,AM-03--AM-04,0.5065567395851214
Vollstaendig,Borken-Coesfeld,Gleichgewichtung,PA-09--PA-12,AM-02--AM-03,0.5554457765080697
Vollstaendig,Borken-Coesfeld,Gleichgewichtung,PA-02--PA-03,AM-01--AM-04,0.7378354538415873
Vollstaendig,Borken-Coesfeld,Gleichgewichtung,PA-02--PA-04,AM-01--AM-04,0.8245980947702609
Vollstaendig,Borken-Coesfeld,Gleichgewichtung,PA-02--PA-05,AM-01--AM-04,0.6160558065980258
Vollstaendig,Borken-Coesfeld,Gleichgewichtung,PA-02--PA-06,AM-01--AM-04,0.7054489298212053
Vollstaendig,Borken-Coesfeld,Gleichgewichtung,PA-02--PA-07,AM-01--AM-04,0.5154417331632302
Vollstaendig,Borken-Coesfeld,Gleichgewichtung,PA-02--PA-08,AM-01--AM-04,0.734840100968391
Vollstaendig,Borken-Coesfeld,Gleichgewichtung,PA-02--PA-09,AM-01--AM-04,1.0252336801769155
Vollstaendig,Borken-Coesfeld,Gleichgewichtung,PA-03--PA-04,BB-02--BB-03,0.391566736872774
Vollstaendig,Borken-Coesfeld,Gleichgewichtung,PA-03--PA-05,AM-02--AM-03,0.4157099330613257
Vollstaendig,Borken-Coesfeld,Gleichgewichtung,PA-03--PA-06,BB-02--BB-07,0.5053422076516754
Vollstaendig,Borken-Coesfeld,Gleichgewichtung,PA-03--PA-07,AM-02--AM-03,0.4839087267257879
Vollstaendig,Borken-Coesfeld,Gleichgewichtung,PA-03--PA-08,BB-01--BB-05,0.357346979945272
Vollstaendig,Borken-Coesfeld,Gleichgewichtung,PA-03--PA-09,BB-02--BB-07,0.7019301079460837
Vollstaendig,Borken-Coesfeld,Gleichgewichtung,PA-04--PA-05,AM-01--AM-04,0.3536591580621401
Vollstaendig,Borken-Coesfeld,Gleichgewichtung,PA-04--PA-06,AM-02--AM-04,0.3499823350081821
Vollstaendig,Borken-Coesfeld,Gleichgewichtung,PA-04--PA-07,AM-01--AM-04,0.2469402149198261
Vollstaendig,Borken-Coesfeld,Gleichgewichtung,PA-04--PA-08,AM-01--AM-04,0.3499278832535158
Vollstaendig,Borken-Coesfeld,Gleichgewichtung,PA-04--PA-09,AM-01--AM-04,0.4289735212590521
Vollstaendig,Borken-Coesfeld,Gleichgewichtung,PA-05--PA-06,AM-01--AM-02,0.3723866655879034
Vollstaendig,Borken-Coesfeld,Gleichgewichtung,PA-05--PA-07,AM-01--AM-03,0.4172794360760528
Vollstaendig,Borken-Coesfeld,Gleichgewichtung,PA-05--PA-08,AM-02--AM-03,0.2915585704279297
Vollstaendig,Borken-Coesfeld,Gleichgewichtung,PA-05--PA-09,AM-02--AM-03,0.4459755757101673
Vollstaendig,Borken-Coesfeld,Gleichgewichtung,PA-06--PA-07,AM-01--AM-02,0.3825467376339621
Vollstaendig,Borken-Coesfeld,Gleichgewichtung,PA-06--PA-08,AM-02--AM-04,0.377284399109933
Vollstaendig,Borken-Coesfeld,Gleichgewichtung,PA-06--PA-09,AM-03--AM-04,0.5867152747333695
Vollstaendig,Borken-Coesfeld,Gleichgewichtung,PA-07--PA-08,AM-01--AM-02,0.3498507601924244
Vollstaendig,Borken-Coesfeld,Gleichgewichtung,PA-07--PA-09,RB-03--RB-04,0.4061626209392259
Vollstaendig,Borken-Coesfeld,Gleichgewichtung,PA-08--PA-09,RB-03--RB-04,0.4409752277511491
Vollstaendig,Borken-Coesfeld,Gleichgewichtung,RB-01--RB-02,AS-05--AS-06,0.0611662924135555
Vollstaendig,Borken-Coesfeld,Gleichgewichtung,RB-01--RB-03,AS-05--AS-06,0.2330177303485683
Vollstaendig,Borken-Coesfeld,Gleichgewichtung,RB-01--RB-04,AS-02--AS-03,0.2547625571094802
Vollstaendig,Borken-Coesfeld,Gleichgewichtung,RB-01--RB-05,AS-02--AS-03,0.1808130433619536
Vollstaendig,Borken-Coesfeld,Gleichgewichtung,RB-02--RB-03,AS-05--AS-06,0.123286698685331
Vollstaendig,Borken-Coesfeld,Gleichgewichtung,RB-02--RB-04,AS-02--AS-03,0.2104937608432145
Vollstaendig,Borken-Coesfeld,Gleichgewichtung,RB-02--RB-05,AS-02--AS-03,0.0964897336982158
Vollstaendig,Borken-Coesfeld,Gleichgewichtung,RB-03--RB-04,AS-01--AS-03,0.1832907827343315
Vollstaendig,Borken-Coesfeld,Gleichgewichtung,RB-03--RB-05,AS-01--AS-03,0.1414356356659113
Vollstaendig,Borken-Coesfeld,Gleichgewichtung,RB-04--RB-05,AS-05--AS-06,0.0851506028633106
Vollstaendig,Lorup,Koeffizientenbetraege,AS-01--AS-02,BC-04--BC-06,0.3768367158888841
Vollstaendig,Lorup,Koeffizientenbetraege,AS-01--AS-03,RB-03--RB-05,0.1719840925309407
Vollstaendig,Lorup,Koeffizientenbetraege,AS-01--AS-04,BC-04--BC-06,0.3073747866351765
Vollstaendig,Lorup,Koeffizientenbetraege,AS-01--AS-05,BC-05--BC-06,0.3504124610229921
Vollstaendig,Lorup,Koeffizientenbetraege,AS-01--AS-06,BC-05--BC-06,0.367558738732429
Vollstaendig,Lorup,Koeffizientenbetraege,AS-02--AS-03,RB-02--RB-05,0.1134447272736045
Vollstaendig,Lorup,Koeffizientenbetraege,AS-02--AS-04,OF-02--OF-03,0.2984020304407165
Vollstaendig,Lorup,Koeffizientenbetraege,AS-02--AS-05,BC-01--BC-05,0.1759225214532713
Vollstaendig,Lorup,Koeffizientenbetraege,AS-02--AS-06,BC-01--BC-05,0.2923014442065761
Vollstaendig,Lorup,Koeffizientenbetraege,AS-03--AS-04,BC-03--BC-04,0.1390818229871237
Vollstaendig,Lorup,Koeffizientenbetraege,AS-03--AS-05,BC-04--BC-06,0.1985670738009274
Vollstaendig,Lorup,Koeffizientenbetraege,AS-03--AS-06,BC-03--BC-04,0.2012529322051176
Vollstaendig,Lorup,Koeffizientenbetraege,AS-04--AS-05,RB-04--RB-05,0.1518930006253458
Vollstaendig,Lorup,Koeffizientenbetraege,AS-04--AS-06,RB-01--RB-02,0.1087656781332545
Vollstaendig,Lorup,Koeffizientenbetraege,AS-05--AS-06,RB-01--RB-02,0.0704260514306576
Vollstaendig,Lorup,Koeffizientenbetraege,AM-01--AM-02,PA-07--PA-09,0.2707428134093031
Vollstaendig,Lorup,Koeffizientenbetraege,AM-01--AM-03,PA-08--PA-10,0.2870847277458376
Vollstaendig,Lorup,Koeffizientenbetraege,AM-01--AM-04,PA-04--PA-07,0.3061639971823084
Vollstaendig,Lorup,Koeffizientenbetraege,AM-02--AM-03,PA-09--PA-11,0.2420246599221693
Vollstaendig,Lorup,Koeffizientenbetraege,AM-02--AM-04,PA-05--PA-11,0.1745636416755873
Vollstaendig,Lorup,Koeffizientenbetraege,AM-03--AM-04,PA-08--PA-12,0.3835458474777624
Vollstaendig,Lorup,Koeffizientenbetraege,BB-01--BB-02,AM-02--AM-04,0.5115313419392157
Vollstaendig,Lorup,Koeffizientenbetraege,BB-01--BB-03,PA-06--PA-07,0.4396311728435879
Vollstaendig,Lorup,Koeffizientenbetraege,BB-01--BB-04,PA-03--PA-10,0.4144203564086121
Vollstaendig,Lorup,Koeffizientenbetraege,BB-01--BB-05,PA-03--PA-08,0.3807405333590943
Vollstaendig,Lorup,Koeffizientenbetraege,BB-01--BB-06,PA-03--PA-10,0.4157414478713869
Vollstaendig,Lorup,Koeffizientenbetraege,BB-01--BB-07,PA-01--PA-03,0.4406276111596269
Vollstaendig,Lorup,Koeffizientenbetraege,BB-02--BB-03,PA-01--PA-03,0.4098323642992183
Vollstaendig,Lorup,Koeffizientenbetraege,BB-02--BB-04,PA-04--PA-05,0.4239496211585641
Vollstaendig,Lorup,Koeffizientenbetraege,BB-02--BB-05,PA-03--PA-10,0.393043543420162
Vollstaendig,Lorup,Koeffizientenbetraege,BB-02--BB-06,PA-01--PA-06,0.5781831442742595
Vollstaendig,Lorup,Koeffizientenbetraege,BB-02--BB-07,PA-08--PA-10,0.3874615234049742
Vollstaendig,Lorup,Koeffizientenbetraege,BB-03--BB-04,PA-03--PA-10,0.5010318075389966
Vollstaendig,Lorup,Koeffizientenbetraege,BB-03--BB-05,PA-03--PA-10,0.4660195474624266
Vollstaendig,Lorup,Koeffizientenbetraege,BB-03--BB-06,PA-03--PA-10,0.4884524662118724
Vollstaendig,Lorup,Koeffizientenbetraege,BB-03--BB-07,PA-01--PA-03,0.4806488537885117
Vollstaendig,Lorup,Koeffizientenbetraege,BB-04--BB-05,AM-01--AM-03,0.5061539150529225
Vollstaendig,Lorup,Koeffizientenbetraege,BB-04--BB-06,PA-03--PA-10,0.5475629457219887
Vollstaendig,Lorup,Koeffizientenbetraege,BB-04--BB-07,PA-01--PA-03,0.4102684075854642
Vollstaendig,Lorup,Koeffizientenbetraege,BB-05--BB-06,PA-03--PA-10,0.5078364740971318
Vollstaendig,Lorup,Koeffizientenbetraege,BB-05--BB-07,PA-04--PA-07,0.4624099426869246
Vollstaendig,Lorup,Koeffizientenbetraege,BB-06--BB-07,PA-01--PA-08,0.8328290521191571
Vollstaendig,Lorup,Koeffizientenbetraege,BC-01--BC-02,AS-03--AS-05,0.2282686901166665
Vollstaendig,Lorup,Koeffizientenbetraege,BC-01--BC-03,AS-02--AS-05,0.2466401368461672
Vollstaendig,Lorup,Koeffizientenbetraege,BC-01--BC-04,AS-02--AS-03,0.4082024595276315
Vollstaendig,Lorup,Koeffizientenbetraege,BC-01--BC-05,AS-02--AS-05,0.1759225214532713
Vollstaendig,Lorup,Koeffizientenbetraege,BC-01--BC-06,AS-02--AS-05,0.3336299319417825
Vollstaendig,Lorup,Koeffizientenbetraege,BC-02--BC-03,RB-02--RB-04,0.3681523275576571
Vollstaendig,Lorup,Koeffizientenbetraege,BC-02--BC-04,AS-02--AS-05,0.3051858284134863
Vollstaendig,Lorup,Koeffizientenbetraege,BC-02--BC-05,AS-02--AS-05,0.2254043773457741
Vollstaendig,Lorup,Koeffizientenbetraege,BC-02--BC-06,PA-08--PA-11,0.4007058220726617
Vollstaendig,Lorup,Koeffizientenbetraege,BC-03--BC-04,AS-03--AS-04,0.1390818229871237
Vollstaendig,Lorup,Koeffizientenbetraege,BC-03--BC-05,RB-01--RB-03,0.2654614803191871
Vollstaendig,Lorup,Koeffizientenbetraege,BC-03--BC-06,AS-01--AS-03,0.1939556028822761
Vollstaendig,Lorup,Koeffizientenbetraege,BC-04--BC-05,AS-03--AS-05,0.2451874619456517
Vollstaendig,Lorup,Koeffizientenbetraege,BC-04--BC-06,AS-03--AS-05,0.1985670738009274
Vollstaendig,Lorup,Koeffizientenbetraege,BC-05--BC-06,AS-03--AS-05,0.2566849857924874
Vollstaendig,Lorup,Koeffizientenbetraege,OF-01--OF-02,AS-05--AS-06,0.1395328660547588
Vollstaendig,Lorup,Koeffizientenbetraege,OF-01--OF-03,AS-02--AS-04,0.3377696036048327
Vollstaendig,Lorup,Koeffizientenbetraege,OF-01--OF-04,AS-02--AS-06,0.3998276995537626
Vollstaendig,Lorup,Koeffizientenbetraege,OF-02--OF-03,AS-02--AS-04,0.2984020304407165
Vollstaendig,Lorup,Koeffizientenbetraege,OF-02--OF-04,BC-01--BC-03,0.3143444978827255
Vollstaendig,Lorup,Koeffizientenbetraege,OF-03--OF-04,AS-02--AS-05,0.3031022551002694
Vollstaendig,Lorup,Koeffizientenbetraege,PA-01--PA-10,BB-02--BB-06,0.6110764468108202
Vollstaendig,Lorup,Koeffizientenbetraege,PA-01--PA-11,AM-01--AM-04,0.8814490949656586
Vollstaendig,Lorup,Koeffizientenbetraege,PA-01--PA-12,AM-01--AM-04,1.063610009623438
Vollstaendig,Lorup,Koeffizientenbetraege,PA-01--PA-02,AM-01--AM-04,0.8156070411754733
Vollstaendig,Lorup,Koeffizientenbetraege,PA-01--PA-03,AM-01--AM-04,0.3591908313626286
Vollstaendig,Lorup,Koeffizientenbetraege,PA-01--PA-04,AM-02--AM-03,0.4034656102649022
Vollstaendig,Lorup,Koeffizientenbetraege,PA-01--PA-05,AM-01--AM-04,0.3955704272164349
Vollstaendig,Lorup,Koeffizientenbetraege,PA-01--PA-06,BB-01--BB-06,0.5733616354462348
Vollstaendig,Lorup,Koeffizientenbetraege,PA-01--PA-07,AM-01--AM-04,0.5117407268566876
Vollstaendig,Lorup,Koeffizientenbetraege,PA-01--PA-08,AM-01--AM-04,0.4634599956950002
Vollstaendig,Lorup,Koeffizientenbetraege,PA-01--PA-09,AM-01--AM-04,0.7850795470869764
Vollstaendig,Lorup,Koeffizientenbetraege,PA-10--PA-11,AM-03--AM-04,0.4989803514366702
Vollstaendig,Lorup,Koeffizientenbetraege,PA-10--PA-12,AM-03--AM-04,0.5829007755212736
Vollstaendig,Lorup,Koeffizientenbetraege,PA-02--PA-10,AM-01--AM-04,0.8017717639468837
Vollstaendig,Lorup,Koeffizientenbetraege,PA-03--PA-10,BB-02--BB-05,0.393043543420162
Vollstaendig,Lorup,Koeffizientenbetraege,PA-04--PA-10,BB-01--BB-06,0.4321451121662986
Vollstaendig,Lorup,Koeffizientenbetraege,PA-05--PA-10,BB-01--BB-04,0.4947884337980764
Vollstaendig,Lorup,Koeffizientenbetraege,PA-06--PA-10,AM-01--AM-03,0.4299306998978311
Vollstaendig,Lorup,Koeffizientenbetraege,PA-07--PA-10,AM-02--AM-03,0.3837490507274566
Vollstaendig,Lorup,Koeffizientenbetraege,PA-08--PA-10,AM-01--AM-03,0.2870847277458376
Vollstaendig,Lorup,Koeffizientenbetraege,PA-09--PA-10,AM-02--AM-03,0.4091430803856059
Vollstaendig,Lorup,Koeffizientenbetraege,PA-11--PA-12,BC-04--BC-05,0.321108149701582
Vollstaendig,Lorup,Koeffizientenbetraege,PA-02--PA-11,BB-01--BB-06,0.7030895676830847
Vollstaendig,Lorup,Koeffizientenbetraege,PA-03--PA-11,AM-01--AM-04,0.6251286738215206
Vollstaendig,Lorup,Koeffizientenbetraege,PA-04--PA-11,AM-01--AM-04,0.4570640161352139
Vollstaendig,Lorup,Koeffizientenbetraege,PA-05--PA-11,AM-02--AM-04,0.1745636416755873
Vollstaendig,Lorup,Koeffizientenbetraege,PA-06--PA-11,BC-02--BC-06,0.5725475957281367
Vollstaendig,Lorup,Koeffizientenbetraege,PA-07--PA-11,AM-02--AM-04,0.3420251923265895
Vollstaendig,Lorup,Koeffizientenbetraege,PA-08--PA-11,AM-02--AM-03,0.3575513588479854
Vollstaendig,Lorup,Koeffizientenbetraege,PA-09--PA-11,AM-02--AM-03,0.2420246599221693
Vollstaendig,Lorup,Koeffizientenbetraege,PA-02--PA-12,BB-01--BB-06,0.6413463021283105
Vollstaendig,Lorup,Koeffizientenbetraege,PA-03--PA-12,AM-01--AM-04,0.9752899514625624
Vollstaendig,Lorup,Koeffizientenbetraege,PA-04--PA-12,AM-01--AM-04,0.7437379951294156
Vollstaendig,Lorup,Koeffizientenbetraege,PA-05--PA-12,AM-01--AM-04,0.3873274702233315
Vollstaendig,Lorup,Koeffizientenbetraege,PA-06--PA-12,AM-03--AM-04,0.5684993189265232
Vollstaendig,Lorup,Koeffizientenbetraege,PA-07--PA-12,AM-01--AM-04,0.3310451833456611
Vollstaendig,Lorup,Koeffizientenbetraege,PA-08--PA-12,AM-03--AM-04,0.3835458474777624
Vollstaendig,Lorup,Koeffizientenbetraege,PA-09--PA-12,AM-03--AM-04,0.4863946971443384
Vollstaendig,Lorup,Koeffizientenbetraege,PA-02--PA-03,AM-01--AM-04,0.7835783160598814
Vollstaendig,Lorup,Koeffizientenbetraege,PA-02--PA-04,AM-03--AM-04,0.8444680219455785
Vollstaendig,Lorup,Koeffizientenbetraege,PA-02--PA-05,AM-01--AM-04,0.6346367548797129
Vollstaendig,Lorup,Koeffizientenbetraege,PA-02--PA-06,AM-01--AM-04,0.7214178866011393
Vollstaendig,Lorup,Koeffizientenbetraege,PA-02--PA-07,AM-01--AM-04,0.5169566391341147
Vollstaendig,Lorup,Koeffizientenbetraege,PA-02--PA-08,AM-01--AM-04,0.8414058559503736
Vollstaendig,Lorup,Koeffizientenbetraege,PA-02--PA-09,AM-01--AM-04,0.9372837467325004
Vollstaendig,Lorup,Koeffizientenbetraege,PA-03--PA-04,AM-03--AM-04,0.4639675582973527
Vollstaendig,Lorup,Koeffizientenbetraege,PA-03--PA-05,AM-02--AM-03,0.2897975719516369
Vollstaendig,Lorup,Koeffizientenbetraege,PA-03--PA-06,BB-02--BB-04,0.4545022935994605
Vollstaendig,Lorup,Koeffizientenbetraege,PA-03--PA-07,AM-02--AM-03,0.3567956007849194
Vollstaendig,Lorup,Koeffizientenbetraege,PA-03--PA-08,AM-01--AM-03,0.3529946744629971
Vollstaendig,Lorup,Koeffizientenbetraege,PA-03--PA-09,BB-01--BB-05,0.559262817750887
Vollstaendig,Lorup,Koeffizientenbetraege,PA-04--PA-05,AM-02--AM-04,0.3931197627695355
Vollstaendig,Lorup,Koeffizientenbetraege,PA-04--PA-06,AM-02--AM-04,0.3264301541191541
Vollstaendig,Lorup,Koeffizientenbetraege,PA-04--PA-07,AM-01--AM-04,0.3061639971823084
Vollstaendig,Lorup,Koeffizientenbetraege,PA-04--PA-08,AM-01--AM-04,0.3911686604388696
Vollstaendig,Lorup,Koeffizientenbetraege,PA-04--PA-09,AM-01--AM-04,0.3194643790162886
Vollstaendig,Lorup,Koeffizientenbetraege,PA-05--PA-06,AM-01--AM-02,0.3409014174267059
Vollstaendig,Lorup,Koeffizientenbetraege,PA-05--PA-07,BC-04--BC-05,0.4872106373775661
Vollstaendig,Lorup,Koeffizientenbetraege,PA-05--PA-08,AM-02--AM-03,0.378919345822631
Vollstaendig,Lorup,Koeffizientenbetraege,PA-05--PA-09,AM-02--AM-03,0.3202678597174915
Vollstaendig,Lorup,Koeffizientenbetraege,PA-06--PA-07,AM-01--AM-02,0.3625784888589352
Vollstaendig,Lorup,Koeffizientenbetraege,PA-06--PA-08,AM-02--AM-04,0.4656227108459476
Vollstaendig,Lorup,Koeffizientenbetraege,PA-06--PA-09,BC-02--BC-06,0.5459996126532283
Vollstaendig,Lorup,Koeffizientenbetraege,PA-07--PA-08,AM-02--AM-03,0.3032068316407845
Vollstaendig,Lorup,Koeffizientenbetraege,PA-07--PA-09,AM-01--AM-02,0.2707428134093031
Vollstaendig,Lorup,Koeffizientenbetraege,PA-08--PA-09,AM-02--AM-03,0.3707368955070559
Vollstaendig,Lorup,Koeffizientenbetraege,RB-01--RB-02,AS-05--AS-06,0.0704260514306576
Vollstaendig,Lorup,Koeffizientenbetraege,RB-01--RB-03,BC-03--BC-04,0.1774974911602398
Vollstaendig,Lorup,Koeffizientenbetraege,RB-01--RB-04,AS-02--AS-03,0.2527782839984135
Vollstaendig,Lorup,Koeffizientenbetraege,RB-01--RB-05,AS-02--AS-03,0.1553460228625278
Vollstaendig,Lorup,Koeffizientenbetraege,RB-02--RB-03,AS-05--AS-06,0.1178944442868445
Vollstaendig,Lorup,Koeffizientenbetraege,RB-02--RB-04,AS-02--AS-03,0.222660867064285
Vollstaendig,Lorup,Koeffizientenbetraege,RB-02--RB-05,AS-02--AS-03,0.1134447272736045
Vollstaendig,Lorup,Koeffizientenbetraege,RB-03--RB-04,AS-02--AS-03,0.1861606999682138
Vollstaendig,Lorup,Koeffizientenbetraege,RB-03--RB-05,AS-02--AS-03,0.1467960006676925
Vollstaendig,Lorup,Koeffizientenbetraege,RB-04--RB-05,AS-05--AS-06,0.1108843256838481
Vollstaendig,Lorup,Gleichgewichtung,AS-01--AS-02,PA-11--PA-12,0.3721004030169508
Vollstaendig,Lorup,Gleichgewichtung,AS-01--AS-03,RB-03--RB-05,0.1438451289910759
Vollstaendig,Lorup,Gleichgewichtung,AS-01--AS-04,BC-04--BC-06,0.2986342239622376
Vollstaendig,Lorup,Gleichgewichtung,AS-01--AS-05,BC-05--BC-06,0.3434320041907165
Vollstaendig,Lorup,Gleichgewichtung,AS-01--AS-06,RB-03--RB-04,0.3468329680195085
Vollstaendig,Lorup,Gleichgewichtung,AS-02--AS-03,RB-02--RB-05,0.0981693181119106
Vollstaendig,Lorup,Gleichgewichtung,AS-02--AS-04,OF-02--OF-03,0.2579344242796567
Vollstaendig,Lorup,Gleichgewichtung,AS-02--AS-05,BC-01--BC-05,0.224293330816283
Vollstaendig,Lorup,Gleichgewichtung,AS-02--AS-06,RB-02--RB-05,0.2684032103167121
Vollstaendig,Lorup,Gleichgewichtung,AS-03--AS-04,BC-03--BC-04,0.1469763041558417
Vollstaendig,Lorup,Gleichgewichtung,AS-03--AS-05,BC-04--BC-05,0.2171295237230585
Vollstaendig,Lorup,Gleichgewichtung,AS-03--AS-06,BC-03--BC-04,0.1770300130683793
Vollstaendig,Lorup,Gleichgewichtung,AS-04--AS-05,BC-03--BC-04,0.240488463792414
Vollstaendig,Lorup,Gleichgewichtung,AS-04--AS-06,OF-01--OF-02,0.1574016492531924
Vollstaendig,Lorup,Gleichgewichtung,AS-05--AS-06,RB-01--RB-02,0.0622386393488442
Vollstaendig,Lorup,Gleichgewichtung,AM-01--AM-02,PA-07--PA-08,0.3605378456696484
Vollstaendig,Lorup,Gleichgewichtung,AM-01--AM-03,PA-05--PA-08,0.3795376546189251
Vollstaendig,Lorup,Gleichgewichtung,AM-01--AM-04,PA-04--PA-07,0.2525754806481928
Vollstaendig,Lorup,Gleichgewichtung,AM-02--AM-03,PA-09--PA-11,0.24660986776268
Vollstaendig,Lorup,Gleichgewichtung,AM-02--AM-04,PA-05--PA-11,0.2682437135151448
Vollstaendig,Lorup,Gleichgewichtung,AM-03--AM-04,PA-03--PA-04,0.4209222990356656
Vollstaendig,Lorup,Gleichgewichtung,BB-01--BB-02,AM-01--AM-03,0.4672520727534845
Vollstaendig,Lorup,Gleichgewichtung,BB-01--BB-03,PA-07--PA-08,0.412633609581151
Vollstaendig,Lorup,Gleichgewichtung,BB-01--BB-04,AM-01--AM-03,0.4754052319778539
Vollstaendig,Lorup,Gleichgewichtung,BB-01--BB-05,PA-03--PA-08,0.3609603308814282
Vollstaendig,Lorup,Gleichgewichtung,BB-01--BB-06,PA-04--PA-10,0.4239902958714509
Vollstaendig,Lorup,Gleichgewichtung,BB-01--BB-07,PA-04--PA-10,0.4316449051011514
Vollstaendig,Lorup,Gleichgewichtung,BB-02--BB-03,PA-04--PA-05,0.3796082057120222
Vollstaendig,Lorup,Gleichgewichtung,BB-02--BB-04,PA-04--PA-05,0.3952110156913383
Vollstaendig,Lorup,Gleichgewichtung,BB-02--BB-05,PA-04--PA-06,0.4682265068346418
Vollstaendig,Lorup,Gleichgewichtung,BB-02--BB-06,PA-04--PA-10,0.5993871964127307
Vollstaendig,Lorup,Gleichgewichtung,BB-02--BB-07,PA-08--PA-10,0.3492694237498419
Vollstaendig,Lorup,Gleichgewichtung,BB-03--BB-04,AM-01--AM-03,0.5529096781512446
Vollstaendig,Lorup,Gleichgewichtung,BB-03--BB-05,PA-04--PA-07,0.5074959556492402
Vollstaendig,Lorup,Gleichgewichtung,BB-03--BB-06,AM-01--AM-03,0.5712479925170959
Vollstaendig,Lorup,Gleichgewichtung,BB-03--BB-07,PA-04--PA-08,0.5106542601067321
Vollstaendig,Lorup,Gleichgewichtung,BB-04--BB-05,AM-01--AM-02,0.4729925709409173
Vollstaendig,Lorup,Gleichgewichtung,BB-04--BB-06,AM-01--AM-03,0.6749589690461387
Vollstaendig,Lorup,Gleichgewichtung,BB-04--BB-07,PA-04--PA-08,0.4030529474006811
Vollstaendig,Lorup,Gleichgewichtung,BB-05--BB-06,AM-01--AM-02,0.6484384934482591
Vollstaendig,Lorup,Gleichgewichtung,BB-05--BB-07,PA-04--PA-05,0.4326139284770713
Vollstaendig,Lorup,Gleichgewichtung,BB-06--BB-07,PA-04--PA-08,0.7971335855830858
Vollstaendig,Lorup,Gleichgewichtung,BC-01--BC-02,AS-03--AS-05,0.2491343494736151
Vollstaendig,Lorup,Gleichgewichtung,BC-01--BC-03,AS-02--AS-05,0.3799272437138427
Vollstaendig,Lorup,Gleichgewichtung,BC-01--BC-04,OF-03--OF-04,0.4277665430137928
Vollstaendig,Lorup,Gleichgewichtung,BC-01--BC-05,AS-02--AS-05,0.224293330816283
Vollstaendig,Lorup,Gleichgewichtung,BC-01--BC-06,OF-03--OF-04,0.3248617785984111
Vollstaendig,Lorup,Gleichgewichtung,BC-02--BC-03,AS-02--AS-05,0.495876231115699
Vollstaendig,Lorup,Gleichgewichtung,BC-02--BC-04,OF-03--OF-04,0.4510522834439479
Vollstaendig,Lorup,Gleichgewichtung,BC-02--BC-05,AS-02--AS-05,0.2243045728990271
Vollstaendig,Lorup,Gleichgewichtung,BC-02--BC-06,PA-07--PA-11,0.3675018520454204
Vollstaendig,Lorup,Gleichgewichtung,BC-03--BC-04,AS-03--AS-04,0.1469763041558417
Vollstaendig,Lorup,Gleichgewichtung,BC-03--BC-05,AS-03--AS-05,0.2606533986819688
Vollstaendig,Lorup,Gleichgewichtung,BC-03--BC-06,AS-01--AS-03,0.2620671909120668
Vollstaendig,Lorup,Gleichgewichtung,BC-04--BC-05,AS-03--AS-05,0.2171295237230585
Vollstaendig,Lorup,Gleichgewichtung,BC-04--BC-06,AS-02--AS-05,0.2878880376283881
Vollstaendig,Lorup,Gleichgewichtung,BC-05--BC-06,AS-03--AS-05,0.3182741647681123
Vollstaendig,Lorup,Gleichgewichtung,OF-01--OF-02,AS-05--AS-06,0.1540048293668714
Vollstaendig,Lorup,Gleichgewichtung,OF-01--OF-03,AS-02--AS-06,0.3416878201659876
Vollstaendig,Lorup,Gleichgewichtung,OF-01--OF-04,BC-01--BC-03,0.5861048639263167
Vollstaendig,Lorup,Gleichgewichtung,OF-02--OF-03,AS-02--AS-04,0.2579344242796567
Vollstaendig,Lorup,Gleichgewichtung,OF-02--OF-04,BC-01--BC-03,0.3906120567285193
Vollstaendig,Lorup,Gleichgewichtung,OF-03--OF-04,BC-01--BC-06,0.3248617785984111
Vollstaendig,Lorup,Gleichgewichtung,PA-01--PA-10,BB-02--BB-06,0.7461330736700679
Vollstaendig,Lorup,Gleichgewichtung,PA-01--PA-11,AM-01--AM-04,1.0832941846680295
Vollstaendig,Lorup,Gleichgewichtung,PA-01--PA-12,AM-01--AM-04,1.251718274330986
Vollstaendig,Lorup,Gleichgewichtung,PA-01--PA-02,AM-01--AM-04,0.8488120087766865
Vollstaendig,Lorup,Gleichgewichtung,PA-01--PA-03,AM-01--AM-04,0.3690650251747518
Vollstaendig,Lorup,Gleichgewichtung,PA-01--PA-04,AM-02--AM-03,0.4239480588384161
Vollstaendig,Lorup,Gleichgewichtung,PA-01--PA-05,AM-01--AM-04,0.3730201301034267
Vollstaendig,Lorup,Gleichgewichtung,PA-01--PA-06,BB-01--BB-06,0.5256724621646433
Vollstaendig,Lorup,Gleichgewichtung,PA-01--PA-07,AM-01--AM-04,0.5473677333729556
Vollstaendig,Lorup,Gleichgewichtung,PA-01--PA-08,AM-01--AM-04,0.5025797589815906
Vollstaendig,Lorup,Gleichgewichtung,PA-01--PA-09,AM-01--AM-04,0.923895804209754
Vollstaendig,Lorup,Gleichgewichtung,PA-10--PA-11,BC-02--BC-06,0.7250390103927491
Vollstaendig,Lorup,Gleichgewichtung,PA-10--PA-12,AM-03--AM-04,0.9870499697954568
Vollstaendig,Lorup,Gleichgewichtung,PA-02--PA-10,AM-01--AM-04,0.9000819387405743
Vollstaendig,Lorup,Gleichgewichtung,PA-03--PA-10,BB-01--BB-06,0.4294764827291129
Vollstaendig,Lorup,Gleichgewichtung,PA-04--PA-10,AM-02--AM-04,0.4226180369530489
Vollstaendig,Lorup,Gleichgewichtung,PA-05--PA-10,BB-02--BB-07,0.5564728141677863
Vollstaendig,Lorup,Gleichgewichtung,PA-06--PA-10,BB-02--BB-07,0.6074620325061237
Vollstaendig,Lorup,Gleichgewichtung,PA-07--PA-10,AM-02--AM-03,0.5002151017191571
Vollstaendig,Lorup,Gleichgewichtung,PA-08--PA-10,AM-02--AM-04,0.3483234696679679
Vollstaendig,Lorup,Gleichgewichtung,PA-09--PA-10,AM-02--AM-03,0.5474049837260092
Vollstaendig,Lorup,Gleichgewichtung,PA-11--PA-12,BC-04--BC-05,0.2920604093963637
Vollstaendig,Lorup,Gleichgewichtung,PA-02--PA-11,BB-01--BB-06,0.8769552132774531
Vollstaendig,Lorup,Gleichgewichtung,PA-03--PA-11,BC-01--BC-06,0.9355129486939872
Vollstaendig,Lorup,Gleichgewichtung,PA-04--PA-11,AM-01--AM-04,0.6225402659706426
Vollstaendig,Lorup,Gleichgewichtung,PA-05--PA-11,AM-02--AM-04,0.2682437135151448
Vollstaendig,Lorup,Gleichgewichtung,PA-06--PA-11,AM-01--AM-04,0.542445658426959
Vollstaendig,Lorup,Gleichgewichtung,PA-07--PA-11,AM-02--AM-04,0.3118165061203007
Vollstaendig,Lorup,Gleichgewichtung,PA-08--PA-11,BC-02--BC-06,0.3681174038166432
Vollstaendig,Lorup,Gleichgewichtung,PA-09--PA-11,AM-02--AM-03,0.24660986776268
Vollstaendig,Lorup,Gleichgewichtung,PA-02--PA-12,BB-01--BB-06,0.8924251476085345
Vollstaendig,Lorup,Gleichgewichtung,PA-03--PA-12,AM-01--AM-04,1.2761834461803427
Vollstaendig,Lorup,Gleichgewichtung,PA-04--PA-12,AM-01--AM-04,0.9100411246091744
Vollstaendig,Lorup,Gleichgewichtung,PA-05--PA-12,AM-01--AM-04,0.5466049733126004
Vollstaendig,Lorup,Gleichgewichtung,PA-06--PA-12,AM-01--AM-04,0.5793112651178774
Vollstaendig,Lorup,Gleichgewichtung,PA-07--PA-12,AM-01--AM-04,0.3285251440406431
Vollstaendig,Lorup,Gleichgewichtung,PA-08--PA-12,AM-03--AM-04,0.5026393240003507
Vollstaendig,Lorup,Gleichgewichtung,PA-09--PA-12,AM-02--AM-03,0.5736405755141042
Vollstaendig,Lorup,Gleichgewichtung,PA-02--PA-03,AM-01--AM-04,0.7544520935338177
Vollstaendig,Lorup,Gleichgewichtung,PA-02--PA-04,AM-01--AM-04,0.8407726531012986
Vollstaendig,Lorup,Gleichgewichtung,PA-02--PA-05,AM-01--AM-04,0.6274674958702826
Vollstaendig,Lorup,Gleichgewichtung,PA-02--PA-06,AM-01--AM-04,0.7064463042916146
Vollstaendig,Lorup,Gleichgewichtung,PA-02--PA-07,AM-01--AM-04,0.5128266182479969
Vollstaendig,Lorup,Gleichgewichtung,PA-02--PA-08,AM-01--AM-04,0.7458677602969949
Vollstaendig,Lorup,Gleichgewichtung,PA-02--PA-09,AM-01--AM-04,1.0140936723788694
Vollstaendig,Lorup,Gleichgewichtung,PA-03--PA-04,BB-02--BB-03,0.397959686996711
Vollstaendig,Lorup,Gleichgewichtung,PA-03--PA-05,AM-02--AM-03,0.4249569337128646
Vollstaendig,Lorup,Gleichgewichtung,PA-03--PA-06,BB-02--BB-07,0.5084856239745406
Vollstaendig,Lorup,Gleichgewichtung,PA-03--PA-07,AM-02--AM-03,0.4886492101843865
Vollstaendig,Lorup,Gleichgewichtung,PA-03--PA-08,BB-01--BB-05,0.3609603308814282
Vollstaendig,Lorup,Gleichgewichtung,PA-03--PA-09,BC-01--BC-04,0.6148051411917829
Vollstaendig,Lorup,Gleichgewichtung,PA-04--PA-05,AM-01--AM-04,0.3614850255765859
Vollstaendig,Lorup,Gleichgewichtung,PA-04--PA-06,AM-02--AM-04,0.3551238231681184
Vollstaendig,Lorup,Gleichgewichtung,PA-04--PA-07,AM-01--AM-04,0.2525754806481928
Vollstaendig,Lorup,Gleichgewichtung,PA-04--PA-08,AM-01--AM-04,0.3614657143944496
Vollstaendig,Lorup,Gleichgewichtung,PA-04--PA-09,AM-01--AM-04,0.4164434270511787
Vollstaendig,Lorup,Gleichgewichtung,PA-05--PA-06,AM-01--AM-02,0.3746513770574992
Vollstaendig,Lorup,Gleichgewichtung,PA-05--PA-07,AM-01--AM-03,0.4329066375064807
Vollstaendig,Lorup,Gleichgewichtung,PA-05--PA-08,AM-02--AM-03,0.3024266386636888
Vollstaendig,Lorup,Gleichgewichtung,PA-05--PA-09,AM-02--AM-03,0.4306885017021338
Vollstaendig,Lorup,Gleichgewichtung,PA-06--PA-07,AM-01--AM-02,0.3919893212784402
Vollstaendig,Lorup,Gleichgewichtung,PA-06--PA-08,AM-02--AM-04,0.3863156287399301
Vollstaendig,Lorup,Gleichgewichtung,PA-06--PA-09,BC-02--BC-06,0.5162626225006833
Vollstaendig,Lorup,Gleichgewichtung,PA-07--PA-08,AM-01--AM-02,0.3605378456696484
Vollstaendig,Lorup,Gleichgewichtung,PA-07--PA-09,RB-03--RB-04,0.4056795225073611
Vollstaendig,Lorup,Gleichgewichtung,PA-08--PA-09,RB-03--RB-04,0.4464435021895707
Vollstaendig,Lorup,Gleichgewichtung,RB-01--RB-02,AS-05--AS-06,0.0622386393488442
Vollstaendig,Lorup,Gleichgewichtung,RB-01--RB-03,BC-03--BC-04,0.1655670272383468
Vollstaendig,Lorup,Gleichgewichtung,RB-01--RB-04,AS-02--AS-03,0.2566427999957404
Vollstaendig,Lorup,Gleichgewichtung,RB-01--RB-05,AS-02--AS-03,0.1838693484759388
Vollstaendig,Lorup,Gleichgewichtung,RB-02--RB-03,AS-05--AS-06,0.1240156450474691
Vollstaendig,Lorup,Gleichgewichtung,RB-02--RB-04,AS-02--AS-03,0.2125971742351659
Vollstaendig,Lorup,Gleichgewichtung,RB-02--RB-05,AS-02--AS-03,0.0981693181119106
Vollstaendig,Lorup,Gleichgewichtung,RB-03--RB-04,AS-01--AS-03,0.1903338845241281
Vollstaendig,Lorup,Gleichgewichtung,RB-03--RB-05,AS-01--AS-03,0.1438451289910759
Vollstaendig,Lorup,Gleichgewichtung,RB-04--RB-05,AS-05--AS-06,0.0879423009311033
Vollstaendig,Ostfriesland,Koeffizientenbetraege,AS-01--AS-02,LO-02--LO-03,0.1240781681526468
Vollstaendig,Ostfriesland,Koeffizientenbetraege,AS-01--AS-03,RB-03--RB-05,0.1836815183532099
Vollstaendig,Ostfriesland,Koeffizientenbetraege,AS-01--AS-04,BC-04--BC-06,0.2338468778823993
Vollstaendig,Ostfriesland,Koeffizientenbetraege,AS-01--AS-05,BC-05--BC-06,0.2772307954466878
Vollstaendig,Ostfriesland,Koeffizientenbetraege,AS-01--AS-06,BC-04--BC-06,0.2749485936533618
Vollstaendig,Ostfriesland,Koeffizientenbetraege,AS-02--AS-03,RB-02--RB-05,0.1188147757180907
Vollstaendig,Ostfriesland,Koeffizientenbetraege,AS-02--AS-04,RB-02--RB-05,0.2598026376848806
Vollstaendig,Ostfriesland,Koeffizientenbetraege,AS-02--AS-05,BC-01--BC-05,0.1794240187677205
Vollstaendig,Ostfriesland,Koeffizientenbetraege,AS-02--AS-06,BC-01--BC-05,0.2320198858562958
Vollstaendig,Ostfriesland,Koeffizientenbetraege,AS-03--AS-04,BC-03--BC-04,0.145185921389585
Vollstaendig,Ostfriesland,Koeffizientenbetraege,AS-03--AS-05,LO-01--LO-02,0.2026945752377888
Vollstaendig,Ostfriesland,Koeffizientenbetraege,AS-03--AS-06,BC-03--BC-04,0.1821559575806474
Vollstaendig,Ostfriesland,Koeffizientenbetraege,AS-04--AS-05,RB-04--RB-05,0.1309026467554719
Vollstaendig,Ostfriesland,Koeffizientenbetraege,AS-04--AS-06,RB-01--RB-02,0.1039017407424223
Vollstaendig,Ostfriesland,Koeffizientenbetraege,AS-05--AS-06,RB-01--RB-02,0.0643743729552061
Vollstaendig,Ostfriesland,Koeffizientenbetraege,AM-01--AM-02,PA-06--PA-07,0.3574546564474666
Vollstaendig,Ostfriesland,Koeffizientenbetraege,AM-01--AM-03,PA-08--PA-10,0.2980862506343744
Vollstaendig,Ostfriesland,Koeffizientenbetraege,AM-01--AM-04,PA-04--PA-08,0.3006447148319086
Vollstaendig,Ostfriesland,Koeffizientenbetraege,AM-02--AM-03,PA-07--PA-08,0.2488374339050358
Vollstaendig,Ostfriesland,Koeffizientenbetraege,AM-02--AM-04,PA-05--PA-11,0.2762881159305053
Vollstaendig,Ostfriesland,Koeffizientenbetraege,AM-03--AM-04,PA-09--PA-10,0.3716269772686725
Vollstaendig,Ostfriesland,Koeffizientenbetraege,BB-01--BB-02,AM-01--AM-03,0.5336361322368491
Vollstaendig,Ostfriesland,Koeffizientenbetraege,BB-01--BB-03,PA-06--PA-07,0.4652217340905274
Vollstaendig,Ostfriesland,Koeffizientenbetraege,BB-01--BB-04,PA-05--PA-10,0.4970838381058077
Vollstaendig,Ostfriesland,Koeffizientenbetraege,BB-01--BB-05,PA-03--PA-08,0.3793877354168449
Vollstaendig,Ostfriesland,Koeffizientenbetraege,BB-01--BB-06,PA-03--PA-10,0.4861475674661163
Vollstaendig,Ostfriesland,Koeffizientenbetraege,BB-01--BB-07,PA-01--PA-03,0.4875360457299714
Vollstaendig,Ostfriesland,Koeffizientenbetraege,BB-02--BB-03,PA-04--PA-05,0.4401032623045638
Vollstaendig,Ostfriesland,Koeffizientenbetraege,BB-02--BB-04,PA-03--PA-04,0.4524829512343183
Vollstaendig,Ostfriesland,Koeffizientenbetraege,BB-02--BB-05,PA-04--PA-06,0.519845859103004
Vollstaendig,Ostfriesland,Koeffizientenbetraege,BB-02--BB-06,PA-02--PA-05,0.6488505797328646
Vollstaendig,Ostfriesland,Koeffizientenbetraege,BB-02--BB-07,PA-08--PA-10,0.4273682825361877
Vollstaendig,Ostfriesland,Koeffizientenbetraege,BB-03--BB-04,PA-04--PA-06,0.56812899952086
Vollstaendig,Ostfriesland,Koeffizientenbetraege,BB-03--BB-05,PA-04--PA-07,0.5290358824041432
Vollstaendig,Ostfriesland,Koeffizientenbetraege,BB-03--BB-06,PA-04--PA-06,0.5109163451174311
Vollstaendig,Ostfriesland,Koeffizientenbetraege,BB-03--BB-07,PA-01--PA-03,0.4759912899349
Vollstaendig,Ostfriesland,Koeffizientenbetraege,BB-04--BB-05,AM-01--AM-03,0.5404702743821022
Vollstaendig,Ostfriesland,Koeffizientenbetraege,BB-04--BB-06,PA-04--PA-06,0.6146616720709144
Vollstaendig,Ostfriesland,Koeffizientenbetraege,BB-04--BB-07,PA-01--PA-03,0.409593322249613
Vollstaendig,Ostfriesland,Koeffizientenbetraege,BB-05--BB-06,PA-04--PA-06,0.6702067531131427
Vollstaendig,Ostfriesland,Koeffizientenbetraege,BB-05--BB-07,PA-01--PA-03,0.4903111441194267
Vollstaendig,Ostfriesland,Koeffizientenbetraege,BB-06--BB-07,PA-01--PA-08,0.8904328608856001
Vollstaendig,Ostfriesland,Koeffizientenbetraege,BC-01--BC-02,AS-03--AS-05,0.2435865008906421
Vollstaendig,Ostfriesland,Koeffizientenbetraege,BC-01--BC-03,AS-02--AS-03,0.2988129091618087
Vollstaendig,Ostfriesland,Koeffizientenbetraege,BC-01--BC-04,AS-02--AS-03,0.3623426211014555
Vollstaendig,Ostfriesland,Koeffizientenbetraege,BC-01--BC-05,AS-02--AS-05,0.1794240187677205
Vollstaendig,Ostfriesland,Koeffizientenbetraege,BC-01--BC-06,AS-02--AS-05,0.2490341170120783
Vollstaendig,Ostfriesland,Koeffizientenbetraege,BC-02--BC-03,RB-01--RB-05,0.4459491770612702
Vollstaendig,Ostfriesland,Koeffizientenbetraege,BC-02--BC-04,AS-02--AS-05,0.4017319546610267
Vollstaendig,Ostfriesland,Koeffizientenbetraege,BC-02--BC-05,AS-02--AS-05,0.2625255696322315
Vollstaendig,Ostfriesland,Koeffizientenbetraege,BC-02--BC-06,RB-01--RB-04,0.3917999572091175
Vollstaendig,Ostfriesland,Koeffizientenbetraege,BC-03--BC-04,AS-03--AS-04,0.145185921389585
Vollstaendig,Ostfriesland,Koeffizientenbetraege,BC-03--BC-05,RB-01--RB-03,0.264888651702187
Vollstaendig,Ostfriesland,Koeffizientenbetraege,BC-03--BC-06,AS-01--AS-03,0.1859356313414305
Vollstaendig,Ostfriesland,Koeffizientenbetraege,BC-04--BC-05,AS-03--AS-05,0.2127711281689853
Vollstaendig,Ostfriesland,Koeffizientenbetraege,BC-04--BC-06,AS-01--AS-03,0.1864424098393593
Vollstaendig,Ostfriesland,Koeffizientenbetraege,BC-05--BC-06,AS-01--AS-05,0.2772307954466878
Vollstaendig,Ostfriesland,Koeffizientenbetraege,LO-01--LO-02,AS-01--AS-02,0.1299542746564958
Vollstaendig,Ostfriesland,Koeffizientenbetraege,LO-01--LO-03,AS-01--AS-02,0.2992456738214859
Vollstaendig,Ostfriesland,Koeffizientenbetraege,LO-02--LO-03,AS-01--AS-02,0.1240781681526468
Vollstaendig,Ostfriesland,Koeffizientenbetraege,PA-01--PA-10,BB-02--BB-06,0.7815644835888197
Vollstaendig,Ostfriesland,Koeffizientenbetraege,PA-01--PA-11,BB-03--BB-07,1.0841491662729328
Vollstaendig,Ostfriesland,Koeffizientenbetraege,PA-01--PA-12,AM-01--AM-04,1.192207377164764
Vollstaendig,Ostfriesland,Koeffizientenbetraege,PA-01--PA-02,BB-04--BB-07,0.7613080994825884
Vollstaendig,Ostfriesland,Koeffizientenbetraege,PA-01--PA-03,AM-01--AM-04,0.3504699382882938
Vollstaendig,Ostfriesland,Koeffizientenbetraege,PA-01--PA-04,AM-02--AM-03,0.4095821066164495
Vollstaendig,Ostfriesland,Koeffizientenbetraege,PA-01--PA-05,AM-01--AM-04,0.3772418001461738
Vollstaendig,Ostfriesland,Koeffizientenbetraege,PA-01--PA-06,BB-01--BB-06,0.6285111657158302
Vollstaendig,Ostfriesland,Koeffizientenbetraege,PA-01--PA-07,AM-01--AM-04,0.509542385607276
Vollstaendig,Ostfriesland,Koeffizientenbetraege,PA-01--PA-08,AM-01--AM-04,0.5378581312826854
Vollstaendig,Ostfriesland,Koeffizientenbetraege,PA-01--PA-09,AM-01--AM-04,0.9689919813999156
Vollstaendig,Ostfriesland,Koeffizientenbetraege,PA-10--PA-11,AM-03--AM-04,0.3896929819384496
Vollstaendig,Ostfriesland,Koeffizientenbetraege,PA-10--PA-12,AM-03--AM-04,0.4624526130840196
Vollstaendig,Ostfriesland,Koeffizientenbetraege,PA-02--PA-10,AM-01--AM-04,0.8528619783686893
Vollstaendig,Ostfriesland,Koeffizientenbetraege,PA-03--PA-10,BB-01--BB-06,0.4861475674661163
Vollstaendig,Ostfriesland,Koeffizientenbetraege,PA-04--PA-10,AM-01--AM-04,0.4561047086028556
Vollstaendig,Ostfriesland,Koeffizientenbetraege,PA-05--PA-10,AM-02--AM-04,0.4647042169837217
Vollstaendig,Ostfriesland,Koeffizientenbetraege,PA-06--PA-10,AM-01--AM-03,0.3634492085274425
Vollstaendig,Ostfriesland,Koeffizientenbetraege,PA-07--PA-10,AM-02--AM-03,0.3703656155582542
Vollstaendig,Ostfriesland,Koeffizientenbetraege,PA-08--PA-10,AM-01--AM-03,0.2980862506343744
Vollstaendig,Ostfriesland,Koeffizientenbetraege,PA-09--PA-10,AM-03--AM-04,0.3716269772686725
Vollstaendig,Ostfriesland,Koeffizientenbetraege,PA-11--PA-12,BC-04--BC-05,0.3154912029477283
Vollstaendig,Ostfriesland,Koeffizientenbetraege,PA-02--PA-11,BB-01--BB-06,0.9145577793724862
Vollstaendig,Ostfriesland,Koeffizientenbetraege,PA-03--PA-11,AM-01--AM-04,0.733328176903817
Vollstaendig,Ostfriesland,Koeffizientenbetraege,PA-04--PA-11,AM-01--AM-04,0.5891441480650951
Vollstaendig,Ostfriesland,Koeffizientenbetraege,PA-05--PA-11,AM-02--AM-04,0.2762881159305053
Vollstaendig,Ostfriesland,Koeffizientenbetraege,PA-06--PA-11,BC-02--BC-06,0.6339136663130618
Vollstaendig,Ostfriesland,Koeffizientenbetraege,PA-07--PA-11,AM-02--AM-04,0.3107771906696125
Vollstaendig,Ostfriesland,Koeffizientenbetraege,PA-08--PA-11,BC-02--BC-06,0.4321132765334248
Vollstaendig,Ostfriesland,Koeffizientenbetraege,PA-09--PA-11,AM-02--AM-03,0.2752610363966993
Vollstaendig,Ostfriesland,Koeffizientenbetraege,PA-02--PA-12,BB-01--BB-06,0.9134086348556292
Vollstaendig,Ostfriesland,Koeffizientenbetraege,PA-03--PA-12,AM-01--AM-04,0.918575982832694
Vollstaendig,Ostfriesland,Koeffizientenbetraege,PA-04--PA-12,AM-01--AM-04,0.7480181823758036
Vollstaendig,Ostfriesland,Koeffizientenbetraege,PA-05--PA-12,AM-01--AM-04,0.45010148301142
Vollstaendig,Ostfriesland,Koeffizientenbetraege,PA-06--PA-12,AM-01--AM-04,0.5411228049557969
Vollstaendig,Ostfriesland,Koeffizientenbetraege,PA-07--PA-12,AM-01--AM-04,0.3540170081726363
Vollstaendig,Ostfriesland,Koeffizientenbetraege,PA-08--PA-12,AM-03--AM-04,0.4929050350953594
Vollstaendig,Ostfriesland,Koeffizientenbetraege,PA-09--PA-12,AM-03--AM-04,0.4524787399452231
Vollstaendig,Ostfriesland,Koeffizientenbetraege,PA-02--PA-03,BB-05--BB-07,0.6475150000203763
Vollstaendig,Ostfriesland,Koeffizientenbetraege,PA-02--PA-04,AM-01--AM-04,0.7810923848597515
Vollstaendig,Ostfriesland,Koeffizientenbetraege,PA-02--PA-05,AM-01--AM-04,0.6122223256792152
Vollstaendig,Ostfriesland,Koeffizientenbetraege,PA-02--PA-06,BB-03--BB-07,0.6963664242768376
Vollstaendig,Ostfriesland,Koeffizientenbetraege,PA-02--PA-07,AM-01--AM-04,0.5769211955722442
Vollstaendig,Ostfriesland,Koeffizientenbetraege,PA-02--PA-08,AM-01--AM-04,0.7479703794474799
Vollstaendig,Ostfriesland,Koeffizientenbetraege,PA-02--PA-09,AM-01--AM-04,1.0611552404370217
Vollstaendig,Ostfriesland,Koeffizientenbetraege,PA-03--PA-04,AM-03--AM-04,0.4217934255459375
Vollstaendig,Ostfriesland,Koeffizientenbetraege,PA-03--PA-05,AM-02--AM-03,0.2863923409969348
Vollstaendig,Ostfriesland,Koeffizientenbetraege,PA-03--PA-06,AM-02--AM-04,0.4700694397450718
Vollstaendig,Ostfriesland,Koeffizientenbetraege,PA-03--PA-07,AM-02--AM-03,0.4101043177762308
Vollstaendig,Ostfriesland,Koeffizientenbetraege,PA-03--PA-08,AM-01--AM-03,0.3714439027432949
Vollstaendig,Ostfriesland,Koeffizientenbetraege,PA-03--PA-09,RB-02--RB-04,0.7256040512345308
Vollstaendig,Ostfriesland,Koeffizientenbetraege,PA-04--PA-05,AM-02--AM-04,0.3754105871680432
Vollstaendig,Ostfriesland,Koeffizientenbetraege,PA-04--PA-06,AM-02--AM-04,0.3351524261264373
Vollstaendig,Ostfriesland,Koeffizientenbetraege,PA-04--PA-07,AM-01--AM-04,0.3142885346446944
Vollstaendig,Ostfriesland,Koeffizientenbetraege,PA-04--PA-08,AM-01--AM-04,0.3006447148319086
Vollstaendig,Ostfriesland,Koeffizientenbetraege,PA-04--PA-09,AM-01--AM-04,0.4549682554545837
Vollstaendig,Ostfriesland,Koeffizientenbetraege,PA-05--PA-06,AM-01--AM-02,0.3755700402164943
Vollstaendig,Ostfriesland,Koeffizientenbetraege,PA-05--PA-07,AM-02--AM-03,0.3959300800020736
Vollstaendig,Ostfriesland,Koeffizientenbetraege,PA-05--PA-08,AM-02--AM-03,0.264157017976823
Vollstaendig,Ostfriesland,Koeffizientenbetraege,PA-05--PA-09,AM-02--AM-03,0.4839725035891232
Vollstaendig,Ostfriesland,Koeffizientenbetraege,PA-06--PA-07,AM-01--AM-02,0.3574546564474666
Vollstaendig,Ostfriesland,Koeffizientenbetraege,PA-06--PA-08,AM-01--AM-02,0.47975041472422
Vollstaendig,Ostfriesland,Koeffizientenbetraege,PA-06--PA-09,AM-03--AM-04,0.5692716049864398
Vollstaendig,Ostfriesland,Koeffizientenbetraege,PA-07--PA-08,AM-02--AM-03,0.2488374339050358
Vollstaendig,Ostfriesland,Koeffizientenbetraege,PA-07--PA-09,RB-03--RB-04,0.4566073639206854
Vollstaendig,Ostfriesland,Koeffizientenbetraege,PA-08--PA-09,RB-03--RB-04,0.4361611593885524
Vollstaendig,Ostfriesland,Koeffizientenbetraege,RB-01--RB-02,AS-05--AS-06,0.0643743729552061
Vollstaendig,Ostfriesland,Koeffizientenbetraege,RB-01--RB-03,BC-03--BC-04,0.167576160787029
Vollstaendig,Ostfriesland,Koeffizientenbetraege,RB-01--RB-04,AS-02--AS-03,0.2742620734432431
Vollstaendig,Ostfriesland,Koeffizientenbetraege,RB-01--RB-05,AS-02--AS-03,0.1579122759506659
Vollstaendig,Ostfriesland,Koeffizientenbetraege,RB-02--RB-03,AS-05--AS-06,0.1245637301101397
Vollstaendig,Ostfriesland,Koeffizientenbetraege,RB-02--RB-04,AS-02--AS-03,0.2431584127220103
Vollstaendig,Ostfriesland,Koeffizientenbetraege,RB-02--RB-05,AS-02--AS-03,0.1188147757180907
Vollstaendig,Ostfriesland,Koeffizientenbetraege,RB-03--RB-04,AS-02--AS-03,0.2261432266166016
Vollstaendig,Ostfriesland,Koeffizientenbetraege,RB-03--RB-05,AS-02--AS-03,0.1691512839388105
Vollstaendig,Ostfriesland,Koeffizientenbetraege,RB-04--RB-05,AS-05--AS-06,0.1069827010488793
Vollstaendig,Ostfriesland,Gleichgewichtung,AS-01--AS-02,LO-01--LO-02,0.1408145264818998
Vollstaendig,Ostfriesland,Gleichgewichtung,AS-01--AS-03,RB-03--RB-05,0.1445850520428326
Vollstaendig,Ostfriesland,Gleichgewichtung,AS-01--AS-04,BC-04--BC-06,0.3093378546137492
Vollstaendig,Ostfriesland,Gleichgewichtung,AS-01--AS-05,BC-05--BC-06,0.3530254307688659
Vollstaendig,Ostfriesland,Gleichgewichtung,AS-01--AS-06,RB-03--RB-04,0.3534543847768384
Vollstaendig,Ostfriesland,Gleichgewichtung,AS-02--AS-03,RB-02--RB-05,0.0980015305659082
Vollstaendig,Ostfriesland,Gleichgewichtung,AS-02--AS-04,RB-01--RB-05,0.2795541581088024
Vollstaendig,Ostfriesland,Gleichgewichtung,AS-02--AS-05,BC-01--BC-05,0.2301539209583523
Vollstaendig,Ostfriesland,Gleichgewichtung,AS-02--AS-06,RB-02--RB-05,0.2775238541363292
Vollstaendig,Ostfriesland,Gleichgewichtung,AS-03--AS-04,BC-03--BC-04,0.1477912289789975
Vollstaendig,Ostfriesland,Gleichgewichtung,AS-03--AS-05,BC-04--BC-05,0.2165620869745527
Vollstaendig,Ostfriesland,Gleichgewichtung,AS-03--AS-06,BC-03--BC-04,0.1862667641338935
Vollstaendig,Ostfriesland,Gleichgewichtung,AS-04--AS-05,BC-03--BC-04,0.2373999380268746
Vollstaendig,Ostfriesland,Gleichgewichtung,AS-04--AS-06,RB-04--RB-05,0.1739552413645298
Vollstaendig,Ostfriesland,Gleichgewichtung,AS-05--AS-06,RB-01--RB-02,0.063530128520363
Vollstaendig,Ostfriesland,Gleichgewichtung,AM-01--AM-02,PA-07--PA-08,0.3563913691116589
Vollstaendig,Ostfriesland,Gleichgewichtung,AM-01--AM-03,PA-05--PA-08,0.3721749643250348
Vollstaendig,Ostfriesland,Gleichgewichtung,AM-01--AM-04,PA-04--PA-07,0.2418045900432964
Vollstaendig,Ostfriesland,Gleichgewichtung,AM-02--AM-03,PA-09--PA-11,0.2540112798818643
Vollstaendig,Ostfriesland,Gleichgewichtung,AM-02--AM-04,PA-05--PA-11,0.315169834132866
Vollstaendig,Ostfriesland,Gleichgewichtung,AM-03--AM-04,PA-03--PA-04,0.428368448322578
Vollstaendig,Ostfriesland,Gleichgewichtung,BB-01--BB-02,AM-01--AM-03,0.458731387780118
Vollstaendig,Ostfriesland,Gleichgewichtung,BB-01--BB-03,PA-07--PA-08,0.4005494752241307
Vollstaendig,Ostfriesland,Gleichgewichtung,BB-01--BB-04,AM-01--AM-03,0.4724118235793449
Vollstaendig,Ostfriesland,Gleichgewichtung,BB-01--BB-05,PA-03--PA-08,0.3586046051972559
Vollstaendig,Ostfriesland,Gleichgewichtung,BB-01--BB-06,PA-04--PA-10,0.4298846867568753
Vollstaendig,Ostfriesland,Gleichgewichtung,BB-01--BB-07,PA-04--PA-10,0.4262231594352769
Vollstaendig,Ostfriesland,Gleichgewichtung,BB-02--BB-03,PA-04--PA-05,0.3757178854949464
Vollstaendig,Ostfriesland,Gleichgewichtung,BB-02--BB-04,PA-04--PA-05,0.3856912335121176
Vollstaendig,Ostfriesland,Gleichgewichtung,BB-02--BB-05,PA-04--PA-06,0.479959984119735
Vollstaendig,Ostfriesland,Gleichgewichtung,BB-02--BB-06,PA-01--PA-03,0.5845426439257878
Vollstaendig,Ostfriesland,Gleichgewichtung,BB-02--BB-07,PA-08--PA-10,0.3401051775525291
Vollstaendig,Ostfriesland,Gleichgewichtung,BB-03--BB-04,AM-01--AM-02,0.5413116155777723
Vollstaendig,Ostfriesland,Gleichgewichtung,BB-03--BB-05,PA-06--PA-07,0.4877482630520527
Vollstaendig,Ostfriesland,Gleichgewichtung,BB-03--BB-06,AM-01--AM-03,0.5530192872945923
Vollstaendig,Ostfriesland,Gleichgewichtung,BB-03--BB-07,PA-04--PA-08,0.4928833849556386
Vollstaendig,Ostfriesland,Gleichgewichtung,BB-04--BB-05,AM-01--AM-02,0.4592078072354399
Vollstaendig,Ostfriesland,Gleichgewichtung,BB-04--BB-06,AM-01--AM-03,0.6536337982268251
Vollstaendig,Ostfriesland,Gleichgewichtung,BB-04--BB-07,PA-04--PA-08,0.3951634395825259
Vollstaendig,Ostfriesland,Gleichgewichtung,BB-05--BB-06,AM-01--AM-02,0.6169083963455452
Vollstaendig,Ostfriesland,Gleichgewichtung,BB-05--BB-07,PA-04--PA-05,0.424441560971757
Vollstaendig,Ostfriesland,Gleichgewichtung,BB-06--BB-07,PA-04--PA-08,0.7751763393801824
Vollstaendig,Ostfriesland,Gleichgewichtung,BC-01--BC-02,AS-03--AS-05,0.2493023999057383
Vollstaendig,Ostfriesland,Gleichgewichtung,BC-01--BC-03,AS-02--AS-05,0.4331187422544025
Vollstaendig,Ostfriesland,Gleichgewichtung,BC-01--BC-04,PA-03--PA-09,0.6015765999461601
Vollstaendig,Ostfriesland,Gleichgewichtung,BC-01--BC-05,AS-02--AS-05,0.2301539209583523
Vollstaendig,Ostfriesland,Gleichgewichtung,BC-01--BC-06,AS-02--AS-05,0.4743900331643687
Vollstaendig,Ostfriesland,Gleichgewichtung,BC-02--BC-03,AS-02--AS-05,0.5646635470751615
Vollstaendig,Ostfriesland,Gleichgewichtung,BC-02--BC-04,AS-02--AS-05,0.5562277947670948
Vollstaendig,Ostfriesland,Gleichgewichtung,BC-02--BC-05,AS-02--AS-05,0.2493980141486226
Vollstaendig,Ostfriesland,Gleichgewichtung,BC-02--BC-06,PA-08--PA-11,0.363011707026224
Vollstaendig,Ostfriesland,Gleichgewichtung,BC-03--BC-04,AS-03--AS-04,0.1477912289789975
Vollstaendig,Ostfriesland,Gleichgewichtung,BC-03--BC-05,AS-03--AS-05,0.2621154595429057
Vollstaendig,Ostfriesland,Gleichgewichtung,BC-03--BC-06,AS-01--AS-03,0.2582384900320272
Vollstaendig,Ostfriesland,Gleichgewichtung,BC-04--BC-05,AS-03--AS-05,0.2165620869745527
Vollstaendig,Ostfriesland,Gleichgewichtung,BC-04--BC-06,AS-01--AS-03,0.2820616664063546
Vollstaendig,Ostfriesland,Gleichgewichtung,BC-05--BC-06,AS-01--AS-04,0.3429993058298405
Vollstaendig,Ostfriesland,Gleichgewichtung,LO-01--LO-02,AS-01--AS-02,0.1408145264818998
Vollstaendig,Ostfriesland,Gleichgewichtung,LO-01--LO-03,PA-09--PA-11,0.4087788702555932
Vollstaendig,Ostfriesland,Gleichgewichtung,LO-02--LO-03,AS-01--AS-02,0.2279361769050942
Vollstaendig,Ostfriesland,Gleichgewichtung,PA-01--PA-10,BB-01--BB-07,0.8082937444482445
Vollstaendig,Ostfriesland,Gleichgewichtung,PA-01--PA-11,AM-01--AM-04,1.1764564568844778
Vollstaendig,Ostfriesland,Gleichgewichtung,PA-01--PA-12,AM-01--AM-04,1.351902930014867
Vollstaendig,Ostfriesland,Gleichgewichtung,PA-01--PA-02,AM-01--AM-04,0.8715069666147983
Vollstaendig,Ostfriesland,Gleichgewichtung,PA-01--PA-03,AM-01--AM-04,0.368409016576387
Vollstaendig,Ostfriesland,Gleichgewichtung,PA-01--PA-04,AM-02--AM-03,0.4206784530778201
Vollstaendig,Ostfriesland,Gleichgewichtung,PA-01--PA-05,AM-01--AM-04,0.3925717897304316
Vollstaendig,Ostfriesland,Gleichgewichtung,PA-01--PA-06,BB-01--BB-06,0.5498648056846143
Vollstaendig,Ostfriesland,Gleichgewichtung,PA-01--PA-07,AM-01--AM-04,0.5887790633769415
Vollstaendig,Ostfriesland,Gleichgewichtung,PA-01--PA-08,AM-01--AM-04,0.5304056918717834
Vollstaendig,Ostfriesland,Gleichgewichtung,PA-01--PA-09,AM-01--AM-04,1.0303002030524078
Vollstaendig,Ostfriesland,Gleichgewichtung,PA-10--PA-11,LO-01--LO-03,0.6690079496965486
Vollstaendig,Ostfriesland,Gleichgewichtung,PA-10--PA-12,LO-01--LO-03,0.9148954231109374
Vollstaendig,Ostfriesland,Gleichgewichtung,PA-02--PA-10,AM-01--AM-04,0.9927470642516428
Vollstaendig,Ostfriesland,Gleichgewichtung,PA-03--PA-10,BB-01--BB-06,0.4608247105443324
Vollstaendig,Ostfriesland,Gleichgewichtung,PA-04--PA-10,BB-01--BB-07,0.4262231594352769
Vollstaendig,Ostfriesland,Gleichgewichtung,PA-05--PA-10,BB-02--BB-07,0.5476708272448542
Vollstaendig,Ostfriesland,Gleichgewichtung,PA-06--PA-10,BB-02--BB-07,0.5944330521109369
Vollstaendig,Ostfriesland,Gleichgewichtung,PA-07--PA-10,AM-02--AM-03,0.476565230559514
Vollstaendig,Ostfriesland,Gleichgewichtung,PA-08--PA-10,AM-02--AM-04,0.3341442629142075
Vollstaendig,Ostfriesland,Gleichgewichtung,PA-09--PA-10,LO-01--LO-03,0.530906154877535
Vollstaendig,Ostfriesland,Gleichgewichtung,PA-11--PA-12,BC-04--BC-05,0.3011542072559499
Vollstaendig,Ostfriesland,Gleichgewichtung,PA-02--PA-11,BB-01--BB-06,1.0009814637566832
Vollstaendig,Ostfriesland,Gleichgewichtung,PA-03--PA-11,BC-01--BC-04,0.9240918388376432
Vollstaendig,Ostfriesland,Gleichgewichtung,PA-04--PA-11,AM-01--AM-04,0.6767324127893628
Vollstaendig,Ostfriesland,Gleichgewichtung,PA-05--PA-11,AM-02--AM-04,0.315169834132866
Vollstaendig,Ostfriesland,Gleichgewichtung,PA-06--PA-11,AM-01--AM-04,0.521015789671998
Vollstaendig,Ostfriesland,Gleichgewichtung,PA-07--PA-11,AM-02--AM-04,0.320197576233085
Vollstaendig,Ostfriesland,Gleichgewichtung,PA-08--PA-11,BC-02--BC-06,0.363011707026224
Vollstaendig,Ostfriesland,Gleichgewichtung,PA-09--PA-11,AM-02--AM-03,0.2540112798818643
Vollstaendig,Ostfriesland,Gleichgewichtung,PA-02--PA-12,BC-01--BC-04,0.9406091826272596
Vollstaendig,Ostfriesland,Gleichgewichtung,PA-03--PA-12,AM-01--AM-04,1.312163766789393
Vollstaendig,Ostfriesland,Gleichgewichtung,PA-04--PA-12,AM-01--AM-04,0.9571797964342802
Vollstaendig,Ostfriesland,Gleichgewichtung,PA-05--PA-12,AM-01--AM-04,0.5632420987558354
Vollstaendig,Ostfriesland,Gleichgewichtung,PA-06--PA-12,AM-01--AM-04,0.5729305537148243
Vollstaendig,Ostfriesland,Gleichgewichtung,PA-07--PA-12,AM-01--AM-04,0.329842019168815
Vollstaendig,Ostfriesland,Gleichgewichtung,PA-08--PA-12,AM-03--AM-04,0.5539807947999613
Vollstaendig,Ostfriesland,Gleichgewichtung,PA-09--PA-12,AM-03--AM-04,0.5803597198614526
Vollstaendig,Ostfriesland,Gleichgewichtung,PA-02--PA-03,AM-01--AM-04,0.7653366461560747
Vollstaendig,Ostfriesland,Gleichgewichtung,PA-02--PA-04,AM-01--AM-04,0.8542044557521286
Vollstaendig,Ostfriesland,Gleichgewichtung,PA-02--PA-05,AM-01--AM-04,0.6328085564143089
Vollstaendig,Ostfriesland,Gleichgewichtung,PA-02--PA-06,AM-01--AM-04,0.7573583388355236
Vollstaendig,Ostfriesland,Gleichgewichtung,PA-02--PA-07,AM-01--AM-04,0.5638080771834181
Vollstaendig,Ostfriesland,Gleichgewichtung,PA-02--PA-08,AM-01--AM-04,0.7996068356044912
Vollstaendig,Ostfriesland,Gleichgewichtung,PA-02--PA-09,AM-01--AM-04,1.1579146550258448
Vollstaendig,Ostfriesland,Gleichgewichtung,PA-03--PA-04,BB-02--BB-03,0.3879915642039947
Vollstaendig,Ostfriesland,Gleichgewichtung,PA-03--PA-05,AM-02--AM-03,0.4131361315312536
Vollstaendig,Ostfriesland,Gleichgewichtung,PA-03--PA-06,BB-01--BB-07,0.5079232487728216
Vollstaendig,Ostfriesland,Gleichgewichtung,PA-03--PA-07,AM-02--AM-03,0.5008111035635047
Vollstaendig,Ostfriesland,Gleichgewichtung,PA-03--PA-08,BB-01--BB-05,0.3586046051972559
Vollstaendig,Ostfriesland,Gleichgewichtung,PA-03--PA-09,BC-01--BC-04,0.6015765999461601
Vollstaendig,Ostfriesland,Gleichgewichtung,PA-04--PA-05,BB-02--BB-03,0.3757178854949464
Vollstaendig,Ostfriesland,Gleichgewichtung,PA-04--PA-06,AM-02--AM-04,0.348337721348553
Vollstaendig,Ostfriesland,Gleichgewichtung,PA-04--PA-07,AM-01--AM-04,0.2418045900432964
Vollstaendig,Ostfriesland,Gleichgewichtung,PA-04--PA-08,AM-01--AM-04,0.3673549284667166
Vollstaendig,Ostfriesland,Gleichgewichtung,PA-04--PA-09,AM-01--AM-04,0.4958288207513093
Vollstaendig,Ostfriesland,Gleichgewichtung,PA-05--PA-06,AM-01--AM-02,0.3853711003729595
Vollstaendig,Ostfriesland,Gleichgewichtung,PA-05--PA-07,AM-01--AM-03,0.4064750760799369
Vollstaendig,Ostfriesland,Gleichgewichtung,PA-05--PA-08,AM-02--AM-03,0.3221068601177328
Vollstaendig,Ostfriesland,Gleichgewichtung,PA-05--PA-09,BC-02--BC-06,0.4740924885880133
Vollstaendig,Ostfriesland,Gleichgewichtung,PA-06--PA-07,AM-01--AM-02,0.3829124283163585
Vollstaendig,Ostfriesland,Gleichgewichtung,PA-06--PA-08,AM-02--AM-04,0.3709184877521173
Vollstaendig,Ostfriesland,Gleichgewichtung,PA-06--PA-09,BC-02--BC-06,0.5140555083303864
Vollstaendig,Ostfriesland,Gleichgewichtung,PA-07--PA-08,AM-01--AM-02,0.3563913691116589
Vollstaendig,Ostfriesland,Gleichgewichtung,PA-07--PA-09,RB-03--RB-04,0.3992347586721959
Vollstaendig,Ostfriesland,Gleichgewichtung,PA-08--PA-09,RB-03--RB-04,0.4379184638719634
Vollstaendig,Ostfriesland,Gleichgewichtung,RB-01--RB-02,AS-05--AS-06,0.063530128520363
Vollstaendig,Ostfriesland,Gleichgewichtung,RB-01--RB-03,BC-03--BC-04,0.1595547154224322
Vollstaendig,Ostfriesland,Gleichgewichtung,RB-01--RB-04,AS-02--AS-03,0.2600451163716526
Vollstaendig,Ostfriesland,Gleichgewichtung,RB-01--RB-05,AS-02--AS-03,0.1802606369286546
Vollstaendig,Ostfriesland,Gleichgewichtung,RB-02--RB-03,AS-05--AS-06,0.1246939868281525
Vollstaendig,Ostfriesland,Gleichgewichtung,RB-02--RB-04,AS-02--AS-03,0.2165215682407724
Vollstaendig,Ostfriesland,Gleichgewichtung,RB-02--RB-05,AS-02--AS-03,0.0980015305659082
Vollstaendig,Ostfriesland,Gleichgewichtung,RB-03--RB-04,AS-01--AS-03,0.1781606445310899
Vollstaendig,Ostfriesland,Gleichgewichtung,RB-03--RB-05,AS-01--AS-03,0.1445850520428326
Vollstaendig,Ostfriesland,Gleichgewichtung,RB-04--RB-05,AS-05--AS-06,0.0852449331581919
Vollstaendig,Paderborn,Koeffizientenbetraege,AS-01--AS-02,LO-01--LO-02,0.156523193869472
Vollstaendig,Paderborn,Koeffizientenbetraege,AS-01--AS-03,RB-03--RB-05,0.1932543832550131
Vollstaendig,Paderborn,Koeffizientenbetraege,AS-01--AS-04,LO-01--LO-02,0.2631473515774344
Vollstaendig,Paderborn,Koeffizientenbetraege,AS-01--AS-05,LO-02--LO-03,0.3381799173802028
Vollstaendig,Paderborn,Koeffizientenbetraege,AS-01--AS-06,LO-01--LO-02,0.3442382413991766
Vollstaendig,Paderborn,Koeffizientenbetraege,AS-02--AS-03,RB-02--RB-05,0.137264173207603
Vollstaendig,Paderborn,Koeffizientenbetraege,AS-02--AS-04,RB-02--RB-05,0.3234567994500831
Vollstaendig,Paderborn,Koeffizientenbetraege,AS-02--AS-05,BC-01--BC-05,0.1928035264018667
Vollstaendig,Paderborn,Koeffizientenbetraege,AS-02--AS-06,BC-01--BC-05,0.3068743357801319
Vollstaendig,Paderborn,Koeffizientenbetraege,AS-03--AS-04,BC-03--BC-04,0.2279055377749234
Vollstaendig,Paderborn,Koeffizientenbetraege,AS-03--AS-05,BC-04--BC-06,0.2284977180896326
Vollstaendig,Paderborn,Koeffizientenbetraege,AS-03--AS-06,BC-03--BC-04,0.2282573972082937
Vollstaendig,Paderborn,Koeffizientenbetraege,AS-04--AS-05,RB-04--RB-05,0.1873101706055612
Vollstaendig,Paderborn,Koeffizientenbetraege,AS-04--AS-06,RB-01--RB-02,0.1307796137570062
Vollstaendig,Paderborn,Koeffizientenbetraege,AS-05--AS-06,RB-01--RB-02,0.0843045352303946
Vollstaendig,Paderborn,Koeffizientenbetraege,AM-01--AM-02,RB-01--RB-04,0.5399439276640432
Vollstaendig,Paderborn,Koeffizientenbetraege,AM-01--AM-03,RB-02--RB-04,0.514639908047501
Vollstaendig,Paderborn,Koeffizientenbetraege,AM-01--AM-04,BB-02--BB-03,0.5874326468891596
Vollstaendig,Paderborn,Koeffizientenbetraege,AM-02--AM-03,AS-01--AS-05,0.5555863711191646
Vollstaendig,Paderborn,Koeffizientenbetraege,AM-02--AM-04,BB-01--BB-02,0.5814199309721261
Vollstaendig,Paderborn,Koeffizientenbetraege,AM-03--AM-04,BB-01--BB-03,0.7206063812703648
Vollstaendig,Paderborn,Koeffizientenbetraege,BB-01--BB-02,AM-02--AM-04,0.5814199309721261
Vollstaendig,Paderborn,Koeffizientenbetraege,BB-01--BB-03,AM-01--AM-02,0.577201677756016
Vollstaendig,Paderborn,Koeffizientenbetraege,BB-01--BB-04,AM-01--AM-03,0.5889341299779619
Vollstaendig,Paderborn,Koeffizientenbetraege,BB-01--BB-05,AM-02--AM-03,0.6227403281055621
Vollstaendig,Paderborn,Koeffizientenbetraege,BB-01--BB-06,AM-02--AM-04,0.7848187019126843
Vollstaendig,Paderborn,Koeffizientenbetraege,BB-01--BB-07,AM-01--AM-04,0.689048043671888
Vollstaendig,Paderborn,Koeffizientenbetraege,BB-02--BB-03,AM-01--AM-04,0.5874326468891596
Vollstaendig,Paderborn,Koeffizientenbetraege,BB-02--BB-04,AM-02--AM-04,0.6840133141842473
Vollstaendig,Paderborn,Koeffizientenbetraege,BB-02--BB-05,AM-01--AM-03,0.6833023964414424
Vollstaendig,Paderborn,Koeffizientenbetraege,BB-02--BB-06,AM-01--AM-04,0.8926619496093461
Vollstaendig,Paderborn,Koeffizientenbetraege,BB-02--BB-07,AM-01--AM-03,0.5991615688578767
Vollstaendig,Paderborn,Koeffizientenbetraege,BB-03--BB-04,AM-01--AM-03,0.6581413437934222
Vollstaendig,Paderborn,Koeffizientenbetraege,BB-03--BB-05,AM-01--AM-02,0.648868271090735
Vollstaendig,Paderborn,Koeffizientenbetraege,BB-03--BB-06,AM-01--AM-03,0.7432904681588145
Vollstaendig,Paderborn,Koeffizientenbetraege,BB-03--BB-07,AM-01--AM-04,0.8213624890022745
Vollstaendig,Paderborn,Koeffizientenbetraege,BB-04--BB-05,AM-01--AM-03,0.58687945243395
Vollstaendig,Paderborn,Koeffizientenbetraege,BB-04--BB-06,AM-01--AM-03,0.8831580006931976
Vollstaendig,Paderborn,Koeffizientenbetraege,BB-04--BB-07,AM-01--AM-04,0.7568033078389377
Vollstaendig,Paderborn,Koeffizientenbetraege,BB-05--BB-06,AM-01--AM-03,0.8566740173908872
Vollstaendig,Paderborn,Koeffizientenbetraege,BB-05--BB-07,AM-01--AM-04,0.6526810991348624
Vollstaendig,Paderborn,Koeffizientenbetraege,BB-06--BB-07,AM-01--AM-04,1.176257522492906
Vollstaendig,Paderborn,Koeffizientenbetraege,BC-01--BC-02,RB-01--RB-03,0.3686733688039822
Vollstaendig,Paderborn,Koeffizientenbetraege,BC-01--BC-03,AS-02--AS-05,0.2693614547718125
Vollstaendig,Paderborn,Koeffizientenbetraege,BC-01--BC-04,OF-03--OF-04,0.424998085244698
Vollstaendig,Paderborn,Koeffizientenbetraege,BC-01--BC-05,AS-02--AS-05,0.1928035264018667
Vollstaendig,Paderborn,Koeffizientenbetraege,BC-01--BC-06,AS-02--AS-05,0.3739339177498661
Vollstaendig,Paderborn,Koeffizientenbetraege,BC-02--BC-03,RB-01--RB-04,0.4856722085134459
Vollstaendig,Paderborn,Koeffizientenbetraege,BC-02--BC-04,AS-02--AS-05,0.3839090010079249
Vollstaendig,Paderborn,Koeffizientenbetraege,BC-02--BC-05,AS-02--AS-05,0.2386027709754039
Vollstaendig,Paderborn,Koeffizientenbetraege,BC-02--BC-06,RB-01--RB-04,0.5716797728319089
Vollstaendig,Paderborn,Koeffizientenbetraege,BC-03--BC-04,RB-01--RB-03,0.2027755448771609
Vollstaendig,Paderborn,Koeffizientenbetraege,BC-03--BC-05,RB-01--RB-03,0.3155468707387941
Vollstaendig,Paderborn,Koeffizientenbetraege,BC-03--BC-06,AS-01--AS-03,0.2215943613388259
Vollstaendig,Paderborn,Koeffizientenbetraege,BC-04--BC-05,AS-03--AS-05,0.2583243315518083
Vollstaendig,Paderborn,Koeffizientenbetraege,BC-04--BC-06,AS-03--AS-05,0.2284977180896326
Vollstaendig,Paderborn,Koeffizientenbetraege,BC-05--BC-06,AS-03--AS-05,0.3924435358243934
Vollstaendig,Paderborn,Koeffizientenbetraege,LO-01--LO-02,AS-01--AS-02,0.156523193869472
Vollstaendig,Paderborn,Koeffizientenbetraege,LO-01--LO-03,AS-01--AS-02,0.4718961994036667
Vollstaendig,Paderborn,Koeffizientenbetraege,LO-02--LO-03,AS-01--AS-02,0.1786483063332834
Vollstaendig,Paderborn,Koeffizientenbetraege,OF-01--OF-02,AS-05--AS-06,0.1433088945385136
Vollstaendig,Paderborn,Koeffizientenbetraege,OF-01--OF-03,BC-03--BC-06,0.379286385470339
Vollstaendig,Paderborn,Koeffizientenbetraege,OF-01--OF-04,AS-02--AS-04,0.4436382718630188
Vollstaendig,Paderborn,Koeffizientenbetraege,OF-02--OF-03,AS-02--AS-04,0.3380494020963114
Vollstaendig,Paderborn,Koeffizientenbetraege,OF-02--OF-04,BC-01--BC-03,0.3517179995943279
Vollstaendig,Paderborn,Koeffizientenbetraege,OF-03--OF-04,BC-01--BC-06,0.3957627339811201
Vollstaendig,Paderborn,Koeffizientenbetraege,RB-01--RB-02,AS-05--AS-06,0.0843045352303946
Vollstaendig,Paderborn,Koeffizientenbetraege,RB-01--RB-03,BC-03--BC-04,0.2027755448771609
Vollstaendig,Paderborn,Koeffizientenbetraege,RB-01--RB-04,AS-02--AS-03,0.3619779056940241
Vollstaendig,Paderborn,Koeffizientenbetraege,RB-01--RB-05,AS-02--AS-03,0.2274817475664768
Vollstaendig,Paderborn,Koeffizientenbetraege,RB-02--RB-03,AS-05--AS-06,0.185732096178287
Vollstaendig,Paderborn,Koeffizientenbetraege,RB-02--RB-04,AS-02--AS-03,0.284521364738504
Vollstaendig,Paderborn,Koeffizientenbetraege,RB-02--RB-05,AS-02--AS-03,0.137264173207603
Vollstaendig,Paderborn,Koeffizientenbetraege,RB-03--RB-04,AS-02--AS-03,0.1866326751826104
Vollstaendig,Paderborn,Koeffizientenbetraege,RB-03--RB-05,AS-02--AS-03,0.1887279970515477
Vollstaendig,Paderborn,Koeffizientenbetraege,RB-04--RB-05,AS-05--AS-06,0.1257352974921433
Vollstaendig,Paderborn,Gleichgewichtung,AS-01--AS-02,LO-01--LO-02,0.173941264984039
Vollstaendig,Paderborn,Gleichgewichtung,AS-01--AS-03,RB-03--RB-05,0.1651736374194157
Vollstaendig,Paderborn,Gleichgewichtung,AS-01--AS-04,BC-04--BC-06,0.3613457433938657
Vollstaendig,Paderborn,Gleichgewichtung,AS-01--AS-05,RB-03--RB-04,0.4125949727443565
Vollstaendig,Paderborn,Gleichgewichtung,AS-01--AS-06,RB-03--RB-04,0.4047507416669579
Vollstaendig,Paderborn,Gleichgewichtung,AS-02--AS-03,RB-02--RB-05,0.116903922960139
Vollstaendig,Paderborn,Gleichgewichtung,AS-02--AS-04,OF-02--OF-03,0.3073361362561867
Vollstaendig,Paderborn,Gleichgewichtung,AS-02--AS-05,BC-02--BC-05,0.2540920016130908
Vollstaendig,Paderborn,Gleichgewichtung,AS-02--AS-06,RB-02--RB-05,0.3169737805835608
Vollstaendig,Paderborn,Gleichgewichtung,AS-03--AS-04,BC-03--BC-04,0.1930890956742485
Vollstaendig,Paderborn,Gleichgewichtung,AS-03--AS-05,BC-04--BC-05,0.2581440149278578
Vollstaendig,Paderborn,Gleichgewichtung,AS-03--AS-06,BC-03--BC-04,0.2135884656543107
Vollstaendig,Paderborn,Gleichgewichtung,AS-04--AS-05,BC-03--BC-04,0.2931347358130509
Vollstaendig,Paderborn,Gleichgewichtung,AS-04--AS-06,OF-01--OF-02,0.1893567613648704
Vollstaendig,Paderborn,Gleichgewichtung,AS-05--AS-06,RB-01--RB-02,0.0756666270178744
Vollstaendig,Paderborn,Gleichgewichtung,AM-01--AM-02,BC-03--BC-05,0.5012765455146769
Vollstaendig,Paderborn,Gleichgewichtung,AM-01--AM-03,BC-04--BC-05,0.5230655568354146
Vollstaendig,Paderborn,Gleichgewichtung,AM-01--AM-04,BB-02--BB-03,0.5650016661697785
Vollstaendig,Paderborn,Gleichgewichtung,AM-02--AM-03,LO-02--LO-03,0.511617948225823
Vollstaendig,Paderborn,Gleichgewichtung,AM-02--AM-04,BB-01--BB-02,0.568208494755597
Vollstaendig,Paderborn,Gleichgewichtung,AM-03--AM-04,BB-01--BB-03,0.6884779998557149
Vollstaendig,Paderborn,Gleichgewichtung,BB-01--BB-02,AM-01--AM-03,0.5306438612410078
Vollstaendig,Paderborn,Gleichgewichtung,BB-01--BB-03,AM-01--AM-02,0.5333851554586692
Vollstaendig,Paderborn,Gleichgewichtung,BB-01--BB-04,AM-01--AM-03,0.533943980475403
Vollstaendig,Paderborn,Gleichgewichtung,BB-01--BB-05,AM-02--AM-03,0.564837917563885
Vollstaendig,Paderborn,Gleichgewichtung,BB-01--BB-06,AM-02--AM-04,0.6754019797840596
Vollstaendig,Paderborn,Gleichgewichtung,BB-01--BB-07,AM-01--AM-04,0.6494548698644205
Vollstaendig,Paderborn,Gleichgewichtung,BB-02--BB-03,AM-01--AM-04,0.5650016661697785
Vollstaendig,Paderborn,Gleichgewichtung,BB-02--BB-04,AM-02--AM-04,0.6460053245164878
Vollstaendig,Paderborn,Gleichgewichtung,BB-02--BB-05,AM-01--AM-03,0.6210919578560817
Vollstaendig,Paderborn,Gleichgewichtung,BB-02--BB-06,AM-01--AM-04,0.7659119106828928
Vollstaendig,Paderborn,Gleichgewichtung,BB-02--BB-07,AM-02--AM-04,0.5860588598255868
Vollstaendig,Paderborn,Gleichgewichtung,BB-03--BB-04,AM-01--AM-03,0.6369578652839979
Vollstaendig,Paderborn,Gleichgewichtung,BB-03--BB-05,AM-01--AM-02,0.6154150579423618
Vollstaendig,Paderborn,Gleichgewichtung,BB-03--BB-06,AM-01--AM-03,0.6529045221198909
Vollstaendig,Paderborn,Gleichgewichtung,BB-03--BB-07,AM-01--AM-04,0.7884499935462455
Vollstaendig,Paderborn,Gleichgewichtung,BB-04--BB-05,AM-01--AM-02,0.5224059449263033
Vollstaendig,Paderborn,Gleichgewichtung,BB-04--BB-06,AM-01--AM-03,0.7801039204806078
Vollstaendig,Paderborn,Gleichgewichtung,BB-04--BB-07,AM-01--AM-04,0.7045632214882736
Vollstaendig,Paderborn,Gleichgewichtung,BB-05--BB-06,AM-01--AM-02,0.7281104148671973
Vollstaendig,Paderborn,Gleichgewichtung,BB-05--BB-07,AM-01--AM-04,0.6087998453401869
Vollstaendig,Paderborn,Gleichgewichtung,BB-06--BB-07,AM-01--AM-04,1.0951242480021577
Vollstaendig,Paderborn,Gleichgewichtung,BC-01--BC-02,AS-03--AS-05,0.3286618402397661
Vollstaendig,Paderborn,Gleichgewichtung,BC-01--BC-03,AS-02--AS-05,0.4389478435965832
Vollstaendig,Paderborn,Gleichgewichtung,BC-01--BC-04,OF-03--OF-04,0.4949159417615893
Vollstaendig,Paderborn,Gleichgewichtung,BC-01--BC-05,AS-02--AS-05,0.2671335884714507
Vollstaendig,Paderborn,Gleichgewichtung,BC-01--BC-06,OF-03--OF-04,0.3956854103047211
Vollstaendig,Paderborn,Gleichgewichtung,BC-02--BC-03,AS-02--AS-05,0.5928342357462838
Vollstaendig,Paderborn,Gleichgewichtung,BC-02--BC-04,OF-03--OF-04,0.552645119354344
Vollstaendig,Paderborn,Gleichgewichtung,BC-02--BC-05,AS-02--AS-05,0.2540920016130908
Vollstaendig,Paderborn,Gleichgewichtung,BC-02--BC-06,AM-02--AM-04,0.6419812567350827
Vollstaendig,Paderborn,Gleichgewichtung,BC-03--BC-04,AS-03--AS-04,0.1930890956742485
Vollstaendig,Paderborn,Gleichgewichtung,BC-03--BC-05,AS-03--AS-05,0.3318102488032285
Vollstaendig,Paderborn,Gleichgewichtung,BC-03--BC-06,AS-01--AS-03,0.3160980523155965
Vollstaendig,Paderborn,Gleichgewichtung,BC-04--BC-05,AS-03--AS-05,0.2581440149278578
Vollstaendig,Paderborn,Gleichgewichtung,BC-04--BC-06,AS-02--AS-05,0.3365805883084096
Vollstaendig,Paderborn,Gleichgewichtung,BC-05--BC-06,AS-03--AS-05,0.3942216219234147
Vollstaendig,Paderborn,Gleichgewichtung,LO-01--LO-02,AS-01--AS-02,0.173941264984039
Vollstaendig,Paderborn,Gleichgewichtung,LO-01--LO-03,AM-02--AM-03,0.622959852093248
Vollstaendig,Paderborn,Gleichgewichtung,LO-02--LO-03,AS-01--AS-02,0.2880544844448888
Vollstaendig,Paderborn,Gleichgewichtung,OF-01--OF-02,AS-05--AS-06,0.1775341734060801
Vollstaendig,Paderborn,Gleichgewichtung,OF-01--OF-03,AS-02--AS-06,0.3990866609307138
Vollstaendig,Paderborn,Gleichgewichtung,OF-01--OF-04,BC-01--BC-03,0.6828084420778486
Vollstaendig,Paderborn,Gleichgewichtung,OF-02--OF-03,AS-02--AS-04,0.3073361362561867
Vollstaendig,Paderborn,Gleichgewichtung,OF-02--OF-04,BC-01--BC-03,0.4570829989141877
Vollstaendig,Paderborn,Gleichgewichtung,OF-03--OF-04,BC-01--BC-06,0.3956854103047211
Vollstaendig,Paderborn,Gleichgewichtung,RB-01--RB-02,AS-05--AS-06,0.0756666270178744
Vollstaendig,Paderborn,Gleichgewichtung,RB-01--RB-03,BC-03--BC-04,0.1984474185227415
Vollstaendig,Paderborn,Gleichgewichtung,RB-01--RB-04,AS-02--AS-03,0.321200415318805
Vollstaendig,Paderborn,Gleichgewichtung,RB-01--RB-05,AS-02--AS-03,0.2314406974033583
Vollstaendig,Paderborn,Gleichgewichtung,RB-02--RB-03,AS-05--AS-06,0.1604814979453441
Vollstaendig,Paderborn,Gleichgewichtung,RB-02--RB-04,AS-02--AS-03,0.2563053707994303
Vollstaendig,Paderborn,Gleichgewichtung,RB-02--RB-05,AS-02--AS-03,0.116903922960139
Vollstaendig,Paderborn,Gleichgewichtung,RB-03--RB-04,AS-01--AS-03,0.2176265534772014
Vollstaendig,Paderborn,Gleichgewichtung,RB-03--RB-05,AS-01--AS-03,0.1651736374194157
Vollstaendig,Paderborn,Gleichgewichtung,RB-04--RB-05,AS-05--AS-06,0.1041650851412595
Vollstaendig,Rheda-Beckum,Koeffizientenbetraege,AS-01--AS-02,LO-02--LO-03,0.1072776470583007
Vollstaendig,Rheda-Beckum,Koeffizientenbetraege,AS-01--AS-03,BC-03--BC-06,0.1608542989036251
Vollstaendig,Rheda-Beckum,Koeffizientenbetraege,AS-01--AS-04,LO-02--LO-03,0.1679159308838137
Vollstaendig,Rheda-Beckum,Koeffizientenbetraege,AS-01--AS-05,LO-02--LO-03,0.2318075174213966
Vollstaendig,Rheda-Beckum,Koeffizientenbetraege,AS-01--AS-06,LO-02--LO-03,0.223426131335871
Vollstaendig,Rheda-Beckum,Koeffizientenbetraege,AS-02--AS-03,BC-01--BC-03,0.2054593937658888
Vollstaendig,Rheda-Beckum,Koeffizientenbetraege,AS-02--AS-04,BC-01--BC-05,0.2617380332752996
Vollstaendig,Rheda-Beckum,Koeffizientenbetraege,AS-02--AS-05,BC-01--BC-05,0.1433416544123732
Vollstaendig,Rheda-Beckum,Koeffizientenbetraege,AS-02--AS-06,BC-01--BC-05,0.2202608944756517
Vollstaendig,Rheda-Beckum,Koeffizientenbetraege,AS-03--AS-04,BC-03--BC-04,0.1668510518114892
Vollstaendig,Rheda-Beckum,Koeffizientenbetraege,AS-03--AS-05,BC-04--BC-06,0.1486599935145185
Vollstaendig,Rheda-Beckum,Koeffizientenbetraege,AS-03--AS-06,BC-03--BC-04,0.1825242116974626
Vollstaendig,Rheda-Beckum,Koeffizientenbetraege,AS-04--AS-05,BC-03--BC-04,0.1731279128082619
Vollstaendig,Rheda-Beckum,Koeffizientenbetraege,AS-04--AS-06,OF-01--OF-02,0.1136124511769639
Vollstaendig,Rheda-Beckum,Koeffizientenbetraege,AS-05--AS-06,OF-01--OF-02,0.114560642321329
Vollstaendig,Rheda-Beckum,Koeffizientenbetraege,AM-01--AM-02,PA-07--PA-09,0.2016651263089736
Vollstaendig,Rheda-Beckum,Koeffizientenbetraege,AM-01--AM-03,PA-08--PA-10,0.2685062902921214
Vollstaendig,Rheda-Beckum,Koeffizientenbetraege,AM-01--AM-04,PA-04--PA-09,0.2886031972929371
Vollstaendig,Rheda-Beckum,Koeffizientenbetraege,AM-02--AM-03,PA-07--PA-08,0.2333009095400238
Vollstaendig,Rheda-Beckum,Koeffizientenbetraege,AM-02--AM-04,PA-05--PA-11,0.1322153288862652
Vollstaendig,Rheda-Beckum,Koeffizientenbetraege,AM-03--AM-04,PA-09--PA-10,0.3504493107984077
Vollstaendig,Rheda-Beckum,Koeffizientenbetraege,BB-01--BB-02,PA-04--PA-06,0.5600590995593763
Vollstaendig,Rheda-Beckum,Koeffizientenbetraege,BB-01--BB-03,PA-03--PA-07,0.4777083159575649
Vollstaendig,Rheda-Beckum,Koeffizientenbetraege,BB-01--BB-04,PA-03--PA-10,0.4199537178579097
Vollstaendig,Rheda-Beckum,Koeffizientenbetraege,BB-01--BB-05,PA-03--PA-08,0.401860719221651
Vollstaendig,Rheda-Beckum,Koeffizientenbetraege,BB-01--BB-06,PA-03--PA-10,0.4350307222076268
Vollstaendig,Rheda-Beckum,Koeffizientenbetraege,BB-01--BB-07,PA-01--PA-03,0.4931557462317077
Vollstaendig,Rheda-Beckum,Koeffizientenbetraege,BB-02--BB-03,PA-01--PA-03,0.4527937011532145
Vollstaendig,Rheda-Beckum,Koeffizientenbetraege,BB-02--BB-04,PA-03--PA-06,0.4082218030980557
Vollstaendig,Rheda-Beckum,Koeffizientenbetraege,BB-02--BB-05,PA-03--PA-10,0.3866172827268813
Vollstaendig,Rheda-Beckum,Koeffizientenbetraege,BB-02--BB-06,PA-01--PA-10,0.5325590720980091
Vollstaendig,Rheda-Beckum,Koeffizientenbetraege,BB-02--BB-07,PA-08--PA-10,0.4600667037436715
Vollstaendig,Rheda-Beckum,Koeffizientenbetraege,BB-03--BB-04,PA-03--PA-10,0.5030063955126334
Vollstaendig,Rheda-Beckum,Koeffizientenbetraege,BB-03--BB-05,PA-03--PA-10,0.4521531876738788
Vollstaendig,Rheda-Beckum,Koeffizientenbetraege,BB-03--BB-06,PA-03--PA-10,0.5226941620118548
Vollstaendig,Rheda-Beckum,Koeffizientenbetraege,BB-03--BB-07,PA-01--PA-03,0.4806315006393063
Vollstaendig,Rheda-Beckum,Koeffizientenbetraege,BB-04--BB-05,PA-03--PA-10,0.5195753685429999
Vollstaendig,Rheda-Beckum,Koeffizientenbetraege,BB-04--BB-06,PA-02--PA-12,0.578456653147564
Vollstaendig,Rheda-Beckum,Koeffizientenbetraege,BB-04--BB-07,PA-01--PA-03,0.4220795477097984
Vollstaendig,Rheda-Beckum,Koeffizientenbetraege,BB-05--BB-06,PA-03--PA-10,0.4587138245050133
Vollstaendig,Rheda-Beckum,Koeffizientenbetraege,BB-05--BB-07,PA-03--PA-10,0.5146598661585121
Vollstaendig,Rheda-Beckum,Koeffizientenbetraege,BB-06--BB-07,PA-01--PA-08,0.7328021080761207
Vollstaendig,Rheda-Beckum,Koeffizientenbetraege,BC-01--BC-02,AS-03--AS-05,0.280784308079987
Vollstaendig,Rheda-Beckum,Koeffizientenbetraege,BC-01--BC-03,AS-02--AS-05,0.175208835627029
Vollstaendig,Rheda-Beckum,Koeffizientenbetraege,BC-01--BC-04,AS-01--AS-03,0.2689327377096817
Vollstaendig,Rheda-Beckum,Koeffizientenbetraege,BC-01--BC-05,AS-02--AS-05,0.1433416544123732
Vollstaendig,Rheda-Beckum,Koeffizientenbetraege,BC-01--BC-06,AS-02--AS-03,0.2233302984338801
Vollstaendig,Rheda-Beckum,Koeffizientenbetraege,BC-02--BC-03,AS-02--AS-05,0.3691921607053752
Vollstaendig,Rheda-Beckum,Koeffizientenbetraege,BC-02--BC-04,AS-02--AS-05,0.2321644330593529
Vollstaendig,Rheda-Beckum,Koeffizientenbetraege,BC-02--BC-05,AS-02--AS-05,0.2076265550959581
Vollstaendig,Rheda-Beckum,Koeffizientenbetraege,BC-02--BC-06,PA-07--PA-11,0.4702684476359532
Vollstaendig,Rheda-Beckum,Koeffizientenbetraege,BC-03--BC-04,AS-03--AS-04,0.1668510518114892
Vollstaendig,Rheda-Beckum,Koeffizientenbetraege,BC-03--BC-05,AS-02--AS-05,0.2358103389398098
Vollstaendig,Rheda-Beckum,Koeffizientenbetraege,BC-03--BC-06,AS-01--AS-03,0.1608542989036251
Vollstaendig,Rheda-Beckum,Koeffizientenbetraege,BC-04--BC-05,AS-01--AS-03,0.1959283354433349
Vollstaendig,Rheda-Beckum,Koeffizientenbetraege,BC-04--BC-06,AS-03--AS-05,0.1486599935145185
Vollstaendig,Rheda-Beckum,Koeffizientenbetraege,BC-05--BC-06,AS-03--AS-05,0.2840075189605459
Vollstaendig,Rheda-Beckum,Koeffizientenbetraege,LO-01--LO-02,AS-01--AS-02,0.1299350184539739
Vollstaendig,Rheda-Beckum,Koeffizientenbetraege,LO-01--LO-03,AS-01--AS-02,0.2757204873268917
Vollstaendig,Rheda-Beckum,Koeffizientenbetraege,LO-02--LO-03,AS-01--AS-02,0.1072776470583007
Vollstaendig,Rheda-Beckum,Koeffizientenbetraege,OF-01--OF-02,AS-04--AS-06,0.1136124511769639
Vollstaendig,Rheda-Beckum,Koeffizientenbetraege,OF-01--OF-03,AS-04--AS-06,0.2781583727525724
Vollstaendig,Rheda-Beckum,Koeffizientenbetraege,OF-01--OF-04,AS-02--AS-04,0.2743960070593034
Vollstaendig,Rheda-Beckum,Koeffizientenbetraege,OF-02--OF-03,AS-04--AS-06,0.2850407872927216
Vollstaendig,Rheda-Beckum,Koeffizientenbetraege,OF-02--OF-04,BC-01--BC-03,0.24783216166742
Vollstaendig,Rheda-Beckum,Koeffizientenbetraege,OF-03--OF-04,AS-02--AS-06,0.268842145538941
Vollstaendig,Rheda-Beckum,Koeffizientenbetraege,PA-01--PA-10,BB-02--BB-06,0.5325590720980091
Vollstaendig,Rheda-Beckum,Koeffizientenbetraege,PA-01--PA-11,BB-03--BB-07,0.8609583894878328
Vollstaendig,Rheda-Beckum,Koeffizientenbetraege,PA-01--PA-12,AM-01--AM-04,0.9819414971118888
Vollstaendig,Rheda-Beckum,Koeffizientenbetraege,PA-01--PA-02,BB-04--BB-07,0.8118787401342402
Vollstaendig,Rheda-Beckum,Koeffizientenbetraege,PA-01--PA-03,AM-01--AM-04,0.3822666527871124
Vollstaendig,Rheda-Beckum,Koeffizientenbetraege,PA-01--PA-04,AM-02--AM-03,0.3762250720211696
Vollstaendig,Rheda-Beckum,Koeffizientenbetraege,PA-01--PA-05,AM-01--AM-04,0.3546018775971139
Vollstaendig,Rheda-Beckum,Koeffizientenbetraege,PA-01--PA-06,BB-01--BB-06,0.5950668430779529
Vollstaendig,Rheda-Beckum,Koeffizientenbetraege,PA-01--PA-07,AM-01--AM-04,0.4147664284005313
Vollstaendig,Rheda-Beckum,Koeffizientenbetraege,PA-01--PA-08,AM-01--AM-04,0.4666845760496089
Vollstaendig,Rheda-Beckum,Koeffizientenbetraege,PA-01--PA-09,AM-01--AM-04,0.720838555066935
Vollstaendig,Rheda-Beckum,Koeffizientenbetraege,PA-10--PA-11,AM-03--AM-04,0.3710075635095082
Vollstaendig,Rheda-Beckum,Koeffizientenbetraege,PA-10--PA-12,AM-03--AM-04,0.4213833641456856
Vollstaendig,Rheda-Beckum,Koeffizientenbetraege,PA-02--PA-10,AM-01--AM-04,0.6442245033758169
Vollstaendig,Rheda-Beckum,Koeffizientenbetraege,PA-03--PA-10,BB-02--BB-05,0.3866172827268813
Vollstaendig,Rheda-Beckum,Koeffizientenbetraege,PA-04--PA-10,AM-02--AM-04,0.3959731385691901
Vollstaendig,Rheda-Beckum,Koeffizientenbetraege,PA-05--PA-10,AM-01--AM-03,0.4063402565013682
Vollstaendig,Rheda-Beckum,Koeffizientenbetraege,PA-06--PA-10,AM-01--AM-03,0.3242648284455471
Vollstaendig,Rheda-Beckum,Koeffizientenbetraege,PA-07--PA-10,AM-02--AM-03,0.3480353906158979
Vollstaendig,Rheda-Beckum,Koeffizientenbetraege,PA-08--PA-10,AM-01--AM-02,0.2640537516986346
Vollstaendig,Rheda-Beckum,Koeffizientenbetraege,PA-09--PA-10,AM-03--AM-04,0.3504493107984077
Vollstaendig,Rheda-Beckum,Koeffizientenbetraege,PA-11--PA-12,BC-04--BC-05,0.331236251285474
Vollstaendig,Rheda-Beckum,Koeffizientenbetraege,PA-02--PA-11,BB-01--BB-06,0.6310487710019564
Vollstaendig,Rheda-Beckum,Koeffizientenbetraege,PA-03--PA-11,AM-01--AM-04,0.5897395190958786
Vollstaendig,Rheda-Beckum,Koeffizientenbetraege,PA-04--PA-11,AM-01--AM-04,0.495458656186175
Vollstaendig,Rheda-Beckum,Koeffizientenbetraege,PA-05--PA-11,AM-02--AM-04,0.1322153288862652
Vollstaendig,Rheda-Beckum,Koeffizientenbetraege,PA-06--PA-11,AM-01--AM-04,0.6794188748612939
Vollstaendig,Rheda-Beckum,Koeffizientenbetraege,PA-07--PA-11,AM-01--AM-02,0.306554100879398
Vollstaendig,Rheda-Beckum,Koeffizientenbetraege,PA-08--PA-11,AM-01--AM-02,0.2943291104393756
Vollstaendig,Rheda-Beckum,Koeffizientenbetraege,PA-09--PA-11,AM-02--AM-03,0.2636392099844046
Vollstaendig,Rheda-Beckum,Koeffizientenbetraege,PA-02--PA-12,BB-01--BB-06,0.5673918783421655
Vollstaendig,Rheda-Beckum,Koeffizientenbetraege,PA-03--PA-12,AM-01--AM-04,0.7697067115781349
Vollstaendig,Rheda-Beckum,Koeffizientenbetraege,PA-04--PA-12,AM-01--AM-04,0.6578100282311936
Vollstaendig,Rheda-Beckum,Koeffizientenbetraege,PA-05--PA-12,AM-01--AM-04,0.3951878221115718
Vollstaendig,Rheda-Beckum,Koeffizientenbetraege,PA-06--PA-12,AM-01--AM-04,0.559149210069814
Vollstaendig,Rheda-Beckum,Koeffizientenbetraege,PA-07--PA-12,AM-01--AM-04,0.3498546683582985
Vollstaendig,Rheda-Beckum,Koeffizientenbetraege,PA-08--PA-12,AM-03--AM-04,0.3511742770610881
Vollstaendig,Rheda-Beckum,Koeffizientenbetraege,PA-09--PA-12,AM-03--AM-04,0.4776060261568789
Vollstaendig,Rheda-Beckum,Koeffizientenbetraege,PA-02--PA-03,BB-05--BB-07,0.6667557399516879
Vollstaendig,Rheda-Beckum,Koeffizientenbetraege,PA-02--PA-04,BB-04--BB-07,0.832056424566081
Vollstaendig,Rheda-Beckum,Koeffizientenbetraege,PA-02--PA-05,AM-01--AM-04,0.6078829054947646
Vollstaendig,Rheda-Beckum,Koeffizientenbetraege,PA-02--PA-06,BB-03--BB-07,0.6142422457076623
Vollstaendig,Rheda-Beckum,Koeffizientenbetraege,PA-02--PA-07,AM-01--AM-04,0.4926577101929083
Vollstaendig,Rheda-Beckum,Koeffizientenbetraege,PA-02--PA-08,AM-01--AM-04,0.7321800388440851
Vollstaendig,Rheda-Beckum,Koeffizientenbetraege,PA-02--PA-09,AM-01--AM-04,0.817397812830944
Vollstaendig,Rheda-Beckum,Koeffizientenbetraege,PA-03--PA-04,AM-03--AM-04,0.464949963493303
Vollstaendig,Rheda-Beckum,Koeffizientenbetraege,PA-03--PA-05,AM-02--AM-03,0.2573842572676768
Vollstaendig,Rheda-Beckum,Koeffizientenbetraege,PA-03--PA-06,BB-02--BB-04,0.4082218030980557
Vollstaendig,Rheda-Beckum,Koeffizientenbetraege,PA-03--PA-07,AM-02--AM-03,0.3278337606450511
Vollstaendig,Rheda-Beckum,Koeffizientenbetraege,PA-03--PA-08,AM-01--AM-03,0.340717744289655
Vollstaendig,Rheda-Beckum,Koeffizientenbetraege,PA-03--PA-09,AM-01--AM-03,0.4360379941663518
Vollstaendig,Rheda-Beckum,Koeffizientenbetraege,PA-04--PA-05,AM-01--AM-04,0.3855948985346494
Vollstaendig,Rheda-Beckum,Koeffizientenbetraege,PA-04--PA-06,AM-01--AM-03,0.3328393105956622
Vollstaendig,Rheda-Beckum,Koeffizientenbetraege,PA-04--PA-07,AM-01--AM-04,0.3314784910620066
Vollstaendig,Rheda-Beckum,Koeffizientenbetraege,PA-04--PA-08,AM-01--AM-04,0.3129832122967284
Vollstaendig,Rheda-Beckum,Koeffizientenbetraege,PA-04--PA-09,AM-01--AM-04,0.2886031972929371
Vollstaendig,Rheda-Beckum,Koeffizientenbetraege,PA-05--PA-06,AM-01--AM-02,0.3603798343385544
Vollstaendig,Rheda-Beckum,Koeffizientenbetraege,PA-05--PA-07,AM-02--AM-03,0.4136973937950365
Vollstaendig,Rheda-Beckum,Koeffizientenbetraege,PA-05--PA-08,AM-02--AM-03,0.2794324179581306
Vollstaendig,Rheda-Beckum,Koeffizientenbetraege,PA-05--PA-09,AM-02--AM-03,0.2569114698095064
Vollstaendig,Rheda-Beckum,Koeffizientenbetraege,PA-06--PA-07,AM-01--AM-02,0.3480055450351371
Vollstaendig,Rheda-Beckum,Koeffizientenbetraege,PA-06--PA-08,AM-01--AM-02,0.4686001791596877
Vollstaendig,Rheda-Beckum,Koeffizientenbetraege,PA-06--PA-09,AM-03--AM-04,0.5644099447823213
Vollstaendig,Rheda-Beckum,Koeffizientenbetraege,PA-07--PA-08,AM-02--AM-03,0.2333009095400238
Vollstaendig,Rheda-Beckum,Koeffizientenbetraege,PA-07--PA-09,AM-01--AM-02,0.2016651263089736
Vollstaendig,Rheda-Beckum,Koeffizientenbetraege,PA-08--PA-09,AM-02--AM-03,0.2659101601820686
Vollstaendig,Rheda-Beckum,Gleichgewichtung,AS-01--AS-02,LO-01--LO-02,0.1476780021669496
Vollstaendig,Rheda-Beckum,Gleichgewichtung,AS-01--AS-03,BC-03--BC-06,0.2722011407291936
Vollstaendig,Rheda-Beckum,Gleichgewichtung,AS-01--AS-04,BC-04--BC-06,0.3006232399452028
Vollstaendig,Rheda-Beckum,Gleichgewichtung,AS-01--AS-05,BC-05--BC-06,0.3452694319702459
Vollstaendig,Rheda-Beckum,Gleichgewichtung,AS-01--AS-06,BC-04--BC-06,0.3776515482412536
Vollstaendig,Rheda-Beckum,Gleichgewichtung,AS-02--AS-03,BC-03--BC-06,0.296054187198895
Vollstaendig,Rheda-Beckum,Gleichgewichtung,AS-02--AS-04,OF-02--OF-03,0.2546169203148853
Vollstaendig,Rheda-Beckum,Gleichgewichtung,AS-02--AS-05,BC-02--BC-05,0.2236196594297237
Vollstaendig,Rheda-Beckum,Gleichgewichtung,AS-02--AS-06,OF-02--OF-03,0.3092094814680993
Vollstaendig,Rheda-Beckum,Gleichgewichtung,AS-03--AS-04,BC-03--BC-04,0.1469219229513573
Vollstaendig,Rheda-Beckum,Gleichgewichtung,AS-03--AS-05,BC-04--BC-05,0.2164261425131705
Vollstaendig,Rheda-Beckum,Gleichgewichtung,AS-03--AS-06,BC-03--BC-04,0.1746456163885851
Vollstaendig,Rheda-Beckum,Gleichgewichtung,AS-04--AS-05,BC-04--BC-05,0.2463809957040354
Vollstaendig,Rheda-Beckum,Gleichgewichtung,AS-04--AS-06,OF-01--OF-02,0.1608502615355713
Vollstaendig,Rheda-Beckum,Gleichgewichtung,AS-05--AS-06,OF-01--OF-02,0.1553419950145442
Vollstaendig,Rheda-Beckum,Gleichgewichtung,AM-01--AM-02,PA-07--PA-08,0.352380493468043
Vollstaendig,Rheda-Beckum,Gleichgewichtung,AM-01--AM-03,PA-05--PA-08,0.3739084336773359
Vollstaendig,Rheda-Beckum,Gleichgewichtung,AM-01--AM-04,PA-04--PA-07,0.2474788060989263
Vollstaendig,Rheda-Beckum,Gleichgewichtung,AM-02--AM-03,PA-09--PA-11,0.2479236902621595
Vollstaendig,Rheda-Beckum,Gleichgewichtung,AM-02--AM-04,PA-05--PA-11,0.274451239814927
Vollstaendig,Rheda-Beckum,Gleichgewichtung,AM-03--AM-04,PA-03--PA-04,0.4167789447966745
Vollstaendig,Rheda-Beckum,Gleichgewichtung,BB-01--BB-02,AM-01--AM-03,0.4660592217874515
Vollstaendig,Rheda-Beckum,Gleichgewichtung,BB-01--BB-03,PA-07--PA-08,0.4093950832141145
Vollstaendig,Rheda-Beckum,Gleichgewichtung,BB-01--BB-04,AM-01--AM-03,0.4714835779443959
Vollstaendig,Rheda-Beckum,Gleichgewichtung,BB-01--BB-05,PA-03--PA-08,0.362668746728036
Vollstaendig,Rheda-Beckum,Gleichgewichtung,BB-01--BB-06,PA-04--PA-10,0.4246560284516712
Vollstaendig,Rheda-Beckum,Gleichgewichtung,BB-01--BB-07,PA-04--PA-10,0.4313601481943554
Vollstaendig,Rheda-Beckum,Gleichgewichtung,BB-02--BB-03,PA-04--PA-05,0.3776419353002088
Vollstaendig,Rheda-Beckum,Gleichgewichtung,BB-02--BB-04,PA-04--PA-05,0.3952893619867719
Vollstaendig,Rheda-Beckum,Gleichgewichtung,BB-02--BB-05,PA-04--PA-06,0.4671712614933697
Vollstaendig,Rheda-Beckum,Gleichgewichtung,BB-02--BB-06,PA-04--PA-10,0.5912797060358114
Vollstaendig,Rheda-Beckum,Gleichgewichtung,BB-02--BB-07,PA-08--PA-10,0.3480413330023699
Vollstaendig,Rheda-Beckum,Gleichgewichtung,BB-03--BB-04,AM-01--AM-02,0.5525953812535964
Vollstaendig,Rheda-Beckum,Gleichgewichtung,BB-03--BB-05,PA-06--PA-07,0.5034759292479182
Vollstaendig,Rheda-Beckum,Gleichgewichtung,BB-03--BB-06,AM-01--AM-03,0.5667799074428445
Vollstaendig,Rheda-Beckum,Gleichgewichtung,BB-03--BB-07,PA-04--PA-08,0.5064123665802313
Vollstaendig,Rheda-Beckum,Gleichgewichtung,BB-04--BB-05,AM-01--AM-02,0.4701325291353596
Vollstaendig,Rheda-Beckum,Gleichgewichtung,BB-04--BB-06,AM-01--AM-03,0.6684085918567536
Vollstaendig,Rheda-Beckum,Gleichgewichtung,BB-04--BB-07,PA-04--PA-08,0.4013298505689806
Vollstaendig,Rheda-Beckum,Gleichgewichtung,BB-05--BB-06,AM-01--AM-02,0.638078924241492
Vollstaendig,Rheda-Beckum,Gleichgewichtung,BB-05--BB-07,PA-04--PA-05,0.4307844365202976
Vollstaendig,Rheda-Beckum,Gleichgewichtung,BB-06--BB-07,PA-04--PA-08,0.7809171557014756
Vollstaendig,Rheda-Beckum,Gleichgewichtung,BC-01--BC-02,AS-03--AS-05,0.2497791423391056
Vollstaendig,Rheda-Beckum,Gleichgewichtung,BC-01--BC-03,AS-02--AS-05,0.3905882667592216
Vollstaendig,Rheda-Beckum,Gleichgewichtung,BC-01--BC-04,OF-03--OF-04,0.4278816893204132
Vollstaendig,Rheda-Beckum,Gleichgewichtung,BC-01--BC-05,AS-02--AS-05,0.2312170895174695
Vollstaendig,Rheda-Beckum,Gleichgewichtung,BC-01--BC-06,OF-03--OF-04,0.322226408404456
Vollstaendig,Rheda-Beckum,Gleichgewichtung,BC-02--BC-03,AS-02--AS-05,0.5026391412525834
Vollstaendig,Rheda-Beckum,Gleichgewichtung,BC-02--BC-04,OF-03--OF-04,0.4544648849986766
Vollstaendig,Rheda-Beckum,Gleichgewichtung,BC-02--BC-05,AS-02--AS-05,0.2236196594297237
Vollstaendig,Rheda-Beckum,Gleichgewichtung,BC-02--BC-06,PA-07--PA-11,0.365120707342823
Vollstaendig,Rheda-Beckum,Gleichgewichtung,BC-03--BC-04,AS-03--AS-04,0.1469219229513573
Vollstaendig,Rheda-Beckum,Gleichgewichtung,BC-03--BC-05,AS-03--AS-05,0.2585079333212638
Vollstaendig,Rheda-Beckum,Gleichgewichtung,BC-03--BC-06,AS-02--AS-05,0.2681547872836794
Vollstaendig,Rheda-Beckum,Gleichgewichtung,BC-04--BC-05,AS-03--AS-05,0.2164261425131705
Vollstaendig,Rheda-Beckum,Gleichgewichtung,BC-04--BC-06,AS-02--AS-05,0.2811008765358696
Vollstaendig,Rheda-Beckum,Gleichgewichtung,BC-05--BC-06,AS-03--AS-05,0.3223598154457679
Vollstaendig,Rheda-Beckum,Gleichgewichtung,LO-01--LO-02,AS-01--AS-02,0.1476780021669496
Vollstaendig,Rheda-Beckum,Gleichgewichtung,LO-01--LO-03,PA-09--PA-11,0.4305816594031768
Vollstaendig,Rheda-Beckum,Gleichgewichtung,LO-02--LO-03,AS-01--AS-02,0.2469757924551275
Vollstaendig,Rheda-Beckum,Gleichgewichtung,OF-01--OF-02,AS-05--AS-06,0.1553419950145442
Vollstaendig,Rheda-Beckum,Gleichgewichtung,OF-01--OF-03,AS-02--AS-06,0.3395776717132778
Vollstaendig,Rheda-Beckum,Gleichgewichtung,OF-01--OF-04,BC-01--BC-03,0.6002460958342607
Vollstaendig,Rheda-Beckum,Gleichgewichtung,OF-02--OF-03,AS-02--AS-04,0.2546169203148853
Vollstaendig,Rheda-Beckum,Gleichgewichtung,OF-02--OF-04,BC-01--BC-03,0.3964137583926268
Vollstaendig,Rheda-Beckum,Gleichgewichtung,OF-03--OF-04,BC-01--BC-06,0.322226408404456
Vollstaendig,Rheda-Beckum,Gleichgewichtung,PA-01--PA-10,BB-02--BB-06,0.7556729216492417
Vollstaendig,Rheda-Beckum,Gleichgewichtung,PA-01--PA-11,AM-01--AM-04,1.1003061649376766
Vollstaendig,Rheda-Beckum,Gleichgewichtung,PA-01--PA-12,AM-01--AM-04,1.2705663267391596
Vollstaendig,Rheda-Beckum,Gleichgewichtung,PA-01--PA-02,AM-01--AM-04,0.8507730093511979
Vollstaendig,Rheda-Beckum,Gleichgewichtung,PA-01--PA-03,AM-01--AM-04,0.3724043104346972
Vollstaendig,Rheda-Beckum,Gleichgewichtung,PA-01--PA-04,AM-02--AM-03,0.4311775189143836
Vollstaendig,Rheda-Beckum,Gleichgewichtung,PA-01--PA-05,AM-01--AM-04,0.3726636244230042
Vollstaendig,Rheda-Beckum,Gleichgewichtung,PA-01--PA-06,BB-01--BB-06,0.5221954124903275
Vollstaendig,Rheda-Beckum,Gleichgewichtung,PA-01--PA-07,AM-01--AM-04,0.5539650270287663
Vollstaendig,Rheda-Beckum,Gleichgewichtung,PA-01--PA-08,AM-01--AM-04,0.5075356625716518
Vollstaendig,Rheda-Beckum,Gleichgewichtung,PA-01--PA-09,AM-01--AM-04,0.9346260007218856
Vollstaendig,Rheda-Beckum,Gleichgewichtung,PA-10--PA-11,LO-01--LO-03,0.6782820131776538
Vollstaendig,Rheda-Beckum,Gleichgewichtung,PA-10--PA-12,LO-01--LO-03,0.9261706559443272
Vollstaendig,Rheda-Beckum,Gleichgewichtung,PA-02--PA-10,AM-01--AM-04,0.9119115967880612
Vollstaendig,Rheda-Beckum,Gleichgewichtung,PA-03--PA-10,BB-01--BB-06,0.4313059071870311
Vollstaendig,Rheda-Beckum,Gleichgewichtung,PA-04--PA-10,AM-02--AM-04,0.422828572763794
Vollstaendig,Rheda-Beckum,Gleichgewichtung,PA-05--PA-10,BB-02--BB-07,0.5660776129795091
Vollstaendig,Rheda-Beckum,Gleichgewichtung,PA-06--PA-10,BB-02--BB-07,0.6254253346879681
Vollstaendig,Rheda-Beckum,Gleichgewichtung,PA-07--PA-10,AM-02--AM-03,0.519760767496163
Vollstaendig,Rheda-Beckum,Gleichgewichtung,PA-08--PA-10,BB-02--BB-07,0.3480413330023699
Vollstaendig,Rheda-Beckum,Gleichgewichtung,PA-09--PA-10,LO-01--LO-03,0.5340880141415562
Vollstaendig,Rheda-Beckum,Gleichgewichtung,PA-11--PA-12,BC-04--BC-05,0.2900289477098469
Vollstaendig,Rheda-Beckum,Gleichgewichtung,PA-02--PA-11,BB-01--BB-06,0.889773650483368
Vollstaendig,Rheda-Beckum,Gleichgewichtung,PA-03--PA-11,BC-01--BC-04,0.9335197281187106
Vollstaendig,Rheda-Beckum,Gleichgewichtung,PA-04--PA-11,AM-01--AM-04,0.6347134098216715
Vollstaendig,Rheda-Beckum,Gleichgewichtung,PA-05--PA-11,AM-02--AM-04,0.274451239814927
Vollstaendig,Rheda-Beckum,Gleichgewichtung,PA-06--PA-11,AM-01--AM-04,0.5312166036678951
Vollstaendig,Rheda-Beckum,Gleichgewichtung,PA-07--PA-11,AM-02--AM-04,0.3106250960254592
Vollstaendig,Rheda-Beckum,Gleichgewichtung,PA-08--PA-11,BC-02--BC-06,0.366791183373481
Vollstaendig,Rheda-Beckum,Gleichgewichtung,PA-09--PA-11,AM-02--AM-03,0.2479236902621595
Vollstaendig,Rheda-Beckum,Gleichgewichtung,PA-02--PA-12,BB-01--BB-06,0.9100701924948524
Vollstaendig,Rheda-Beckum,Gleichgewichtung,PA-03--PA-12,LO-01--LO-03,1.2647032686540154
Vollstaendig,Rheda-Beckum,Gleichgewichtung,PA-04--PA-12,AM-01--AM-04,0.9299768410174966
Vollstaendig,Rheda-Beckum,Gleichgewichtung,PA-05--PA-12,AM-01--AM-04,0.5634659065719096
Vollstaendig,Rheda-Beckum,Gleichgewichtung,PA-06--PA-12,AM-01--AM-04,0.5832304698259949
Vollstaendig,Rheda-Beckum,Gleichgewichtung,PA-07--PA-12,AM-01--AM-04,0.3293447498357382
Vollstaendig,Rheda-Beckum,Gleichgewichtung,PA-08--PA-12,AM-03--AM-04,0.5131923206860773
Vollstaendig,Rheda-Beckum,Gleichgewichtung,PA-09--PA-12,AM-02--AM-03,0.5707900361972756
Vollstaendig,Rheda-Beckum,Gleichgewichtung,PA-02--PA-03,AM-01--AM-04,0.7581910729295291
Vollstaendig,Rheda-Beckum,Gleichgewichtung,PA-02--PA-04,AM-01--AM-04,0.839186501936082
Vollstaendig,Rheda-Beckum,Gleichgewichtung,PA-02--PA-05,AM-01--AM-04,0.6323668317876796
Vollstaendig,Rheda-Beckum,Gleichgewichtung,PA-02--PA-06,AM-01--AM-04,0.7039198611250328
Vollstaendig,Rheda-Beckum,Gleichgewichtung,PA-02--PA-07,AM-01--AM-04,0.5119601681310961
Vollstaendig,Rheda-Beckum,Gleichgewichtung,PA-02--PA-08,AM-01--AM-04,0.737049008915271
Vollstaendig,Rheda-Beckum,Gleichgewichtung,PA-02--PA-09,AM-01--AM-04,1.0155968542792564
Vollstaendig,Rheda-Beckum,Gleichgewichtung,PA-03--PA-04,BB-02--BB-03,0.3915534986148803
Vollstaendig,Rheda-Beckum,Gleichgewichtung,PA-03--PA-05,AM-02--AM-03,0.4438374525450029
Vollstaendig,Rheda-Beckum,Gleichgewichtung,PA-03--PA-06,BB-02--BB-07,0.5138916811702878
Vollstaendig,Rheda-Beckum,Gleichgewichtung,PA-03--PA-07,AM-02--AM-03,0.505254216885413
Vollstaendig,Rheda-Beckum,Gleichgewichtung,PA-03--PA-08,BB-01--BB-05,0.362668746728036
Vollstaendig,Rheda-Beckum,Gleichgewichtung,PA-03--PA-09,BC-01--BC-04,0.6048214049147457
Vollstaendig,Rheda-Beckum,Gleichgewichtung,PA-04--PA-05,AM-01--AM-04,0.3554769908968223
Vollstaendig,Rheda-Beckum,Gleichgewichtung,PA-04--PA-06,AM-02--AM-04,0.3594812210079452
Vollstaendig,Rheda-Beckum,Gleichgewichtung,PA-04--PA-07,AM-01--AM-04,0.2474788060989263
Vollstaendig,Rheda-Beckum,Gleichgewichtung,PA-04--PA-08,AM-01--AM-04,0.3627950225011837
Vollstaendig,Rheda-Beckum,Gleichgewichtung,PA-04--PA-09,AM-01--AM-04,0.4199795891540422
Vollstaendig,Rheda-Beckum,Gleichgewichtung,PA-05--PA-06,AM-01--AM-02,0.3788997908150896
Vollstaendig,Rheda-Beckum,Gleichgewichtung,PA-05--PA-07,AM-01--AM-03,0.4194720918860651
Vollstaendig,Rheda-Beckum,Gleichgewichtung,PA-05--PA-08,AM-02--AM-03,0.2960377696246025
Vollstaendig,Rheda-Beckum,Gleichgewichtung,PA-05--PA-09,AM-02--AM-03,0.4347846991413127
Vollstaendig,Rheda-Beckum,Gleichgewichtung,PA-06--PA-07,AM-01--AM-02,0.3999598403354354
Vollstaendig,Rheda-Beckum,Gleichgewichtung,PA-06--PA-08,AM-02--AM-04,0.3788730502430959
Vollstaendig,Rheda-Beckum,Gleichgewichtung,PA-06--PA-09,BC-02--BC-06,0.5142374438029388
Vollstaendig,Rheda-Beckum,Gleichgewichtung,PA-07--PA-08,AM-01--AM-02,0.352380493468043
Vollstaendig,Rheda-Beckum,Gleichgewichtung,PA-07--PA-09,AM-01--AM-02,0.4197248476400694
Vollstaendig,Rheda-Beckum,Gleichgewichtung,PA-08--PA-09,BC-04--BC-06,0.441191641831791
