standort,zielcluster,referenzpaar,gewichtungsverfahren,log_transferfehler_kombiniert
Alpen-Sevelen,AS-01,AS-02--AS-03,Gleichgewichtung,0.0281006206963335
Alpen-Sevelen,AS-01,AS-02--AS-03,1/d^2,0.0094146334398241
Alpen-Sevelen,AS-01,AS-02--AS-03,Wald + Wind,0.0291153778948285
Alpen-Sevelen,AS-01,AS-02--AS-03,Vollstaendig,0.0282086999700155
Alpen-Sevelen,AS-01,AS-02--AS-04,Gleichgewichtung,0.0129236703084541
Alpen-Sevelen,AS-01,AS-02--AS-04,1/d^2,0.0053919167936983
Alpen-Sevelen,AS-01,AS-02--AS-04,Wald + Wind,0.0123914332030316
Alpen-Sevelen,AS-01,AS-02--AS-04,Vollstaendig,0.0122230111199135
Alpen-Sevelen,AS-01,AS-02--AS-05,Gleichgewichtung,0.0345617991915291
Alpen-Sevelen,AS-01,AS-02--AS-05,1/d^2,0.0144849761584862
Alpen-Sevelen,AS-01,AS-02--AS-05,Wald + Wind,0.0305150936754271
Alpen-Sevelen,AS-01,AS-02--AS-05,Vollstaendig,0.0291762757259825
Alpen-Sevelen,AS-01,AS-02--AS-06,Gleichgewichtung,0.0357901047067241
Alpen-Sevelen,AS-01,AS-02--AS-06,1/d^2,0.0128975571566296
Alpen-Sevelen,AS-01,AS-02--AS-06,Wald + Wind,0.0330884833926544
Alpen-Sevelen,AS-01,AS-02--AS-06,Vollstaendig,0.032147061213895
Alpen-Sevelen,AS-01,AS-03--AS-04,Gleichgewichtung,0.0408002577124108
Alpen-Sevelen,AS-01,AS-03--AS-04,1/d^2,0.0387047930613196
Alpen-Sevelen,AS-01,AS-03--AS-04,Wald + Wind,0.0419500337838414
Alpen-Sevelen,AS-01,AS-03--AS-04,Vollstaendig,0.0416602074387093
Alpen-Sevelen,AS-01,AS-03--AS-05,Gleichgewichtung,0.0618497358767653
Alpen-Sevelen,AS-01,AS-03--AS-05,1/d^2,0.0626890760636577
Alpen-Sevelen,AS-01,AS-03--AS-05,Wald + Wind,0.0608827977798517
Alpen-Sevelen,AS-01,AS-03--AS-05,Vollstaendig,0.0608385263004079
Alpen-Sevelen,AS-01,AS-03--AS-06,Gleichgewichtung,0.0630449964072952
Alpen-Sevelen,AS-01,AS-03--AS-06,1/d^2,0.0633510511690742
Alpen-Sevelen,AS-01,AS-03--AS-06,Wald + Wind,0.0622053001301961
Alpen-Sevelen,AS-01,AS-03--AS-06,Vollstaendig,0.0622479619128366
Alpen-Sevelen,AS-01,AS-04--AS-05,Gleichgewichtung,0.0471801599587432
Alpen-Sevelen,AS-01,AS-04--AS-05,1/d^2,0.0470344492697516
Alpen-Sevelen,AS-01,AS-04--AS-05,Wald + Wind,0.0455345401688444
Alpen-Sevelen,AS-01,AS-04--AS-05,Vollstaendig,0.0449709804185457
Alpen-Sevelen,AS-01,AS-04--AS-06,Gleichgewichtung,0.0483930729858039
Alpen-Sevelen,AS-01,AS-04--AS-06,1/d^2,0.0461522829775577
Alpen-Sevelen,AS-01,AS-04--AS-06,Wald + Wind,0.0475989713659121
Alpen-Sevelen,AS-01,AS-04--AS-06,Vollstaendig,0.0472909673761692
Alpen-Sevelen,AS-01,AS-05--AS-06,Gleichgewichtung,0.0692849832132245
Alpen-Sevelen,AS-01,AS-05--AS-06,1/d^2,0.0691740581164251
Alpen-Sevelen,AS-01,AS-05--AS-06,Wald + Wind,0.0693352553400843
Alpen-Sevelen,AS-01,AS-05--AS-06,Vollstaendig,0.0693506803900999
Alpen-Sevelen,AS-02,AS-01--AS-03,Gleichgewichtung,0.0283046979808258
Alpen-Sevelen,AS-02,AS-01--AS-03,1/d^2,0.0057118885076365
Alpen-Sevelen,AS-02,AS-01--AS-03,Wald + Wind,0.0275474050884868
Alpen-Sevelen,AS-02,AS-01--AS-03,Vollstaendig,0.0268766017634227
Alpen-Sevelen,AS-02,AS-01--AS-04,Gleichgewichtung,0.0131287683896156
Alpen-Sevelen,AS-02,AS-01--AS-04,1/d^2,0.0033085988667084
Alpen-Sevelen,AS-02,AS-01--AS-04,Wald + Wind,0.0142970237156772
Alpen-Sevelen,AS-02,AS-01--AS-04,Vollstaendig,0.0132846029415665
Alpen-Sevelen,AS-02,AS-01--AS-05,Gleichgewichtung,0.0347654465787274
Alpen-Sevelen,AS-02,AS-01--AS-05,1/d^2,0.0096028396410943
Alpen-Sevelen,AS-02,AS-01--AS-05,Wald + Wind,0.0358045335335976
Alpen-Sevelen,AS-02,AS-01--AS-05,Vollstaendig,0.0334169431065507
Alpen-Sevelen,AS-02,AS-01--AS-06,Gleichgewichtung,0.0359936706818131
Alpen-Sevelen,AS-02,AS-01--AS-06,1/d^2,0.0085881550188542
Alpen-Sevelen,AS-02,AS-01--AS-06,Wald + Wind,0.039464873637591
Alpen-Sevelen,AS-02,AS-01--AS-06,Vollstaendig,0.0369287888252513
Alpen-Sevelen,AS-02,AS-03--AS-04,Gleichgewichtung,0.0409375821725559
Alpen-Sevelen,AS-02,AS-03--AS-04,1/d^2,0.0391398169572132
Alpen-Sevelen,AS-02,AS-03--AS-04,Wald + Wind,0.0391881322039711
Alpen-Sevelen,AS-02,AS-03--AS-04,Vollstaendig,0.0399939975128799
Alpen-Sevelen,AS-02,AS-03--AS-05,Gleichgewichtung,0.0619870603369104
Alpen-Sevelen,AS-02,AS-03--AS-05,1/d^2,0.0631135417189556
Alpen-Sevelen,AS-02,AS-03--AS-05,Wald + Wind,0.0623489313763601
Alpen-Sevelen,AS-02,AS-03--AS-05,Vollstaendig,0.0620610783158638
Alpen-Sevelen,AS-02,AS-03--AS-06,Gleichgewichtung,0.0631823208674404
Alpen-Sevelen,AS-02,AS-03--AS-06,1/d^2,0.0638986685644405
Alpen-Sevelen,AS-02,AS-03--AS-06,Wald + Wind,0.0641184331740126
Alpen-Sevelen,AS-02,AS-03--AS-06,Vollstaendig,0.0637623542784949
Alpen-Sevelen,AS-02,AS-04--AS-05,Gleichgewichtung,0.0473174844188884
Alpen-Sevelen,AS-02,AS-04--AS-05,1/d^2,0.0485931509788094
Alpen-Sevelen,AS-02,AS-04--AS-05,Wald + Wind,0.0460445408875397
Alpen-Sevelen,AS-02,AS-04--AS-05,Vollstaendig,0.0462252866917596
Alpen-Sevelen,AS-02,AS-04--AS-06,Gleichgewichtung,0.0485303974459491
Alpen-Sevelen,AS-02,AS-04--AS-06,1/d^2,0.0479738272864926
Alpen-Sevelen,AS-02,AS-04--AS-06,Wald + Wind,0.0487142444325583
Alpen-Sevelen,AS-02,AS-04--AS-06,Vollstaendig,0.0488538801384777
Alpen-Sevelen,AS-02,AS-05--AS-06,Gleichgewichtung,0.0694223076733694
Alpen-Sevelen,AS-02,AS-05--AS-06,1/d^2,0.069321176393324
Alpen-Sevelen,AS-02,AS-05--AS-06,Wald + Wind,0.0695034872166101
Alpen-Sevelen,AS-02,AS-05--AS-06,Vollstaendig,0.0695007571776284
Alpen-Sevelen,AS-03,AS-01--AS-02,Gleichgewichtung,-0.0556316934997647
Alpen-Sevelen,AS-03,AS-01--AS-02,1/d^2,-0.0556111146599767
Alpen-Sevelen,AS-03,AS-01--AS-02,Wald + Wind,-0.055627328745358
Alpen-Sevelen,AS-03,AS-01--AS-02,Vollstaendig,-0.0556278838734228
Alpen-Sevelen,AS-03,AS-01--AS-04,Gleichgewichtung,-0.0425715896974724
Alpen-Sevelen,AS-03,AS-01--AS-04,1/d^2,-0.030478609490817
Alpen-Sevelen,AS-03,AS-01--AS-04,Wald + Wind,-0.0406690866829204
Alpen-Sevelen,AS-03,AS-01--AS-04,Vollstaendig,-0.0410630531632551
Alpen-Sevelen,AS-03,AS-01--AS-05,Gleichgewichtung,-0.0209349115083606
Alpen-Sevelen,AS-03,AS-01--AS-05,1/d^2,0.0040479341056636
Alpen-Sevelen,AS-03,AS-01--AS-05,Wald + Wind,-0.0199365212193652
Alpen-Sevelen,AS-03,AS-01--AS-05,Vollstaendig,-0.0208664771028066
Alpen-Sevelen,AS-03,AS-01--AS-06,Gleichgewichtung,-0.0197066874052748
Alpen-Sevelen,AS-03,AS-01--AS-06,1/d^2,0.0086126557813325
Alpen-Sevelen,AS-03,AS-01--AS-06,Wald + Wind,-0.0160752480875518
Alpen-Sevelen,AS-03,AS-01--AS-06,Vollstaendig,-0.0171640976677035
Alpen-Sevelen,AS-03,AS-02--AS-04,Gleichgewichtung,-0.0426393633184889
Alpen-Sevelen,AS-03,AS-02--AS-04,1/d^2,-0.0301484030964665
Alpen-Sevelen,AS-03,AS-02--AS-04,Wald + Wind,-0.0399291782295098
Alpen-Sevelen,AS-03,AS-02--AS-04,Vollstaendig,-0.0404185940280345
Alpen-Sevelen,AS-03,AS-02--AS-05,Gleichgewichtung,-0.0210012344354139
Alpen-Sevelen,AS-03,AS-02--AS-05,1/d^2,0.0076733823832301
Alpen-Sevelen,AS-03,AS-02--AS-05,Wald + Wind,-0.0178432799637763
Alpen-Sevelen,AS-03,AS-02--AS-05,Vollstaendig,-0.0190425816283988
Alpen-Sevelen,AS-03,AS-02--AS-06,Gleichgewichtung,-0.019772928920219
Alpen-Sevelen,AS-03,AS-02--AS-06,1/d^2,0.0113637476785985
Alpen-Sevelen,AS-03,AS-02--AS-06,Wald + Wind,-0.0139399435250208
Alpen-Sevelen,AS-03,AS-02--AS-06,Vollstaendig,-0.0152922080177661
Alpen-Sevelen,AS-03,AS-04--AS-05,Gleichgewichtung,-0.0083828736681998
Alpen-Sevelen,AS-03,AS-04--AS-05,1/d^2,-0.0225544440077233
Alpen-Sevelen,AS-03,AS-04--AS-05,Wald + Wind,-0.0108950628065173
Alpen-Sevelen,AS-03,AS-04--AS-05,Vollstaendig,-0.0108161575545042
Alpen-Sevelen,AS-03,AS-04--AS-06,Gleichgewichtung,-0.0071699606411389
Alpen-Sevelen,AS-03,AS-04--AS-06,1/d^2,-0.0195090425045575
Alpen-Sevelen,AS-03,AS-04--AS-06,Wald + Wind,-0.0081734661039269
Alpen-Sevelen,AS-03,AS-04--AS-06,Vollstaendig,-0.0081764144365473
Alpen-Sevelen,AS-03,AS-05--AS-06,Gleichgewichtung,0.0137219495862813
Alpen-Sevelen,AS-03,AS-05--AS-06,1/d^2,0.0139397564931258
Alpen-Sevelen,AS-03,AS-05--AS-06,Wald + Wind,0.0138099914617691
Alpen-Sevelen,AS-03,AS-05--AS-06,Vollstaendig,0.0138053773849735
Alpen-Sevelen,AS-04,AS-01--AS-02,Gleichgewichtung,-0.0258849323770901
Alpen-Sevelen,AS-04,AS-01--AS-02,1/d^2,-0.0258630911423036
Alpen-Sevelen,AS-04,AS-01--AS-02,Wald + Wind,-0.0258942318062677
Alpen-Sevelen,AS-04,AS-01--AS-02,Vollstaendig,-0.0258896294471067
Alpen-Sevelen,AS-04,AS-01--AS-03,Gleichgewichtung,0.0023511010164124
Alpen-Sevelen,AS-04,AS-01--AS-03,1/d^2,0.0277041386298476
Alpen-Sevelen,AS-04,AS-01--AS-03,Wald + Wind,0.0087086767337077
Alpen-Sevelen,AS-04,AS-01--AS-03,Vollstaendig,0.0073685095490554
Alpen-Sevelen,AS-04,AS-01--AS-05,Gleichgewichtung,0.0088118496143141
Alpen-Sevelen,AS-04,AS-01--AS-05,1/d^2,0.037728709305278
Alpen-Sevelen,AS-04,AS-01--AS-05,Wald + Wind,0.0161533323505158
Alpen-Sevelen,AS-04,AS-01--AS-05,Vollstaendig,0.0134913864948022
Alpen-Sevelen,AS-04,AS-01--AS-06,Gleichgewichtung,0.0100400737173997
Alpen-Sevelen,AS-04,AS-01--AS-06,1/d^2,0.0409192289334899
Alpen-Sevelen,AS-04,AS-01--AS-06,Wald + Wind,0.0215178106172437
Alpen-Sevelen,AS-04,AS-01--AS-06,Vollstaendig,0.0187423663023203
Alpen-Sevelen,AS-04,AS-02--AS-03,Gleichgewichtung,0.0022843481920655
Alpen-Sevelen,AS-04,AS-02--AS-03,1/d^2,0.0286683598503746
Alpen-Sevelen,AS-04,AS-02--AS-03,Wald + Wind,0.0049874951078494
Alpen-Sevelen,AS-04,AS-02--AS-03,Vollstaendig,0.0054564269857804
Alpen-Sevelen,AS-04,AS-02--AS-05,Gleichgewichtung,0.0087455266872607
Alpen-Sevelen,AS-04,AS-02--AS-05,1/d^2,0.0398425919911009
Alpen-Sevelen,AS-04,AS-02--AS-05,Wald + Wind,0.0115893941371686
Alpen-Sevelen,AS-04,AS-02--AS-05,Vollstaendig,0.0111321640133736
Alpen-Sevelen,AS-04,AS-02--AS-06,Gleichgewichtung,0.0099738322024556
Alpen-Sevelen,AS-04,AS-02--AS-06,1/d^2,0.0426679074321845
Alpen-Sevelen,AS-04,AS-02--AS-06,Wald + Wind,0.0170508064010008
Alpen-Sevelen,AS-04,AS-02--AS-06,Vollstaendig,0.0164058232131751
Alpen-Sevelen,AS-04,AS-03--AS-05,Gleichgewichtung,0.0360334633724971
Alpen-Sevelen,AS-04,AS-03--AS-05,1/d^2,0.0341035355153493
Alpen-Sevelen,AS-04,AS-03--AS-05,Wald + Wind,0.0359468361231678
Alpen-Sevelen,AS-04,AS-03--AS-05,Vollstaendig,0.0357551796874917
Alpen-Sevelen,AS-04,AS-03--AS-06,Gleichgewichtung,0.0372287239030269
Alpen-Sevelen,AS-04,AS-03--AS-06,1/d^2,0.0357906241439473
Alpen-Sevelen,AS-04,AS-03--AS-06,Wald + Wind,0.038019359391566
Alpen-Sevelen,AS-04,AS-03--AS-06,Vollstaendig,0.037751909378779
Alpen-Sevelen,AS-04,AS-05--AS-06,Gleichgewichtung,0.0434687107089562
Alpen-Sevelen,AS-04,AS-05--AS-06,1/d^2,0.0436136554247683
Alpen-Sevelen,AS-04,AS-05--AS-06,Wald + Wind,0.0436108654476172
Alpen-Sevelen,AS-04,AS-05--AS-06,Vollstaendig,0.043604328241199
Alpen-Sevelen,AS-05,AS-01--AS-02,Gleichgewichtung,-0.0681658221611835
Alpen-Sevelen,AS-05,AS-01--AS-02,1/d^2,-0.0681482221868903
Alpen-Sevelen,AS-05,AS-01--AS-02,Wald + Wind,-0.0681767906369444
Alpen-Sevelen,AS-05,AS-01--AS-02,Vollstaendig,-0.0681747048429022
Alpen-Sevelen,AS-05,AS-01--AS-03,Gleichgewichtung,-0.039929788767681
Alpen-Sevelen,AS-05,AS-01--AS-03,1/d^2,-0.0213100625660976
Alpen-Sevelen,AS-05,AS-01--AS-03,Wald + Wind,-0.0344754828532695
Alpen-Sevelen,AS-05,AS-01--AS-03,Vollstaendig,-0.0349595609458325
Alpen-Sevelen,AS-05,AS-01--AS-04,Gleichgewichtung,-0.0551057183588912
Alpen-Sevelen,AS-05,AS-01--AS-04,1/d^2,-0.0440183127650449
Alpen-Sevelen,AS-05,AS-01--AS-04,Wald + Wind,-0.0511453831069182
Alpen-Sevelen,AS-05,AS-01--AS-04,Vollstaendig,-0.0517699156314444
Alpen-Sevelen,AS-05,AS-01--AS-06,Gleichgewichtung,-0.0322408160666938
Alpen-Sevelen,AS-05,AS-01--AS-06,1/d^2,0.0014055607317541
Alpen-Sevelen,AS-05,AS-01--AS-06,Wald + Wind,-0.0189830500918657
Alpen-Sevelen,AS-05,AS-01--AS-06,Vollstaendig,-0.0216993986946662
Alpen-Sevelen,AS-05,AS-02--AS-03,Gleichgewichtung,-0.0399965415920281
Alpen-Sevelen,AS-05,AS-02--AS-03,1/d^2,-0.0181002867752685
Alpen-Sevelen,AS-05,AS-02--AS-03,Wald + Wind,-0.0389285449760806
Alpen-Sevelen,AS-05,AS-02--AS-03,Vollstaendig,-0.0385715232768975
Alpen-Sevelen,AS-05,AS-02--AS-04,Gleichgewichtung,-0.0551734919799076
Alpen-Sevelen,AS-05,AS-02--AS-04,1/d^2,-0.0433439371043866
Alpen-Sevelen,AS-05,AS-02--AS-04,Wald + Wind,-0.0531601039555656
Alpen-Sevelen,AS-05,AS-02--AS-04,Vollstaendig,-0.0534363073295568
Alpen-Sevelen,AS-05,AS-02--AS-06,Gleichgewichtung,-0.0323070575816377
Alpen-Sevelen,AS-05,AS-02--AS-06,1/d^2,0.0017965170073737
Alpen-Sevelen,AS-05,AS-02--AS-06,Wald + Wind,-0.0241077243690881
Alpen-Sevelen,AS-05,AS-02--AS-06,Vollstaendig,-0.0260292039231916
Alpen-Sevelen,AS-05,AS-03--AS-04,Gleichgewichtung,-0.0272969045759509
Alpen-Sevelen,AS-05,AS-03--AS-04,1/d^2,-0.0340163772443325
Alpen-Sevelen,AS-05,AS-03--AS-04,Wald + Wind,-0.0290480247161869
Alpen-Sevelen,AS-05,AS-03--AS-04,Vollstaendig,-0.0285372389745323
Alpen-Sevelen,AS-05,AS-03--AS-06,Gleichgewichtung,-0.0050521658810664
Alpen-Sevelen,AS-05,AS-03--AS-06,1/d^2,0.0013432101312103
Alpen-Sevelen,AS-05,AS-03--AS-06,Wald + Wind,-0.0035871683921512
Alpen-Sevelen,AS-05,AS-03--AS-06,Vollstaendig,-0.0040954425023179
Alpen-Sevelen,AS-05,AS-04--AS-06,Gleichgewichtung,-0.0197040893025577
Alpen-Sevelen,AS-05,AS-04--AS-06,1/d^2,-0.0048540572696063
Alpen-Sevelen,AS-05,AS-04--AS-06,Wald + Wind,-0.0178994366114974
Alpen-Sevelen,AS-05,AS-04--AS-06,Vollstaendig,-0.0186877280797399
Alpen-Sevelen,AS-06,AS-01--AS-02,Gleichgewichtung,-0.070540054766124
Alpen-Sevelen,AS-06,AS-01--AS-02,1/d^2,-0.070522989361968
Alpen-Sevelen,AS-06,AS-01--AS-02,Wald + Wind,-0.070552057661192
Alpen-Sevelen,AS-06,AS-01--AS-02,Vollstaendig,-0.0705489524060046
Alpen-Sevelen,AS-06,AS-01--AS-03,Gleichgewichtung,-0.0423040213726217
Alpen-Sevelen,AS-06,AS-01--AS-03,1/d^2,-0.0202922322439017
Alpen-Sevelen,AS-06,AS-01--AS-03,Wald + Wind,-0.0363776841395736
Alpen-Sevelen,AS-06,AS-01--AS-03,Vollstaendig,-0.037363378475751
Alpen-Sevelen,AS-06,AS-01--AS-04,Gleichgewichtung,-0.0574799509638318
Alpen-Sevelen,AS-06,AS-01--AS-04,1/d^2,-0.0458094024345463
Alpen-Sevelen,AS-06,AS-01--AS-04,Wald + Wind,-0.0529784171204475
Alpen-Sevelen,AS-06,AS-01--AS-04,Vollstaendig,-0.0538124042481704
Alpen-Sevelen,AS-06,AS-01--AS-05,Gleichgewichtung,-0.0358432727747201
Alpen-Sevelen,AS-06,AS-01--AS-05,1/d^2,-0.0031530290990643
Alpen-Sevelen,AS-06,AS-01--AS-05,Wald + Wind,-0.0253340161665864
Alpen-Sevelen,AS-06,AS-01--AS-05,Vollstaendig,-0.0284096958228488
Alpen-Sevelen,AS-06,AS-02--AS-03,Gleichgewichtung,-0.0423707741969687
Alpen-Sevelen,AS-06,AS-02--AS-03,1/d^2,-0.0182868987152641
Alpen-Sevelen,AS-06,AS-02--AS-03,Wald + Wind,-0.0412376071350934
Alpen-Sevelen,AS-06,AS-02--AS-03,Vollstaendig,-0.0409825689508997
Alpen-Sevelen,AS-06,AS-02--AS-04,Gleichgewichtung,-0.0575477245848483
Alpen-Sevelen,AS-06,AS-02--AS-04,1/d^2,-0.0453661516282925
Alpen-Sevelen,AS-06,AS-02--AS-04,Wald + Wind,-0.05513574344919
Alpen-Sevelen,AS-06,AS-02--AS-04,Vollstaendig,-0.0554605125895122
Alpen-Sevelen,AS-06,AS-02--AS-05,Gleichgewichtung,-0.0359095957017733
Alpen-Sevelen,AS-06,AS-02--AS-05,1/d^2,-0.0028460267365558
Alpen-Sevelen,AS-06,AS-02--AS-05,Wald + Wind,-0.0310319474340923
Alpen-Sevelen,AS-06,AS-02--AS-05,Vollstaendig,-0.0327682169242087
Alpen-Sevelen,AS-06,AS-03--AS-04,Gleichgewichtung,-0.0296711371808917
Alpen-Sevelen,AS-06,AS-03--AS-04,1/d^2,-0.0356195283960606
Alpen-Sevelen,AS-06,AS-03--AS-04,Wald + Wind,-0.0318521867531278
Alpen-Sevelen,AS-06,AS-03--AS-04,Vollstaendig,-0.0313386067759898
Alpen-Sevelen,AS-06,AS-03--AS-05,Gleichgewichtung,-0.0086216590165369
Alpen-Sevelen,AS-06,AS-03--AS-05,1/d^2,-0.0035940951978749
Alpen-Sevelen,AS-06,AS-03--AS-05,Wald + Wind,-0.007974781289919
Alpen-Sevelen,AS-06,AS-03--AS-05,Vollstaendig,-0.0083549752113567
Alpen-Sevelen,AS-06,AS-04--AS-05,Gleichgewichtung,-0.0232912349345592
Alpen-Sevelen,AS-06,AS-04--AS-05,1/d^2,-0.010753041269882
Alpen-Sevelen,AS-06,AS-04--AS-05,Wald + Wind,-0.0242196533372177
Alpen-Sevelen,AS-06,AS-04--AS-05,Vollstaendig,-0.0247676900955377
Altenmellrich,AM-01,AM-02--AM-03,Gleichgewichtung,-0.1249738887269876
Altenmellrich,AM-01,AM-02--AM-03,1/d^2,-0.1553365870903061
Altenmellrich,AM-01,AM-02--AM-03,Wald + Wind,-0.1135122976485185
Altenmellrich,AM-01,AM-02--AM-03,Vollstaendig,-0.1133240719544203
Altenmellrich,AM-01,AM-02--AM-04,Gleichgewichtung,-0.1784415319932534
Altenmellrich,AM-01,AM-02--AM-04,1/d^2,-0.1598937653826179
Altenmellrich,AM-01,AM-02--AM-04,Wald + Wind,-0.1793632664845998
Altenmellrich,AM-01,AM-02--AM-04,Vollstaendig,-0.180189658275615
Altenmellrich,AM-01,AM-03--AM-04,Gleichgewichtung,-0.1434965485819809
Altenmellrich,AM-01,AM-03--AM-04,1/d^2,-0.1141429524253798
Altenmellrich,AM-01,AM-03--AM-04,Wald + Wind,-0.1277509545350011
Altenmellrich,AM-01,AM-03--AM-04,Vollstaendig,-0.1295023335897825
Altenmellrich,AM-02,AM-01--AM-03,Gleichgewichtung,0.1144106708148783
Altenmellrich,AM-02,AM-01--AM-03,1/d^2,0.1530129846355101
Altenmellrich,AM-02,AM-01--AM-03,Wald + Wind,0.115629233609769
Altenmellrich,AM-02,AM-01--AM-03,Vollstaendig,0.1156463272820578
Altenmellrich,AM-02,AM-01--AM-04,Gleichgewichtung,0.0651627705875949
Altenmellrich,AM-02,AM-01--AM-04,1/d^2,0.1557326894931511
Altenmellrich,AM-02,AM-01--AM-04,Wald + Wind,0.0753868530079044
Altenmellrich,AM-02,AM-01--AM-04,Vollstaendig,0.0770519711133829
Altenmellrich,AM-02,AM-03--AM-04,Gleichgewichtung,0.0157698831120853
Altenmellrich,AM-02,AM-03--AM-04,1/d^2,0.0463220302415739
Altenmellrich,AM-02,AM-03--AM-04,Wald + Wind,0.0198868178963144
Altenmellrich,AM-02,AM-03--AM-04,Vollstaendig,0.0207728933749533
Altenmellrich,AM-03,AM-01--AM-02,Gleichgewichtung,0.0153526013809708
Altenmellrich,AM-03,AM-01--AM-02,1/d^2,0.0055766150136887
Altenmellrich,AM-03,AM-01--AM-02,Wald + Wind,0.0446613476624511
Altenmellrich,AM-03,AM-01--AM-02,Vollstaendig,0.0451540965729796
Altenmellrich,AM-03,AM-01--AM-04,Gleichgewichtung,-0.0022852229029596
Altenmellrich,AM-03,AM-01--AM-04,1/d^2,-0.0112571488445155
Altenmellrich,AM-03,AM-01--AM-04,Wald + Wind,0.0096645490376835
Altenmellrich,AM-03,AM-01--AM-04,Vollstaendig,0.0103778984613668
Altenmellrich,AM-03,AM-02--AM-04,Gleichgewichtung,-0.0866230937897418
Altenmellrich,AM-03,AM-02--AM-04,1/d^2,-0.085998700269818
Altenmellrich,AM-03,AM-02--AM-04,Wald + Wind,-0.091757266353957
Altenmellrich,AM-03,AM-02--AM-04,Vollstaendig,-0.0917574849606606
Altenmellrich,AM-04,AM-01--AM-02,Gleichgewichtung,0.1215256801027749
Altenmellrich,AM-04,AM-01--AM-02,1/d^2,0.1144987577429154
Altenmellrich,AM-04,AM-01--AM-02,Wald + Wind,0.1293884649569825
Altenmellrich,AM-04,AM-01--AM-02,Vollstaendig,0.1334697807993766
Altenmellrich,AM-04,AM-01--AM-03,Gleichgewichtung,0.1531357560461282
Altenmellrich,AM-04,AM-01--AM-03,1/d^2,0.1242500779717584
Altenmellrich,AM-04,AM-01--AM-03,Wald + Wind,0.1436458896556454
Altenmellrich,AM-04,AM-01--AM-03,Vollstaendig,0.1456627538973798
Altenmellrich,AM-04,AM-02--AM-03,Gleichgewichtung,0.0730176281983282
Altenmellrich,AM-04,AM-02--AM-03,1/d^2,0.0918296200474361
Altenmellrich,AM-04,AM-02--AM-03,Wald + Wind,0.0830500097467047
Altenmellrich,AM-04,AM-02--AM-03,Vollstaendig,0.0832798725294807
Bad Berleburg,BB-01,BB-02--BB-03,Gleichgewichtung,-0.0678301291149558
Bad Berleburg,BB-01,BB-02--BB-03,1/d^2,-0.0674955685498256
Bad Berleburg,BB-01,BB-02--BB-03,Wald + Wind,-0.067678358177611
Bad Berleburg,BB-01,BB-02--BB-03,Vollstaendig,-0.0676083069848266
Bad Berleburg,BB-01,BB-02--BB-04,Gleichgewichtung,-0.1141181826927076
Bad Berleburg,BB-01,BB-02--BB-04,1/d^2,-0.1013071069557287
Bad Berleburg,BB-01,BB-02--BB-04,Wald + Wind,-0.110900353129581
Bad Berleburg,BB-01,BB-02--BB-04,Vollstaendig,-0.11386681381603
Bad Berleburg,BB-01,BB-02--BB-05,Gleichgewichtung,-0.1263106085661758
Bad Berleburg,BB-01,BB-02--BB-05,1/d^2,-0.0950763119021204
Bad Berleburg,BB-01,BB-02--BB-05,Wald + Wind,-0.1285667970680943
Bad Berleburg,BB-01,BB-02--BB-05,Vollstaendig,-0.1361348921382195
Bad Berleburg,BB-01,BB-02--BB-06,Gleichgewichtung,-0.1297356775498717
Bad Berleburg,BB-01,BB-02--BB-06,1/d^2,-0.0875923601889663
Bad Berleburg,BB-01,BB-02--BB-06,Wald + Wind,-0.1124459396139465
Bad Berleburg,BB-01,BB-02--BB-06,Vollstaendig,-0.1174505670991582
Bad Berleburg,BB-01,BB-02--BB-07,Gleichgewichtung,-0.0878112457040895
Bad Berleburg,BB-01,BB-02--BB-07,1/d^2,-0.0740733415224847
Bad Berleburg,BB-01,BB-02--BB-07,Wald + Wind,-0.0848327418316423
Bad Berleburg,BB-01,BB-02--BB-07,Vollstaendig,-0.0837794764527079
Bad Berleburg,BB-01,BB-03--BB-04,Gleichgewichtung,-0.1110854524825087
Bad Berleburg,BB-01,BB-03--BB-04,1/d^2,-0.0926934143907991
Bad Berleburg,BB-01,BB-03--BB-04,Wald + Wind,-0.1052195603845976
Bad Berleburg,BB-01,BB-03--BB-04,Vollstaendig,-0.1072135230484311
Bad Berleburg,BB-01,BB-03--BB-05,Gleichgewichtung,-0.1232407327288999
Bad Berleburg,BB-01,BB-03--BB-05,1/d^2,-0.0861032146362235
Bad Berleburg,BB-01,BB-03--BB-05,Wald + Wind,-0.122464577874357
Bad Berleburg,BB-01,BB-03--BB-05,Vollstaendig,-0.1290101250077154
Bad Berleburg,BB-01,BB-03--BB-06,Gleichgewichtung,-0.1266552853545973
Bad Berleburg,BB-01,BB-03--BB-06,1/d^2,-0.0793189110664442
Bad Berleburg,BB-01,BB-03--BB-06,Wald + Wind,-0.1055969728132388
Bad Berleburg,BB-01,BB-03--BB-06,Vollstaendig,-0.1092616054636712
Bad Berleburg,BB-01,BB-03--BB-07,Gleichgewichtung,-0.0848571408810419
Bad Berleburg,BB-01,BB-03--BB-07,1/d^2,-0.0680833552653485
Bad Berleburg,BB-01,BB-03--BB-07,Wald + Wind,-0.0803697735367871
Bad Berleburg,BB-01,BB-03--BB-07,Vollstaendig,-0.078727048512895
Bad Berleburg,BB-01,BB-04--BB-05,Gleichgewichtung,-0.1722316646725599
Bad Berleburg,BB-01,BB-04--BB-05,1/d^2,-0.1681908057274504
Bad Berleburg,BB-01,BB-04--BB-05,Wald + Wind,-0.1736686553997524
Bad Berleburg,BB-01,BB-04--BB-05,Vollstaendig,-0.1745019082300414
Bad Berleburg,BB-01,BB-04--BB-06,Gleichgewichtung,-0.1758179726013563
Bad Berleburg,BB-01,BB-04--BB-06,1/d^2,-0.1671904212735334
Bad Berleburg,BB-01,BB-04--BB-06,Wald + Wind,-0.1722176686131641
Bad Berleburg,BB-01,BB-04--BB-06,Vollstaendig,-0.1725607551515328
Bad Berleburg,BB-01,BB-04--BB-07,Gleichgewichtung,-0.1319591052194127
Bad Berleburg,BB-01,BB-04--BB-07,1/d^2,-0.1502643310374291
Bad Berleburg,BB-01,BB-04--BB-07,Wald + Wind,-0.1347248129957447
Bad Berleburg,BB-01,BB-04--BB-07,Vollstaendig,-0.1381978273725203
Bad Berleburg,BB-01,BB-05--BB-06,Gleichgewichtung,-0.1887914154259393
Bad Berleburg,BB-01,BB-05--BB-06,1/d^2,-0.1878737242970994
Bad Berleburg,BB-01,BB-05--BB-06,Wald + Wind,-0.1876174580870328
Bad Berleburg,BB-01,BB-05--BB-06,Vollstaendig,-0.187475251640323
Bad Berleburg,BB-01,BB-05--BB-07,Gleichgewichtung,-0.1443723750368848
Bad Berleburg,BB-01,BB-05--BB-07,1/d^2,-0.1624179317709063
Bad Berleburg,BB-01,BB-05--BB-07,Wald + Wind,-0.1528481376841022
Bad Berleburg,BB-01,BB-05--BB-07,Vollstaendig,-0.1600805049992267
Bad Berleburg,BB-01,BB-06--BB-07,Gleichgewichtung,-0.1478599778532641
Bad Berleburg,BB-01,BB-06--BB-07,1/d^2,-0.1575009952345933
Bad Berleburg,BB-01,BB-06--BB-07,Wald + Wind,-0.1426542027402654
Bad Berleburg,BB-01,BB-06--BB-07,Vollstaendig,-0.1492882582254338
Bad Berleburg,BB-02,BB-01--BB-03,Gleichgewichtung,0.0387940641836744
Bad Berleburg,BB-02,BB-01--BB-03,1/d^2,0.0319171105732439
Bad Berleburg,BB-02,BB-01--BB-03,Wald + Wind,0.0447813702196414
Bad Berleburg,BB-02,BB-01--BB-03,Vollstaendig,0.0455618494678177
Bad Berleburg,BB-02,BB-01--BB-04,Gleichgewichtung,-0.0058252104076899
Bad Berleburg,BB-02,BB-01--BB-04,1/d^2,-0.0313312199044689
Bad Berleburg,BB-02,BB-01--BB-04,Wald + Wind,-0.0035208162730045
Bad Berleburg,BB-02,BB-01--BB-04,Vollstaendig,-0.0027194963776058
Bad Berleburg,BB-02,BB-01--BB-05,Gleichgewichtung,-0.0175655489595309
Bad Berleburg,BB-02,BB-01--BB-05,1/d^2,-0.0013566106610611
Bad Berleburg,BB-02,BB-01--BB-05,Wald + Wind,-0.0010987789994866
Bad Berleburg,BB-02,BB-01--BB-05,Vollstaendig,-0.0092563453318302
Bad Berleburg,BB-02,BB-01--BB-06,Gleichgewichtung,-0.0208626608418393
Bad Berleburg,BB-02,BB-01--BB-06,1/d^2,0.0255195673335947
Bad Berleburg,BB-02,BB-01--BB-06,Wald + Wind,0.0262655690129604
Bad Berleburg,BB-02,BB-01--BB-06,Vollstaendig,0.0220491584753482
Bad Berleburg,BB-02,BB-01--BB-07,Gleichgewichtung,0.019524183382797
Bad Berleburg,BB-02,BB-01--BB-07,1/d^2,0.0542810289214244
Bad Berleburg,BB-02,BB-01--BB-07,Wald + Wind,0.0203778117425618
Bad Berleburg,BB-02,BB-01--BB-07,Vollstaendig,0.0159840622597762
Bad Berleburg,BB-02,BB-03--BB-04,Gleichgewichtung,-0.0403511648079261
Bad Berleburg,BB-02,BB-03--BB-04,1/d^2,-0.045697716154155
Bad Berleburg,BB-02,BB-03--BB-04,Wald + Wind,-0.0477883897936386
Bad Berleburg,BB-02,BB-03--BB-04,Vollstaendig,-0.0484864438909079
Bad Berleburg,BB-02,BB-03--BB-05,Gleichgewichtung,-0.0525064450543171
Bad Berleburg,BB-02,BB-03--BB-05,1/d^2,-0.030289068465642
Bad Berleburg,BB-02,BB-03--BB-05,Wald + Wind,-0.0528280624098721
Bad Berleburg,BB-02,BB-03--BB-05,Vollstaendig,-0.0598060876321957
Bad Berleburg,BB-02,BB-03--BB-06,Gleichgewichtung,-0.0559209976800146
Bad Berleburg,BB-02,BB-03--BB-06,1/d^2,-0.0160276749649021
Bad Berleburg,BB-02,BB-03--BB-06,Wald + Wind,-0.0338398467696951
Bad Berleburg,BB-02,BB-03--BB-06,Vollstaendig,-0.0386223371087075
Bad Berleburg,BB-02,BB-03--BB-07,Gleichgewichtung,-0.0141228532064592
Bad Berleburg,BB-02,BB-03--BB-07,1/d^2,0.0013364397959422
Bad Berleburg,BB-02,BB-03--BB-07,Wald + Wind,-0.017535119240876
Bad Berleburg,BB-02,BB-03--BB-07,Vollstaendig,-0.0196243508391784
Bad Berleburg,BB-02,BB-04--BB-05,Gleichgewichtung,-0.1014973769979772
Bad Berleburg,BB-02,BB-04--BB-05,1/d^2,-0.0955130560752474
Bad Berleburg,BB-02,BB-04--BB-05,Wald + Wind,-0.0995515919856031
Bad Berleburg,BB-02,BB-04--BB-05,Vollstaendig,-0.100836515922398
Bad Berleburg,BB-02,BB-04--BB-06,Gleichgewichtung,-0.1050836849267737
Bad Berleburg,BB-02,BB-04--BB-06,1/d^2,-0.0935869795218547
Bad Berleburg,BB-02,BB-04--BB-06,Wald + Wind,-0.0971853308637393
Bad Berleburg,BB-02,BB-04--BB-06,Vollstaendig,-0.0980931722831898
Bad Berleburg,BB-02,BB-04--BB-07,Gleichgewichtung,-0.0612248175448299
Bad Berleburg,BB-02,BB-04--BB-07,1/d^2,-0.0836113433901055
Bad Berleburg,BB-02,BB-04--BB-07,Wald + Wind,-0.0608789388539
Bad Berleburg,BB-02,BB-04--BB-07,Vollstaendig,-0.0583506506897834
Bad Berleburg,BB-02,BB-05--BB-06,Gleichgewichtung,-0.1180571277513567
Bad Berleburg,BB-02,BB-05--BB-06,1/d^2,-0.1167897332811418
Bad Berleburg,BB-02,BB-05--BB-06,Wald + Wind,-0.1167645119633585
Bad Berleburg,BB-02,BB-05--BB-06,Vollstaendig,-0.1166658767141304
Bad Berleburg,BB-02,BB-05--BB-07,Gleichgewichtung,-0.0736380873623022
Bad Berleburg,BB-02,BB-05--BB-07,1/d^2,-0.0964039235602707
Bad Berleburg,BB-02,BB-05--BB-07,Wald + Wind,-0.0671020382812151
Bad Berleburg,BB-02,BB-05--BB-07,Vollstaendig,-0.0673955696591459
Bad Berleburg,BB-02,BB-06--BB-07,Gleichgewichtung,-0.0771256901786816
Bad Berleburg,BB-02,BB-06--BB-07,1/d^2,-0.0888436742860162
Bad Berleburg,BB-02,BB-06--BB-07,Wald + Wind,-0.0559516663073641
Bad Berleburg,BB-02,BB-06--BB-07,Vollstaendig,-0.0551889242993838
Bad Berleburg,BB-03,BB-01--BB-02,Gleichgewichtung,0.0301925235304673
Bad Berleburg,BB-03,BB-01--BB-02,1/d^2,0.0267161353494028
Bad Berleburg,BB-03,BB-01--BB-02,Wald + Wind,0.0386249186798424
Bad Berleburg,BB-03,BB-01--BB-02,Vollstaendig,0.0401968055908314
Bad Berleburg,BB-03,BB-01--BB-04,Gleichgewichtung,-0.0116251178072696
Bad Berleburg,BB-03,BB-01--BB-04,1/d^2,-0.0443333032069531
Bad Berleburg,BB-03,BB-01--BB-04,Wald + Wind,0.0051898419110249
Bad Berleburg,BB-03,BB-01--BB-04,Vollstaendig,-9.06032061657159e-05
Bad Berleburg,BB-03,BB-01--BB-05,Gleichgewichtung,-0.0233654563591107
Bad Berleburg,BB-03,BB-01--BB-05,1/d^2,-0.0095178357136875
Bad Berleburg,BB-03,BB-01--BB-05,Wald + Wind,-0.0084032375897446
Bad Berleburg,BB-03,BB-01--BB-05,Vollstaendig,-0.0091086452619333
Bad Berleburg,BB-03,BB-01--BB-06,Gleichgewichtung,-0.0266625682414192
Bad Berleburg,BB-03,BB-01--BB-06,1/d^2,0.0213355323117513
Bad Berleburg,BB-03,BB-01--BB-06,Wald + Wind,0.0043155635851015
Bad Berleburg,BB-03,BB-01--BB-06,Vollstaendig,-0.0038934647819697
Bad Berleburg,BB-03,BB-01--BB-07,Gleichgewichtung,0.0137242759832172
Bad Berleburg,BB-03,BB-01--BB-07,1/d^2,0.0506341329692083
Bad Berleburg,BB-03,BB-01--BB-07,Wald + Wind,0.034375660701916
Bad Berleburg,BB-03,BB-01--BB-07,Vollstaendig,0.043272421725933
Bad Berleburg,BB-03,BB-02--BB-04,Gleichgewichtung,-0.0491838024177048
Bad Berleburg,BB-03,BB-02--BB-04,1/d^2,-0.0634255657896735
Bad Berleburg,BB-03,BB-02--BB-04,Wald + Wind,-0.0504186983597241
Bad Berleburg,BB-03,BB-02--BB-04,Vollstaendig,-0.0556157091295977
Bad Berleburg,BB-03,BB-02--BB-05,Gleichgewichtung,-0.061376228291173
Bad Berleburg,BB-03,BB-02--BB-05,1/d^2,-0.0474395548240761
Bad Berleburg,BB-03,BB-02--BB-05,Wald + Wind,-0.0659208181761108
Bad Berleburg,BB-03,BB-02--BB-05,Vollstaendig,-0.0691115860039629
Bad Berleburg,BB-03,BB-02--BB-06,Gleichgewichtung,-0.064801297274869
Bad Berleburg,BB-03,BB-02--BB-06,1/d^2,-0.0300704094120357
Bad Berleburg,BB-03,BB-02--BB-06,Wald + Wind,-0.0589828972105359
Bad Berleburg,BB-03,BB-02--BB-06,Vollstaendig,-0.0676962657344168
Bad Berleburg,BB-03,BB-02--BB-07,Gleichgewichtung,-0.0228768654290866
Bad Berleburg,BB-03,BB-02--BB-07,1/d^2,-0.0098661519813172
Bad Berleburg,BB-03,BB-02--BB-07,Wald + Wind,-0.0198818700952078
Bad Berleburg,BB-03,BB-02--BB-07,Vollstaendig,-0.017006782913555
Bad Berleburg,BB-03,BB-04--BB-05,Gleichgewichtung,-0.1072972843975572
Bad Berleburg,BB-03,BB-04--BB-05,1/d^2,-0.1005962451324794
Bad Berleburg,BB-03,BB-04--BB-05,Wald + Wind,-0.1079604882536728
Bad Berleburg,BB-03,BB-04--BB-05,Vollstaendig,-0.107169355692577
Bad Berleburg,BB-03,BB-04--BB-06,Gleichgewichtung,-0.1108835923263534
Bad Berleburg,BB-03,BB-04--BB-06,1/d^2,-0.0984420177606733
Bad Berleburg,BB-03,BB-04--BB-06,Wald + Wind,-0.108849802314024
Bad Berleburg,BB-03,BB-04--BB-06,Vollstaendig,-0.1092744681399033
Bad Berleburg,BB-03,BB-04--BB-07,Gleichgewichtung,-0.06702472494441
Bad Berleburg,BB-03,BB-04--BB-07,1/d^2,-0.0908779232415449
Bad Berleburg,BB-03,BB-04--BB-07,Wald + Wind,-0.0724942207254235
Bad Berleburg,BB-03,BB-04--BB-07,Vollstaendig,-0.0796821395770311
Bad Berleburg,BB-03,BB-05--BB-06,Gleichgewichtung,-0.1238570351509364
Bad Berleburg,BB-03,BB-05--BB-06,1/d^2,-0.1224317448446654
Bad Berleburg,BB-03,BB-05--BB-06,Wald + Wind,-0.1232238336738363
Bad Berleburg,BB-03,BB-05--BB-06,Vollstaendig,-0.123537415989301
Bad Berleburg,BB-03,BB-05--BB-07,Gleichgewichtung,-0.0794379947618821
Bad Berleburg,BB-03,BB-05--BB-07,1/d^2,-0.1050594368126388
Bad Berleburg,BB-03,BB-05--BB-07,Wald + Wind,-0.0894810263222018
Bad Berleburg,BB-03,BB-05--BB-07,Vollstaendig,-0.0978160556587872
Bad Berleburg,BB-03,BB-06--BB-07,Gleichgewichtung,-0.0829255975782612
Bad Berleburg,BB-03,BB-06--BB-07,1/d^2,-0.0970013255749902
Bad Berleburg,BB-03,BB-06--BB-07,Wald + Wind,-0.0863962010563843
Bad Berleburg,BB-03,BB-06--BB-07,Vollstaendig,-0.0997716931016604
Bad Berleburg,BB-04,BB-01--BB-02,Gleichgewichtung,0.1247280792931714
Bad Berleburg,BB-04,BB-01--BB-02,1/d^2,0.1048720947639814
Bad Berleburg,BB-04,BB-01--BB-02,Wald + Wind,0.1229770094367065
Bad Berleburg,BB-04,BB-01--BB-02,Vollstaendig,0.1259009872744121
Bad Berleburg,BB-04,BB-01--BB-03,Gleichgewichtung,0.1275297125467987
Bad Berleburg,BB-04,BB-01--BB-03,1/d^2,0.1049448855826282
Bad Berleburg,BB-04,BB-01--BB-03,Wald + Wind,0.1301433950026553
Bad Berleburg,BB-04,BB-01--BB-03,Vollstaendig,0.129500079589845
Bad Berleburg,BB-04,BB-01--BB-05,Gleichgewichtung,0.0711700994035933
Bad Berleburg,BB-04,BB-01--BB-05,1/d^2,0.0010867154872024
Bad Berleburg,BB-04,BB-01--BB-05,Wald + Wind,0.0689638997689094
Bad Berleburg,BB-04,BB-01--BB-05,Vollstaendig,0.076212680647305
Bad Berleburg,BB-04,BB-01--BB-06,Gleichgewichtung,0.0678729875212848
Bad Berleburg,BB-04,BB-01--BB-06,1/d^2,0.0468029485506136
Bad Berleburg,BB-04,BB-01--BB-06,Wald + Wind,0.0935024963881556
Bad Berleburg,BB-04,BB-01--BB-06,Vollstaendig,0.0882400896722152
Bad Berleburg,BB-04,BB-01--BB-07,Gleichgewichtung,0.1082598317459211
Bad Berleburg,BB-04,BB-01--BB-07,1/d^2,0.1195087620126473
Bad Berleburg,BB-04,BB-01--BB-07,Wald + Wind,0.1101602124230101
Bad Berleburg,BB-04,BB-01--BB-07,Vollstaendig,0.121722376302137
Bad Berleburg,BB-04,BB-02--BB-03,Gleichgewichtung,0.0916398069227509
Bad Berleburg,BB-04,BB-02--BB-03,1/d^2,0.0922594156000694
Bad Berleburg,BB-04,BB-02--BB-03,Wald + Wind,0.0912638824900256
Bad Berleburg,BB-04,BB-02--BB-03,Vollstaendig,0.0915596846372722
Bad Berleburg,BB-04,BB-02--BB-05,Gleichgewichtung,0.033159327471531
Bad Berleburg,BB-04,BB-02--BB-05,1/d^2,0.0159264971943696
Bad Berleburg,BB-04,BB-02--BB-05,Wald + Wind,0.0346239551623338
Bad Berleburg,BB-04,BB-02--BB-05,Vollstaendig,0.0343931966197849
Bad Berleburg,BB-04,BB-02--BB-06,Gleichgewichtung,0.029734258487835
Bad Berleburg,BB-04,BB-02--BB-06,1/d^2,0.05288393349693
Bad Berleburg,BB-04,BB-02--BB-06,Wald + Wind,0.0487515902492926
Bad Berleburg,BB-04,BB-02--BB-06,Vollstaendig,0.040771429429607
Bad Berleburg,BB-04,BB-02--BB-07,Gleichgewichtung,0.0716586903336173
Bad Berleburg,BB-04,BB-02--BB-07,1/d^2,0.0834546778527014
Bad Berleburg,BB-04,BB-02--BB-07,Wald + Wind,0.0731308623560454
Bad Berleburg,BB-04,BB-02--BB-07,Vollstaendig,0.0755555260459739
Bad Berleburg,BB-04,BB-03--BB-05,Gleichgewichtung,0.0362292033088071
Bad Berleburg,BB-04,BB-03--BB-05,1/d^2,0.0307479542795493
Bad Berleburg,BB-04,BB-03--BB-05,Wald + Wind,0.0299469385472914
Bad Berleburg,BB-04,BB-03--BB-05,Vollstaendig,0.0358672225795794
Bad Berleburg,BB-04,BB-03--BB-06,Gleichgewichtung,0.0328146506831095
Bad Berleburg,BB-04,BB-03--BB-06,1/d^2,0.0674458471416517
Bad Berleburg,BB-04,BB-03--BB-06,Wald + Wind,0.0451054948751991
Bad Berleburg,BB-04,BB-03--BB-06,Vollstaendig,0.0426827060218531
Bad Berleburg,BB-04,BB-03--BB-07,Gleichgewichtung,0.074612795156665
Bad Berleburg,BB-04,BB-03--BB-07,1/d^2,0.090321287328585
Bad Berleburg,BB-04,BB-03--BB-07,Wald + Wind,0.0737156481604173
Bad Berleburg,BB-04,BB-03--BB-07,Vollstaendig,0.07863559935134
Bad Berleburg,BB-04,BB-05--BB-06,Gleichgewichtung,-0.0293214793882324
Bad Berleburg,BB-04,BB-05--BB-06,1/d^2,-0.027090644866056
Bad Berleburg,BB-04,BB-05--BB-06,Wald + Wind,-0.028256996984581
Bad Berleburg,BB-04,BB-05--BB-06,Vollstaendig,-0.0287333301464935
Bad Berleburg,BB-04,BB-05--BB-07,Gleichgewichtung,0.015097561000822
Bad Berleburg,BB-04,BB-05--BB-07,1/d^2,-0.0181887697403105
Bad Berleburg,BB-04,BB-05--BB-07,Wald + Wind,0.0126958728485411
Bad Berleburg,BB-04,BB-05--BB-07,Vollstaendig,0.0068266951094186
Bad Berleburg,BB-04,BB-06--BB-07,Gleichgewichtung,0.0116099581844427
Bad Berleburg,BB-04,BB-06--BB-07,1/d^2,-0.0065742209328552
Bad Berleburg,BB-04,BB-06--BB-07,Wald + Wind,0.0218794688979301
Bad Berleburg,BB-04,BB-06--BB-07,Vollstaendig,0.0096029718339815
Bad Berleburg,BB-05,BB-01--BB-02,Gleichgewichtung,0.150416505841651
Bad Berleburg,BB-05,BB-01--BB-02,1/d^2,0.135480217446911
Bad Berleburg,BB-05,BB-01--BB-02,Wald + Wind,0.1581820176642375
Bad Berleburg,BB-05,BB-01--BB-02,Vollstaendig,0.1597455146556564
Bad Berleburg,BB-05,BB-01--BB-03,Gleichgewichtung,0.1532181390952784
Bad Berleburg,BB-05,BB-01--BB-03,1/d^2,0.1358822021077863
Bad Berleburg,BB-05,BB-01--BB-03,Wald + Wind,0.1580452906945386
Bad Berleburg,BB-05,BB-01--BB-03,Vollstaendig,0.1613684669055965
Bad Berleburg,BB-05,BB-01--BB-04,Gleichgewichtung,0.108598864503914
Bad Berleburg,BB-05,BB-01--BB-04,1/d^2,0.0384352906696966
Bad Berleburg,BB-05,BB-01--BB-04,Wald + Wind,0.1162882596937772
Bad Berleburg,BB-05,BB-01--BB-04,Vollstaendig,0.1272909583318601
Bad Berleburg,BB-05,BB-01--BB-06,Gleichgewichtung,0.0935614140697645
Bad Berleburg,BB-05,BB-01--BB-06,1/d^2,0.0096239504262711
Bad Berleburg,BB-05,BB-01--BB-06,Wald + Wind,0.126975992576373
Bad Berleburg,BB-05,BB-01--BB-06,Vollstaendig,0.1375334729583629
Bad Berleburg,BB-05,BB-01--BB-07,Gleichgewichtung,0.1339482582944008
Bad Berleburg,BB-05,BB-01--BB-07,1/d^2,0.1102547487516113
Bad Berleburg,BB-05,BB-01--BB-07,Wald + Wind,0.1460444117796793
Bad Berleburg,BB-05,BB-01--BB-07,Vollstaendig,0.1552075120450813
Bad Berleburg,BB-05,BB-02--BB-03,Gleichgewichtung,0.1173282334712306
Bad Berleburg,BB-05,BB-02--BB-03,1/d^2,0.117738870095658
Bad Berleburg,BB-05,BB-02--BB-03,Wald + Wind,0.1175423819461742
Bad Berleburg,BB-05,BB-02--BB-03,Vollstaendig,0.1173685511266981
Bad Berleburg,BB-05,BB-02--BB-04,Gleichgewichtung,0.071040179893479
Bad Berleburg,BB-05,BB-02--BB-04,1/d^2,0.0407753548804865
Bad Berleburg,BB-05,BB-02--BB-04,Wald + Wind,0.0654288611520247
Bad Berleburg,BB-05,BB-02--BB-04,Vollstaendig,0.0697151415694237
Bad Berleburg,BB-05,BB-02--BB-06,Gleichgewichtung,0.0554226850363148
Bad Berleburg,BB-05,BB-02--BB-06,1/d^2,0.0152372589425561
Bad Berleburg,BB-05,BB-02--BB-06,Wald + Wind,0.0641996126565752
Bad Berleburg,BB-05,BB-02--BB-06,Vollstaendig,0.0694478034702399
Bad Berleburg,BB-05,BB-02--BB-07,Gleichgewichtung,0.0973471168820971
Bad Berleburg,BB-05,BB-02--BB-07,1/d^2,0.0967905236872807
Bad Berleburg,BB-05,BB-02--BB-07,Wald + Wind,0.0975484361097515
Bad Berleburg,BB-05,BB-02--BB-07,Vollstaendig,0.1001213739898585
Bad Berleburg,BB-05,BB-03--BB-04,Gleichgewichtung,0.0740729101036779
Bad Berleburg,BB-05,BB-03--BB-04,1/d^2,0.0459759718108932
Bad Berleburg,BB-05,BB-03--BB-04,Wald + Wind,0.0715740114952428
Bad Berleburg,BB-05,BB-03--BB-04,Vollstaendig,0.0733184105228435
Bad Berleburg,BB-05,BB-03--BB-06,Gleichgewichtung,0.0585030772315893
Bad Berleburg,BB-05,BB-03--BB-06,1/d^2,0.0223548996127304
Bad Berleburg,BB-05,BB-03--BB-06,Wald + Wind,0.0721976509686871
Bad Berleburg,BB-05,BB-03--BB-06,Vollstaendig,0.0740120848786801
Bad Berleburg,BB-05,BB-03--BB-07,Gleichgewichtung,0.1003012217051445
Bad Berleburg,BB-05,BB-03--BB-07,1/d^2,0.1025087690193583
Bad Berleburg,BB-05,BB-03--BB-07,Wald + Wind,0.1020196091556201
Bad Berleburg,BB-05,BB-03--BB-07,Vollstaendig,0.1038126267927335
Bad Berleburg,BB-05,BB-04--BB-06,Gleichgewichtung,0.0093403899848301
Bad Berleburg,BB-05,BB-04--BB-06,1/d^2,0.0100490226232007
Bad Berleburg,BB-05,BB-04--BB-06,Wald + Wind,0.013721253858356
Bad Berleburg,BB-05,BB-04--BB-06,Vollstaendig,0.0136240027036346
Bad Berleburg,BB-05,BB-04--BB-07,Gleichgewichtung,0.0531992573667739
Bad Berleburg,BB-05,BB-04--BB-07,1/d^2,0.0352858271141501
Bad Berleburg,BB-05,BB-04--BB-07,Wald + Wind,0.0494559814984076
Bad Berleburg,BB-05,BB-04--BB-07,Vollstaendig,0.0480234293182615
Bad Berleburg,BB-05,BB-06--BB-07,Gleichgewichtung,0.0372983847329224
Bad Berleburg,BB-05,BB-06--BB-07,1/d^2,0.0094939354658708
Bad Berleburg,BB-05,BB-06--BB-07,Wald + Wind,0.0431056307880441
Bad Berleburg,BB-05,BB-06--BB-07,Vollstaendig,0.0405135250905061
Bad Berleburg,BB-06,BB-01--BB-02,Gleichgewichtung,0.1576958587365504
Bad Berleburg,BB-06,BB-01--BB-02,1/d^2,0.1460172671451155
Bad Berleburg,BB-06,BB-01--BB-02,Wald + Wind,0.1666597602528875
Bad Berleburg,BB-06,BB-01--BB-02,Vollstaendig,0.1677480472332499
Bad Berleburg,BB-06,BB-01--BB-03,Gleichgewichtung,0.1604974919901779
Bad Berleburg,BB-06,BB-01--BB-03,1/d^2,0.1471645962719362
Bad Berleburg,BB-06,BB-01--BB-03,Wald + Wind,0.1594000832891822
Bad Berleburg,BB-06,BB-01--BB-03,Vollstaendig,0.1588184161788272
Bad Berleburg,BB-06,BB-01--BB-04,Gleichgewichtung,0.1158782173988135
Bad Berleburg,BB-06,BB-01--BB-04,1/d^2,0.0613587868577432
Bad Berleburg,BB-06,BB-01--BB-04,Wald + Wind,0.1195919214106961
Bad Berleburg,BB-06,BB-01--BB-04,Vollstaendig,0.1167712157451866
Bad Berleburg,BB-06,BB-01--BB-05,Gleichgewichtung,0.1041378788469724
Bad Berleburg,BB-06,BB-01--BB-05,1/d^2,0.0173125922225052
Bad Berleburg,BB-06,BB-01--BB-05,Wald + Wind,0.1056086497721421
Bad Berleburg,BB-06,BB-01--BB-05,Vollstaendig,0.1151785553333525
Bad Berleburg,BB-06,BB-01--BB-07,Gleichgewichtung,0.1412276111893003
Bad Berleburg,BB-06,BB-01--BB-07,1/d^2,0.0940796869627045
Bad Berleburg,BB-06,BB-01--BB-07,Wald + Wind,0.157914422405295
Bad Berleburg,BB-06,BB-01--BB-07,Vollstaendig,0.1685930761280416
Bad Berleburg,BB-06,BB-02--BB-03,Gleichgewichtung,0.12460758636613
Bad Berleburg,BB-06,BB-02--BB-03,1/d^2,0.1248742757265757
Bad Berleburg,BB-06,BB-02--BB-03,Wald + Wind,0.1254367146885642
Bad Berleburg,BB-06,BB-02--BB-03,Vollstaendig,0.125571512147485
Bad Berleburg,BB-06,BB-02--BB-04,Gleichgewichtung,0.0783195327883781
Bad Berleburg,BB-06,BB-02--BB-04,1/d^2,0.0589185356057149
Bad Berleburg,BB-06,BB-02--BB-04,Wald + Wind,0.0689449234368549
Bad Berleburg,BB-06,BB-02--BB-04,Vollstaendig,0.066032050838025
Bad Berleburg,BB-06,BB-02--BB-05,Gleichgewichtung,0.06612710691491
Bad Berleburg,BB-06,BB-02--BB-05,1/d^2,0.0185534822990211
Bad Berleburg,BB-06,BB-02--BB-05,Wald + Wind,0.0523320029334699
Bad Berleburg,BB-06,BB-02--BB-05,Vollstaendig,0.0562829288923084
Bad Berleburg,BB-06,BB-02--BB-07,Gleichgewichtung,0.1046264697769963
Bad Berleburg,BB-06,BB-02--BB-07,1/d^2,0.0912828247998562
Bad Berleburg,BB-06,BB-02--BB-07,Wald + Wind,0.1058548746171158
Bad Berleburg,BB-06,BB-02--BB-07,Vollstaendig,0.1095278166446657
Bad Berleburg,BB-06,BB-03--BB-04,Gleichgewichtung,0.0813522629985772
Bad Berleburg,BB-06,BB-03--BB-04,1/d^2,0.0644165318466821
Bad Berleburg,BB-06,BB-03--BB-04,Wald + Wind,0.0851438811332847
Bad Berleburg,BB-06,BB-03--BB-04,Vollstaendig,0.0843179730854482
Bad Berleburg,BB-06,BB-03--BB-05,Gleichgewichtung,0.0691969827521859
Bad Berleburg,BB-06,BB-03--BB-05,1/d^2,0.0212820304602361
Bad Berleburg,BB-06,BB-03--BB-05,Wald + Wind,0.0721771587417505
Bad Berleburg,BB-06,BB-03--BB-05,Vollstaendig,0.0794047859221814
Bad Berleburg,BB-06,BB-03--BB-07,Gleichgewichtung,0.1075805746000438
Bad Berleburg,BB-06,BB-03--BB-07,1/d^2,0.0927979815630108
Bad Berleburg,BB-06,BB-03--BB-07,Wald + Wind,0.114603688841972
Bad Berleburg,BB-06,BB-03--BB-07,Vollstaendig,0.1188715726916899
Bad Berleburg,BB-06,BB-04--BB-05,Gleichgewichtung,0.020206050808526
Bad Berleburg,BB-06,BB-04--BB-05,1/d^2,0.0126504366909937
Bad Berleburg,BB-06,BB-04--BB-05,Wald + Wind,0.0198098744822495
Bad Berleburg,BB-06,BB-04--BB-05,Vollstaendig,0.0216073079959415
Bad Berleburg,BB-06,BB-04--BB-07,Gleichgewichtung,0.0604786102616731
Bad Berleburg,BB-06,BB-04--BB-07,1/d^2,0.0740752706831048
Bad Berleburg,BB-06,BB-04--BB-07,Wald + Wind,0.0529161198959689
Bad Berleburg,BB-06,BB-04--BB-07,Vollstaendig,0.046271439751552
Bad Berleburg,BB-06,BB-05--BB-07,Gleichgewichtung,0.0480653404442008
Bad Berleburg,BB-06,BB-05--BB-07,1/d^2,0.0434253157461365
Bad Berleburg,BB-06,BB-05--BB-07,Wald + Wind,0.0357661787091106
Bad Berleburg,BB-06,BB-05--BB-07,Vollstaendig,0.0305116975849641
Bad Berleburg,BB-07,BB-01--BB-02,Gleichgewichtung,0.0704430434938058
Bad Berleburg,BB-07,BB-01--BB-02,1/d^2,0.0603877868929769
Bad Berleburg,BB-07,BB-01--BB-02,Wald + Wind,0.0644215576902112
Bad Berleburg,BB-07,BB-01--BB-02,Vollstaendig,0.0596162527203665
Bad Berleburg,BB-07,BB-01--BB-03,Gleichgewichtung,0.0732446767474332
Bad Berleburg,BB-07,BB-01--BB-03,1/d^2,0.0630086315757718
Bad Berleburg,BB-07,BB-01--BB-03,Wald + Wind,0.0788862618810932
Bad Berleburg,BB-07,BB-01--BB-03,Vollstaendig,0.0832946168806783
Bad Berleburg,BB-07,BB-01--BB-04,Gleichgewichtung,0.0286254021560689
Bad Berleburg,BB-07,BB-01--BB-04,1/d^2,-0.014403411564211
Bad Berleburg,BB-07,BB-01--BB-04,Wald + Wind,0.0228323663914695
Bad Berleburg,BB-07,BB-01--BB-04,Vollstaendig,0.0304527954500314
Bad Berleburg,BB-07,BB-01--BB-05,Gleichgewichtung,0.0168850636042277
Bad Berleburg,BB-07,BB-01--BB-05,1/d^2,-0.0543319484068856
Bad Berleburg,BB-07,BB-01--BB-05,Wald + Wind,0.0174609015667031
Bad Berleburg,BB-07,BB-01--BB-05,Vollstaendig,0.0175016831579583
Bad Berleburg,BB-07,BB-01--BB-06,Gleichgewichtung,0.0135879517219193
Bad Berleburg,BB-07,BB-01--BB-06,1/d^2,-0.078720589920243
Bad Berleburg,BB-07,BB-01--BB-06,Wald + Wind,0.0520399051933015
Bad Berleburg,BB-07,BB-01--BB-06,Vollstaendig,0.0592921103418414
Bad Berleburg,BB-07,BB-02--BB-03,Gleichgewichtung,0.0373547711233854
Bad Berleburg,BB-07,BB-02--BB-03,1/d^2,0.037452698820542
Bad Berleburg,BB-07,BB-02--BB-03,Wald + Wind,0.0363850326755061
Bad Berleburg,BB-07,BB-02--BB-03,Vollstaendig,0.0357222454346305
Bad Berleburg,BB-07,BB-02--BB-04,Gleichgewichtung,-0.0089332824543662
Bad Berleburg,BB-07,BB-02--BB-04,1/d^2,-0.0218621899365618
Bad Berleburg,BB-07,BB-02--BB-04,Wald + Wind,-0.0045784235694295
Bad Berleburg,BB-07,BB-02--BB-04,Vollstaendig,0.0053875789301567
Bad Berleburg,BB-07,BB-02--BB-05,Gleichgewichtung,-0.0211257083278346
Bad Berleburg,BB-07,BB-02--BB-05,1/d^2,-0.0551221144628235
Bad Berleburg,BB-07,BB-02--BB-05,Wald + Wind,-0.0111250307642032
Bad Berleburg,BB-07,BB-02--BB-05,Vollstaendig,-0.0035278696654671
Bad Berleburg,BB-07,BB-02--BB-06,Gleichgewichtung,-0.0245507773115304
Bad Berleburg,BB-07,BB-02--BB-06,1/d^2,-0.0782310770442616
Bad Berleburg,BB-07,BB-02--BB-06,Wald + Wind,0.0077971598086811
Bad Berleburg,BB-07,BB-02--BB-06,Vollstaendig,0.0165123789258452
Bad Berleburg,BB-07,BB-03--BB-04,Gleichgewichtung,-0.0059005522441673
Bad Berleburg,BB-07,BB-03--BB-04,1/d^2,-0.0181841596176648
Bad Berleburg,BB-07,BB-03--BB-04,Wald + Wind,-0.0174839401929076
Bad Berleburg,BB-07,BB-03--BB-04,Vollstaendig,-0.0197070664692128
Bad Berleburg,BB-07,BB-03--BB-05,Gleichgewichtung,-0.0180558324905583
Bad Berleburg,BB-07,BB-03--BB-05,1/d^2,-0.0523930766917845
Bad Berleburg,BB-07,BB-03--BB-05,Wald + Wind,-0.028209391113723
Bad Berleburg,BB-07,BB-03--BB-05,Vollstaendig,-0.0365477352634632
Bad Berleburg,BB-07,BB-03--BB-06,Gleichgewichtung,-0.0214703851162559
Bad Berleburg,BB-07,BB-03--BB-06,1/d^2,-0.0771652602189308
Bad Berleburg,BB-07,BB-03--BB-06,Wald + Wind,-0.0055333789339895
Bad Berleburg,BB-07,BB-03--BB-06,Vollstaendig,-0.0083245132329323
Bad Berleburg,BB-07,BB-04--BB-05,Gleichgewichtung,-0.0670467644342186
Bad Berleburg,BB-07,BB-04--BB-05,1/d^2,-0.071621361175543
Bad Berleburg,BB-07,BB-04--BB-05,Wald + Wind,-0.0660351966342334
Bad Berleburg,BB-07,BB-04--BB-05,Vollstaendig,-0.0672562493298907
Bad Berleburg,BB-07,BB-04--BB-06,Gleichgewichtung,-0.0706330723630149
Bad Berleburg,BB-07,BB-04--BB-06,1/d^2,-0.0832295057569028
Bad Berleburg,BB-07,BB-04--BB-06,Wald + Wind,-0.0629587314500258
Bad Berleburg,BB-07,BB-04--BB-06,Vollstaendig,-0.0629194633337839
Bad Berleburg,BB-07,BB-05--BB-06,Gleichgewichtung,-0.083606515187598
Bad Berleburg,BB-07,BB-05--BB-06,1/d^2,-0.08562287325978
Bad Berleburg,BB-07,BB-05--BB-06,Wald + Wind,-0.0821391399921514
Bad Berleburg,BB-07,BB-05--BB-06,Vollstaendig,-0.0818522353949632
Borken-Coesfeld,BC-01,BC-02--BC-03,Gleichgewichtung,0.0226330541945466
Borken-Coesfeld,BC-01,BC-02--BC-03,1/d^2,0.0045130861855538
Borken-Coesfeld,BC-01,BC-02--BC-03,Wald + Wind,0.0230332055587024
Borken-Coesfeld,BC-01,BC-02--BC-03,Vollstaendig,0.0242047369860896
Borken-Coesfeld,BC-01,BC-02--BC-04,Gleichgewichtung,0.0198588023729286
Borken-Coesfeld,BC-01,BC-02--BC-04,1/d^2,0.0044195082883503
Borken-Coesfeld,BC-01,BC-02--BC-04,Wald + Wind,0.0190855994927924
Borken-Coesfeld,BC-01,BC-02--BC-04,Vollstaendig,0.0208894870188767
Borken-Coesfeld,BC-01,BC-02--BC-05,Gleichgewichtung,0.0244141503330057
Borken-Coesfeld,BC-01,BC-02--BC-05,1/d^2,0.0058206854914889
Borken-Coesfeld,BC-01,BC-02--BC-05,Wald + Wind,0.025580638962535
Borken-Coesfeld,BC-01,BC-02--BC-05,Vollstaendig,0.0262798378660335
Borken-Coesfeld,BC-01,BC-02--BC-06,Gleichgewichtung,-0.0045794740620924
Borken-Coesfeld,BC-01,BC-02--BC-06,1/d^2,0.0014333145386085
Borken-Coesfeld,BC-01,BC-02--BC-06,Wald + Wind,-0.003834189527192
Borken-Coesfeld,BC-01,BC-02--BC-06,Vollstaendig,-0.0045305437463542
Borken-Coesfeld,BC-01,BC-03--BC-04,Gleichgewichtung,0.0392890400590348
Borken-Coesfeld,BC-01,BC-03--BC-04,1/d^2,0.039155490354322
Borken-Coesfeld,BC-01,BC-03--BC-04,Wald + Wind,0.039469625433692
Borken-Coesfeld,BC-01,BC-03--BC-04,Vollstaendig,0.0393415080809712
Borken-Coesfeld,BC-01,BC-03--BC-05,Gleichgewichtung,0.0437569264096845
Borken-Coesfeld,BC-01,BC-03--BC-05,1/d^2,0.0442071924549645
Borken-Coesfeld,BC-01,BC-03--BC-05,Wald + Wind,0.0438168840139146
Borken-Coesfeld,BC-01,BC-03--BC-05,Vollstaendig,0.0437696499003387
Borken-Coesfeld,BC-01,BC-03--BC-06,Gleichgewichtung,0.0153267017039705
Borken-Coesfeld,BC-01,BC-03--BC-06,1/d^2,0.0036608252528886
Borken-Coesfeld,BC-01,BC-03--BC-06,Wald + Wind,0.0185632555475585
Borken-Coesfeld,BC-01,BC-03--BC-06,Vollstaendig,0.0176735676050371
Borken-Coesfeld,BC-01,BC-04--BC-05,Gleichgewichtung,0.0410407417294846
Borken-Coesfeld,BC-01,BC-04--BC-05,1/d^2,0.0419865714410773
Borken-Coesfeld,BC-01,BC-04--BC-05,Wald + Wind,0.0414894704006069
Borken-Coesfeld,BC-01,BC-04--BC-05,Vollstaendig,0.0411593844009476
Borken-Coesfeld,BC-01,BC-04--BC-06,Gleichgewichtung,0.0125320775381604
Borken-Coesfeld,BC-01,BC-04--BC-06,1/d^2,0.003050557338743
Borken-Coesfeld,BC-01,BC-04--BC-06,Wald + Wind,0.0138450291461069
Borken-Coesfeld,BC-01,BC-04--BC-06,Vollstaendig,0.0141781907462347
Borken-Coesfeld,BC-01,BC-05--BC-06,Gleichgewichtung,0.0171208471049046
Borken-Coesfeld,BC-01,BC-05--BC-06,1/d^2,0.0115751165670195
Borken-Coesfeld,BC-01,BC-05--BC-06,Wald + Wind,0.021532650585375
Borken-Coesfeld,BC-01,BC-05--BC-06,Vollstaendig,0.0198264695731169
Borken-Coesfeld,BC-02,BC-01--BC-03,Gleichgewichtung,0.0183523476183882
Borken-Coesfeld,BC-02,BC-01--BC-03,1/d^2,-0.0013660677733251
Borken-Coesfeld,BC-02,BC-01--BC-03,Wald + Wind,0.0160608050072661
Borken-Coesfeld,BC-02,BC-01--BC-03,Vollstaendig,0.0153376645018277
Borken-Coesfeld,BC-02,BC-01--BC-04,Gleichgewichtung,0.0155741829235776
Borken-Coesfeld,BC-02,BC-01--BC-04,1/d^2,-0.0014001882429157
Borken-Coesfeld,BC-02,BC-01--BC-04,Wald + Wind,0.0137299474262895
Borken-Coesfeld,BC-02,BC-01--BC-04,Vollstaendig,0.0138505648630212
Borken-Coesfeld,BC-02,BC-01--BC-05,Gleichgewichtung,0.0201359501350142
Borken-Coesfeld,BC-02,BC-01--BC-05,1/d^2,-0.0001972347837614
Borken-Coesfeld,BC-02,BC-01--BC-05,Wald + Wind,0.0215583910549204
Borken-Coesfeld,BC-02,BC-01--BC-05,Vollstaendig,0.0216640653621532
Borken-Coesfeld,BC-02,BC-01--BC-06,Gleichgewichtung,-0.0088990355869073
Borken-Coesfeld,BC-02,BC-01--BC-06,1/d^2,-0.0042053368717845
Borken-Coesfeld,BC-02,BC-01--BC-06,Wald + Wind,-0.0076157298676222
Borken-Coesfeld,BC-02,BC-01--BC-06,Vollstaendig,-0.0076430381926305
Borken-Coesfeld,BC-02,BC-03--BC-04,Gleichgewichtung,0.0364158089005638
Borken-Coesfeld,BC-02,BC-03--BC-04,1/d^2,0.0362479440989955
Borken-Coesfeld,BC-02,BC-03--BC-04,Wald + Wind,0.0363932687033936
Borken-Coesfeld,BC-02,BC-03--BC-04,Vollstaendig,0.0362801611955581
Borken-Coesfeld,BC-02,BC-03--BC-05,Gleichgewichtung,0.0408836952512136
Borken-Coesfeld,BC-02,BC-03--BC-05,1/d^2,0.0413246682236615
Borken-Coesfeld,BC-02,BC-03--BC-05,Wald + Wind,0.041181076192263
Borken-Coesfeld,BC-02,BC-03--BC-05,Vollstaendig,0.041247635187251
Borken-Coesfeld,BC-02,BC-03--BC-06,Gleichgewichtung,0.0124534705454995
Borken-Coesfeld,BC-02,BC-03--BC-06,1/d^2,-0.0024624071737634
Borken-Coesfeld,BC-02,BC-03--BC-06,Wald + Wind,0.015313990731715
Borken-Coesfeld,BC-02,BC-03--BC-06,Vollstaendig,0.0142528058065086
Borken-Coesfeld,BC-02,BC-04--BC-05,Gleichgewichtung,0.0381675105710136
Borken-Coesfeld,BC-02,BC-04--BC-05,1/d^2,0.0390348535968594
Borken-Coesfeld,BC-02,BC-04--BC-05,Wald + Wind,0.0388930010457913
Borken-Coesfeld,BC-02,BC-04--BC-05,Vollstaendig,0.0388843951819008
Borken-Coesfeld,BC-02,BC-04--BC-06,Gleichgewichtung,0.0096588463796893
Borken-Coesfeld,BC-02,BC-04--BC-06,1/d^2,-0.0026452619796285
Borken-Coesfeld,BC-02,BC-04--BC-06,Wald + Wind,0.0124299411904158
Borken-Coesfeld,BC-02,BC-04--BC-06,Vollstaendig,0.0124758236239138
Borken-Coesfeld,BC-02,BC-05--BC-06,Gleichgewichtung,0.0142476159464334
Borken-Coesfeld,BC-02,BC-05--BC-06,1/d^2,0.0043506990300462
Borken-Coesfeld,BC-02,BC-05--BC-06,Wald + Wind,0.0220308829075686
Borken-Coesfeld,BC-02,BC-05--BC-06,Vollstaendig,0.0220292729354536
Borken-Coesfeld,BC-03,BC-01--BC-02,Gleichgewichtung,-0.0405723328702706
Borken-Coesfeld,BC-03,BC-01--BC-02,1/d^2,-0.0406891212264084
Borken-Coesfeld,BC-03,BC-01--BC-02,Wald + Wind,-0.0407464578469133
Borken-Coesfeld,BC-03,BC-01--BC-02,Vollstaendig,-0.0408734630925044
Borken-Coesfeld,BC-03,BC-01--BC-04,Gleichgewichtung,-0.0235625662992638
Borken-Coesfeld,BC-03,BC-01--BC-04,1/d^2,-0.0058485352230688
Borken-Coesfeld,BC-03,BC-01--BC-04,Wald + Wind,-0.0211168801166384
Borken-Coesfeld,BC-03,BC-01--BC-04,Vollstaendig,-0.022205439967518
Borken-Coesfeld,BC-03,BC-01--BC-05,Gleichgewichtung,-0.0190007990878273
Borken-Coesfeld,BC-03,BC-01--BC-05,1/d^2,0.000849331993851
Borken-Coesfeld,BC-03,BC-01--BC-05,Wald + Wind,-0.0186266773856081
Borken-Coesfeld,BC-03,BC-01--BC-05,Vollstaendig,-0.0200727220646929
Borken-Coesfeld,BC-03,BC-01--BC-06,Gleichgewichtung,-0.0480357848097489
Borken-Coesfeld,BC-03,BC-01--BC-06,1/d^2,-0.0503604911223827
Borken-Coesfeld,BC-03,BC-01--BC-06,Wald + Wind,-0.0482266718292908
Borken-Coesfeld,BC-03,BC-01--BC-06,Vollstaendig,-0.0482623827402987
Borken-Coesfeld,BC-03,BC-02--BC-04,Gleichgewichtung,-0.022151178008384
Borken-Coesfeld,BC-03,BC-02--BC-04,1/d^2,-0.0057628083077557
Borken-Coesfeld,BC-03,BC-02--BC-04,Wald + Wind,-0.0179312987171702
Borken-Coesfeld,BC-03,BC-02--BC-04,Vollstaendig,-0.0174544255106957
Borken-Coesfeld,BC-03,BC-02--BC-05,Gleichgewichtung,-0.0175958300483068
Borken-Coesfeld,BC-03,BC-02--BC-05,1/d^2,0.0013668274760582
Borken-Coesfeld,BC-03,BC-02--BC-05,Wald + Wind,-0.0146726487423067
Borken-Coesfeld,BC-03,BC-02--BC-05,Vollstaendig,-0.0141048708472739
Borken-Coesfeld,BC-03,BC-02--BC-06,Gleichgewichtung,-0.046589454443405
Borken-Coesfeld,BC-03,BC-02--BC-06,1/d^2,-0.0499717127141419
Borken-Coesfeld,BC-03,BC-02--BC-06,Wald + Wind,-0.0477285817498001
Borken-Coesfeld,BC-03,BC-02--BC-06,Vollstaendig,-0.0484249237236206
Borken-Coesfeld,BC-03,BC-04--BC-05,Gleichgewichtung,-0.0009692386518278
Borken-Coesfeld,BC-03,BC-04--BC-05,1/d^2,-0.0040911088095499
Borken-Coesfeld,BC-03,BC-04--BC-05,Wald + Wind,-0.0014958390191909
Borken-Coesfeld,BC-03,BC-04--BC-05,Vollstaendig,-0.0015101465162388
Borken-Coesfeld,BC-03,BC-04--BC-06,Gleichgewichtung,-0.029477902843152
Borken-Coesfeld,BC-03,BC-04--BC-06,1/d^2,-0.0066204284608
Borken-Coesfeld,BC-03,BC-04--BC-06,Wald + Wind,-0.0269804438370392
Borken-Coesfeld,BC-03,BC-04--BC-06,Vollstaendig,-0.0285805714172341
Borken-Coesfeld,BC-03,BC-05--BC-06,Gleichgewichtung,-0.0248891332764081
Borken-Coesfeld,BC-03,BC-05--BC-06,1/d^2,-0.0034794139967342
Borken-Coesfeld,BC-03,BC-05--BC-06,Wald + Wind,-0.0253249768087667
Borken-Coesfeld,BC-03,BC-05--BC-06,Vollstaendig,-0.027322757272526
Borken-Coesfeld,BC-04,BC-01--BC-02,Gleichgewichtung,-0.0351230285053854
Borken-Coesfeld,BC-04,BC-01--BC-02,1/d^2,-0.0352217710280627
Borken-Coesfeld,BC-04,BC-01--BC-02,Wald + Wind,-0.0351971467528118
Borken-Coesfeld,BC-04,BC-01--BC-02,Vollstaendig,-0.0353524250143612
Borken-Coesfeld,BC-04,BC-01--BC-03,Gleichgewichtung,-0.015335097239568
Borken-Coesfeld,BC-04,BC-01--BC-03,1/d^2,0.0049452031806495
Borken-Coesfeld,BC-04,BC-01--BC-03,Wald + Wind,-0.0108054044231026
Borken-Coesfeld,BC-04,BC-01--BC-03,Vollstaendig,-0.0131459797771789
Borken-Coesfeld,BC-04,BC-01--BC-05,Gleichgewichtung,-0.0135514947229419
Borken-Coesfeld,BC-04,BC-01--BC-05,1/d^2,0.0073296159202995
Borken-Coesfeld,BC-04,BC-01--BC-05,Wald + Wind,-0.0123339845874272
Borken-Coesfeld,BC-04,BC-01--BC-05,Vollstaendig,-0.0140622525862016
Borken-Coesfeld,BC-04,BC-01--BC-06,Gleichgewichtung,-0.0425864804448636
Borken-Coesfeld,BC-04,BC-01--BC-06,1/d^2,-0.0454446914652447
Borken-Coesfeld,BC-04,BC-01--BC-06,Wald + Wind,-0.0427094459405787
Borken-Coesfeld,BC-04,BC-01--BC-06,Vollstaendig,-0.0422013730164007
Borken-Coesfeld,BC-04,BC-02--BC-03,Gleichgewichtung,-0.0139276218218806
Borken-Coesfeld,BC-04,BC-02--BC-03,1/d^2,0.0050388713290531
Borken-Coesfeld,BC-04,BC-02--BC-03,Wald + Wind,-0.0087598255859967
Borken-Coesfeld,BC-04,BC-02--BC-03,Vollstaendig,-0.0088595748565861
Borken-Coesfeld,BC-04,BC-02--BC-05,Gleichgewichtung,-0.0121465256834215
Borken-Coesfeld,BC-04,BC-02--BC-05,1/d^2,0.0076175393921242
Borken-Coesfeld,BC-04,BC-02--BC-05,Wald + Wind,-0.0099144254533406
Borken-Coesfeld,BC-04,BC-02--BC-05,Vollstaendig,-0.0092162478875394
Borken-Coesfeld,BC-04,BC-02--BC-06,Gleichgewichtung,-0.0411401500785196
Borken-Coesfeld,BC-04,BC-02--BC-06,1/d^2,-0.0450672821978636
Borken-Coesfeld,BC-04,BC-02--BC-06,Wald + Wind,-0.0416778375058442
Borken-Coesfeld,BC-04,BC-02--BC-06,Vollstaendig,-0.0418654030574755
Borken-Coesfeld,BC-04,BC-03--BC-05,Gleichgewichtung,0.0071962503932573
Borken-Coesfeld,BC-04,BC-03--BC-05,1/d^2,0.0063173996014606
Borken-Coesfeld,BC-04,BC-03--BC-05,Wald + Wind,0.0069090590262975
Borken-Coesfeld,BC-04,BC-03--BC-05,Vollstaendig,0.0069754289891414
Borken-Coesfeld,BC-04,BC-03--BC-06,Gleichgewichtung,-0.0212339743124565
Borken-Coesfeld,BC-04,BC-03--BC-06,1/d^2,0.0036868203779877
Borken-Coesfeld,BC-04,BC-03--BC-06,Wald + Wind,-0.0159290736507304
Borken-Coesfeld,BC-04,BC-03--BC-06,Vollstaendig,-0.0167289192166328
Borken-Coesfeld,BC-04,BC-05--BC-06,Gleichgewichtung,-0.0194398289115229
Borken-Coesfeld,BC-04,BC-05--BC-06,1/d^2,0.0036218279191603
Borken-Coesfeld,BC-04,BC-05--BC-06,Wald + Wind,-0.0184831288751169
Borken-Coesfeld,BC-04,BC-05--BC-06,Vollstaendig,-0.0182504974269508
Borken-Coesfeld,BC-05,BC-01--BC-02,Gleichgewichtung,-0.0440631784278847
Borken-Coesfeld,BC-05,BC-01--BC-02,1/d^2,-0.0441880959903141
Borken-Coesfeld,BC-05,BC-01--BC-02,Wald + Wind,-0.0440589130713352
Borken-Coesfeld,BC-05,BC-01--BC-02,Vollstaendig,-0.0441006588903152
Borken-Coesfeld,BC-05,BC-01--BC-03,Gleichgewichtung,-0.0242752471620673
Borken-Coesfeld,BC-05,BC-01--BC-03,1/d^2,-0.0074717103463102
Borken-Coesfeld,BC-05,BC-01--BC-03,Wald + Wind,-0.0246451390998313
Borken-Coesfeld,BC-05,BC-01--BC-03,Vollstaendig,-0.025414966587329
Borken-Coesfeld,BC-05,BC-01--BC-04,Gleichgewichtung,-0.0270534118568778
Borken-Coesfeld,BC-05,BC-01--BC-04,1/d^2,-0.0109003858873117
Borken-Coesfeld,BC-05,BC-01--BC-04,Wald + Wind,-0.0279716979254281
Borken-Coesfeld,BC-05,BC-01--BC-04,Vollstaendig,-0.0279038109943479
Borken-Coesfeld,BC-05,BC-01--BC-06,Gleichgewichtung,-0.0515266303673628
Borken-Coesfeld,BC-05,BC-01--BC-06,1/d^2,-0.0546183691629057
Borken-Coesfeld,BC-05,BC-01--BC-06,Wald + Wind,-0.0510226555711144
Borken-Coesfeld,BC-05,BC-01--BC-06,Vollstaendig,-0.0508209278599776
Borken-Coesfeld,BC-05,BC-02--BC-03,Gleichgewichtung,-0.0228677717443799
Borken-Coesfeld,BC-05,BC-02--BC-03,1/d^2,-0.0066582421208172
Borken-Coesfeld,BC-05,BC-02--BC-03,Wald + Wind,-0.0232704601414129
Borken-Coesfeld,BC-05,BC-02--BC-03,Vollstaendig,-0.0234194363732083
Borken-Coesfeld,BC-05,BC-02--BC-04,Gleichgewichtung,-0.025642023565998
Borken-Coesfeld,BC-05,BC-02--BC-04,1/d^2,-0.0104725905107124
Borken-Coesfeld,BC-05,BC-02--BC-04,Wald + Wind,-0.0265380419265198
Borken-Coesfeld,BC-05,BC-02--BC-04,Vollstaendig,-0.0259863551773958
Borken-Coesfeld,BC-05,BC-02--BC-06,Gleichgewichtung,-0.0500803000010189
Borken-Coesfeld,BC-05,BC-02--BC-06,1/d^2,-0.0543704724284755
Borken-Coesfeld,BC-05,BC-02--BC-06,Wald + Wind,-0.0494345406889933
Borken-Coesfeld,BC-05,BC-02--BC-06,Vollstaendig,-0.0493998733429492
Borken-Coesfeld,BC-05,BC-03--BC-04,Gleichgewichtung,-0.0062117858798917
Borken-Coesfeld,BC-05,BC-03--BC-04,1/d^2,-0.0070265649013142
Borken-Coesfeld,BC-05,BC-03--BC-04,Wald + Wind,-0.0061228686240688
Borken-Coesfeld,BC-05,BC-03--BC-04,Vollstaendig,-0.0062329042603276
Borken-Coesfeld,BC-05,BC-03--BC-06,Gleichgewichtung,-0.0301741242349559
Borken-Coesfeld,BC-05,BC-03--BC-06,1/d^2,-0.0166455740571054
Borken-Coesfeld,BC-05,BC-03--BC-06,Wald + Wind,-0.0283937978402357
Borken-Coesfeld,BC-05,BC-03--BC-06,Vollstaendig,-0.0284728576764732
Borken-Coesfeld,BC-05,BC-04--BC-06,Gleichgewichtung,-0.0329687484007661
Borken-Coesfeld,BC-05,BC-04--BC-06,1/d^2,-0.0161465149593316
Borken-Coesfeld,BC-05,BC-04--BC-06,Wald + Wind,-0.0321585308116891
Borken-Coesfeld,BC-05,BC-04--BC-06,Vollstaendig,-0.0312512952236997
Borken-Coesfeld,BC-06,BC-01--BC-02,Gleichgewichtung,0.0135257869241179
Borken-Coesfeld,BC-06,BC-01--BC-02,1/d^2,0.0136330061445952
Borken-Coesfeld,BC-06,BC-01--BC-02,Wald + Wind,0.0133704895427684
Borken-Coesfeld,BC-06,BC-01--BC-02,Vollstaendig,0.0132373633486939
Borken-Coesfeld,BC-06,BC-01--BC-03,Gleichgewichtung,0.0333137181899352
Borken-Coesfeld,BC-06,BC-01--BC-03,1/d^2,0.0321890876865812
Borken-Coesfeld,BC-06,BC-01--BC-03,Wald + Wind,0.0367095010605045
Borken-Coesfeld,BC-06,BC-01--BC-03,Vollstaendig,0.0361749327124668
Borken-Coesfeld,BC-06,BC-01--BC-04,Gleichgewichtung,0.0305355534951247
Borken-Coesfeld,BC-06,BC-01--BC-04,1/d^2,0.0324180169395622
Borken-Coesfeld,BC-06,BC-01--BC-04,Wald + Wind,0.0319569585106194
Borken-Coesfeld,BC-06,BC-01--BC-04,Vollstaendig,0.0307214030860744
Borken-Coesfeld,BC-06,BC-01--BC-05,Gleichgewichtung,0.0350973207065612
Borken-Coesfeld,BC-06,BC-01--BC-05,1/d^2,0.043101509114738
Borken-Coesfeld,BC-06,BC-01--BC-05,Wald + Wind,0.0368023766520316
Borken-Coesfeld,BC-06,BC-01--BC-05,Vollstaendig,0.0345021336925459
Borken-Coesfeld,BC-06,BC-02--BC-03,Gleichgewichtung,0.0347211936076226
Borken-Coesfeld,BC-06,BC-02--BC-03,1/d^2,0.03222055865201
Borken-Coesfeld,BC-06,BC-02--BC-03,Wald + Wind,0.0399007129948297
Borken-Coesfeld,BC-06,BC-02--BC-03,Vollstaendig,0.041121804307788
Borken-Coesfeld,BC-06,BC-02--BC-04,Gleichgewichtung,0.0319469417860043
Borken-Coesfeld,BC-06,BC-02--BC-04,1/d^2,0.0324296772019226
Borken-Coesfeld,BC-06,BC-02--BC-04,Wald + Wind,0.0350471509173439
Borken-Coesfeld,BC-06,BC-02--BC-04,Vollstaendig,0.035485542351427
Borken-Coesfeld,BC-06,BC-02--BC-05,Gleichgewichtung,0.0365022897460815
Borken-Coesfeld,BC-06,BC-02--BC-05,1/d^2,0.042583034574302
Borken-Coesfeld,BC-06,BC-02--BC-05,Wald + Wind,0.0403656945042063
Borken-Coesfeld,BC-06,BC-02--BC-05,Vollstaendig,0.0402353273629992
Borken-Coesfeld,BC-06,BC-03--BC-04,Gleichgewichtung,0.051377179472111
Borken-Coesfeld,BC-06,BC-03--BC-04,1/d^2,0.0509527378889048
Borken-Coesfeld,BC-06,BC-03--BC-04,Wald + Wind,0.0516093422794452
Borken-Coesfeld,BC-06,BC-03--BC-04,Vollstaendig,0.0517216182001566
Borken-Coesfeld,BC-06,BC-03--BC-05,Gleichgewichtung,0.0558450658227607
Borken-Coesfeld,BC-06,BC-03--BC-05,1/d^2,0.056541714339464
Borken-Coesfeld,BC-06,BC-03--BC-05,Wald + Wind,0.0556914385731562
Borken-Coesfeld,BC-06,BC-03--BC-05,Vollstaendig,0.0555622480927661
Borken-Coesfeld,BC-06,BC-04--BC-05,Gleichgewichtung,0.0531288811425606
Borken-Coesfeld,BC-06,BC-04--BC-05,1/d^2,0.0542889449817108
Borken-Coesfeld,BC-06,BC-04--BC-05,Wald + Wind,0.0531163054703167
Borken-Coesfeld,BC-06,BC-04--BC-05,Vollstaendig,0.0529665276545485
Lorup,LO-01,LO-02--LO-03,Gleichgewichtung,-0.0149137735514109
Lorup,LO-01,LO-02--LO-03,1/d^2,-0.0148461541139431
Lorup,LO-01,LO-02--LO-03,Wald + Wind,-0.0159974253907794
Lorup,LO-01,LO-02--LO-03,Vollstaendig,-0.0160488430443731
Lorup,LO-02,LO-01--LO-03,Gleichgewichtung,0.0161764163615203
Lorup,LO-02,LO-01--LO-03,1/d^2,0.0154422709204741
Lorup,LO-02,LO-01--LO-03,Wald + Wind,0.0163234931423236
Lorup,LO-02,LO-01--LO-03,Vollstaendig,0.0163378363486675
Lorup,LO-03,LO-01--LO-02,Gleichgewichtung,-0.001181679176291
Lorup,LO-03,LO-01--LO-02,1/d^2,-0.0027312486847669
Lorup,LO-03,LO-01--LO-02,Wald + Wind,-0.0027722438223134
Lorup,LO-03,LO-01--LO-02,Vollstaendig,-0.0028291446874885
Ostfriesland,OF-01,OF-02--OF-03,Gleichgewichtung,-0.0161980197447628
Ostfriesland,OF-01,OF-02--OF-03,1/d^2,-0.0391822535496378
Ostfriesland,OF-01,OF-02--OF-03,Wald + Wind,-0.0165442557318069
Ostfriesland,OF-01,OF-02--OF-03,Vollstaendig,-0.0203372786701229
Ostfriesland,OF-01,OF-02--OF-04,Gleichgewichtung,-0.0238639467577585
Ostfriesland,OF-01,OF-02--OF-04,1/d^2,-0.040426814683988
Ostfriesland,OF-01,OF-02--OF-04,Wald + Wind,-0.0264349993279832
Ostfriesland,OF-01,OF-02--OF-04,Vollstaendig,-0.0303257467901933
Ostfriesland,OF-01,OF-03--OF-04,Gleichgewichtung,0.0004566471752359
Ostfriesland,OF-01,OF-03--OF-04,1/d^2,0.0035854642928118
Ostfriesland,OF-01,OF-03--OF-04,Wald + Wind,0.0014914681519202
Ostfriesland,OF-01,OF-03--OF-04,Vollstaendig,0.0021530689753032
Ostfriesland,OF-02,OF-01--OF-03,Gleichgewichtung,0.0449095635246325
Ostfriesland,OF-02,OF-01--OF-03,1/d^2,0.0413493314326433
Ostfriesland,OF-02,OF-01--OF-03,Wald + Wind,0.0447790759492165
Ostfriesland,OF-02,OF-01--OF-03,Vollstaendig,0.0443020861804498
Ostfriesland,OF-02,OF-01--OF-04,Gleichgewichtung,0.0373973267229506
Ostfriesland,OF-02,OF-01--OF-04,1/d^2,0.0408007121290136
Ostfriesland,OF-02,OF-01--OF-04,Wald + Wind,0.037922045521888
Ostfriesland,OF-02,OF-01--OF-04,Vollstaendig,0.0385938765049004
Ostfriesland,OF-02,OF-03--OF-04,Gleichgewichtung,0.0413887968417127
Ostfriesland,OF-02,OF-03--OF-04,1/d^2,0.0450519089723429
Ostfriesland,OF-02,OF-03--OF-04,Wald + Wind,0.0422589876771927
Ostfriesland,OF-02,OF-03--OF-04,Vollstaendig,0.0428538939750163
Ostfriesland,OF-03,OF-01--OF-02,Gleichgewichtung,-0.0281957298897927
Ostfriesland,OF-03,OF-01--OF-02,1/d^2,-0.0324563931602855
Ostfriesland,OF-03,OF-01--OF-02,Wald + Wind,-0.0278318957383467
Ostfriesland,OF-03,OF-01--OF-02,Vollstaendig,-0.0285937704725658
Ostfriesland,OF-03,OF-01--OF-04,Gleichgewichtung,-0.0114738934909297
Ostfriesland,OF-03,OF-01--OF-04,1/d^2,-0.0128173191007803
Ostfriesland,OF-03,OF-01--OF-04,Wald + Wind,-0.0106523177664194
Ostfriesland,OF-03,OF-01--OF-04,Vollstaendig,-0.0112022053701572
Ostfriesland,OF-03,OF-02--OF-04,Gleichgewichtung,-0.0318030173051618
Ostfriesland,OF-03,OF-02--OF-04,1/d^2,-0.0286599952100104
Ostfriesland,OF-03,OF-02--OF-04,Wald + Wind,-0.0354518013547837
Ostfriesland,OF-03,OF-02--OF-04,Vollstaendig,-0.0334296502339208
Ostfriesland,OF-04,OF-01--OF-02,Gleichgewichtung,-0.0131744741447491
Ostfriesland,OF-04,OF-01--OF-02,1/d^2,-0.0156402170635448
Ostfriesland,OF-04,OF-01--OF-02,Wald + Wind,-0.0132949025022513
Ostfriesland,OF-04,OF-01--OF-02,Vollstaendig,-0.0142751333694093
Ostfriesland,OF-04,OF-01--OF-03,Gleichgewichtung,0.0110595990557958
Ostfriesland,OF-04,OF-01--OF-03,1/d^2,0.0137853287002291
Ostfriesland,OF-04,OF-01--OF-03,Wald + Wind,0.0106692552300848
Ostfriesland,OF-04,OF-01--OF-03,Vollstaendig,0.0116430695535292
Ostfriesland,OF-04,OF-02--OF-03,Gleichgewichtung,-0.0091158345471227
Ostfriesland,OF-04,OF-02--OF-03,1/d^2,0.0058798876435678
Ostfriesland,OF-04,OF-02--OF-03,Wald + Wind,-0.011663312428727
Ostfriesland,OF-04,OF-02--OF-03,Vollstaendig,-0.0068215807852568
Paderborn,PA-01,PA-02--PA-03,Gleichgewichtung,0.0792086553959829
Paderborn,PA-01,PA-02--PA-03,1/d^2,0.1137845255304093
Paderborn,PA-01,PA-02--PA-03,Wald + Wind,0.0696137446381556
Paderborn,PA-01,PA-02--PA-03,Vollstaendig,0.0721709342442525
Paderborn,PA-01,PA-02--PA-04,Gleichgewichtung,0.1006849652992803
Paderborn,PA-01,PA-02--PA-04,1/d^2,0.1212586088959568
Paderborn,PA-01,PA-02--PA-04,Wald + Wind,0.0921533111717111
Paderborn,PA-01,PA-02--PA-04,Vollstaendig,0.0926318546224669
Paderborn,PA-01,PA-02--PA-05,Gleichgewichtung,0.0831876294821376
Paderborn,PA-01,PA-02--PA-05,1/d^2,0.1233110727093378
Paderborn,PA-01,PA-02--PA-05,Wald + Wind,0.0894229866905311
Paderborn,PA-01,PA-02--PA-05,Vollstaendig,0.0788968984785923
Paderborn,PA-01,PA-02--PA-06,Gleichgewichtung,0.032293695282604
Paderborn,PA-01,PA-02--PA-06,1/d^2,0.122285560000987
Paderborn,PA-01,PA-02--PA-06,Wald + Wind,0.0501233004210023
Paderborn,PA-01,PA-02--PA-06,Vollstaendig,0.0118986858529236
Paderborn,PA-01,PA-02--PA-07,Gleichgewichtung,0.0603265570641361
Paderborn,PA-01,PA-02--PA-07,1/d^2,0.1236594863075799
Paderborn,PA-01,PA-02--PA-07,Wald + Wind,0.0727551384108139
Paderborn,PA-01,PA-02--PA-07,Vollstaendig,0.0514376719120989
Paderborn,PA-01,PA-02--PA-08,Gleichgewichtung,0.0760552340165531
Paderborn,PA-01,PA-02--PA-08,1/d^2,0.1245726115946222
Paderborn,PA-01,PA-02--PA-08,Wald + Wind,0.0820088291819456
Paderborn,PA-01,PA-02--PA-08,Vollstaendig,0.07033635563673
Paderborn,PA-01,PA-02--PA-09,Gleichgewichtung,0.0142135264607994
Paderborn,PA-01,PA-02--PA-09,1/d^2,0.1251405335070286
Paderborn,PA-01,PA-02--PA-09,Wald + Wind,0.0541807679353482
Paderborn,PA-01,PA-02--PA-09,Vollstaendig,0.0078701024528523
Paderborn,PA-01,PA-02--PA-10,Gleichgewichtung,0.0265942622471856
Paderborn,PA-01,PA-02--PA-10,1/d^2,0.124532582457922
Paderborn,PA-01,PA-02--PA-10,Wald + Wind,0.0568617476239918
Paderborn,PA-01,PA-02--PA-10,Vollstaendig,0.0131075146241144
Paderborn,PA-01,PA-02--PA-11,Gleichgewichtung,0.071893564915709
Paderborn,PA-01,PA-02--PA-11,1/d^2,0.1267936661538615
Paderborn,PA-01,PA-02--PA-11,Wald + Wind,0.0902810408699974
Paderborn,PA-01,PA-02--PA-11,Vollstaendig,0.0703300676146891
Paderborn,PA-01,PA-02--PA-12,Gleichgewichtung,0.0097966947749651
Paderborn,PA-01,PA-02--PA-12,1/d^2,0.1254670802283026
Paderborn,PA-01,PA-02--PA-12,Wald + Wind,0.0615156538433894
Paderborn,PA-01,PA-02--PA-12,Vollstaendig,0.0095917879959881
Paderborn,PA-01,PA-03--PA-04,Gleichgewichtung,0.0501968630369519
Paderborn,PA-01,PA-03--PA-04,1/d^2,0.048178853907896
Paderborn,PA-01,PA-03--PA-04,Wald + Wind,0.0528898558095368
Paderborn,PA-01,PA-03--PA-04,Vollstaendig,0.0536168032954482
Paderborn,PA-01,PA-03--PA-05,Gleichgewichtung,0.0317850475572686
Paderborn,PA-01,PA-03--PA-05,1/d^2,0.0297105479580778
Paderborn,PA-01,PA-03--PA-05,Wald + Wind,0.0304579099639603
Paderborn,PA-01,PA-03--PA-05,Vollstaendig,0.0315876416889589
Paderborn,PA-01,PA-03--PA-06,Gleichgewichtung,-0.0218666547822001
Paderborn,PA-01,PA-03--PA-06,1/d^2,0.0119940474505256
Paderborn,PA-01,PA-03--PA-06,Wald + Wind,-0.0039612066673959
Paderborn,PA-01,PA-03--PA-06,Vollstaendig,-0.0250517183584883
Paderborn,PA-01,PA-03--PA-07,Gleichgewichtung,0.0077034971647588
Paderborn,PA-01,PA-03--PA-07,1/d^2,0.0208480149568219
Paderborn,PA-01,PA-03--PA-07,Wald + Wind,0.0148237597702258
Paderborn,PA-01,PA-03--PA-07,Vollstaendig,0.0079810658827775
Paderborn,PA-01,PA-03--PA-08,Gleichgewichtung,0.0242750261789402
Paderborn,PA-01,PA-03--PA-08,1/d^2,0.0264274803849647
Paderborn,PA-01,PA-03--PA-08,Wald + Wind,0.0252556398469028
Paderborn,PA-01,PA-03--PA-08,Vollstaendig,0.0243866549764
Paderborn,PA-01,PA-03--PA-09,Gleichgewichtung,-0.0409627221739182
Paderborn,PA-01,PA-03--PA-09,1/d^2,0.0173190432431412
Paderborn,PA-01,PA-03--PA-09,Wald + Wind,-0.0064017274977002
Paderborn,PA-01,PA-03--PA-09,Vollstaendig,-0.0347568660204041
Paderborn,PA-01,PA-03--PA-10,Gleichgewichtung,-0.0278842395232834
Paderborn,PA-01,PA-03--PA-10,1/d^2,0.0166890408282866
Paderborn,PA-01,PA-03--PA-10,Wald + Wind,-0.0024109242349715
Paderborn,PA-01,PA-03--PA-10,Vollstaendig,-0.0270562056324142
Paderborn,PA-01,PA-03--PA-11,Gleichgewichtung,0.0198917029008723
Paderborn,PA-01,PA-03--PA-11,1/d^2,0.0264842585889983
Paderborn,PA-01,PA-03--PA-11,Wald + Wind,0.0236011097689378
Paderborn,PA-01,PA-03--PA-11,Vollstaendig,0.0207645366547938
Paderborn,PA-01,PA-03--PA-12,Gleichgewichtung,-0.0456306924591226
Paderborn,PA-01,PA-03--PA-12,1/d^2,0.0180461301749789
Paderborn,PA-01,PA-03--PA-12,Wald + Wind,-0.0034984900999645
Paderborn,PA-01,PA-03--PA-12,Vollstaendig,-0.0352146410897523
Paderborn,PA-01,PA-04--PA-05,Gleichgewichtung,0.054292725576837
Paderborn,PA-01,PA-04--PA-05,1/d^2,0.0619755524686216
Paderborn,PA-01,PA-04--PA-05,Wald + Wind,0.0619265190624996
Paderborn,PA-01,PA-04--PA-05,Vollstaendig,0.0579030703360036
Paderborn,PA-01,PA-04--PA-06,Gleichgewichtung,0.0018669712527402
Paderborn,PA-01,PA-04--PA-06,1/d^2,0.0466356745909788
Paderborn,PA-01,PA-04--PA-06,Wald + Wind,0.034692513933356
Paderborn,PA-01,PA-04--PA-06,Vollstaendig,0.0085187849591781
Paderborn,PA-01,PA-04--PA-07,Gleichgewichtung,0.030753499143225
Paderborn,PA-01,PA-04--PA-07,1/d^2,0.0560624007655355
Paderborn,PA-01,PA-04--PA-07,Wald + Wind,0.0499424387937169
Paderborn,PA-01,PA-04--PA-07,Vollstaendig,0.0378025443235385
Paderborn,PA-01,PA-04--PA-08,Gleichgewichtung,0.0469504643948929
Paderborn,PA-01,PA-04--PA-08,1/d^2,0.0620391519481066
Paderborn,PA-01,PA-04--PA-08,Wald + Wind,0.0572008844139795
Paderborn,PA-01,PA-04--PA-08,Vollstaendig,0.0517115589668527
Paderborn,PA-01,PA-04--PA-09,Gleichgewichtung,-0.0167770116364477
Paderborn,PA-01,PA-04--PA-09,1/d^2,0.0566564566259155
Paderborn,PA-01,PA-04--PA-09,Wald + Wind,0.035975558953969
Paderborn,PA-01,PA-04--PA-09,Vollstaendig,0.0051372759733166
Paderborn,PA-01,PA-04--PA-10,Gleichgewichtung,-0.0040090603735112
Paderborn,PA-01,PA-04--PA-10,1/d^2,0.0547967738331308
Paderborn,PA-01,PA-04--PA-10,Wald + Wind,0.0381678955262448
Paderborn,PA-01,PA-04--PA-10,Vollstaendig,0.0091809211382573
Paderborn,PA-01,PA-04--PA-11,Gleichgewichtung,0.0426656273152867
Paderborn,PA-01,PA-04--PA-11,1/d^2,0.0672930169424582
Paderborn,PA-01,PA-04--PA-11,Wald + Wind,0.0596118670681561
Paderborn,PA-01,PA-04--PA-11,Vollstaendig,0.0505050260552369
Paderborn,PA-01,PA-04--PA-12,Gleichgewichtung,-0.021333183566891
Paderborn,PA-01,PA-04--PA-12,1/d^2,0.0579693507715658
Paderborn,PA-01,PA-04--PA-12,Wald + Wind,0.0398799728369645
Paderborn,PA-01,PA-04--PA-12,Vollstaendig,0.0062654141131571
Paderborn,PA-01,PA-05--PA-06,Gleichgewichtung,-0.0174654071885369
Paderborn,PA-01,PA-05--PA-06,1/d^2,-0.0023982277767489
Paderborn,PA-01,PA-05--PA-06,Wald + Wind,-0.0150519769009121
Paderborn,PA-01,PA-05--PA-06,Vollstaendig,-0.0234981623274388
Paderborn,PA-01,PA-05--PA-07,Gleichgewichtung,0.0119767781907273
Paderborn,PA-01,PA-05--PA-07,1/d^2,0.0178272309146786
Paderborn,PA-01,PA-05--PA-07,Wald + Wind,0.0130270326448
Paderborn,PA-01,PA-05--PA-07,Vollstaendig,0.0111653422360522
Paderborn,PA-01,PA-05--PA-08,Gleichgewichtung,0.0284782233210503
Paderborn,PA-01,PA-05--PA-08,1/d^2,0.0301585988298724
Paderborn,PA-01,PA-05--PA-08,Wald + Wind,0.0282936002138746
Paderborn,PA-01,PA-05--PA-08,Vollstaendig,0.0283755606401393
Paderborn,PA-01,PA-05--PA-09,Gleichgewichtung,-0.0364768104905214
Paderborn,PA-01,PA-05--PA-09,1/d^2,0.0077980677150597
Paderborn,PA-01,PA-05--PA-09,Wald + Wind,-0.0207096684767648
Paderborn,PA-01,PA-05--PA-09,Vollstaendig,-0.0334257948109981
Paderborn,PA-01,PA-05--PA-10,Gleichgewichtung,-0.0234564859262598
Paderborn,PA-01,PA-05--PA-10,1/d^2,0.0068222553896015
Paderborn,PA-01,PA-05--PA-10,Wald + Wind,-0.0138535209605143
Paderborn,PA-01,PA-05--PA-10,Vollstaendig,-0.0254612473899716
Paderborn,PA-01,PA-05--PA-11,Gleichgewichtung,0.0241133255328157
Paderborn,PA-01,PA-05--PA-11,1/d^2,0.0315218954182139
Paderborn,PA-01,PA-05--PA-11,Wald + Wind,0.0264058944556168
Paderborn,PA-01,PA-05--PA-11,Vollstaendig,0.024899875922758
Paderborn,PA-01,PA-05--PA-12,Gleichgewichtung,-0.0411238389497447
Paderborn,PA-01,PA-05--PA-12,1/d^2,0.0094527264690035
Paderborn,PA-01,PA-05--PA-12,Wald + Wind,-0.0170767656053939
Paderborn,PA-01,PA-05--PA-12,Vollstaendig,-0.033843087359867
Paderborn,PA-01,PA-06--PA-07,Gleichgewichtung,-0.0427781905850402
Paderborn,PA-01,PA-06--PA-07,1/d^2,-0.0416330547513726
Paderborn,PA-01,PA-06--PA-07,Wald + Wind,-0.0427555623843741
Paderborn,PA-01,PA-06--PA-07,Vollstaendig,-0.0451242852908004
Paderborn,PA-01,PA-06--PA-08,Gleichgewichtung,-0.0253560597473172
Paderborn,PA-01,PA-06--PA-08,1/d^2,-0.0227016435692531
Paderborn,PA-01,PA-06--PA-08,Wald + Wind,-0.0221128101164594
Paderborn,PA-01,PA-06--PA-08,Vollstaendig,-0.0299191896979342
Paderborn,PA-01,PA-06--PA-09,Gleichgewichtung,-0.0940298915138301
Paderborn,PA-01,PA-06--PA-09,1/d^2,-0.0861084646604868
Paderborn,PA-01,PA-06--PA-09,Wald + Wind,-0.0905980637778749
Paderborn,PA-01,PA-06--PA-09,Vollstaendig,-0.0909927933935938
Paderborn,PA-01,PA-06--PA-10,Gleichgewichtung,-0.0802435167990393
Paderborn,PA-01,PA-06--PA-10,1/d^2,-0.0785788834840699
Paderborn,PA-01,PA-06--PA-10,Wald + Wind,-0.0795162294271448
Paderborn,PA-01,PA-06--PA-10,Vollstaendig,-0.0797528560634294
Paderborn,PA-01,PA-06--PA-11,Gleichgewichtung,-0.0299629356757188
Paderborn,PA-01,PA-06--PA-11,1/d^2,-0.0481844056300742
Paderborn,PA-01,PA-06--PA-11,Wald + Wind,-0.0364272510738075
Paderborn,PA-01,PA-06--PA-11,Vollstaendig,-0.0374879806158503
Paderborn,PA-01,PA-06--PA-12,Gleichgewichtung,-0.0989528956113384
Paderborn,PA-01,PA-06--PA-12,1/d^2,-0.0875611096604459
Paderborn,PA-01,PA-06--PA-12,Wald + Wind,-0.092298103403278
Paderborn,PA-01,PA-06--PA-12,Vollstaendig,-0.0939225376930503
Paderborn,PA-01,PA-07--PA-08,Gleichgewichtung,0.0043159362108872
Paderborn,PA-01,PA-07--PA-08,1/d^2,0.0046300925776273
Paderborn,PA-01,PA-07--PA-08,Wald + Wind,0.0054523253559566
Paderborn,PA-01,PA-07--PA-08,Vollstaendig,0.0039846832970055
Paderborn,PA-01,PA-07--PA-09,Gleichgewichtung,-0.0622817512124351
Paderborn,PA-01,PA-07--PA-09,1/d^2,-0.0409913761408925
Paderborn,PA-01,PA-07--PA-09,Wald + Wind,-0.0536680425771374
Paderborn,PA-01,PA-07--PA-09,Vollstaendig,-0.0585191475719571
Paderborn,PA-01,PA-07--PA-10,Gleichgewichtung,-0.0489233287129983
Paderborn,PA-01,PA-07--PA-10,1/d^2,-0.0380154447148093
Paderborn,PA-01,PA-07--PA-10,Wald + Wind,-0.0446730476048225
Paderborn,PA-01,PA-07--PA-10,Vollstaendig,-0.0488972939128161
Paderborn,PA-01,PA-07--PA-11,Gleichgewichtung,-0.000155951003934
Paderborn,PA-01,PA-07--PA-11,1/d^2,-0.0057374924161543
Paderborn,PA-01,PA-07--PA-11,Wald + Wind,-0.0020191267866023
Paderborn,PA-01,PA-07--PA-11,Vollstaendig,-0.0013833446666151
Paderborn,PA-01,PA-07--PA-12,Gleichgewichtung,-0.0670505466812621
Paderborn,PA-01,PA-07--PA-12,1/d^2,-0.0404893989398156
Paderborn,PA-01,PA-07--PA-12,Wald + Wind,-0.05238772976398
Paderborn,PA-01,PA-07--PA-12,Vollstaendig,-0.0601213592769842
Paderborn,PA-01,PA-08--PA-09,Gleichgewichtung,-0.0445195211244747
Paderborn,PA-01,PA-08--PA-09,1/d^2,-0.0153397600824949
Paderborn,PA-01,PA-08--PA-09,Wald + Wind,-0.0287513222278773
Paderborn,PA-01,PA-08--PA-09,Vollstaendig,-0.0408512327722024
Paderborn,PA-01,PA-08--PA-10,Gleichgewichtung,-0.0313947425940671
Paderborn,PA-01,PA-08--PA-10,1/d^2,-0.0146938315658265
Paderborn,PA-01,PA-08--PA-10,Wald + Wind,-0.0216885971106836
Paderborn,PA-01,PA-08--PA-10,Vollstaendig,-0.0324188787408203
Paderborn,PA-01,PA-08--PA-11,Gleichgewichtung,0.0165452483834213
Paderborn,PA-01,PA-08--PA-11,1/d^2,0.018593396322267
Paderborn,PA-01,PA-08--PA-11,Wald + Wind,0.0174978029440216
Paderborn,PA-01,PA-08--PA-11,Vollstaendig,0.016896252365228
Paderborn,PA-01,PA-08--PA-12,Gleichgewichtung,-0.0492041630230235
Paderborn,PA-01,PA-08--PA-12,1/d^2,-0.0138513043676655
Paderborn,PA-01,PA-08--PA-12,Wald + Wind,-0.0257983688666593
Paderborn,PA-01,PA-08--PA-12,Vollstaendig,-0.0416219840572689
Paderborn,PA-01,PA-09--PA-10,Gleichgewichtung,-0.100499236435424
Paderborn,PA-01,PA-09--PA-10,1/d^2,-0.0984893987075589
Paderborn,PA-01,PA-09--PA-10,Wald + Wind,-0.0997201763516538
Paderborn,PA-01,PA-09--PA-10,Vollstaendig,-0.0994756695769796
Paderborn,PA-01,PA-09--PA-11,Gleichgewichtung,-0.0492157417056208
Paderborn,PA-01,PA-09--PA-11,1/d^2,-0.0514013974026855
Paderborn,PA-01,PA-09--PA-11,Wald + Wind,-0.0479697655563732
Paderborn,PA-01,PA-09--PA-11,Vollstaendig,-0.0508262982211825
Paderborn,PA-01,PA-09--PA-12,Gleichgewichtung,-0.1195951298409009
Paderborn,PA-01,PA-09--PA-12,1/d^2,-0.1192250775420565
Paderborn,PA-01,PA-09--PA-12,Wald + Wind,-0.1190989039542703
Paderborn,PA-01,PA-09--PA-12,Vollstaendig,-0.1193397027531686
Paderborn,PA-01,PA-10--PA-11,Gleichgewichtung,-0.0360295869151061
Paderborn,PA-01,PA-10--PA-11,1/d^2,-0.0448312631584182
Paderborn,PA-01,PA-10--PA-11,Wald + Wind,-0.0378128521320368
Paderborn,PA-01,PA-10--PA-11,Vollstaendig,-0.0409034742451313
Paderborn,PA-01,PA-10--PA-12,Gleichgewichtung,-0.1054542716786013
Paderborn,PA-01,PA-10--PA-12,1/d^2,-0.1013723031729665
Paderborn,PA-01,PA-10--PA-12,Wald + Wind,-0.102541504842689
Paderborn,PA-01,PA-10--PA-12,Vollstaendig,-0.103108637186782
Paderborn,PA-01,PA-11--PA-12,Gleichgewichtung,-0.053922487433073
Paderborn,PA-01,PA-11--PA-12,1/d^2,-0.0512594513474042
Paderborn,PA-01,PA-11--PA-12,Wald + Wind,-0.0458978381504503
Paderborn,PA-01,PA-11--PA-12,Vollstaendig,-0.0521963919549584
Paderborn,PA-02,PA-01--PA-03,Gleichgewichtung,-0.1143948325935545
Paderborn,PA-02,PA-01--PA-03,1/d^2,-0.1237372927742185
Paderborn,PA-02,PA-01--PA-03,Wald + Wind,-0.1169216114231922
Paderborn,PA-02,PA-01--PA-03,Vollstaendig,-0.1128656849000433
Paderborn,PA-02,PA-01--PA-04,Gleichgewichtung,-0.0914854427766508
Paderborn,PA-02,PA-01--PA-04,1/d^2,-0.1208688445477638
Paderborn,PA-02,PA-01--PA-04,Wald + Wind,-0.0892505986242169
Paderborn,PA-02,PA-01--PA-04,Vollstaendig,-0.0896008647659822
Paderborn,PA-02,PA-01--PA-05,Gleichgewichtung,-0.1101478637324587
Paderborn,PA-02,PA-01--PA-05,1/d^2,-0.1264447025586545
Paderborn,PA-02,PA-01--PA-05,Wald + Wind,-0.1150721409425551
Paderborn,PA-02,PA-01--PA-05,Vollstaendig,-0.1087242638996148
Paderborn,PA-02,PA-01--PA-06,Gleichgewichtung,-0.1645570801306834
Paderborn,PA-02,PA-01--PA-06,1/d^2,-0.1302998613899637
Paderborn,PA-02,PA-01--PA-06,Wald + Wind,-0.1534316251470016
Paderborn,PA-02,PA-01--PA-06,Vollstaendig,-0.1655577832325239
Paderborn,PA-02,PA-01--PA-07,Gleichgewichtung,-0.1345643311364407
Paderborn,PA-02,PA-01--PA-07,1/d^2,-0.1286930944677717
Paderborn,PA-02,PA-01--PA-07,Wald + Wind,-0.1333671803732039
Paderborn,PA-02,PA-01--PA-07,Vollstaendig,-0.1353418119989731
Paderborn,PA-02,PA-01--PA-08,Gleichgewichtung,-0.1177614555378846
Paderborn,PA-02,PA-01--PA-08,1/d^2,-0.1275422672116783
Paderborn,PA-02,PA-01--PA-08,Wald + Wind,-0.1211115921840745
Paderborn,PA-02,PA-01--PA-08,Vollstaendig,-0.1165800278792659
Paderborn,PA-02,PA-01--PA-09,Gleichgewichtung,-0.1839328703185242
Paderborn,PA-02,PA-01--PA-09,1/d^2,-0.1296839887146047
Paderborn,PA-02,PA-01--PA-09,Wald + Wind,-0.1644752998665478
Paderborn,PA-02,PA-01--PA-09,Vollstaendig,-0.1923340465944708
Paderborn,PA-02,PA-01--PA-10,Gleichgewichtung,-0.1706622274440863
Paderborn,PA-02,PA-01--PA-10,1/d^2,-0.1297564585899477
Paderborn,PA-02,PA-01--PA-10,Wald + Wind,-0.1588513262676836
Paderborn,PA-02,PA-01--PA-10,Vollstaendig,-0.1732166324718629
Paderborn,PA-02,PA-01--PA-11,Gleichgewichtung,-0.1222055945181919
Paderborn,PA-02,PA-01--PA-11,1/d^2,-0.128132405200844
Paderborn,PA-02,PA-01--PA-11,Wald + Wind,-0.1231258157274436
Paderborn,PA-02,PA-01--PA-11,Vollstaendig,-0.1209637302075618
Paderborn,PA-02,PA-01--PA-12,Gleichgewichtung,-0.1886700463037525
Paderborn,PA-02,PA-01--PA-12,1/d^2,-0.1296603175932661
Paderborn,PA-02,PA-01--PA-12,Wald + Wind,-0.188742870788045
Paderborn,PA-02,PA-01--PA-12,Vollstaendig,-0.2040548482275324
Paderborn,PA-02,PA-03--PA-04,Gleichgewichtung,-0.0780910351536406
Paderborn,PA-02,PA-03--PA-04,1/d^2,-0.0842998034559516
Paderborn,PA-02,PA-03--PA-04,Wald + Wind,-0.0726955803261759
Paderborn,PA-02,PA-03--PA-04,Vollstaendig,-0.0794116098077607
Paderborn,PA-02,PA-03--PA-05,Gleichgewichtung,-0.0965028506333242
Paderborn,PA-02,PA-03--PA-05,1/d^2,-0.0988958897392809
Paderborn,PA-02,PA-03--PA-05,Wald + Wind,-0.096900497886598
Paderborn,PA-02,PA-03--PA-05,Vollstaendig,-0.0966364224410501
Paderborn,PA-02,PA-03--PA-06,Gleichgewichtung,-0.1501545529727931
Paderborn,PA-02,PA-03--PA-06,1/d^2,-0.1132930608594341
Paderborn,PA-02,PA-03--PA-06,Wald + Wind,-0.1437340762787952
Paderborn,PA-02,PA-03--PA-06,Vollstaendig,-0.1458997868279649
Paderborn,PA-02,PA-03--PA-07,Gleichgewichtung,-0.1205844010258339
Paderborn,PA-02,PA-03--PA-07,1/d^2,-0.106483890756583
Paderborn,PA-02,PA-03--PA-07,Wald + Wind,-0.120431524109611
Paderborn,PA-02,PA-03--PA-07,Vollstaendig,-0.1208394711898958
Paderborn,PA-02,PA-03--PA-08,Gleichgewichtung,-0.1040128720116524
Paderborn,PA-02,PA-03--PA-08,1/d^2,-0.1017399682042376
Paderborn,PA-02,PA-03--PA-08,Wald + Wind,-0.1035308077941136
Paderborn,PA-02,PA-03--PA-08,Vollstaendig,-0.1040195281748855
Paderborn,PA-02,PA-03--PA-09,Gleichgewichtung,-0.1692506203645112
Paderborn,PA-02,PA-03--PA-09,1/d^2,-0.1090529850281851
Paderborn,PA-02,PA-03--PA-09,Wald + Wind,-0.1571743058727673
Paderborn,PA-02,PA-03--PA-09,Vollstaendig,-0.1717990686901613
Paderborn,PA-02,PA-03--PA-10,Gleichgewichtung,-0.1561721377138762
Paderborn,PA-02,PA-03--PA-10,1/d^2,-0.1098678084231831
Paderborn,PA-02,PA-03--PA-10,Wald + Wind,-0.1506870131162083
Paderborn,PA-02,PA-03--PA-10,Vollstaendig,-0.153191822438601
Paderborn,PA-02,PA-03--PA-11,Gleichgewichtung,-0.1083961952897205
Paderborn,PA-02,PA-03--PA-11,1/d^2,-0.1016467377945442
Paderborn,PA-02,PA-03--PA-11,Wald + Wind,-0.1086445886330107
Paderborn,PA-02,PA-03--PA-11,Vollstaendig,-0.1091404274311957
Paderborn,PA-02,PA-03--PA-12,Gleichgewichtung,-0.1739185906497155
Paderborn,PA-02,PA-03--PA-12,1/d^2,-0.1088193959226101
Paderborn,PA-02,PA-03--PA-12,Wald + Wind,-0.187999479240157
Paderborn,PA-02,PA-03--PA-12,Vollstaendig,-0.1844679788358285
Paderborn,PA-02,PA-04--PA-05,Gleichgewichtung,-0.0739951726137557
Paderborn,PA-02,PA-04--PA-05,1/d^2,-0.0676519868750995
Paderborn,PA-02,PA-04--PA-05,Wald + Wind,-0.068024645968331
Paderborn,PA-02,PA-04--PA-05,Vollstaendig,-0.0744886831660406
Paderborn,PA-02,PA-04--PA-06,Gleichgewichtung,-0.1264209269378527
Paderborn,PA-02,PA-04--PA-06,1/d^2,-0.084746866239391
Paderborn,PA-02,PA-04--PA-06,Wald + Wind,-0.1006254343658916
Paderborn,PA-02,PA-04--PA-06,Vollstaendig,-0.1245866130994827
Paderborn,PA-02,PA-04--PA-07,Gleichgewichtung,-0.0975343990473677
Paderborn,PA-02,PA-04--PA-07,1/d^2,-0.0751164939401623
Paderborn,PA-02,PA-04--PA-07,Wald + Wind,-0.087017302133765
Paderborn,PA-02,PA-04--PA-07,Vollstaendig,-0.1005802722888455
Paderborn,PA-02,PA-04--PA-08,Gleichgewichtung,-0.0813374337956996
Paderborn,PA-02,PA-04--PA-08,1/d^2,-0.068524641350217
Paderborn,PA-02,PA-04--PA-08,Wald + Wind,-0.071783814567381
Paderborn,PA-02,PA-04--PA-08,Vollstaendig,-0.082905866750987
Paderborn,PA-02,PA-04--PA-09,Gleichgewichtung,-0.1450649098270404
Paderborn,PA-02,PA-04--PA-09,1/d^2,-0.0741985593566058
Paderborn,PA-02,PA-04--PA-09,Wald + Wind,-0.1087605305768394
Paderborn,PA-02,PA-04--PA-09,Vollstaendig,-0.1539284210548075
Paderborn,PA-02,PA-04--PA-10,Gleichgewichtung,-0.1322969585641041
Paderborn,PA-02,PA-04--PA-10,1/d^2,-0.0768277755751554
Paderborn,PA-02,PA-04--PA-10,Wald + Wind,-0.1064061315348703
Paderborn,PA-02,PA-04--PA-10,Vollstaendig,-0.1328326564758959
Paderborn,PA-02,PA-04--PA-11,Gleichgewichtung,-0.0856222708753061
Paderborn,PA-02,PA-04--PA-11,1/d^2,-0.0621280200588985
Paderborn,PA-02,PA-04--PA-11,Wald + Wind,-0.079277801930371
Paderborn,PA-02,PA-04--PA-11,Vollstaendig,-0.0902760010890115
Paderborn,PA-02,PA-04--PA-12,Gleichgewichtung,-0.1496210817574836
Paderborn,PA-02,PA-04--PA-12,1/d^2,-0.0734764145011963
Paderborn,PA-02,PA-04--PA-12,Wald + Wind,-0.1436755458865098
Paderborn,PA-02,PA-04--PA-12,Vollstaendig,-0.1690052391337242
Paderborn,PA-02,PA-05--PA-06,Gleichgewichtung,-0.1457533053791298
Paderborn,PA-02,PA-05--PA-06,1/d^2,-0.1298177059951111
Paderborn,PA-02,PA-05--PA-06,Wald + Wind,-0.1439813600056345
Paderborn,PA-02,PA-05--PA-06,Vollstaendig,-0.1428885062997457
Paderborn,PA-02,PA-05--PA-07,Gleichgewichtung,-0.1163111199998656
Paderborn,PA-02,PA-05--PA-07,1/d^2,-0.1108259370569412
Paderborn,PA-02,PA-05--PA-07,Wald + Wind,-0.1184383018595287
Paderborn,PA-02,PA-05--PA-07,Vollstaendig,-0.1173947412587958
Paderborn,PA-02,PA-05--PA-08,Gleichgewichtung,-0.0998096748695425
Paderborn,PA-02,PA-05--PA-08,1/d^2,-0.0984253683373226
Paderborn,PA-02,PA-05--PA-08,Wald + Wind,-0.099430215225164
Paderborn,PA-02,PA-05--PA-08,Vollstaendig,-0.1000645418529163
Paderborn,PA-02,PA-05--PA-09,Gleichgewichtung,-0.1647647086811144
Paderborn,PA-02,PA-05--PA-09,1/d^2,-0.120312380305348
Paderborn,PA-02,PA-05--PA-09,Wald + Wind,-0.1589694994041096
Paderborn,PA-02,PA-05--PA-09,Vollstaendig,-0.1698662556498693
Paderborn,PA-02,PA-05--PA-10,Gleichgewichtung,-0.1517443841168529
Paderborn,PA-02,PA-05--PA-10,1/d^2,-0.1219914814111642
Paderborn,PA-02,PA-05--PA-10,Wald + Wind,-0.1516632261904422
Paderborn,PA-02,PA-05--PA-10,Vollstaendig,-0.1504960597205197
Paderborn,PA-02,PA-05--PA-11,Gleichgewichtung,-0.1041745726577773
Paderborn,PA-02,PA-05--PA-11,1/d^2,-0.0969491210640524
Paderborn,PA-02,PA-05--PA-11,Wald + Wind,-0.1056867201411127
Paderborn,PA-02,PA-05--PA-11,Vollstaendig,-0.105697756032808
Paderborn,PA-02,PA-05--PA-12,Gleichgewichtung,-0.1694117371403375
Paderborn,PA-02,PA-05--PA-12,1/d^2,-0.1197724039715039
Paderborn,PA-02,PA-05--PA-12,Wald + Wind,-0.1916394146321046
Paderborn,PA-02,PA-05--PA-12,Vollstaendig,-0.1830726415241362
Paderborn,PA-02,PA-06--PA-07,Gleichgewichtung,-0.1710660887756331
Paderborn,PA-02,PA-06--PA-07,1/d^2,-0.1688989469541477
Paderborn,PA-02,PA-06--PA-07,Wald + Wind,-0.1674095363298194
Paderborn,PA-02,PA-06--PA-07,Vollstaendig,-0.1681076319716719
Paderborn,PA-02,PA-06--PA-08,Gleichgewichtung,-0.1536439579379099
Paderborn,PA-02,PA-06--PA-08,1/d^2,-0.1482391090821909
Paderborn,PA-02,PA-06--PA-08,Wald + Wind,-0.1545101029311792
Paderborn,PA-02,PA-06--PA-08,Vollstaendig,-0.1495733118210196
Paderborn,PA-02,PA-06--PA-09,Gleichgewichtung,-0.222317789704423
Paderborn,PA-02,PA-06--PA-09,1/d^2,-0.214630025643343
Paderborn,PA-02,PA-06--PA-09,Wald + Wind,-0.2214000499495874
Paderborn,PA-02,PA-06--PA-09,Vollstaendig,-0.2247521519968454
Paderborn,PA-02,PA-06--PA-10,Gleichgewichtung,-0.2085314149896321
Paderborn,PA-02,PA-06--PA-10,1/d^2,-0.2070411170600164
Paderborn,PA-02,PA-06--PA-10,Wald + Wind,-0.2087285658774291
Paderborn,PA-02,PA-06--PA-10,Vollstaendig,-0.208734383694965
Paderborn,PA-02,PA-06--PA-11,Gleichgewichtung,-0.1582508338663117
Paderborn,PA-02,PA-06--PA-11,1/d^2,-0.1749155684862416
Paderborn,PA-02,PA-06--PA-11,Wald + Wind,-0.1514603306615873
Paderborn,PA-02,PA-06--PA-11,Vollstaendig,-0.1505921544962563
Paderborn,PA-02,PA-06--PA-12,Gleichgewichtung,-0.2272407938019311
Paderborn,PA-02,PA-06--PA-12,1/d^2,-0.216628577881878
Paderborn,PA-02,PA-06--PA-12,Wald + Wind,-0.2349808995215843
Paderborn,PA-02,PA-06--PA-12,Vollstaendig,-0.2328282955729149
Paderborn,PA-02,PA-07--PA-08,Gleichgewichtung,-0.1239719619797055
Paderborn,PA-02,PA-07--PA-08,1/d^2,-0.1232357268591739
Paderborn,PA-02,PA-07--PA-08,Wald + Wind,-0.1262800608297376
Paderborn,PA-02,PA-07--PA-08,Vollstaendig,-0.1241512605876029
Paderborn,PA-02,PA-07--PA-09,Gleichgewichtung,-0.1905696494030282
Paderborn,PA-02,PA-07--PA-09,1/d^2,-0.1684710876173167
Paderborn,PA-02,PA-07--PA-09,Wald + Wind,-0.1822589402875803
Paderborn,PA-02,PA-07--PA-09,Vollstaendig,-0.1917514032808867
Paderborn,PA-02,PA-07--PA-10,Gleichgewichtung,-0.1772112269035911
Paderborn,PA-02,PA-07--PA-10,1/d^2,-0.1661617752074661
Paderborn,PA-02,PA-07--PA-10,Wald + Wind,-0.1739285609902996
Paderborn,PA-02,PA-07--PA-10,Vollstaendig,-0.1748102597234805
Paderborn,PA-02,PA-07--PA-11,Gleichgewichtung,-0.1284438491945269
Paderborn,PA-02,PA-07--PA-11,1/d^2,-0.1339362706400759
Paderborn,PA-02,PA-07--PA-11,Wald + Wind,-0.1279531249793849
Paderborn,PA-02,PA-07--PA-11,Vollstaendig,-0.1274110819504432
Paderborn,PA-02,PA-07--PA-12,Gleichgewichtung,-0.195338444871855
Paderborn,PA-02,PA-07--PA-12,1/d^2,-0.168981990467831
Paderborn,PA-02,PA-07--PA-12,Wald + Wind,-0.2061074509215291
Paderborn,PA-02,PA-07--PA-12,Vollstaendig,-0.2023957763323427
Paderborn,PA-02,PA-08--PA-09,Gleichgewichtung,-0.1728074193150675
Paderborn,PA-02,PA-08--PA-09,1/d^2,-0.1412818499688141
Paderborn,PA-02,PA-08--PA-09,Wald + Wind,-0.1709882286698567
Paderborn,PA-02,PA-08--PA-09,Vollstaendig,-0.1751013082912366
Paderborn,PA-02,PA-08--PA-10,Gleichgewichtung,-0.1596826407846597
Paderborn,PA-02,PA-08--PA-10,1/d^2,-0.1415921400385787
Paderborn,PA-02,PA-08--PA-10,Wald + Wind,-0.1623317220252902
Paderborn,PA-02,PA-08--PA-10,Vollstaendig,-0.1567684103963185
Paderborn,PA-02,PA-08--PA-11,Gleichgewichtung,-0.1117426498071713
Paderborn,PA-02,PA-08--PA-11,1/d^2,-0.1096389005689143
Paderborn,PA-02,PA-08--PA-11,Wald + Wind,-0.1125198279831722
Paderborn,PA-02,PA-08--PA-11,Vollstaendig,-0.1121579926431922
Paderborn,PA-02,PA-08--PA-12,Gleichgewichtung,-0.1774920612136163
Paderborn,PA-02,PA-08--PA-12,1/d^2,-0.1410738561924484
Paderborn,PA-02,PA-08--PA-12,Wald + Wind,-0.2010535227060943
Paderborn,PA-02,PA-08--PA-12,Vollstaendig,-0.1874356948519751
Paderborn,PA-02,PA-09--PA-10,Gleichgewichtung,-0.2287871346260165
Paderborn,PA-02,PA-09--PA-10,1/d^2,-0.2265640583102315
Paderborn,PA-02,PA-09--PA-10,Wald + Wind,-0.2277251270413531
Paderborn,PA-02,PA-09--PA-10,Vollstaendig,-0.2300177244086631
Paderborn,PA-02,PA-09--PA-11,Gleichgewichtung,-0.1775036398962135
Paderborn,PA-02,PA-09--PA-11,1/d^2,-0.1778620255246082
Paderborn,PA-02,PA-09--PA-11,Wald + Wind,-0.1647920768880967
Paderborn,PA-02,PA-09--PA-11,Vollstaendig,-0.1736810943403904
Paderborn,PA-02,PA-09--PA-12,Gleichgewichtung,-0.2478830280314938
Paderborn,PA-02,PA-09--PA-12,1/d^2,-0.2476372831716905
Paderborn,PA-02,PA-09--PA-12,Wald + Wind,-0.2496196283229884
Paderborn,PA-02,PA-09--PA-12,Vollstaendig,-0.2484009133468706
Paderborn,PA-02,PA-10--PA-11,Gleichgewichtung,-0.164317485105699
Paderborn,PA-02,PA-10--PA-11,1/d^2,-0.1724813746502098
Paderborn,PA-02,PA-10--PA-11,Wald + Wind,-0.1580159398270721
Paderborn,PA-02,PA-10--PA-11,Vollstaendig,-0.157053487485553
Paderborn,PA-02,PA-10--PA-12,Gleichgewichtung,-0.2337421698691941
Paderborn,PA-02,PA-10--PA-12,1/d^2,-0.2298252016631172
Paderborn,PA-02,PA-10--PA-12,Wald + Wind,-0.238994029249656
Paderborn,PA-02,PA-10--PA-12,Vollstaendig,-0.2373427852434359
Paderborn,PA-02,PA-11--PA-12,Gleichgewichtung,-0.1822103856236658
Paderborn,PA-02,PA-11--PA-12,1/d^2,-0.17926966971362
Paderborn,PA-02,PA-11--PA-12,Wald + Wind,-0.1927004148451077
Paderborn,PA-02,PA-11--PA-12,Vollstaendig,-0.185116146696568
Paderborn,PA-03,PA-01--PA-02,Gleichgewichtung,0.0386040072215878
Paderborn,PA-03,PA-01--PA-02,1/d^2,0.0416747895414163
Paderborn,PA-03,PA-01--PA-02,Wald + Wind,0.0158057637545733
Paderborn,PA-03,PA-01--PA-02,Vollstaendig,0.036579064612784
Paderborn,PA-03,PA-01--PA-04,Gleichgewichtung,0.009206699613868
Paderborn,PA-03,PA-01--PA-04,1/d^2,0.0259680028485025
Paderborn,PA-03,PA-01--PA-04,Wald + Wind,0.0164428383221029
Paderborn,PA-03,PA-01--PA-04,Vollstaendig,0.0121406140794447
Paderborn,PA-03,PA-01--PA-05,Gleichgewichtung,-0.0094557213419399
Paderborn,PA-03,PA-01--PA-05,1/d^2,-0.0082592764166633
Paderborn,PA-03,PA-01--PA-05,Wald + Wind,-0.0050081136670715
Paderborn,PA-03,PA-01--PA-05,Vollstaendig,-0.0067767499443353
Paderborn,PA-03,PA-01--PA-06,Gleichgewichtung,-0.0638649377401644
Paderborn,PA-03,PA-01--PA-06,1/d^2,-0.0470546387580695
Paderborn,PA-03,PA-01--PA-06,Wald + Wind,-0.0730356451230373
Paderborn,PA-03,PA-01--PA-06,Vollstaendig,-0.0679129877768788
Paderborn,PA-03,PA-01--PA-07,Gleichgewichtung,-0.0338721887459218
Paderborn,PA-03,PA-01--PA-07,1/d^2,-0.031902886382856
Paderborn,PA-03,PA-01--PA-07,Wald + Wind,-0.035391284781183
Paderborn,PA-03,PA-01--PA-07,Vollstaendig,-0.0349516316800346
Paderborn,PA-03,PA-01--PA-08,Gleichgewichtung,-0.0170693131473657
Paderborn,PA-03,PA-01--PA-08,1/d^2,-0.0193920468348416
Paderborn,PA-03,PA-01--PA-08,Wald + Wind,-0.0134708863205278
Paderborn,PA-03,PA-01--PA-08,Vollstaendig,-0.0147988504609509
Paderborn,PA-03,PA-01--PA-09,Gleichgewichtung,-0.0832407279280052
Paderborn,PA-03,PA-01--PA-09,1/d^2,-0.0393032486569973
Paderborn,PA-03,PA-01--PA-09,Wald + Wind,-0.0932814316652446
Paderborn,PA-03,PA-01--PA-09,Vollstaendig,-0.0935951933982656
Paderborn,PA-03,PA-01--PA-10,Gleichgewichtung,-0.0699700850535673
Paderborn,PA-03,PA-01--PA-10,1/d^2,-0.0414437664214327
Paderborn,PA-03,PA-01--PA-10,Wald + Wind,-0.0713799687550277
Paderborn,PA-03,PA-01--PA-10,Vollstaendig,-0.0751348387229803
Paderborn,PA-03,PA-01--PA-11,Gleichgewichtung,-0.021513452127673
Paderborn,PA-03,PA-01--PA-11,1/d^2,-0.0262041844896099
Paderborn,PA-03,PA-01--PA-11,Wald + Wind,-0.0219415191494204
Paderborn,PA-03,PA-01--PA-11,Vollstaendig,-0.0209105753645695
Paderborn,PA-03,PA-01--PA-12,Gleichgewichtung,-0.0879779039132336
Paderborn,PA-03,PA-01--PA-12,1/d^2,-0.0396389833248123
Paderborn,PA-03,PA-01--PA-12,Wald + Wind,-0.0701274747636075
Paderborn,PA-03,PA-01--PA-12,Vollstaendig,-0.0914075181795191
Paderborn,PA-03,PA-02--PA-04,Gleichgewichtung,0.0730892094992066
Paderborn,PA-03,PA-02--PA-04,1/d^2,0.0609982450596801
Paderborn,PA-03,PA-02--PA-04,Wald + Wind,0.058532381790341
Paderborn,PA-03,PA-02--PA-04,Vollstaendig,0.0699326627105626
Paderborn,PA-03,PA-02--PA-05,Gleichgewichtung,0.0555918736820638
Paderborn,PA-03,PA-02--PA-05,1/d^2,0.0547314554000326
Paderborn,PA-03,PA-02--PA-05,Wald + Wind,0.0298105437653267
Paderborn,PA-03,PA-02--PA-05,Vollstaendig,0.0472552582014303
Paderborn,PA-03,PA-02--PA-06,Gleichgewichtung,0.0046979394825303
Paderborn,PA-03,PA-02--PA-06,1/d^2,0.0534685367610326
Paderborn,PA-03,PA-02--PA-06,Wald + Wind,-0.0524291701132316
Paderborn,PA-03,PA-02--PA-06,Vollstaendig,-0.0095561779578591
Paderborn,PA-03,PA-02--PA-07,Gleichgewichtung,0.0327308012640623
Paderborn,PA-03,PA-02--PA-07,1/d^2,0.0574407807168173
Paderborn,PA-03,PA-02--PA-07,Wald + Wind,-0.0064667169323016
Paderborn,PA-03,PA-02--PA-07,Vollstaendig,0.0184349426800096
Paderborn,PA-03,PA-02--PA-08,Gleichgewichtung,0.0484594782164795
Paderborn,PA-03,PA-02--PA-08,1/d^2,0.0626608856631531
Paderborn,PA-03,PA-02--PA-08,Wald + Wind,0.01459774366813
Paderborn,PA-03,PA-02--PA-08,Vollstaendig,0.0351287059649156
Paderborn,PA-03,PA-02--PA-09,Gleichgewichtung,-0.0133822293392745
Paderborn,PA-03,PA-02--PA-09,1/d^2,0.079193932063491
Paderborn,PA-03,PA-02--PA-09,Wald + Wind,-0.0751881450225717
Paderborn,PA-03,PA-02--PA-09,Vollstaendig,-0.0391350249881441
Paderborn,PA-03,PA-02--PA-10,Gleichgewichtung,-0.001001493552888
Paderborn,PA-03,PA-02--PA-10,1/d^2,0.0706826307031493
Paderborn,PA-03,PA-02--PA-10,Wald + Wind,-0.0425376821433212
Paderborn,PA-03,PA-02--PA-10,Vollstaendig,-0.0171915310546377
Paderborn,PA-03,PA-02--PA-11,Gleichgewichtung,0.044297809115635
Paderborn,PA-03,PA-02--PA-11,1/d^2,0.0891362840292909
Paderborn,PA-03,PA-02--PA-11,Wald + Wind,0.0274206510473964
Paderborn,PA-03,PA-02--PA-11,Vollstaendig,0.0366909797233361
Paderborn,PA-03,PA-02--PA-12,Gleichgewichtung,-0.0177990610251087
Paderborn,PA-03,PA-02--PA-12,1/d^2,0.0795371909239878
Paderborn,PA-03,PA-02--PA-12,Wald + Wind,-0.0265940823079857
Paderborn,PA-03,PA-02--PA-12,Vollstaendig,-0.0287320492287557
Paderborn,PA-03,PA-04--PA-05,Gleichgewichtung,0.0266969697767634
Paderborn,PA-03,PA-04--PA-05,1/d^2,0.0341922313529637
Paderborn,PA-03,PA-04--PA-05,Wald + Wind,0.0257983065783032
Paderborn,PA-03,PA-04--PA-05,Vollstaendig,0.025447184679522
Paderborn,PA-03,PA-04--PA-06,Gleichgewichtung,-0.0257287845473336
Paderborn,PA-03,PA-04--PA-06,1/d^2,0.0284501517826091
Paderborn,PA-03,PA-04--PA-06,Wald + Wind,-0.0292803348489076
Paderborn,PA-03,PA-04--PA-06,Vollstaendig,-0.0277970227724259
Paderborn,PA-03,PA-04--PA-07,Gleichgewichtung,0.0031577433431512
Paderborn,PA-03,PA-04--PA-07,1/d^2,0.0316410730547039
Paderborn,PA-03,PA-04--PA-07,Wald + Wind,0.0013683814162032
Paderborn,PA-03,PA-04--PA-07,Vollstaendig,-0.0007230752389296
Paderborn,PA-03,PA-04--PA-08,Gleichgewichtung,0.0193547085948191
Paderborn,PA-03,PA-04--PA-08,1/d^2,0.0352624166513676
Paderborn,PA-03,PA-04--PA-08,Wald + Wind,0.0153951639153257
Paderborn,PA-03,PA-04--PA-08,Vollstaendig,0.0158005731301035
Paderborn,PA-03,PA-04--PA-09,Gleichgewichtung,-0.0443727674365216
Paderborn,PA-03,PA-04--PA-09,1/d^2,0.0375428868365532
Paderborn,PA-03,PA-04--PA-09,Wald + Wind,-0.041827331843845
Paderborn,PA-03,PA-04--PA-09,Vollstaendig,-0.0537485988842844
Paderborn,PA-03,PA-04--PA-10,Gleichgewichtung,-0.031604816173585
Paderborn,PA-03,PA-04--PA-10,1/d^2,0.0347801481377565
Paderborn,PA-03,PA-04--PA-10,Wald + Wind,-0.0182502103576047
Paderborn,PA-03,PA-04--PA-10,Vollstaendig,-0.034627710410137
Paderborn,PA-03,PA-04--PA-11,Gleichgewichtung,0.0150698715152128
Paderborn,PA-03,PA-04--PA-11,1/d^2,0.0420931093699357
Paderborn,PA-03,PA-04--PA-11,Wald + Wind,0.0230910511684199
Paderborn,PA-03,PA-04--PA-11,Vollstaendig,0.0145198191123528
Paderborn,PA-03,PA-04--PA-12,Gleichgewichtung,-0.0489289393669646
Paderborn,PA-03,PA-04--PA-12,1/d^2,0.0375949935494135
Paderborn,PA-03,PA-04--PA-12,Wald + Wind,-0.0044478931886905
Paderborn,PA-03,PA-04--PA-12,Vollstaendig,-0.046338307489054
Paderborn,PA-03,PA-05--PA-06,Gleichgewichtung,-0.0450611629886107
Paderborn,PA-03,PA-05--PA-06,1/d^2,-0.0174600522215491
Paderborn,PA-03,PA-05--PA-06,Wald + Wind,-0.0450141138219753
Paderborn,PA-03,PA-05--PA-06,Vollstaendig,-0.042840677961003
Paderborn,PA-03,PA-05--PA-07,Gleichgewichtung,-0.0156189776093465
Paderborn,PA-03,PA-05--PA-07,1/d^2,-0.0066328340314085
Paderborn,PA-03,PA-05--PA-07,Wald + Wind,-0.0154415650138882
Paderborn,PA-03,PA-05--PA-07,Vollstaendig,-0.0161702096336101
Paderborn,PA-03,PA-05--PA-08,Gleichgewichtung,0.0008824675209764
Paderborn,PA-03,PA-05--PA-08,1/d^2,0.003011860837243
Paderborn,PA-03,PA-05--PA-08,Wald + Wind,9.17560373003491e-05
Paderborn,PA-03,PA-05--PA-08,Vollstaendig,0.0003559595650106
Paderborn,PA-03,PA-05--PA-09,Gleichgewichtung,-0.0640725662905953
Paderborn,PA-03,PA-05--PA-09,1/d^2,-0.0050567414861692
Paderborn,PA-03,PA-05--PA-09,Wald + Wind,-0.0583277958089545
Paderborn,PA-03,PA-05--PA-09,Vollstaendig,-0.0664523838684553
Paderborn,PA-03,PA-05--PA-10,Gleichgewichtung,-0.0510522417263337
Paderborn,PA-03,PA-05--PA-10,1/d^2,-0.0088728833194393
Paderborn,PA-03,PA-05--PA-10,Wald + Wind,-0.0378462108570236
Paderborn,PA-03,PA-05--PA-10,Vollstaendig,-0.0491710659684998
Paderborn,PA-03,PA-05--PA-11,Gleichgewichtung,-0.0034824302672581
Paderborn,PA-03,PA-05--PA-11,1/d^2,0.0059724558839264
Paderborn,PA-03,PA-05--PA-11,Wald + Wind,0.0002404454859104
Paderborn,PA-03,PA-05--PA-11,Vollstaendig,-0.0028806656867937
Paderborn,PA-03,PA-05--PA-12,Gleichgewichtung,-0.0687195947498186
Paderborn,PA-03,PA-05--PA-12,1/d^2,-0.0051646640682323
Paderborn,PA-03,PA-05--PA-12,Wald + Wind,-0.029332418623674
Paderborn,PA-03,PA-05--PA-12,Vollstaendig,-0.0611361922381456
Paderborn,PA-03,PA-06--PA-07,Gleichgewichtung,-0.0703739463851141
Paderborn,PA-03,PA-06--PA-07,1/d^2,-0.0651661753839863
Paderborn,PA-03,PA-06--PA-07,Wald + Wind,-0.0705717318215526
Paderborn,PA-03,PA-06--PA-07,Vollstaendig,-0.0684402965191496
Paderborn,PA-03,PA-06--PA-08,Gleichgewichtung,-0.0529518155473908
Paderborn,PA-03,PA-06--PA-08,1/d^2,-0.0405052965604683
Paderborn,PA-03,PA-06--PA-08,Wald + Wind,-0.0479346461740604
Paderborn,PA-03,PA-06--PA-08,Vollstaendig,-0.0477377852312064
Paderborn,PA-03,PA-06--PA-09,Gleichgewichtung,-0.1216256473139039
Paderborn,PA-03,PA-06--PA-09,1/d^2,-0.1113193899941723
Paderborn,PA-03,PA-06--PA-09,Wald + Wind,-0.1200849695194997
Paderborn,PA-03,PA-06--PA-09,Vollstaendig,-0.1230917018578645
Paderborn,PA-03,PA-06--PA-10,Gleichgewichtung,-0.1078392725991132
Paderborn,PA-03,PA-06--PA-10,1/d^2,-0.1059184060650578
Paderborn,PA-03,PA-06--PA-10,Wald + Wind,-0.1064641960431397
Paderborn,PA-03,PA-06--PA-10,Vollstaendig,-0.1079013586387295
Paderborn,PA-03,PA-06--PA-11,Gleichgewichtung,-0.0575586914757929
Paderborn,PA-03,PA-06--PA-11,1/d^2,-0.0785990114823258
Paderborn,PA-03,PA-06--PA-11,Wald + Wind,-0.0710746696982997
Paderborn,PA-03,PA-06--PA-11,Vollstaendig,-0.0579902065483267
Paderborn,PA-03,PA-06--PA-12,Gleichgewichtung,-0.1265486514114124
Paderborn,PA-03,PA-06--PA-12,1/d^2,-0.1131832316232463
Paderborn,PA-03,PA-06--PA-12,Wald + Wind,-0.1139276775197352
Paderborn,PA-03,PA-06--PA-12,Vollstaendig,-0.1251620916133919
Paderborn,PA-03,PA-07--PA-08,Gleichgewichtung,-0.0232798195891866
Paderborn,PA-03,PA-07--PA-08,1/d^2,-0.0216322967590163
Paderborn,PA-03,PA-07--PA-08,Wald + Wind,-0.0213951056224136
Paderborn,PA-03,PA-07--PA-08,Vollstaendig,-0.0224839133231363
Paderborn,PA-03,PA-07--PA-09,Gleichgewichtung,-0.0898775070125092
Paderborn,PA-03,PA-07--PA-09,1/d^2,-0.0585028208901979
Paderborn,PA-03,PA-07--PA-09,Wald + Wind,-0.086347108833455
Paderborn,PA-03,PA-07--PA-09,Vollstaendig,-0.0903331580911789
Paderborn,PA-03,PA-07--PA-10,Gleichgewichtung,-0.0765190845130721
Paderborn,PA-03,PA-07--PA-10,1/d^2,-0.0600238357253991
Paderborn,PA-03,PA-07--PA-10,Wald + Wind,-0.0687723779394059
Paderborn,PA-03,PA-07--PA-10,Vollstaendig,-0.0745442189259898
Paderborn,PA-03,PA-07--PA-11,Gleichgewichtung,-0.0277517068040079
Paderborn,PA-03,PA-07--PA-11,1/d^2,-0.0352547330056938
Paderborn,PA-03,PA-07--PA-11,Wald + Wind,-0.0315465238164787
Paderborn,PA-03,PA-07--PA-11,Vollstaendig,-0.0286561771438522
Paderborn,PA-03,PA-07--PA-12,Gleichgewichtung,-0.094646302481336
Paderborn,PA-03,PA-07--PA-12,1/d^2,-0.0593055692368899
Paderborn,PA-03,PA-07--PA-12,Wald + Wind,-0.0672719873479117
Paderborn,PA-03,PA-07--PA-12,Vollstaendig,-0.0880942222008526
Paderborn,PA-03,PA-08--PA-09,Gleichgewichtung,-0.0721152769245486
Paderborn,PA-03,PA-08--PA-09,1/d^2,-0.0270082781328629
Paderborn,PA-03,PA-08--PA-09,Wald + Wind,-0.0599759904916116
Paderborn,PA-03,PA-08--PA-09,Vollstaendig,-0.0695097164884408
Paderborn,PA-03,PA-08--PA-10,Gleichgewichtung,-0.0589904983941409
Paderborn,PA-03,PA-08--PA-10,1/d^2,-0.0311886601154206
Paderborn,PA-03,PA-08--PA-10,Wald + Wind,-0.0421933424083011
Paderborn,PA-03,PA-08--PA-10,Vollstaendig,-0.0535962554856553
Paderborn,PA-03,PA-08--PA-11,Gleichgewichtung,-0.0110505074166524
Paderborn,PA-03,PA-08--PA-11,1/d^2,-0.0081295697753902
Paderborn,PA-03,PA-08--PA-11,Wald + Wind,-0.009266969223894
Paderborn,PA-03,PA-08--PA-11,Vollstaendig,-0.0105207633547319
Paderborn,PA-03,PA-08--PA-12,Gleichgewichtung,-0.0767999188230975
Paderborn,PA-03,PA-08--PA-12,1/d^2,-0.0273910111331191
Paderborn,PA-03,PA-08--PA-12,Wald + Wind,-0.0357804560425499
Paderborn,PA-03,PA-08--PA-12,Vollstaendig,-0.0649511667651982
Paderborn,PA-03,PA-09--PA-10,Gleichgewichtung,-0.1280949922354977
Paderborn,PA-03,PA-09--PA-10,1/d^2,-0.1246777557589614
Paderborn,PA-03,PA-09--PA-10,Wald + Wind,-0.1300929217572623
Paderborn,PA-03,PA-09--PA-10,Vollstaendig,-0.1289664022447124
Paderborn,PA-03,PA-09--PA-11,Gleichgewichtung,-0.0768114975056946
Paderborn,PA-03,PA-09--PA-11,1/d^2,-0.0746936305811774
Paderborn,PA-03,PA-09--PA-11,Wald + Wind,-0.0922516832005277
Paderborn,PA-03,PA-09--PA-11,Vollstaendig,-0.0820149011001049
Paderborn,PA-03,PA-09--PA-12,Gleichgewichtung,-0.1471908856409748
Paderborn,PA-03,PA-09--PA-12,1/d^2,-0.1470467180785157
Paderborn,PA-03,PA-09--PA-12,Wald + Wind,-0.1449683303720938
Paderborn,PA-03,PA-09--PA-12,Vollstaendig,-0.146554971841152
Paderborn,PA-03,PA-10--PA-11,Gleichgewichtung,-0.0636253427151799
Paderborn,PA-03,PA-10--PA-11,1/d^2,-0.074201223851994
Paderborn,PA-03,PA-10--PA-11,Wald + Wind,-0.0687144872194664
Paderborn,PA-03,PA-10--PA-11,Vollstaendig,-0.0646024251902911
Paderborn,PA-03,PA-10--PA-12,Gleichgewichtung,-0.133050027478675
Paderborn,PA-03,PA-10--PA-12,1/d^2,-0.1278984811269773
Paderborn,PA-03,PA-10--PA-12,Wald + Wind,-0.1270062823774632
Paderborn,PA-03,PA-10--PA-12,Vollstaendig,-0.1318260951265213
Paderborn,PA-03,PA-11--PA-12,Gleichgewichtung,-0.0815182432331469
Paderborn,PA-03,PA-11--PA-12,1/d^2,-0.0772890169305522
Paderborn,PA-03,PA-11--PA-12,Wald + Wind,-0.0663831222563268
Paderborn,PA-03,PA-11--PA-12,Vollstaendig,-0.0784714725272539
Paderborn,PA-04,PA-01--PA-02,Gleichgewichtung,-0.006098666582394
Paderborn,PA-04,PA-01--PA-02,1/d^2,-0.0154212626254401
Paderborn,PA-04,PA-01--PA-02,Wald + Wind,-0.0215060140881211
Paderborn,PA-04,PA-01--PA-02,Vollstaendig,-0.0208165516338848
Paderborn,PA-04,PA-01--PA-03,Gleichgewichtung,-0.0584053640070174
Paderborn,PA-04,PA-01--PA-03,1/d^2,-0.0510456250553318
Paderborn,PA-04,PA-01--PA-03,Wald + Wind,-0.0572477199199965
Paderborn,PA-04,PA-01--PA-03,Vollstaendig,-0.0593189433583839
Paderborn,PA-04,PA-01--PA-05,Gleichgewichtung,-0.0541583951459217
Paderborn,PA-04,PA-01--PA-05,1/d^2,-0.0455595866800997
Paderborn,PA-04,PA-01--PA-05,Wald + Wind,-0.0530175173227237
Paderborn,PA-04,PA-01--PA-05,Vollstaendig,-0.0552649338667452
Paderborn,PA-04,PA-01--PA-06,Gleichgewichtung,-0.1085676115441462
Paderborn,PA-04,PA-01--PA-06,1/d^2,-0.1050063318644175
Paderborn,PA-04,PA-01--PA-06,Wald + Wind,-0.1106388079439918
Paderborn,PA-04,PA-01--PA-06,Vollstaendig,-0.1101803344805836
Paderborn,PA-04,PA-01--PA-07,Gleichgewichtung,-0.0785748625499036
Paderborn,PA-04,PA-01--PA-07,1/d^2,-0.0784118080508275
Paderborn,PA-04,PA-01--PA-07,Wald + Wind,-0.0785746264371267
Paderborn,PA-04,PA-01--PA-07,Vollstaendig,-0.0784000109900481
Paderborn,PA-04,PA-01--PA-08,Gleichgewichtung,-0.0617719869513476
Paderborn,PA-04,PA-01--PA-08,1/d^2,-0.0621934583610238
Paderborn,PA-04,PA-01--PA-08,Wald + Wind,-0.0617323854866175
Paderborn,PA-04,PA-01--PA-08,Vollstaendig,-0.0623622413146304
Paderborn,PA-04,PA-01--PA-09,Gleichgewichtung,-0.1279434017319873
Paderborn,PA-04,PA-01--PA-09,1/d^2,-0.090919318750138
Paderborn,PA-04,PA-01--PA-09,Wald + Wind,-0.1236812939260968
Paderborn,PA-04,PA-01--PA-09,Vollstaendig,-0.1231818154393868
Paderborn,PA-04,PA-01--PA-10,Gleichgewichtung,-0.114672758857549
Paderborn,PA-04,PA-01--PA-10,1/d^2,-0.0932306642082269
Paderborn,PA-04,PA-01--PA-10,Wald + Wind,-0.1111299716311744
Paderborn,PA-04,PA-01--PA-10,Vollstaendig,-0.1135169481863253
Paderborn,PA-04,PA-01--PA-11,Gleichgewichtung,-0.0662161259316549
Paderborn,PA-04,PA-01--PA-11,1/d^2,-0.0703181509519036
Paderborn,PA-04,PA-01--PA-11,Wald + Wind,-0.0677388719448667
Paderborn,PA-04,PA-01--PA-11,Vollstaendig,-0.0671218477560497
Paderborn,PA-04,PA-01--PA-12,Gleichgewichtung,-0.1326805777172154
Paderborn,PA-04,PA-01--PA-12,1/d^2,-0.0897615483045472
Paderborn,PA-04,PA-01--PA-12,Wald + Wind,-0.1074454403925456
Paderborn,PA-04,PA-01--PA-12,Vollstaendig,-0.1210095415670138
Paderborn,PA-04,PA-02--PA-03,Gleichgewichtung,0.0069102257919272
Paderborn,PA-04,PA-02--PA-03,1/d^2,-0.0253614532052933
Paderborn,PA-04,PA-02--PA-03,Wald + Wind,-0.0091287978400472
Paderborn,PA-04,PA-02--PA-03,Vollstaendig,-0.0013929915823019
Paderborn,PA-04,PA-02--PA-05,Gleichgewichtung,0.0108891998780817
Paderborn,PA-04,PA-02--PA-05,1/d^2,-0.0164493391168241
Paderborn,PA-04,PA-02--PA-05,Wald + Wind,-0.0029385209577894
Paderborn,PA-04,PA-02--PA-05,Vollstaendig,0.0030653466686318
Paderborn,PA-04,PA-02--PA-06,Gleichgewichtung,-0.0400047343214513
Paderborn,PA-04,PA-02--PA-06,1/d^2,-0.0449492239465838
Paderborn,PA-04,PA-02--PA-06,Wald + Wind,-0.0697430396948602
Paderborn,PA-04,PA-02--PA-06,Vollstaendig,-0.0674848203078095
Paderborn,PA-04,PA-02--PA-07,Gleichgewichtung,-0.0119718725399197
Paderborn,PA-04,PA-02--PA-07,1/d^2,-0.0204047195906969
Paderborn,PA-04,PA-02--PA-07,Wald + Wind,-0.0288971087638807
Paderborn,PA-04,PA-02--PA-07,Vollstaendig,-0.0262496624060292
Paderborn,PA-04,PA-02--PA-08,Gleichgewichtung,0.0037568044124978
Paderborn,PA-04,PA-02--PA-08,1/d^2,-0.0019018687536719
Paderborn,PA-04,PA-02--PA-08,Wald + Wind,-0.0093178819364098
Paderborn,PA-04,PA-02--PA-08,Vollstaendig,-0.0056152030871618
Paderborn,PA-04,PA-02--PA-09,Gleichgewichtung,-0.0580849031432563
Paderborn,PA-04,PA-02--PA-09,1/d^2,0.0083622158450322
Paderborn,PA-04,PA-02--PA-09,Wald + Wind,-0.0784731219220222
Paderborn,PA-04,PA-02--PA-09,Vollstaendig,-0.0760661849389586
Paderborn,PA-04,PA-02--PA-10,Gleichgewichtung,-0.04570416735687
Paderborn,PA-04,PA-02--PA-10,1/d^2,-0.0054534831965551
Paderborn,PA-04,PA-02--PA-10,Wald + Wind,-0.0629600089228979
Paderborn,PA-04,PA-02--PA-10,Vollstaendig,-0.0676299260939719
Paderborn,PA-04,PA-02--PA-11,Gleichgewichtung,-0.0004048646883467
Paderborn,PA-04,PA-02--PA-11,1/d^2,0.0331220281486677
Paderborn,PA-04,PA-02--PA-11,Wald + Wind,0.0003503405248415
Paderborn,PA-04,PA-02--PA-11,Vollstaendig,-0.0051479942585176
Paderborn,PA-04,PA-02--PA-12,Gleichgewichtung,-0.0625017348290903
Paderborn,PA-04,PA-02--PA-12,1/d^2,0.0129868987357414
Paderborn,PA-04,PA-02--PA-12,Wald + Wind,-0.0388096802939002
Paderborn,PA-04,PA-02--PA-12,Vollstaendig,-0.0677043063523662
Paderborn,PA-04,PA-03--PA-05,Gleichgewichtung,-0.0405133820467869
Paderborn,PA-04,PA-03--PA-05,1/d^2,-0.0408229720739371
Paderborn,PA-04,PA-03--PA-05,Wald + Wind,-0.0405993478319562
Paderborn,PA-04,PA-03--PA-05,Vollstaendig,-0.0404938010246463
Paderborn,PA-04,PA-03--PA-06,Gleichgewichtung,-0.0941650843862558
Paderborn,PA-04,PA-03--PA-06,1/d^2,-0.0641500786012046
Paderborn,PA-04,PA-03--PA-06,Wald + Wind,-0.0927429179406254
Paderborn,PA-04,PA-03--PA-06,Vollstaendig,-0.0997327746501115
Paderborn,PA-04,PA-03--PA-07,Gleichgewichtung,-0.0645949324392969
Paderborn,PA-04,PA-03--PA-07,1/d^2,-0.0535333064737753
Paderborn,PA-04,PA-03--PA-07,Wald + Wind,-0.0629088495063739
Paderborn,PA-04,PA-03--PA-07,Vollstaendig,-0.0653684051982172
Paderborn,PA-04,PA-03--PA-08,Gleichgewichtung,-0.0480234034251154
Paderborn,PA-04,PA-03--PA-08,1/d^2,-0.0461508191205371
Paderborn,PA-04,PA-03--PA-08,Wald + Wind,-0.0477566820377184
Paderborn,PA-04,PA-03--PA-08,Vollstaendig,-0.0480562335768393
Paderborn,PA-04,PA-03--PA-09,Gleichgewichtung,-0.113261151777974
Paderborn,PA-04,PA-03--PA-09,1/d^2,-0.0524888820026169
Paderborn,PA-04,PA-03--PA-09,Wald + Wind,-0.1021388072513113
Paderborn,PA-04,PA-03--PA-09,Vollstaendig,-0.1120327797578461
Paderborn,PA-04,PA-03--PA-10,Gleichgewichtung,-0.1001826691273392
Paderborn,PA-04,PA-03--PA-10,1/d^2,-0.0546241098497937
Paderborn,PA-04,PA-03--PA-10,Wald + Wind,-0.0908243787460518
Paderborn,PA-04,PA-03--PA-10,Vollstaendig,-0.1024407554918085
Paderborn,PA-04,PA-03--PA-11,Gleichgewichtung,-0.0524067267031835
Paderborn,PA-04,PA-03--PA-11,1/d^2,-0.0455539716093346
Paderborn,PA-04,PA-03--PA-11,Wald + Wind,-0.0498734611384039
Paderborn,PA-04,PA-03--PA-11,Vollstaendig,-0.0517577572484152
Paderborn,PA-04,PA-03--PA-12,Gleichgewichtung,-0.1179291220631784
Paderborn,PA-04,PA-03--PA-12,1/d^2,-0.0517649926171172
Paderborn,PA-04,PA-03--PA-12,Wald + Wind,-0.082252448023315
Paderborn,PA-04,PA-03--PA-12,Vollstaendig,-0.1085546923571221
Paderborn,PA-04,PA-05--PA-06,Gleichgewichtung,-0.0897638367925925
Paderborn,PA-04,PA-05--PA-06,1/d^2,-0.0599542851198694
Paderborn,PA-04,PA-05--PA-06,Wald + Wind,-0.0893518629582243
Paderborn,PA-04,PA-05--PA-06,Vollstaendig,-0.0955350859702837
Paderborn,PA-04,PA-05--PA-07,Gleichgewichtung,-0.0603216514133284
Paderborn,PA-04,PA-05--PA-07,1/d^2,-0.0482579029504335
Paderborn,PA-04,PA-05--PA-07,Wald + Wind,-0.0587807638961106
Paderborn,PA-04,PA-05--PA-07,Vollstaendig,-0.0611424315456876
Paderborn,PA-04,PA-05--PA-08,Gleichgewichtung,-0.0438202062830054
Paderborn,PA-04,PA-05--PA-08,1/d^2,-0.0399933811575993
Paderborn,PA-04,PA-05--PA-08,Wald + Wind,-0.0433719066074196
Paderborn,PA-04,PA-05--PA-08,Vollstaendig,-0.043859138083326
Paderborn,PA-04,PA-05--PA-09,Gleichgewichtung,-0.1087752400945773
Paderborn,PA-04,PA-05--PA-09,1/d^2,-0.0457847517560135
Paderborn,PA-04,PA-05--PA-09,Wald + Wind,-0.0984996242589571
Paderborn,PA-04,PA-05--PA-09,Vollstaendig,-0.1071237264206252
Paderborn,PA-04,PA-05--PA-10,Gleichgewichtung,-0.0957549155303155
Paderborn,PA-04,PA-05--PA-10,1/d^2,-0.0484777208348463
Paderborn,PA-04,PA-05--PA-10,Wald + Wind,-0.086933803360311
Paderborn,PA-04,PA-05--PA-10,Vollstaendig,-0.0978911208412029
Paderborn,PA-04,PA-05--PA-11,Gleichgewichtung,-0.0481851040712402
Paderborn,PA-04,PA-05--PA-11,1/d^2,-0.0378436207662068
Paderborn,PA-04,PA-05--PA-11,Wald + Wind,-0.0445045489703239
Paderborn,PA-04,PA-05--PA-11,Vollstaendig,-0.047130208047121
Paderborn,PA-04,PA-05--PA-12,Gleichgewichtung,-0.1134222685538005
Paderborn,PA-04,PA-05--PA-12,1/d^2,-0.0448864094302273
Paderborn,PA-04,PA-05--PA-12,Wald + Wind,-0.0770677546585723
Paderborn,PA-04,PA-05--PA-12,Vollstaendig,-0.1031720347823386
Paderborn,PA-04,PA-06--PA-07,Gleichgewichtung,-0.1150766201890958
Paderborn,PA-04,PA-06--PA-07,1/d^2,-0.1129071000972204
Paderborn,PA-04,PA-06--PA-07,Wald + Wind,-0.1167959909419113
Paderborn,PA-04,PA-06--PA-07,Vollstaendig,-0.1172645483270586
Paderborn,PA-04,PA-06--PA-08,Gleichgewichtung,-0.0976544893513727
Paderborn,PA-04,PA-06--PA-08,1/d^2,-0.0949773354706093
Paderborn,PA-04,PA-06--PA-08,Wald + Wind,-0.100133475918423
Paderborn,PA-04,PA-06--PA-08,Vollstaendig,-0.1023919667194576
Paderborn,PA-04,PA-06--PA-09,Gleichgewichtung,-0.1663283211178857
Paderborn,PA-04,PA-06--PA-09,1/d^2,-0.1541876724220068
Paderborn,PA-04,PA-06--PA-09,Wald + Wind,-0.163686492632968
Paderborn,PA-04,PA-06--PA-09,Vollstaendig,-0.1637582443874998
Paderborn,PA-04,PA-06--PA-10,Gleichgewichtung,-0.1525419464030951
Paderborn,PA-04,PA-06--PA-10,1/d^2,-0.1498446325145712
Paderborn,PA-04,PA-06--PA-10,Wald + Wind,-0.1516685607356513
Paderborn,PA-04,PA-06--PA-10,Vollstaendig,-0.1520951511645392
Paderborn,PA-04,PA-06--PA-11,Gleichgewichtung,-0.1022613652797745
Paderborn,PA-04,PA-06--PA-11,1/d^2,-0.1292254391789683
Paderborn,PA-04,PA-06--PA-11,Wald + Wind,-0.1153592341489725
Paderborn,PA-04,PA-06--PA-11,Vollstaendig,-0.1105355276437331
Paderborn,PA-04,PA-06--PA-12,Gleichgewichtung,-0.171251325215394
Paderborn,PA-04,PA-06--PA-12,1/d^2,-0.1548390748529276
Paderborn,PA-04,PA-06--PA-12,Wald + Wind,-0.1597479079400171
Paderborn,PA-04,PA-06--PA-12,Vollstaendig,-0.1654255434801408
Paderborn,PA-04,PA-07--PA-08,Gleichgewichtung,-0.0679824933931683
Paderborn,PA-04,PA-07--PA-08,1/d^2,-0.0682232423645912
Paderborn,PA-04,PA-07--PA-08,Wald + Wind,-0.0679184564860509
Paderborn,PA-04,PA-07--PA-08,Vollstaendig,-0.0684625234102373
Paderborn,PA-04,PA-07--PA-09,Gleichgewichtung,-0.1345801808164911
Paderborn,PA-04,PA-07--PA-09,1/d^2,-0.1022864193401113
Paderborn,PA-04,PA-07--PA-09,Wald + Wind,-0.1307866724302686
Paderborn,PA-04,PA-07--PA-09,Vollstaendig,-0.1317432297778001
Paderborn,PA-04,PA-07--PA-10,Gleichgewichtung,-0.1212217583170538
Paderborn,PA-04,PA-07--PA-10,1/d^2,-0.1035796725005304
Paderborn,PA-04,PA-07--PA-10,Wald + Wind,-0.1181940706635636
Paderborn,PA-04,PA-07--PA-10,Vollstaendig,-0.1212608481176862
Paderborn,PA-04,PA-07--PA-11,Gleichgewichtung,-0.0724543806079899
Paderborn,PA-04,PA-07--PA-11,1/d^2,-0.0806543571309437
Paderborn,PA-04,PA-07--PA-11,Wald + Wind,-0.0755601174854408
Paderborn,PA-04,PA-07--PA-11,Vollstaendig,-0.0739637437052044
Paderborn,PA-04,PA-07--PA-12,Gleichgewichtung,-0.1393489762853179
Paderborn,PA-04,PA-07--PA-12,1/d^2,-0.1013893959965076
Paderborn,PA-04,PA-07--PA-12,Wald + Wind,-0.1166306613381581
Paderborn,PA-04,PA-07--PA-12,Vollstaendig,-0.1303406671753579
Paderborn,PA-04,PA-08--PA-09,Gleichgewichtung,-0.1168179507285303
Paderborn,PA-04,PA-08--PA-09,1/d^2,-0.0747054442950591
Paderborn,PA-04,PA-08--PA-09,Wald + Wind,-0.1115278267217404
Paderborn,PA-04,PA-08--PA-09,Vollstaendig,-0.1149804384080713
Paderborn,PA-04,PA-08--PA-10,Gleichgewichtung,-0.1036931721981228
Paderborn,PA-04,PA-08--PA-10,1/d^2,-0.0787555894806337
Paderborn,PA-04,PA-08--PA-10,Wald + Wind,-0.099096325347028
Paderborn,PA-04,PA-08--PA-10,Vollstaendig,-0.1052891718076692
Paderborn,PA-04,PA-08--PA-11,Gleichgewichtung,-0.0557531812206342
Paderborn,PA-04,PA-08--PA-11,1/d^2,-0.0528809812592919
Paderborn,PA-04,PA-08--PA-11,Wald + Wind,-0.0546321973887629
Paderborn,PA-04,PA-08--PA-11,Vollstaendig,-0.0553401234305396
Paderborn,PA-04,PA-08--PA-12,Gleichgewichtung,-0.1215025926270793
Paderborn,PA-04,PA-08--PA-12,1/d^2,-0.0730153491313163
Paderborn,PA-04,PA-08--PA-12,Wald + Wind,-0.0918813292298181
Paderborn,PA-04,PA-08--PA-12,Vollstaendig,-0.1118357181795787
Paderborn,PA-04,PA-09--PA-10,Gleichgewichtung,-0.1727976660394795
Paderborn,PA-04,PA-09--PA-10,1/d^2,-0.1694990428366676
Paderborn,PA-04,PA-09--PA-10,Wald + Wind,-0.1729010097637546
Paderborn,PA-04,PA-09--PA-10,Vollstaendig,-0.1720041042998787
Paderborn,PA-04,PA-09--PA-11,Gleichgewichtung,-0.1215141713096765
Paderborn,PA-04,PA-09--PA-11,1/d^2,-0.1233325371211454
Paderborn,PA-04,PA-09--PA-11,Wald + Wind,-0.1329446797738874
Paderborn,PA-04,PA-09--PA-11,Vollstaendig,-0.1257438971683319
Paderborn,PA-04,PA-09--PA-12,Gleichgewichtung,-0.1918935594449567
Paderborn,PA-04,PA-09--PA-12,1/d^2,-0.1914665112441346
Paderborn,PA-04,PA-09--PA-12,Wald + Wind,-0.1901490303187828
Paderborn,PA-04,PA-09--PA-12,Vollstaendig,-0.1913552413713778
Paderborn,PA-04,PA-10--PA-11,Gleichgewichtung,-0.1083280165191618
Paderborn,PA-04,PA-10--PA-11,1/d^2,-0.1214085728500716
Paderborn,PA-04,PA-10--PA-11,Wald + Wind,-0.1168740410103118
Paderborn,PA-04,PA-10--PA-11,Vollstaendig,-0.1144182746099089
Paderborn,PA-04,PA-10--PA-12,Gleichgewichtung,-0.1777527012826568
Paderborn,PA-04,PA-10--PA-12,1/d^2,-0.1717838290815942
Paderborn,PA-04,PA-10--PA-12,Wald + Wind,-0.1713096616318963
Paderborn,PA-04,PA-10--PA-12,Vollstaendig,-0.174664572425277
Paderborn,PA-04,PA-11--PA-12,Gleichgewichtung,-0.1262209170371286
Paderborn,PA-04,PA-11--PA-12,1/d^2,-0.1223907066547687
Paderborn,PA-04,PA-11--PA-12,Wald + Wind,-0.1141400009177095
Paderborn,PA-04,PA-11--PA-12,Vollstaendig,-0.1234627634068507
Paderborn,PA-05,PA-01--PA-02,Gleichgewichtung,0.0302429006819326
Paderborn,PA-05,PA-01--PA-02,1/d^2,0.0264962707245656
Paderborn,PA-05,PA-01--PA-02,Wald + Wind,0.0213070118325817
Paderborn,PA-05,PA-01--PA-02,Vollstaendig,0.0292037377842886
Paderborn,PA-05,PA-01--PA-03,Gleichgewichtung,-0.0220637967426907
Paderborn,PA-05,PA-01--PA-03,1/d^2,-0.014581591850331
Paderborn,PA-05,PA-01--PA-03,Wald + Wind,-0.014750620174602
Paderborn,PA-05,PA-01--PA-03,Vollstaendig,-0.0192862844812455
Paderborn,PA-05,PA-01--PA-04,Gleichgewichtung,0.000845593074213
Paderborn,PA-05,PA-01--PA-04,1/d^2,0.0276417861909307
Paderborn,PA-05,PA-01--PA-04,Wald + Wind,0.0179365814338512
Paderborn,PA-05,PA-01--PA-04,Vollstaendig,0.0057634390894399
Paderborn,PA-05,PA-01--PA-06,Gleichgewichtung,-0.0722260442798196
Paderborn,PA-05,PA-01--PA-06,1/d^2,-0.0983467427391645
Paderborn,PA-05,PA-01--PA-06,Wald + Wind,-0.0984294045852383
Paderborn,PA-05,PA-01--PA-06,Vollstaendig,-0.080542985960114
Paderborn,PA-05,PA-01--PA-07,Gleichgewichtung,-0.042233295285577
Paderborn,PA-05,PA-01--PA-07,1/d^2,-0.0476298510115549
Paderborn,PA-05,PA-01--PA-07,Wald + Wind,-0.0470569740081753
Paderborn,PA-05,PA-01--PA-07,Vollstaendig,-0.0441631950706184
Paderborn,PA-05,PA-01--PA-08,Gleichgewichtung,-0.0254304196870208
Paderborn,PA-05,PA-01--PA-08,1/d^2,-0.0167235700254912
Paderborn,PA-05,PA-01--PA-08,Wald + Wind,-0.0184075060929436
Paderborn,PA-05,PA-01--PA-08,Vollstaendig,-0.0226696692718158
Paderborn,PA-05,PA-01--PA-09,Gleichgewichtung,-0.0916018344676605
Paderborn,PA-05,PA-01--PA-09,1/d^2,-0.0842819252392654
Paderborn,PA-05,PA-01--PA-09,Wald + Wind,-0.1252302230359881
Paderborn,PA-05,PA-01--PA-09,Vollstaendig,-0.1048394275695983
Paderborn,PA-05,PA-01--PA-10,Gleichgewichtung,-0.0783311915932226
Paderborn,PA-05,PA-01--PA-10,1/d^2,-0.0898325409295916
Paderborn,PA-05,PA-01--PA-10,Wald + Wind,-0.0981506134581053
Paderborn,PA-05,PA-01--PA-10,Vollstaendig,-0.0857826607747856
Paderborn,PA-05,PA-01--PA-11,Gleichgewichtung,-0.0298745586673282
Paderborn,PA-05,PA-01--PA-11,1/d^2,-0.0303933905743064
Paderborn,PA-05,PA-01--PA-11,Wald + Wind,-0.0263304112833882
Paderborn,PA-05,PA-01--PA-11,Vollstaendig,-0.0286077644040409
Paderborn,PA-05,PA-01--PA-12,Gleichgewichtung,-0.0963390104528886
Paderborn,PA-05,PA-01--PA-12,1/d^2,-0.0859108293496126
Paderborn,PA-05,PA-01--PA-12,Wald + Wind,-0.1165058902228913
Paderborn,PA-05,PA-01--PA-12,Vollstaendig,-0.105419494568005
Paderborn,PA-05,PA-02--PA-03,Gleichgewichtung,0.0432517930562536
Paderborn,PA-05,PA-02--PA-03,1/d^2,0.0134262124287638
Paderborn,PA-05,PA-02--PA-03,Wald + Wind,0.0113216992808544
Paderborn,PA-05,PA-02--PA-03,Vollstaendig,0.0322709573900014
Paderborn,PA-05,PA-02--PA-04,Gleichgewichtung,0.0647281029595513
Paderborn,PA-05,PA-02--PA-04,1/d^2,0.042772079298337
Paderborn,PA-05,PA-02--PA-04,Wald + Wind,0.0484285517125852
Paderborn,PA-05,PA-02--PA-04,Vollstaendig,0.060456093906929
Paderborn,PA-05,PA-02--PA-06,Gleichgewichtung,-0.0036631670571247
Paderborn,PA-05,PA-02--PA-06,1/d^2,-0.0797112432582815
Paderborn,PA-05,PA-02--PA-06,Wald + Wind,-0.0838431958317133
Paderborn,PA-05,PA-02--PA-06,Vollstaendig,-0.0280983763489089
Paderborn,PA-05,PA-02--PA-07,Gleichgewichtung,0.024369694724407
Paderborn,PA-05,PA-02--PA-07,1/d^2,-0.0387475128951611
Paderborn,PA-05,PA-02--PA-07,Wald + Wind,-0.0347640791485974
Paderborn,PA-05,PA-02--PA-07,Vollstaendig,0.0015481565769736
Paderborn,PA-05,PA-02--PA-08,Gleichgewichtung,0.0400983716768241
Paderborn,PA-05,PA-02--PA-08,1/d^2,-0.0066616238063522
Paderborn,PA-05,PA-02--PA-08,Wald + Wind,-0.0005305391300448
Paderborn,PA-05,PA-02--PA-08,Vollstaendig,0.025023217056708
Paderborn,PA-05,PA-02--PA-09,Gleichgewichtung,-0.0217433358789298
Paderborn,PA-05,PA-02--PA-09,1/d^2,-0.0132559263512629
Paderborn,PA-05,PA-02--PA-09,Wald + Wind,-0.1053188114083062
Paderborn,PA-05,PA-02--PA-09,Vollstaendig,-0.0518091463145258
Paderborn,PA-05,PA-02--PA-10,Gleichgewichtung,-0.0093626000925433
Paderborn,PA-05,PA-02--PA-10,1/d^2,-0.0439590826287343
Paderborn,PA-05,PA-02--PA-10,Wald + Wind,-0.0708573419399212
Paderborn,PA-05,PA-02--PA-10,Vollstaendig,-0.0296051246510338
Paderborn,PA-05,PA-02--PA-11,Gleichgewichtung,0.0359367025759798
Paderborn,PA-05,PA-02--PA-11,1/d^2,0.0375189817473998
Paderborn,PA-05,PA-02--PA-11,Wald + Wind,-0.0037036492409202
Paderborn,PA-05,PA-02--PA-11,Vollstaendig,0.0228271007092096
Paderborn,PA-05,PA-02--PA-12,Gleichgewichtung,-0.0261601675647638
Paderborn,PA-05,PA-02--PA-12,1/d^2,-0.0122771235609039
Paderborn,PA-05,PA-02--PA-12,Wald + Wind,-0.0831066439301565
Paderborn,PA-05,PA-02--PA-12,Vollstaendig,-0.0466295645367101
Paderborn,PA-05,PA-03--PA-04,Gleichgewichtung,0.014240000697223
Paderborn,PA-05,PA-03--PA-04,1/d^2,0.0220489044383674
Paderborn,PA-05,PA-03--PA-04,Wald + Wind,0.0125933611116913
Paderborn,PA-05,PA-03--PA-04,Vollstaendig,0.0127416352607884
Paderborn,PA-05,PA-03--PA-06,Gleichgewichtung,-0.0578235171219291
Paderborn,PA-05,PA-03--PA-06,1/d^2,-0.0704738989660165
Paderborn,PA-05,PA-03--PA-06,Wald + Wind,-0.0715116531785318
Paderborn,PA-05,PA-03--PA-06,Vollstaendig,-0.0590272081868154
Paderborn,PA-05,PA-03--PA-07,Gleichgewichtung,-0.0282533651749704
Paderborn,PA-05,PA-03--PA-07,1/d^2,-0.0399879770384102
Paderborn,PA-05,PA-03--PA-07,Wald + Wind,-0.0361491929998803
Paderborn,PA-05,PA-03--PA-07,Vollstaendig,-0.0304963860028195
Paderborn,PA-05,PA-03--PA-08,Gleichgewichtung,-0.0116818361607886
Paderborn,PA-05,PA-03--PA-08,1/d^2,-0.0134568599407606
Paderborn,PA-05,PA-03--PA-08,Wald + Wind,-0.0124129546582537
Paderborn,PA-05,PA-03--PA-08,Vollstaendig,-0.0119011656499988
Paderborn,PA-05,PA-03--PA-09,Gleichgewichtung,-0.0769195845136473
Paderborn,PA-05,PA-03--PA-09,1/d^2,-0.0332657383878594
Paderborn,PA-05,PA-03--PA-09,Wald + Wind,-0.0816349144952584
Paderborn,PA-05,PA-03--PA-09,Vollstaendig,-0.0790216115956202
Paderborn,PA-05,PA-03--PA-10,Gleichgewichtung,-0.0638411018630125
Paderborn,PA-05,PA-03--PA-10,1/d^2,-0.0453468109584281
Paderborn,PA-05,PA-03--PA-10,Wald + Wind,-0.0579475029261677
Paderborn,PA-05,PA-03--PA-10,Vollstaendig,-0.0620650401907335
Paderborn,PA-05,PA-03--PA-11,Gleichgewichtung,-0.0160651594388569
Paderborn,PA-05,PA-03--PA-11,1/d^2,-0.0114213224562135
Paderborn,PA-05,PA-03--PA-11,Wald + Wind,-0.0166664071657812
Paderborn,PA-05,PA-03--PA-11,Vollstaendig,-0.0161253069618002
Paderborn,PA-05,PA-03--PA-12,Gleichgewichtung,-0.0815875547988518
Paderborn,PA-05,PA-03--PA-12,1/d^2,-0.0331748699054127
Paderborn,PA-05,PA-03--PA-12,Wald + Wind,-0.0624216736220845
Paderborn,PA-05,PA-03--PA-12,Vollstaendig,-0.0771859047726899
Paderborn,PA-05,PA-04--PA-06,Gleichgewichtung,-0.0340898910869888
Paderborn,PA-05,PA-04--PA-06,1/d^2,-0.0259008778835732
Paderborn,PA-05,PA-04--PA-06,Wald + Wind,-0.0588478177588275
Paderborn,PA-05,PA-04--PA-06,Vollstaendig,-0.04072141800093
Paderborn,PA-05,PA-04--PA-07,Gleichgewichtung,-0.0052033631965039
Paderborn,PA-05,PA-04--PA-07,1/d^2,-0.0175232165670286
Paderborn,PA-05,PA-04--PA-07,Wald + Wind,-0.0245652317086484
Paderborn,PA-05,PA-04--PA-07,Vollstaendig,-0.0127481376629256
Paderborn,PA-05,PA-04--PA-08,Gleichgewichtung,0.0109936020551642
Paderborn,PA-05,PA-04--PA-08,1/d^2,0.0052180188104408
Paderborn,PA-05,PA-04--PA-08,Wald + Wind,0.0035551538431263
Paderborn,PA-05,PA-04--PA-08,Vollstaendig,0.007590260900028
Paderborn,PA-05,PA-04--PA-09,Gleichgewichtung,-0.0527338739761766
Paderborn,PA-05,PA-04--PA-09,1/d^2,0.019371677252438
Paderborn,PA-05,PA-04--PA-09,Wald + Wind,-0.0657902051880958
Paderborn,PA-05,PA-04--PA-09,Vollstaendig,-0.061755092068988
Paderborn,PA-05,PA-04--PA-10,Gleichgewichtung,-0.0399659227132403
Paderborn,PA-05,PA-04--PA-10,1/d^2,0.0071335184999734
Paderborn,PA-05,PA-04--PA-10,Wald + Wind,-0.0375722821278975
Paderborn,PA-05,PA-04--PA-10,Vollstaendig,-0.04281763596655
Paderborn,PA-05,PA-04--PA-11,Gleichgewichtung,0.0067087649755574
Paderborn,PA-05,PA-04--PA-11,1/d^2,0.0300906886015123
Paderborn,PA-05,PA-04--PA-11,Wald + Wind,0.0021725985660383
Paderborn,PA-05,PA-04--PA-11,Vollstaendig,0.0044584597348421
Paderborn,PA-05,PA-04--PA-12,Gleichgewichtung,-0.0572900459066198
Paderborn,PA-05,PA-04--PA-12,1/d^2,0.0198181525142811
Paderborn,PA-05,PA-04--PA-12,Wald + Wind,-0.0393386470842949
Paderborn,PA-05,PA-04--PA-12,Vollstaendig,-0.0581707827927246
Paderborn,PA-05,PA-06--PA-07,Gleichgewichtung,-0.0787350529247691
Paderborn,PA-05,PA-06--PA-07,1/d^2,-0.0668938302149484
Paderborn,PA-05,PA-06--PA-07,Wald + Wind,-0.0745209961509726
Paderborn,PA-05,PA-06--PA-07,Vollstaendig,-0.07604110661952
Paderborn,PA-05,PA-06--PA-08,Gleichgewichtung,-0.0613129220870462
Paderborn,PA-05,PA-06--PA-08,1/d^2,-0.045856488542775
Paderborn,PA-05,PA-06--PA-08,Wald + Wind,-0.0637524852692644
Paderborn,PA-05,PA-06--PA-08,Vollstaendig,-0.0593116729130935
Paderborn,PA-05,PA-06--PA-09,Gleichgewichtung,-0.1299867538535591
Paderborn,PA-05,PA-06--PA-09,1/d^2,-0.1146845824059678
Paderborn,PA-05,PA-06--PA-09,Wald + Wind,-0.1258181412460209
Paderborn,PA-05,PA-06--PA-09,Vollstaendig,-0.1301061009369237
Paderborn,PA-05,PA-06--PA-10,Gleichgewichtung,-0.1162003791387683
Paderborn,PA-05,PA-06--PA-10,1/d^2,-0.1128226934874422
Paderborn,PA-05,PA-06--PA-10,Wald + Wind,-0.1139026827806562
Paderborn,PA-05,PA-06--PA-10,Vollstaendig,-0.1158516210229982
Paderborn,PA-05,PA-06--PA-11,Gleichgewichtung,-0.0659197980154478
Paderborn,PA-05,PA-06--PA-11,1/d^2,-0.0982238446123412
Paderborn,PA-05,PA-06--PA-11,Wald + Wind,-0.074313895662735
Paderborn,PA-05,PA-06--PA-11,Vollstaendig,-0.066605721319532
Paderborn,PA-05,PA-06--PA-12,Gleichgewichtung,-0.1349097579510674
Paderborn,PA-05,PA-06--PA-12,1/d^2,-0.1154340495976409
Paderborn,PA-05,PA-06--PA-12,Wald + Wind,-0.1225723428625175
Paderborn,PA-05,PA-06--PA-12,Vollstaendig,-0.1328401346151815
Paderborn,PA-05,PA-07--PA-08,Gleichgewichtung,-0.0316409261288417
Paderborn,PA-05,PA-07--PA-08,1/d^2,-0.0327945905194119
Paderborn,PA-05,PA-07--PA-08,Wald + Wind,-0.0347960347105501
Paderborn,PA-05,PA-07--PA-08,Vollstaendig,-0.032411155593717
Paderborn,PA-05,PA-07--PA-09,Gleichgewichtung,-0.0982386135521644
Paderborn,PA-05,PA-07--PA-09,1/d^2,-0.05409255157285
Paderborn,PA-05,PA-07--PA-09,Wald + Wind,-0.0813753847762989
Paderborn,PA-05,PA-07--PA-09,Vollstaendig,-0.0940598970500768
Paderborn,PA-05,PA-07--PA-10,Gleichgewichtung,-0.0848801910527274
Paderborn,PA-05,PA-07--PA-10,1/d^2,-0.0570445368540995
Paderborn,PA-05,PA-07--PA-10,Wald + Wind,-0.0674305580931205
Paderborn,PA-05,PA-07--PA-10,Vollstaendig,-0.0796334089523419
Paderborn,PA-05,PA-07--PA-11,Gleichgewichtung,-0.0361128133436631
Paderborn,PA-05,PA-07--PA-11,1/d^2,-0.047002245187191
Paderborn,PA-05,PA-07--PA-11,Wald + Wind,-0.0401200340607519
Paderborn,PA-05,PA-07--PA-11,Vollstaendig,-0.0373969118917011
Paderborn,PA-05,PA-07--PA-12,Gleichgewichtung,-0.1030074090209914
Paderborn,PA-05,PA-07--PA-12,1/d^2,-0.0541590918413571
Paderborn,PA-05,PA-07--PA-12,Wald + Wind,-0.0706515011460804
Paderborn,PA-05,PA-07--PA-12,Vollstaendig,-0.0936216045802223
Paderborn,PA-05,PA-08--PA-09,Gleichgewichtung,-0.0804763834642037
Paderborn,PA-05,PA-08--PA-09,1/d^2,-0.0232715710036376
Paderborn,PA-05,PA-08--PA-09,Wald + Wind,-0.0699979662965144
Paderborn,PA-05,PA-08--PA-09,Vollstaendig,-0.0780159954387092
Paderborn,PA-05,PA-08--PA-10,Gleichgewichtung,-0.067351604933796
Paderborn,PA-05,PA-08--PA-10,1/d^2,-0.0287441273357703
Paderborn,PA-05,PA-08--PA-10,Wald + Wind,-0.0505075061831127
Paderborn,PA-05,PA-08--PA-10,Vollstaendig,-0.0621588639736212
Paderborn,PA-05,PA-08--PA-11,Gleichgewichtung,-0.0194116139563076
Paderborn,PA-05,PA-08--PA-11,1/d^2,-0.0156313152959812
Paderborn,PA-05,PA-08--PA-11,Wald + Wind,-0.0187750407159614
Paderborn,PA-05,PA-08--PA-11,Vollstaendig,-0.019155188370232
Paderborn,PA-05,PA-08--PA-12,Gleichgewichtung,-0.0851610253627526
Paderborn,PA-05,PA-08--PA-12,1/d^2,-0.0231894314247728
Paderborn,PA-05,PA-08--PA-12,Wald + Wind,-0.0530351000100142
Paderborn,PA-05,PA-08--PA-12,Vollstaendig,-0.0762251341159051
Paderborn,PA-05,PA-09--PA-10,Gleichgewichtung,-0.1364560987751529
Paderborn,PA-05,PA-09--PA-10,1/d^2,-0.1311649602581976
Paderborn,PA-05,PA-09--PA-10,Wald + Wind,-0.1388166023416772
Paderborn,PA-05,PA-09--PA-10,Vollstaendig,-0.1373044823408448
Paderborn,PA-05,PA-09--PA-11,Gleichgewichtung,-0.0851726040453499
Paderborn,PA-05,PA-09--PA-11,1/d^2,-0.0824353437512561
Paderborn,PA-05,PA-09--PA-11,Wald + Wind,-0.0844461179358719
Paderborn,PA-05,PA-09--PA-11,Vollstaendig,-0.0865538721486952
Paderborn,PA-05,PA-09--PA-12,Gleichgewichtung,-0.1555519921806301
Paderborn,PA-05,PA-09--PA-12,1/d^2,-0.1553458919638106
Paderborn,PA-05,PA-09--PA-12,Wald + Wind,-0.1539629236971682
Paderborn,PA-05,PA-09--PA-12,Vollstaendig,-0.1551112391243723
Paderborn,PA-05,PA-10--PA-11,Gleichgewichtung,-0.0719864492548352
Paderborn,PA-05,PA-10--PA-11,1/d^2,-0.0890033183077576
Paderborn,PA-05,PA-10--PA-11,Wald + Wind,-0.0631507939802361
Paderborn,PA-05,PA-10--PA-11,Vollstaendig,-0.0700677435017481
Paderborn,PA-05,PA-10--PA-12,Gleichgewichtung,-0.1414111340183304
Paderborn,PA-05,PA-10--PA-12,1/d^2,-0.1335689562997415
Paderborn,PA-05,PA-10--PA-12,Wald + Wind,-0.1384656707023234
Paderborn,PA-05,PA-10--PA-12,Vollstaendig,-0.1408989412373741
Paderborn,PA-05,PA-11--PA-12,Gleichgewichtung,-0.0898793497728021
Paderborn,PA-05,PA-11--PA-12,1/d^2,-0.0841540570901203
Paderborn,PA-05,PA-11--PA-12,Wald + Wind,-0.0678661625172019
Paderborn,PA-05,PA-11--PA-12,Vollstaendig,-0.0853958020263782
Paderborn,PA-06,PA-01--PA-02,Gleichgewichtung,0.1401032475370661
Paderborn,PA-06,PA-01--PA-02,1/d^2,0.1352364863606129
Paderborn,PA-06,PA-01--PA-02,Wald + Wind,0.1320773593563055
Paderborn,PA-06,PA-01--PA-02,Vollstaendig,0.1292874339619592
Paderborn,PA-06,PA-01--PA-03,Gleichgewichtung,0.0877965501124425
Paderborn,PA-06,PA-01--PA-03,1/d^2,0.0922018244624439
Paderborn,PA-06,PA-01--PA-03,Wald + Wind,0.0952950947846145
Paderborn,PA-06,PA-01--PA-03,Vollstaendig,0.0884604330583195
Paderborn,PA-06,PA-01--PA-04,Gleichgewichtung,0.1107059399293464
Paderborn,PA-06,PA-01--PA-04,1/d^2,0.1309196956674989
Paderborn,PA-06,PA-01--PA-04,Wald + Wind,0.1282569862465306
Paderborn,PA-06,PA-01--PA-04,Vollstaendig,0.1153901629159469
Paderborn,PA-06,PA-01--PA-05,Gleichgewichtung,0.0920435189735384
Paderborn,PA-06,PA-01--PA-05,1/d^2,0.1066224230144868
Paderborn,PA-06,PA-01--PA-05,Wald + Wind,0.1045199262822142
Paderborn,PA-06,PA-01--PA-05,Vollstaendig,0.0940127010860791
Paderborn,PA-06,PA-01--PA-07,Gleichgewichtung,0.0676270515695564
Paderborn,PA-06,PA-01--PA-07,1/d^2,0.0619130567111557
Paderborn,PA-06,PA-01--PA-07,Wald + Wind,0.0631284845884805
Paderborn,PA-06,PA-01--PA-07,Vollstaendig,0.0666521374116522
Paderborn,PA-06,PA-01--PA-08,Gleichgewichtung,0.0844299271681124
Paderborn,PA-06,PA-01--PA-08,1/d^2,0.0924535522442433
Paderborn,PA-06,PA-01--PA-08,Wald + Wind,0.092132630759183
Paderborn,PA-06,PA-01--PA-08,Vollstaendig,0.0857809062467434
Paderborn,PA-06,PA-01--PA-09,Gleichgewichtung,0.018258512387473
Paderborn,PA-06,PA-01--PA-09,1/d^2,-0.0135125320076131
Paderborn,PA-06,PA-01--PA-09,Wald + Wind,-0.0247287195024511
Paderborn,PA-06,PA-01--PA-09,Vollstaendig,0.0118050326055261
Paderborn,PA-06,PA-01--PA-10,Gleichgewichtung,0.031529155261911
Paderborn,PA-06,PA-01--PA-10,1/d^2,-0.0042979187745498
Paderborn,PA-06,PA-01--PA-10,Wald + Wind,0.0008909651597104
Paderborn,PA-06,PA-01--PA-10,Vollstaendig,0.0252501480896422
Paderborn,PA-06,PA-01--PA-11,Gleichgewichtung,0.0799857881878053
Paderborn,PA-06,PA-01--PA-11,1/d^2,0.0829484581677037
Paderborn,PA-06,PA-01--PA-11,Wald + Wind,0.0838090320596818
Paderborn,PA-06,PA-01--PA-11,Vollstaendig,0.0802777445528813
Paderborn,PA-06,PA-01--PA-12,Gleichgewichtung,0.0135213364022448
Paderborn,PA-06,PA-01--PA-12,1/d^2,-0.013449967283202
Paderborn,PA-06,PA-01--PA-12,Wald + Wind,-0.0116692537028413
Paderborn,PA-06,PA-01--PA-12,Vollstaendig,0.0144196885035956
Paderborn,PA-06,PA-02--PA-03,Gleichgewichtung,0.1531121399113873
Paderborn,PA-06,PA-02--PA-03,1/d^2,0.1334825992392561
Paderborn,PA-06,PA-02--PA-03,Wald + Wind,0.1210324970285138
Paderborn,PA-06,PA-02--PA-03,Vollstaendig,0.1422715012256067
Paderborn,PA-06,PA-02--PA-04,Gleichgewichtung,0.1745884498146848
Paderborn,PA-06,PA-02--PA-04,1/d^2,0.1572382845935999
Paderborn,PA-06,PA-02--PA-04,Wald + Wind,0.1582402041276666
Paderborn,PA-06,PA-02--PA-04,Vollstaendig,0.1663961358787
Paderborn,PA-06,PA-02--PA-05,Gleichgewichtung,0.1570911139975419
Paderborn,PA-06,PA-02--PA-05,1/d^2,0.1175362417011014
Paderborn,PA-06,PA-02--PA-05,Wald + Wind,0.121535227460813
Paderborn,PA-06,PA-02--PA-05,Vollstaendig,0.1444369874976074
Paderborn,PA-06,PA-02--PA-07,Gleichgewichtung,0.1342300415795405
Paderborn,PA-06,PA-02--PA-07,1/d^2,0.0675103816011346
Paderborn,PA-06,PA-02--PA-07,Wald + Wind,0.0786154117579299
Paderborn,PA-06,PA-02--PA-07,Vollstaendig,0.1118626903134861
Paderborn,PA-06,PA-02--PA-08,Gleichgewichtung,0.1499587185319575
Paderborn,PA-06,PA-02--PA-08,1/d^2,0.1061952090260474
Paderborn,PA-06,PA-02--PA-08,Wald + Wind,0.1066523750337688
Paderborn,PA-06,PA-02--PA-08,Vollstaendig,0.1342461544232107
Paderborn,PA-06,PA-02--PA-09,Gleichgewichtung,0.0881170109762035
Paderborn,PA-06,PA-02--PA-09,1/d^2,0.0131740486908634
Paderborn,PA-06,PA-02--PA-09,Wald + Wind,-0.0119200727648564
Paderborn,PA-06,PA-02--PA-09,Vollstaendig,0.054302547118885
Paderborn,PA-06,PA-02--PA-10,Gleichgewichtung,0.10049774676259
Paderborn,PA-06,PA-02--PA-10,1/d^2,0.0066015082364318
Paderborn,PA-06,PA-02--PA-10,Wald + Wind,0.0160969158646108
Paderborn,PA-06,PA-02--PA-10,Vollstaendig,0.0672892817563183
Paderborn,PA-06,PA-02--PA-11,Gleichgewichtung,0.1457970494311133
Paderborn,PA-06,PA-02--PA-11,1/d^2,0.1136750084518191
Paderborn,PA-06,PA-02--PA-11,Wald + Wind,0.1042653058083216
Paderborn,PA-06,PA-02--PA-11,Vollstaendig,0.1332830326797416
Paderborn,PA-06,PA-02--PA-12,Gleichgewichtung,0.0837001792903694
Paderborn,PA-06,PA-02--PA-12,1/d^2,0.0204091639715741
Paderborn,PA-06,PA-02--PA-12,Wald + Wind,0.0187981316547726
Paderborn,PA-06,PA-02--PA-12,Vollstaendig,0.0641536627323664
Paderborn,PA-06,PA-03--PA-04,Gleichgewichtung,0.1241003475523566
Paderborn,PA-06,PA-03--PA-04,1/d^2,0.1307650493014832
Paderborn,PA-06,PA-03--PA-04,Wald + Wind,0.1224055480061603
Paderborn,PA-06,PA-03--PA-04,Vollstaendig,0.1259383521748494
Paderborn,PA-06,PA-03--PA-05,Gleichgewichtung,0.1056885320726727
Paderborn,PA-06,PA-03--PA-05,1/d^2,0.108497379115395
Paderborn,PA-06,PA-03--PA-05,Wald + Wind,0.1067203170308665
Paderborn,PA-06,PA-03--PA-05,Vollstaendig,0.1059470329668652
Paderborn,PA-06,PA-03--PA-07,Gleichgewichtung,0.081606981680163
Paderborn,PA-06,PA-03--PA-07,1/d^2,0.0649256027224219
Paderborn,PA-06,PA-03--PA-07,Wald + Wind,0.0760895671741025
Paderborn,PA-06,PA-03--PA-07,Vollstaendig,0.0794461588707223
Paderborn,PA-06,PA-03--PA-08,Gleichgewichtung,0.0981785106943448
Paderborn,PA-06,PA-03--PA-08,1/d^2,0.0961938061811406
Paderborn,PA-06,PA-03--PA-08,Wald + Wind,0.0971033730629692
Paderborn,PA-06,PA-03--PA-08,Vollstaendig,0.0979074585742654
Paderborn,PA-06,PA-03--PA-09,Gleichgewichtung,0.032940762341486
Paderborn,PA-06,PA-03--PA-09,1/d^2,0.0132690036033164
Paderborn,PA-06,PA-03--PA-09,Wald + Wind,0.0101955528548787
Paderborn,PA-06,PA-03--PA-09,Vollstaendig,0.0283437248305106
Paderborn,PA-06,PA-03--PA-10,Gleichgewichtung,0.0460192449921207
Paderborn,PA-06,PA-03--PA-10,1/d^2,0.0072582780084061
Paderborn,PA-06,PA-03--PA-10,Wald + Wind,0.0319692176041473
Paderborn,PA-06,PA-03--PA-10,Vollstaendig,0.0404616276087463
Paderborn,PA-06,PA-03--PA-11,Gleichgewichtung,0.0937951874162766
Paderborn,PA-06,PA-03--PA-11,1/d^2,0.0922415106327445
Paderborn,PA-06,PA-03--PA-11,Wald + Wind,0.0927778089793609
Paderborn,PA-06,PA-03--PA-11,Vollstaendig,0.093795030682626
Paderborn,PA-06,PA-03--PA-12,Gleichgewichtung,0.0282727920562815
Paderborn,PA-06,PA-03--PA-12,1/d^2,0.0187626201509011
Paderborn,PA-06,PA-03--PA-12,Wald + Wind,0.0423457500602846
Paderborn,PA-06,PA-03--PA-12,Vollstaendig,0.0330122100860182
Paderborn,PA-06,PA-04--PA-05,Gleichgewichtung,0.1281962100922416
Paderborn,PA-06,PA-04--PA-05,1/d^2,0.1196607801040269
Paderborn,PA-06,PA-04--PA-05,Wald + Wind,0.1224240555063831
Paderborn,PA-06,PA-04--PA-05,Vollstaendig,0.128570127405754
Paderborn,PA-06,PA-04--PA-07,Gleichgewichtung,0.1046569836586296
Paderborn,PA-06,PA-04--PA-07,1/d^2,0.0747088812581063
Paderborn,PA-06,PA-04--PA-07,Wald + Wind,0.0900204762317145
Paderborn,PA-06,PA-04--PA-07,Vollstaendig,0.1035816655042436
Paderborn,PA-06,PA-04--PA-08,Gleichgewichtung,0.1208539489102974
Paderborn,PA-06,PA-04--PA-08,1/d^2,0.1115352017137426
Paderborn,PA-06,PA-04--PA-08,Wald + Wind,0.1108096146139636
Paderborn,PA-06,PA-04--PA-08,Vollstaendig,0.1208757614916904
Paderborn,PA-06,PA-04--PA-09,Gleichgewichtung,0.0571264728789565
Paderborn,PA-06,PA-04--PA-09,1/d^2,0.059632725806397
Paderborn,PA-06,PA-04--PA-09,Wald + Wind,0.0207475536422331
Paderborn,PA-06,PA-04--PA-09,Vollstaendig,0.0587819620310266
Paderborn,PA-06,PA-04--PA-10,Gleichgewichtung,0.0698944241418932
Paderborn,PA-06,PA-04--PA-10,1/d^2,0.0328446531953377
Paderborn,PA-06,PA-04--PA-10,Wald + Wind,0.0446394384683052
Paderborn,PA-06,PA-04--PA-10,Vollstaendig,0.068708442165294
Paderborn,PA-06,PA-04--PA-11,Gleichgewichtung,0.116569111830691
Paderborn,PA-06,PA-04--PA-11,1/d^2,0.1197155510347935
Paderborn,PA-06,PA-04--PA-11,Wald + Wind,0.1103779864114749
Paderborn,PA-06,PA-04--PA-11,Vollstaendig,0.1190413751298512
Paderborn,PA-06,PA-04--PA-12,Gleichgewichtung,0.0525703009485134
Paderborn,PA-06,PA-04--PA-12,1/d^2,0.0702193844323448
Paderborn,PA-06,PA-04--PA-12,Wald + Wind,0.0635383820674411
Paderborn,PA-06,PA-04--PA-12,Vollstaendig,0.0666163236597768
Paderborn,PA-06,PA-05--PA-07,Gleichgewichtung,0.0858802627061314
Paderborn,PA-06,PA-05--PA-07,1/d^2,0.0776538036576704
Paderborn,PA-06,PA-05--PA-07,Wald + Wind,0.0851791660944378
Paderborn,PA-06,PA-05--PA-07,Vollstaendig,0.0847657541607737
Paderborn,PA-06,PA-05--PA-08,Gleichgewichtung,0.1023817078364547
Paderborn,PA-06,PA-05--PA-08,1/d^2,0.103343119563184
Paderborn,PA-06,PA-05--PA-08,Wald + Wind,0.1017605733341656
Paderborn,PA-06,PA-05--PA-08,Vollstaendig,0.1022335547247751
Paderborn,PA-06,PA-05--PA-09,Gleichgewichtung,0.037426674024883
Paderborn,PA-06,PA-05--PA-09,1/d^2,0.0734709919325356
Paderborn,PA-06,PA-05--PA-09,Wald + Wind,0.0317079680028622
Paderborn,PA-06,PA-05--PA-09,Vollstaendig,0.0372162687487259
Paderborn,PA-06,PA-05--PA-10,Gleichgewichtung,0.0504469985891443
Paderborn,PA-06,PA-05--PA-10,1/d^2,0.0511554008879202
Paderborn,PA-06,PA-05--PA-10,Wald + Wind,0.0506015088867388
Paderborn,PA-06,PA-05--PA-10,Vollstaendig,0.0482702586936844
Paderborn,PA-06,PA-05--PA-11,Gleichgewichtung,0.0980168100482199
Paderborn,PA-06,PA-05--PA-11,1/d^2,0.104498552985706
Paderborn,PA-06,PA-05--PA-11,Wald + Wind,0.0994374474166938
Paderborn,PA-06,PA-05--PA-11,Vollstaendig,0.0987530866620274
Paderborn,PA-06,PA-05--PA-12,Gleichgewichtung,0.0327796455656596
Paderborn,PA-06,PA-05--PA-12,1/d^2,0.0796156728331405
Paderborn,PA-06,PA-05--PA-12,Wald + Wind,0.0654449729694475
Paderborn,PA-06,PA-05--PA-12,Vollstaendig,0.0426581777322008
Paderborn,PA-06,PA-07--PA-08,Gleichgewichtung,0.0782194207262918
Paderborn,PA-06,PA-07--PA-08,1/d^2,0.0707068973756536
Paderborn,PA-06,PA-07--PA-08,Wald + Wind,0.0791238917650203
Paderborn,PA-06,PA-07--PA-08,Vollstaendig,0.0777803019933073
Paderborn,PA-06,PA-07--PA-09,Gleichgewichtung,0.0116217333029691
Paderborn,PA-06,PA-07--PA-09,1/d^2,0.0471128438773107
Paderborn,PA-06,PA-07--PA-09,Wald + Wind,0.0092175882900862
Paderborn,PA-06,PA-07--PA-09,Vollstaendig,0.0138150722146686
Paderborn,PA-06,PA-07--PA-10,Gleichgewichtung,0.0249801558024058
Paderborn,PA-06,PA-07--PA-10,1/d^2,0.0377656869970577
Paderborn,PA-06,PA-07--PA-10,Wald + Wind,0.0261412218549491
Paderborn,PA-06,PA-07--PA-10,Vollstaendig,0.0253645667354468
Paderborn,PA-06,PA-07--PA-11,Gleichgewichtung,0.0737475335114702
Paderborn,PA-06,PA-07--PA-11,1/d^2,0.0644852736243359
Paderborn,PA-06,PA-07--PA-11,Wald + Wind,0.0719204266766279
Paderborn,PA-06,PA-07--PA-11,Vollstaendig,0.0724190716690268
Paderborn,PA-06,PA-07--PA-12,Gleichgewichtung,0.006852937834142
Paderborn,PA-06,PA-07--PA-12,1/d^2,0.049511325841162
Paderborn,PA-06,PA-07--PA-12,Wald + Wind,0.0310727118488863
Paderborn,PA-06,PA-07--PA-12,Vollstaendig,0.0162576376993588
Paderborn,PA-06,PA-08--PA-09,Gleichgewichtung,0.0293839633909294
Paderborn,PA-06,PA-08--PA-09,1/d^2,0.0550640069226299
Paderborn,PA-06,PA-08--PA-09,Wald + Wind,0.0298474683657156
Paderborn,PA-06,PA-08--PA-09,Vollstaendig,0.0305290165852466
Paderborn,PA-06,PA-08--PA-10,Gleichgewichtung,0.0425087419213374
Paderborn,PA-06,PA-08--PA-10,1/d^2,0.0362167492212863
Paderborn,PA-06,PA-08--PA-10,Wald + Wind,0.0470775893903759
Paderborn,PA-06,PA-08--PA-10,Vollstaendig,0.0416595637082225
Paderborn,PA-06,PA-08--PA-11,Gleichgewichtung,0.0904487328988256
Paderborn,PA-06,PA-08--PA-11,1/d^2,0.0924261991078396
Paderborn,PA-06,PA-08--PA-11,Wald + Wind,0.0913301870727114
Paderborn,PA-06,PA-08--PA-11,Vollstaendig,0.0908077068209954
Paderborn,PA-06,PA-08--PA-12,Gleichgewichtung,0.0246993214923807
Paderborn,PA-06,PA-08--PA-12,1/d^2,0.0610418711270072
Paderborn,PA-06,PA-08--PA-12,Wald + Wind,0.0590290556363467
Paderborn,PA-06,PA-08--PA-12,Vollstaendig,0.0350569619680795
Paderborn,PA-06,PA-09--PA-10,Gleichgewichtung,-0.0265957519200193
Paderborn,PA-06,PA-09--PA-10,1/d^2,-0.0199157406078402
Paderborn,PA-06,PA-09--PA-10,Wald + Wind,-0.0276920060011983
Paderborn,PA-06,PA-09--PA-10,Vollstaendig,-0.0261386436481982
Paderborn,PA-06,PA-09--PA-11,Gleichgewichtung,0.0246877428097833
Paderborn,PA-06,PA-09--PA-11,1/d^2,0.0197367852597352
Paderborn,PA-06,PA-09--PA-11,Wald + Wind,0.012371698903872
Paderborn,PA-06,PA-09--PA-11,Vollstaendig,0.0205917614067511
Paderborn,PA-06,PA-09--PA-12,Gleichgewichtung,-0.0456916453254967
Paderborn,PA-06,PA-09--PA-12,1/d^2,-0.0449099053369855
Paderborn,PA-06,PA-09--PA-12,Wald + Wind,-0.0432996819514283
Paderborn,PA-06,PA-09--PA-12,Vollstaendig,-0.0450537765972592
Paderborn,PA-06,PA-10--PA-11,Gleichgewichtung,0.0378738976002981
Paderborn,PA-06,PA-10--PA-11,1/d^2,0.010991151315023
Paderborn,PA-06,PA-10--PA-11,Wald + Wind,0.0320929623347225
Paderborn,PA-06,PA-10--PA-11,Vollstaendig,0.0330703920156575
Paderborn,PA-06,PA-10--PA-12,Gleichgewichtung,-0.0315507871631967
Paderborn,PA-06,PA-10--PA-12,1/d^2,-0.02038065978474
Paderborn,PA-06,PA-10--PA-12,Wald + Wind,-0.0237441324826561
Paderborn,PA-06,PA-10--PA-12,Vollstaendig,-0.0285383498039772
Paderborn,PA-06,PA-11--PA-12,Gleichgewichtung,0.0199809970823311
Paderborn,PA-06,PA-11--PA-12,1/d^2,0.0253001152887162
Paderborn,PA-06,PA-11--PA-12,Wald + Wind,0.0409545916032386
Paderborn,PA-06,PA-11--PA-12,Vollstaendig,0.0242428611865042
Paderborn,PA-07,PA-01--PA-02,Gleichgewichtung,0.0787922714686821
Paderborn,PA-07,PA-01--PA-02,1/d^2,0.0760721611433634
Paderborn,PA-07,PA-01--PA-02,Wald + Wind,0.0781951948602403
Paderborn,PA-07,PA-01--PA-02,Vollstaendig,0.0783988357116298
Paderborn,PA-07,PA-01--PA-03,Gleichgewichtung,0.0264855740440584
Paderborn,PA-07,PA-01--PA-03,1/d^2,0.0324720594072927
Paderborn,PA-07,PA-01--PA-03,Wald + Wind,0.0338764880402381
Paderborn,PA-07,PA-01--PA-03,Vollstaendig,0.0289595277539256
Paderborn,PA-07,PA-01--PA-04,Gleichgewichtung,0.0493949638609623
Paderborn,PA-07,PA-01--PA-04,1/d^2,0.0704024678451136
Paderborn,PA-07,PA-01--PA-04,Wald + Wind,0.0652848121111104
Paderborn,PA-07,PA-01--PA-04,Vollstaendig,0.0540844268281202
Paderborn,PA-07,PA-01--PA-05,Gleichgewichtung,0.0307325429051542
Paderborn,PA-07,PA-01--PA-05,1/d^2,0.0469369549065704
Paderborn,PA-07,PA-01--PA-05,Wald + Wind,0.0441363383737671
Paderborn,PA-07,PA-01--PA-05,Vollstaendig,0.0353253568822896
Paderborn,PA-07,PA-01--PA-06,Gleichgewichtung,-0.0236766734930702
Paderborn,PA-07,PA-01--PA-06,1/d^2,-0.0574044690397955
Paderborn,PA-07,PA-01--PA-06,Wald + Wind,-0.0501863444514001
Paderborn,PA-07,PA-01--PA-06,Vollstaendig,-0.0319431999162666
Paderborn,PA-07,PA-01--PA-08,Gleichgewichtung,0.0231189510997283
Paderborn,PA-07,PA-01--PA-08,1/d^2,0.0331150439029904
Paderborn,PA-07,PA-01--PA-08,Wald + Wind,0.0305068743739919
Paderborn,PA-07,PA-01--PA-08,Vollstaendig,0.025791624082101
Paderborn,PA-07,PA-01--PA-09,Gleichgewichtung,-0.0430524636809111
Paderborn,PA-07,PA-01--PA-09,1/d^2,-0.0605019602115182
Paderborn,PA-07,PA-01--PA-09,Wald + Wind,-0.0826339059589756
Paderborn,PA-07,PA-01--PA-09,Vollstaendig,-0.0571443940430842
Paderborn,PA-07,PA-01--PA-10,Gleichgewichtung,-0.0297818208064731
Paderborn,PA-07,PA-01--PA-10,1/d^2,-0.0618941023744189
Paderborn,PA-07,PA-01--PA-10,Wald + Wind,-0.0522497483769014
Paderborn,PA-07,PA-01--PA-10,Vollstaendig,-0.0377422517383915
Paderborn,PA-07,PA-01--PA-11,Gleichgewichtung,0.018674812119421
Paderborn,PA-07,PA-01--PA-11,1/d^2,0.0212306471056649
Paderborn,PA-07,PA-01--PA-11,Wald + Wind,0.0224473129854129
Paderborn,PA-07,PA-01--PA-11,Vollstaendig,0.0198117607497623
Paderborn,PA-07,PA-01--PA-12,Gleichgewichtung,-0.0477896396661394
Paderborn,PA-07,PA-01--PA-12,1/d^2,-0.0678718211170811
Paderborn,PA-07,PA-01--PA-12,Wald + Wind,-0.0744368412957265
Paderborn,PA-07,PA-01--PA-12,Vollstaendig,-0.056604509435779
Paderborn,PA-07,PA-02--PA-03,Gleichgewichtung,0.0918011638430031
Paderborn,PA-07,PA-02--PA-03,1/d^2,0.0679285542409132
Paderborn,PA-07,PA-02--PA-03,Wald + Wind,0.0640408712227346
Paderborn,PA-07,PA-02--PA-03,Vollstaendig,0.0824275994449134
Paderborn,PA-07,PA-02--PA-04,Gleichgewichtung,0.1132774737463006
Paderborn,PA-07,PA-02--PA-04,1/d^2,0.0959259234093722
Paderborn,PA-07,PA-02--PA-04,Wald + Wind,0.1005826522885358
Paderborn,PA-07,PA-02--PA-04,Vollstaendig,0.1094605911612041
Paderborn,PA-07,PA-02--PA-05,Gleichgewichtung,0.0957801379291578
Paderborn,PA-07,PA-02--PA-05,1/d^2,0.0526096685917328
Paderborn,PA-07,PA-02--PA-05,Wald + Wind,0.0603437902085519
Paderborn,PA-07,PA-02--PA-05,Vollstaendig,0.083628744331847
Paderborn,PA-07,PA-02--PA-06,Gleichgewichtung,0.0448862037296245
Paderborn,PA-07,PA-02--PA-06,1/d^2,-0.0508178913798689
Paderborn,PA-07,PA-02--PA-06,Wald + Wind,-0.0296529512593825
Paderborn,PA-07,PA-02--PA-06,Vollstaendig,0.0215725402419566
Paderborn,PA-07,PA-02--PA-08,Gleichgewichtung,0.0886477424635735
Paderborn,PA-07,PA-02--PA-08,1/d^2,0.0356495964400449
Paderborn,PA-07,PA-02--PA-08,Wald + Wind,0.0496787624623027
Paderborn,PA-07,PA-02--PA-08,Vollstaendig,0.0745368967867128
Paderborn,PA-07,PA-02--PA-09,Gleichgewichtung,0.0268060349078196
Paderborn,PA-07,PA-02--PA-09,1/d^2,-0.0151888070652361
Paderborn,PA-07,PA-02--PA-09,Wald + Wind,-0.0593569099143274
Paderborn,PA-07,PA-02--PA-09,Vollstaendig,-0.003906457321006
Paderborn,PA-07,PA-02--PA-10,Gleichgewichtung,0.0391867706942059
Paderborn,PA-07,PA-02--PA-10,1/d^2,-0.0444216486006298
Paderborn,PA-07,PA-02--PA-10,Wald + Wind,-0.0180982677272848
Paderborn,PA-07,PA-02--PA-10,Vollstaendig,0.0187363987903675
Paderborn,PA-07,PA-02--PA-11,Gleichgewichtung,0.0844860733627293
Paderborn,PA-07,PA-02--PA-11,1/d^2,0.0576591406738854
Paderborn,PA-07,PA-02--PA-11,Wald + Wind,0.0473140747750932
Paderborn,PA-07,PA-02--PA-11,Vollstaendig,0.0731954966526108
Paderborn,PA-07,PA-02--PA-12,Gleichgewichtung,0.0223892032219855
Paderborn,PA-07,PA-02--PA-12,1/d^2,-0.02355966859824
Paderborn,PA-07,PA-02--PA-12,Wald + Wind,-0.0332336302124145
Paderborn,PA-07,PA-02--PA-12,Vollstaendig,0.0037222895920602
Paderborn,PA-07,PA-03--PA-04,Gleichgewichtung,0.0627893714839723
Paderborn,PA-07,PA-03--PA-04,1/d^2,0.0673528324287913
Paderborn,PA-07,PA-03--PA-04,Wald + Wind,0.0600155664271497
Paderborn,PA-07,PA-03--PA-04,Vollstaendig,0.0616572952030465
Paderborn,PA-07,PA-03--PA-05,Gleichgewichtung,0.0443775560042889
Paderborn,PA-07,PA-03--PA-05,1/d^2,0.0476472051096968
Paderborn,PA-07,PA-03--PA-05,Wald + Wind,0.0458693189857605
Paderborn,PA-07,PA-03--PA-05,Vollstaendig,0.0447129174220295
Paderborn,PA-07,PA-03--PA-06,Gleichgewichtung,-0.0092741463351798
Paderborn,PA-07,PA-03--PA-06,1/d^2,-0.0485500922052554
Paderborn,PA-07,PA-03--PA-06,Wald + Wind,-0.0233468895602328
Paderborn,PA-07,PA-03--PA-06,Vollstaendig,-0.0115669175736549
Paderborn,PA-07,PA-03--PA-08,Gleichgewichtung,0.0368675346259605
Paderborn,PA-07,PA-03--PA-08,1/d^2,0.0338694559765559
Paderborn,PA-07,PA-03--PA-08,Wald + Wind,0.0359513678656459
Paderborn,PA-07,PA-03--PA-08,Vollstaendig,0.0366023797966512
Paderborn,PA-07,PA-03--PA-09,Gleichgewichtung,-0.028370213726898
Paderborn,PA-07,PA-03--PA-09,1/d^2,-0.0175689098510582
Paderborn,PA-07,PA-03--PA-09,Wald + Wind,-0.0441906550269238
Paderborn,PA-07,PA-03--PA-09,Vollstaendig,-0.0332067918233277
Paderborn,PA-07,PA-03--PA-10,Gleichgewichtung,-0.0152917310762633
Paderborn,PA-07,PA-03--PA-10,1/d^2,-0.0402588405095595
Paderborn,PA-07,PA-03--PA-10,Wald + Wind,-0.0133716707246771
Paderborn,PA-07,PA-03--PA-10,Vollstaendig,-0.0155067437216348
Paderborn,PA-07,PA-03--PA-11,Gleichgewichtung,0.0324842113478922
Paderborn,PA-07,PA-03--PA-11,1/d^2,0.0326089947474256
Paderborn,PA-07,PA-03--PA-11,Wald + Wind,0.0314876436440907
Paderborn,PA-07,PA-03--PA-11,Vollstaendig,0.0324196217955502
Paderborn,PA-07,PA-03--PA-12,Gleichgewichtung,-0.0330381840121026
Paderborn,PA-07,PA-03--PA-12,1/d^2,-0.0228741606369326
Paderborn,PA-07,PA-03--PA-12,Wald + Wind,-0.0217764185436138
Paderborn,PA-07,PA-03--PA-12,Vollstaendig,-0.0300390882494951
Paderborn,PA-07,PA-04--PA-05,Gleichgewichtung,0.0668852340238574
Paderborn,PA-07,PA-04--PA-05,1/d^2,0.0542836325162908
Paderborn,PA-07,PA-04--PA-05,Wald + Wind,0.0584803593150056
Paderborn,PA-07,PA-04--PA-05,Vollstaendig,0.0645144373723938
Paderborn,PA-07,PA-04--PA-06,Gleichgewichtung,0.0144594796997605
Paderborn,PA-07,PA-04--PA-06,1/d^2,-0.0346728720802131
Paderborn,PA-07,PA-04--PA-06,Wald + Wind,-0.0141374195815832
Paderborn,PA-07,PA-04--PA-06,Vollstaendig,0.0074608072661209
Paderborn,PA-07,PA-04--PA-08,Gleichgewichtung,0.0595429728419133
Paderborn,PA-07,PA-04--PA-08,1/d^2,0.0374194034568156
Paderborn,PA-07,PA-04--PA-08,Wald + Wind,0.0495820129754875
Paderborn,PA-07,PA-04--PA-08,Vollstaendig,0.0562049212805417
Paderborn,PA-07,PA-04--PA-09,Gleichgewichtung,-0.0041845031894274
Paderborn,PA-07,PA-04--PA-09,1/d^2,0.0276172375915345
Paderborn,PA-07,PA-04--PA-09,Wald + Wind,-0.0359803698236128
Paderborn,PA-07,PA-04--PA-09,Vollstaendig,-0.0152587386477224
Paderborn,PA-07,PA-04--PA-10,Gleichgewichtung,0.008583448073509
Paderborn,PA-07,PA-04--PA-10,1/d^2,-0.0114108605722419
Paderborn,PA-07,PA-04--PA-10,Wald + Wind,0.0013704100810345
Paderborn,PA-07,PA-04--PA-10,Vollstaendig,0.0042615275897556
Paderborn,PA-07,PA-04--PA-11,Gleichgewichtung,0.0552581357623067
Paderborn,PA-07,PA-04--PA-11,1/d^2,0.0618554740959072
Paderborn,PA-07,PA-04--PA-11,Wald + Wind,0.0477478837175344
Paderborn,PA-07,PA-04--PA-11,Vollstaendig,0.0534834086984799
Paderborn,PA-07,PA-04--PA-12,Gleichgewichtung,-0.0087406751198707
Paderborn,PA-07,PA-04--PA-12,1/d^2,0.0231418901530396
Paderborn,PA-07,PA-04--PA-12,Wald + Wind,-0.0062317059906609
Paderborn,PA-07,PA-04--PA-12,Vollstaendig,-0.0098324333011573
Paderborn,PA-07,PA-05--PA-06,Gleichgewichtung,-0.0048728987415166
Paderborn,PA-07,PA-05--PA-06,1/d^2,-0.001649321981906
Paderborn,PA-07,PA-05--PA-06,Wald + Wind,7.596596909642275e-05
Paderborn,PA-07,PA-05--PA-06,Vollstaendig,-0.0029433939421929
Paderborn,PA-07,PA-05--PA-08,Gleichgewichtung,0.0410707317680706
Paderborn,PA-07,PA-05--PA-08,1/d^2,0.0380989255779609
Paderborn,PA-07,PA-05--PA-08,Wald + Wind,0.0417514388100283
Paderborn,PA-07,PA-05--PA-08,Vollstaendig,0.0410747208963181
Paderborn,PA-07,PA-05--PA-09,Gleichgewichtung,-0.0238843020435013
Paderborn,PA-07,PA-05--PA-09,1/d^2,0.0370369494303266
Paderborn,PA-07,PA-05--PA-09,Wald + Wind,-0.0128593099468628
Paderborn,PA-07,PA-05--PA-09,Vollstaendig,-0.0229600652561212
Paderborn,PA-07,PA-05--PA-10,Gleichgewichtung,-0.0108639774792396
Paderborn,PA-07,PA-05--PA-10,1/d^2,0.0211200086796701
Paderborn,PA-07,PA-05--PA-10,Wald + Wind,0.0124984492578658
Paderborn,PA-07,PA-05--PA-10,Vollstaendig,-0.0061927922851334
Paderborn,PA-07,PA-05--PA-11,Gleichgewichtung,0.0367058339798358
Paderborn,PA-07,PA-05--PA-11,1/d^2,0.046068515003497
Paderborn,PA-07,PA-05--PA-11,Wald + Wind,0.0395529580600815
Paderborn,PA-07,PA-05--PA-11,Vollstaendig,0.037562439568264
Paderborn,PA-07,PA-05--PA-12,Gleichgewichtung,-0.0285313305027245
Paderborn,PA-07,PA-05--PA-12,1/d^2,0.0358867882536415
Paderborn,PA-07,PA-05--PA-12,Wald + Wind,0.0092548777134553
Paderborn,PA-07,PA-05--PA-12,Vollstaendig,-0.0190102448777337
Paderborn,PA-07,PA-06--PA-08,Gleichgewichtung,-0.0127635513002968
Paderborn,PA-07,PA-06--PA-08,1/d^2,0.0080498635302
Paderborn,PA-07,PA-06--PA-08,Wald + Wind,-0.0127780410193067
Paderborn,PA-07,PA-06--PA-08,Vollstaendig,-0.011122199417971
Paderborn,PA-07,PA-06--PA-09,Gleichgewichtung,-0.0814373830668098
Paderborn,PA-07,PA-06--PA-09,1/d^2,-0.0649526148220473
Paderborn,PA-07,PA-06--PA-09,Wald + Wind,-0.0802601520307283
Paderborn,PA-07,PA-06--PA-09,Vollstaendig,-0.081902989905822
Paderborn,PA-07,PA-06--PA-10,Gleichgewichtung,-0.0676510083520191
Paderborn,PA-07,PA-06--PA-10,1/d^2,-0.0645563167215088
Paderborn,PA-07,PA-06--PA-10,Wald + Wind,-0.0657039189648033
Paderborn,PA-07,PA-06--PA-10,Vollstaendig,-0.0673877093143024
Paderborn,PA-07,PA-06--PA-11,Gleichgewichtung,-0.0173704272286987
Paderborn,PA-07,PA-06--PA-11,1/d^2,-0.0508682875577448
Paderborn,PA-07,PA-06--PA-11,Wald + Wind,-0.0239348588371184
Paderborn,PA-07,PA-06--PA-11,Vollstaendig,-0.0189548712310987
Paderborn,PA-07,PA-06--PA-12,Gleichgewichtung,-0.0863603871643182
Paderborn,PA-07,PA-06--PA-12,1/d^2,-0.0659929706092664
Paderborn,PA-07,PA-06--PA-12,Wald + Wind,-0.0760667558598689
Paderborn,PA-07,PA-06--PA-12,Vollstaendig,-0.084218042821689
Paderborn,PA-07,PA-08--PA-09,Gleichgewichtung,-0.0319270126774543
Paderborn,PA-07,PA-08--PA-09,1/d^2,0.0288068855705435
Paderborn,PA-07,PA-08--PA-09,Wald + Wind,-0.0280354445624557
Paderborn,PA-07,PA-08--PA-09,Vollstaendig,-0.0311305417193729
Paderborn,PA-07,PA-08--PA-10,Gleichgewichtung,-0.0188022341470467
Paderborn,PA-07,PA-08--PA-10,1/d^2,0.0215094042524918
Paderborn,PA-07,PA-08--PA-10,Wald + Wind,-0.0024855998479442
Paderborn,PA-07,PA-08--PA-10,Vollstaendig,-0.0147290971384302
Paderborn,PA-07,PA-08--PA-11,Gleichgewichtung,0.0291377568304416
Paderborn,PA-07,PA-08--PA-11,1/d^2,0.0331100333390921
Paderborn,PA-07,PA-08--PA-11,Wald + Wind,0.029807061929912
Paderborn,PA-07,PA-08--PA-11,Vollstaendig,0.0294524215465628
Paderborn,PA-07,PA-08--PA-12,Gleichgewichtung,-0.0366116545760033
Paderborn,PA-07,PA-08--PA-12,1/d^2,0.0282909813357801
Paderborn,PA-07,PA-08--PA-12,Wald + Wind,-0.0074196119512268
Paderborn,PA-07,PA-08--PA-12,Vollstaendig,-0.0280112530654231
Paderborn,PA-07,PA-09--PA-10,Gleichgewichtung,-0.0879067279884034
Paderborn,PA-07,PA-09--PA-10,1/d^2,-0.0802660008821274
Paderborn,PA-07,PA-09--PA-10,Wald + Wind,-0.0914477301404832
Paderborn,PA-07,PA-09--PA-10,Vollstaendig,-0.0888046804953936
Paderborn,PA-07,PA-09--PA-11,Gleichgewichtung,-0.0366232332586003
Paderborn,PA-07,PA-09--PA-11,1/d^2,-0.0279784656415077
Paderborn,PA-07,PA-09--PA-11,Wald + Wind,-0.0426577590349884
Paderborn,PA-07,PA-09--PA-11,Vollstaendig,-0.0404056099740019
Paderborn,PA-07,PA-09--PA-12,Gleichgewichtung,-0.1070026213938807
Paderborn,PA-07,PA-09--PA-12,1/d^2,-0.1070981486011063
Paderborn,PA-07,PA-09--PA-12,Wald + Wind,-0.1051984264115919
Paderborn,PA-07,PA-09--PA-12,Vollstaendig,-0.1064624956950953
Paderborn,PA-07,PA-10--PA-11,Gleichgewichtung,-0.0234370784680858
Paderborn,PA-07,PA-10--PA-11,1/d^2,-0.045649425266517
Paderborn,PA-07,PA-10--PA-11,Wald + Wind,-0.0154871223676237
Paderborn,PA-07,PA-10--PA-11,Vollstaendig,-0.0232110037877331
Paderborn,PA-07,PA-10--PA-12,Gleichgewichtung,-0.092861763231581
Paderborn,PA-07,PA-10--PA-12,1/d^2,-0.0827327396550684
Paderborn,PA-07,PA-10--PA-12,Wald + Wind,-0.0906598978253079
Paderborn,PA-07,PA-10--PA-12,Vollstaendig,-0.0920390907691881
Paderborn,PA-07,PA-11--PA-12,Gleichgewichtung,-0.0413299789860527
Paderborn,PA-07,PA-11--PA-12,1/d^2,-0.0332654546803464
Paderborn,PA-07,PA-11--PA-12,Wald + Wind,-0.0228858505848397
Paderborn,PA-07,PA-11--PA-12,Vollstaendig,-0.0380667246014418
Paderborn,PA-08,PA-01--PA-02,Gleichgewichtung,0.0452565304598119
Paderborn,PA-08,PA-01--PA-02,1/d^2,0.0441530690215538
Paderborn,PA-08,PA-01--PA-02,Wald + Wind,0.0318342335011645
Paderborn,PA-08,PA-01--PA-02,Vollstaendig,0.0454412033670064
Paderborn,PA-08,PA-01--PA-03,Gleichgewichtung,-0.0070501669648115
Paderborn,PA-08,PA-01--PA-03,1/d^2,-0.0002071799360314
Paderborn,PA-08,PA-01--PA-03,Wald + Wind,0.0008339048523491
Paderborn,PA-08,PA-01--PA-03,Vollstaendig,-0.0036644381517511
Paderborn,PA-08,PA-01--PA-04,Gleichgewichtung,0.015859222852092
Paderborn,PA-08,PA-01--PA-04,1/d^2,0.0360846078215094
Paderborn,PA-08,PA-01--PA-04,Wald + Wind,0.0300460783671832
Paderborn,PA-08,PA-01--PA-04,Vollstaendig,0.0202794325528423
Paderborn,PA-08,PA-01--PA-05,Gleichgewichtung,-0.0028031981037156
Paderborn,PA-08,PA-01--PA-05,1/d^2,0.0131087465601195
Paderborn,PA-08,PA-01--PA-05,Wald + Wind,0.0086132715278279
Paderborn,PA-08,PA-01--PA-05,Vollstaendig,0.0014795319081268
Paderborn,PA-08,PA-01--PA-06,Gleichgewichtung,-0.0572124145019404
Paderborn,PA-08,PA-01--PA-06,1/d^2,-0.0851302903182095
Paderborn,PA-08,PA-01--PA-06,Wald + Wind,-0.0837844048597217
Paderborn,PA-08,PA-01--PA-06,Vollstaendig,-0.0653737210484187
Paderborn,PA-08,PA-01--PA-07,Gleichgewichtung,-0.0272196655076975
Paderborn,PA-08,PA-01--PA-07,1/d^2,-0.0332689882471351
Paderborn,PA-08,PA-01--PA-07,Wald + Wind,-0.031519439600095
Paderborn,PA-08,PA-01--PA-07,Vollstaendig,-0.028972861289193
Paderborn,PA-08,PA-01--PA-09,Gleichgewichtung,-0.0765882046897812
Paderborn,PA-08,PA-01--PA-09,1/d^2,-0.0840042890182841
Paderborn,PA-08,PA-01--PA-09,Wald + Wind,-0.1117541743099648
Paderborn,PA-08,PA-01--PA-09,Vollstaendig,-0.0918172140873723
Paderborn,PA-08,PA-01--PA-10,Gleichgewichtung,-0.0633175618153431
Paderborn,PA-08,PA-01--PA-10,1/d^2,-0.0890032597235888
Paderborn,PA-08,PA-01--PA-10,Wald + Wind,-0.090005618113462
Paderborn,PA-08,PA-01--PA-10,Vollstaendig,-0.0726321335097439
Paderborn,PA-08,PA-01--PA-11,Gleichgewichtung,-0.0148609288894488
Paderborn,PA-08,PA-01--PA-11,1/d^2,-0.0129909446246621
Paderborn,PA-08,PA-01--PA-11,Wald + Wind,-0.0112891386829647
Paderborn,PA-08,PA-01--PA-11,Vollstaendig,-0.0134848357160248
Paderborn,PA-08,PA-01--PA-12,Gleichgewichtung,-0.0813253806750093
Paderborn,PA-08,PA-01--PA-12,1/d^2,-0.0935338302071562
Paderborn,PA-08,PA-01--PA-12,Wald + Wind,-0.1014125425675541
Paderborn,PA-08,PA-01--PA-12,Vollstaendig,-0.0919528680678477
Paderborn,PA-08,PA-02--PA-03,Gleichgewichtung,0.058265422834133
Paderborn,PA-08,PA-02--PA-03,1/d^2,0.0322489377429833
Paderborn,PA-08,PA-02--PA-03,Wald + Wind,0.0224996942260815
Paderborn,PA-08,PA-02--PA-03,Vollstaendig,0.0459611902394639
Paderborn,PA-08,PA-02--PA-04,Gleichgewichtung,0.0797417327374306
Paderborn,PA-08,PA-02--PA-04,1/d^2,0.0634600636912004
Paderborn,PA-08,PA-02--PA-04,Wald + Wind,0.0640110706003391
Paderborn,PA-08,PA-02--PA-04,Vollstaendig,0.0763843324100779
Paderborn,PA-08,PA-02--PA-05,Gleichgewichtung,0.0622443969202878
Paderborn,PA-08,PA-02--PA-05,1/d^2,0.0200457693997714
Paderborn,PA-08,PA-02--PA-05,Wald + Wind,0.0271523138620572
Paderborn,PA-08,PA-02--PA-05,Vollstaendig,0.0512959369472994
Paderborn,PA-08,PA-02--PA-06,Gleichgewichtung,0.0113504627207546
Paderborn,PA-08,PA-02--PA-06,1/d^2,-0.0675449068441941
Paderborn,PA-08,PA-02--PA-06,Wald + Wind,-0.0726741277933679
Paderborn,PA-08,PA-02--PA-06,Vollstaendig,-0.0107883593599965
Paderborn,PA-08,PA-02--PA-07,Gleichgewichtung,0.0393833245022862
Paderborn,PA-08,PA-02--PA-07,1/d^2,-0.0304610278409951
Paderborn,PA-08,PA-02--PA-07,Wald + Wind,-0.0169633181064192
Paderborn,PA-08,PA-02--PA-07,Vollstaendig,0.0198154910151266
Paderborn,PA-08,PA-02--PA-09,Gleichgewichtung,-0.0067297061010504
Paderborn,PA-08,PA-02--PA-09,1/d^2,-0.0245309260260463
Paderborn,PA-08,PA-02--PA-09,Wald + Wind,-0.0979287740358879
Paderborn,PA-08,PA-02--PA-09,Vollstaendig,-0.0388303735298481
Paderborn,PA-08,PA-02--PA-10,Gleichgewichtung,0.0056510296853359
Paderborn,PA-08,PA-02--PA-10,1/d^2,-0.0603932410688612
Paderborn,PA-08,PA-02--PA-10,Wald + Wind,-0.0751063457042328
Paderborn,PA-08,PA-02--PA-10,Vollstaendig,-0.0172424994547334
Paderborn,PA-08,PA-02--PA-11,Gleichgewichtung,0.0509503323538592
Paderborn,PA-08,PA-02--PA-11,1/d^2,0.0319648481655522
Paderborn,PA-08,PA-02--PA-11,Wald + Wind,0.0088324004827086
Paderborn,PA-08,PA-02--PA-11,Vollstaendig,0.0378490291076412
Paderborn,PA-08,PA-02--PA-12,Gleichgewichtung,-0.0111465377868845
Paderborn,PA-08,PA-02--PA-12,1/d^2,-0.0381075663644727
Paderborn,PA-08,PA-02--PA-12,Wald + Wind,-0.0754048013570927
Paderborn,PA-08,PA-02--PA-12,Vollstaendig,-0.0323833235663967
Paderborn,PA-08,PA-03--PA-04,Gleichgewichtung,0.029253630475102
Paderborn,PA-08,PA-03--PA-04,1/d^2,0.031358767093736
Paderborn,PA-08,PA-03--PA-04,Wald + Wind,0.0240874666835557
Paderborn,PA-08,PA-03--PA-04,Vollstaendig,0.0264105601653143
Paderborn,PA-08,PA-03--PA-05,Gleichgewichtung,0.0108418149954188
Paderborn,PA-08,PA-03--PA-05,1/d^2,0.0138042931535682
Paderborn,PA-08,PA-03--PA-05,Wald + Wind,0.0112707759623623
Paderborn,PA-08,PA-03--PA-05,Vollstaendig,0.0108104579648475
Paderborn,PA-08,PA-03--PA-06,Gleichgewichtung,-0.0428098873440499
Paderborn,PA-08,PA-03--PA-06,1/d^2,-0.062982107210625
Paderborn,PA-08,PA-03--PA-06,Wald + Wind,-0.0545354926705681
Paderborn,PA-08,PA-03--PA-06,Vollstaendig,-0.0414306662270218
Paderborn,PA-08,PA-03--PA-07,Gleichgewichtung,-0.0132397353970908
Paderborn,PA-08,PA-03--PA-07,1/d^2,-0.031067871572151
Paderborn,PA-08,PA-03--PA-07,Wald + Wind,-0.0168008554552933
Paderborn,PA-08,PA-03--PA-07,Vollstaendig,-0.0139386943862622
Paderborn,PA-08,PA-03--PA-09,Gleichgewichtung,-0.0619059547357681
Paderborn,PA-08,PA-03--PA-09,1/d^2,-0.0343394529999301
Paderborn,PA-08,PA-03--PA-09,Wald + Wind,-0.0651880353112974
Paderborn,PA-08,PA-03--PA-09,Vollstaendig,-0.0632964483571048
Paderborn,PA-08,PA-03--PA-10,Gleichgewichtung,-0.0488274720851332
Paderborn,PA-08,PA-03--PA-10,1/d^2,-0.0559533365124407
Paderborn,PA-08,PA-03--PA-10,Wald + Wind,-0.0518748403504145
Paderborn,PA-08,PA-03--PA-10,Vollstaendig,-0.0469252365080582
Paderborn,PA-08,PA-03--PA-11,Gleichgewichtung,-0.0010515296609775
Paderborn,PA-08,PA-03--PA-11,1/d^2,0.0006740225148104
Paderborn,PA-08,PA-03--PA-11,Wald + Wind,-0.0012431959666732
Paderborn,PA-08,PA-03--PA-11,Vollstaendig,-0.0008981926986137
Paderborn,PA-08,PA-03--PA-12,Gleichgewichtung,-0.0665739250209724
Paderborn,PA-08,PA-03--PA-12,1/d^2,-0.0414223107664246
Paderborn,PA-08,PA-03--PA-12,Wald + Wind,-0.0432032633157764
Paderborn,PA-08,PA-03--PA-12,Vollstaendig,-0.0605685837527725
Paderborn,PA-08,PA-04--PA-05,Gleichgewichtung,0.0333494930149874
Paderborn,PA-08,PA-04--PA-05,1/d^2,0.0212943289933016
Paderborn,PA-08,PA-04--PA-05,Wald + Wind,0.0274179020847714
Paderborn,PA-08,PA-04--PA-05,Vollstaendig,0.0311731766691099
Paderborn,PA-08,PA-04--PA-06,Gleichgewichtung,-0.0190762613091095
Paderborn,PA-08,PA-04--PA-06,1/d^2,-0.0420388528765051
Paderborn,PA-08,PA-04--PA-06,Wald + Wind,-0.0515061538609515
Paderborn,PA-08,PA-04--PA-06,Vollstaendig,-0.026412387721144
Paderborn,PA-08,PA-04--PA-07,Gleichgewichtung,0.0098102665813753
Paderborn,PA-08,PA-04--PA-07,1/d^2,-0.0271855836861064
Paderborn,PA-08,PA-04--PA-07,Wald + Wind,-0.0069380903155528
Paderborn,PA-08,PA-04--PA-07,Vollstaendig,0.0029527500705538
Paderborn,PA-08,PA-04--PA-09,Gleichgewichtung,-0.0377202441982975
Paderborn,PA-08,PA-04--PA-09,1/d^2,0.0051958101278175
Paderborn,PA-08,PA-04--PA-09,Wald + Wind,-0.0635627155986662
Paderborn,PA-08,PA-04--PA-09,Vollstaendig,-0.0514396612976694
Paderborn,PA-08,PA-04--PA-10,Gleichgewichtung,-0.024952292935361
Paderborn,PA-08,PA-04--PA-10,1/d^2,-0.0273757457312164
Paderborn,PA-08,PA-04--PA-10,Wald + Wind,-0.0474425414102164
Paderborn,PA-08,PA-04--PA-10,Vollstaendig,-0.0324388503495031
Paderborn,PA-08,PA-04--PA-11,Gleichgewichtung,0.0217223947534369
Paderborn,PA-08,PA-04--PA-11,1/d^2,0.031034391967642
Paderborn,PA-08,PA-04--PA-11,Wald + Wind,0.0140565357662863
Paderborn,PA-08,PA-04--PA-11,Vollstaendig,0.0184845057999681
Paderborn,PA-08,PA-04--PA-12,Gleichgewichtung,-0.0422764161287407
Paderborn,PA-08,PA-04--PA-12,1/d^2,-0.0022188860235412
Paderborn,PA-08,PA-04--PA-12,Wald + Wind,-0.0337833825314528
Paderborn,PA-08,PA-04--PA-12,Vollstaendig,-0.0470229790859103
Paderborn,PA-08,PA-05--PA-06,Gleichgewichtung,-0.0384086397503867
Paderborn,PA-08,PA-05--PA-06,1/d^2,-0.0146376168567818
Paderborn,PA-08,PA-05--PA-06,Wald + Wind,-0.0455867493411965
Paderborn,PA-08,PA-05--PA-06,Vollstaendig,-0.0373269540735401
Paderborn,PA-08,PA-05--PA-07,Gleichgewichtung,-0.0089664543711224
Paderborn,PA-08,PA-05--PA-07,1/d^2,-0.0199918729460856
Paderborn,PA-08,PA-05--PA-07,Wald + Wind,-0.0108047295696004
Paderborn,PA-08,PA-05--PA-07,Vollstaendig,-0.0099927817416055
Paderborn,PA-08,PA-05--PA-09,Gleichgewichtung,-0.0574200430523712
Paderborn,PA-08,PA-05--PA-09,1/d^2,0.0053578279862314
Paderborn,PA-08,PA-05--PA-09,Wald + Wind,-0.0531677940576858
Paderborn,PA-08,PA-05--PA-09,Vollstaendig,-0.0594562229875989
Paderborn,PA-08,PA-05--PA-10,Gleichgewichtung,-0.0443997184881097
Paderborn,PA-08,PA-05--PA-10,1/d^2,-0.0058574870895554
Paderborn,PA-08,PA-05--PA-10,Wald + Wind,-0.0413701789456022
Paderborn,PA-08,PA-05--PA-10,Vollstaendig,-0.0428166275375616
Paderborn,PA-08,PA-05--PA-11,Gleichgewichtung,0.0031700929709657
Paderborn,PA-08,PA-05--PA-11,1/d^2,0.0127194161425638
Paderborn,PA-08,PA-05--PA-11,Wald + Wind,0.0040995353389351
Paderborn,PA-08,PA-05--PA-11,Vollstaendig,0.0033169762161433
Paderborn,PA-08,PA-05--PA-12,Gleichgewichtung,-0.0620670715115945
Paderborn,PA-08,PA-05--PA-12,1/d^2,0.0033813241953692
Paderborn,PA-08,PA-05--PA-12,Wald + Wind,-0.0304362868755543
Paderborn,PA-08,PA-05--PA-12,Vollstaendig,-0.0563283319143557
Paderborn,PA-08,PA-06--PA-07,Gleichgewichtung,-0.0637214231468899
Paderborn,PA-08,PA-06--PA-07,1/d^2,-0.0412066474195577
Paderborn,PA-08,PA-06--PA-07,Wald + Wind,-0.0654148532580349
Paderborn,PA-08,PA-06--PA-07,Vollstaendig,-0.061825101793194
Paderborn,PA-08,PA-06--PA-09,Gleichgewichtung,-0.1149731240756798
Paderborn,PA-08,PA-06--PA-09,1/d^2,-0.1012045879471618
Paderborn,PA-08,PA-06--PA-09,Wald + Wind,-0.1112050447948889
Paderborn,PA-08,PA-06--PA-09,Vollstaendig,-0.1159245283483194
Paderborn,PA-08,PA-06--PA-10,Gleichgewichtung,-0.1011867493608891
Paderborn,PA-08,PA-06--PA-10,1/d^2,-0.099386789367408
Paderborn,PA-08,PA-06--PA-10,Wald + Wind,-0.100050505439916
Paderborn,PA-08,PA-06--PA-10,Vollstaendig,-0.1011475535590626
Paderborn,PA-08,PA-06--PA-11,Gleichgewichtung,-0.0509061682375687
Paderborn,PA-08,PA-06--PA-11,1/d^2,-0.0755945177656914
Paderborn,PA-08,PA-06--PA-11,Wald + Wind,-0.0598139857266185
Paderborn,PA-08,PA-06--PA-11,Vollstaendig,-0.0505883271585783
Paderborn,PA-08,PA-06--PA-12,Gleichgewichtung,-0.119896128173188
Paderborn,PA-08,PA-06--PA-12,1/d^2,-0.1036911756801914
Paderborn,PA-08,PA-06--PA-12,Wald + Wind,-0.1071677977405216
Paderborn,PA-08,PA-06--PA-12,Vollstaendig,-0.1185735213942584
Paderborn,PA-08,PA-07--PA-09,Gleichgewichtung,-0.083224983774285
Paderborn,PA-08,PA-07--PA-09,1/d^2,-0.0361691411659644
Paderborn,PA-08,PA-07--PA-09,Wald + Wind,-0.0765312789332471
Paderborn,PA-08,PA-07--PA-09,Vollstaendig,-0.0824506134762357
Paderborn,PA-08,PA-07--PA-10,Gleichgewichtung,-0.069866561274848
Paderborn,PA-08,PA-07--PA-10,1/d^2,-0.0389797730428831
Paderborn,PA-08,PA-07--PA-10,Wald + Wind,-0.0652607807481804
Paderborn,PA-08,PA-07--PA-10,Vollstaendig,-0.0673510669663506
Paderborn,PA-08,PA-07--PA-11,Gleichgewichtung,-0.021099183565784
Paderborn,PA-08,PA-07--PA-11,1/d^2,-0.0325571634782018
Paderborn,PA-08,PA-07--PA-11,Wald + Wind,-0.0229897549404618
Paderborn,PA-08,PA-07--PA-11,Vollstaendig,-0.021773840429098
Paderborn,PA-08,PA-07--PA-12,Gleichgewichtung,-0.0879937792431119
Paderborn,PA-08,PA-07--PA-12,1/d^2,-0.0368202665459672
Paderborn,PA-08,PA-07--PA-12,Wald + Wind,-0.0624276179375549
Paderborn,PA-08,PA-07--PA-12,Vollstaendig,-0.0816478313354226
Paderborn,PA-08,PA-09--PA-10,Gleichgewichtung,-0.1214424689972736
Paderborn,PA-08,PA-09--PA-10,1/d^2,-0.1145625270755657
Paderborn,PA-08,PA-09--PA-10,Wald + Wind,-0.1213421624507714
Paderborn,PA-08,PA-09--PA-10,Vollstaendig,-0.1221821745989795
Paderborn,PA-08,PA-09--PA-11,Gleichgewichtung,-0.0701589742674706
Paderborn,PA-08,PA-09--PA-11,1/d^2,-0.0583978571558362
Paderborn,PA-08,PA-09--PA-11,Wald + Wind,-0.0715149210928177
Paderborn,PA-08,PA-09--PA-11,Vollstaendig,-0.0726543143852545
Paderborn,PA-08,PA-09--PA-12,Gleichgewichtung,-0.1405383624027508
Paderborn,PA-08,PA-09--PA-12,1/d^2,-0.1408786366276152
Paderborn,PA-08,PA-09--PA-12,Wald + Wind,-0.1387647863009127
Paderborn,PA-08,PA-09--PA-12,Vollstaendig,-0.1400411776026266
Paderborn,PA-08,PA-10--PA-11,Gleichgewichtung,-0.056972819476956
Paderborn,PA-08,PA-10--PA-11,1/d^2,-0.0738076003036097
Paderborn,PA-08,PA-10--PA-11,Wald + Wind,-0.0583845081388163
Paderborn,PA-08,PA-10--PA-11,Vollstaendig,-0.0563042025351829
Paderborn,PA-08,PA-10--PA-12,Gleichgewichtung,-0.1263975042404511
Paderborn,PA-08,PA-10--PA-12,1/d^2,-0.1180438711550566
Paderborn,PA-08,PA-10--PA-12,Wald + Wind,-0.1196037556647204
Paderborn,PA-08,PA-10--PA-12,Vollstaendig,-0.1255229581301676
Paderborn,PA-08,PA-11--PA-12,Gleichgewichtung,-0.0748657199949227
Paderborn,PA-08,PA-11--PA-12,1/d^2,-0.0666376333509931
Paderborn,PA-08,PA-11--PA-12,Wald + Wind,-0.0523532653339118
Paderborn,PA-08,PA-11--PA-12,Vollstaendig,-0.0708080259383348
Paderborn,PA-09,PA-01--PA-02,Gleichgewichtung,0.1807694684293372
Paderborn,PA-09,PA-01--PA-02,1/d^2,0.1767738276489832
Paderborn,PA-09,PA-01--PA-02,Wald + Wind,0.1806851006189605
Paderborn,PA-09,PA-01--PA-02,Vollstaendig,0.1863501233236917
Paderborn,PA-09,PA-01--PA-03,Gleichgewichtung,0.1284627710047136
Paderborn,PA-09,PA-01--PA-03,1/d^2,0.1309527325832598
Paderborn,PA-09,PA-01--PA-03,Wald + Wind,0.1368701942006101
Paderborn,PA-09,PA-01--PA-03,Vollstaendig,0.1320640907931615
Paderborn,PA-09,PA-01--PA-04,Gleichgewichtung,0.1513721608216173
Paderborn,PA-09,PA-01--PA-04,1/d^2,0.1637403183792166
Paderborn,PA-09,PA-01--PA-04,Wald + Wind,0.1700182297046419
Paderborn,PA-09,PA-01--PA-04,Vollstaendig,0.1567187630015765
Paderborn,PA-09,PA-01--PA-05,Gleichgewichtung,0.1327097398658094
Paderborn,PA-09,PA-01--PA-05,1/d^2,0.1419071791031843
Paderborn,PA-09,PA-01--PA-05,Wald + Wind,0.1450742273683274
Paderborn,PA-09,PA-01--PA-05,Vollstaendig,0.1373407469517894
Paderborn,PA-09,PA-01--PA-06,Gleichgewichtung,0.0783005234675849
Paderborn,PA-09,PA-01--PA-06,1/d^2,0.0493522915030422
Paderborn,PA-09,PA-01--PA-06,Wald + Wind,0.0479464588988265
Paderborn,PA-09,PA-01--PA-06,Vollstaendig,0.0688123767535387
Paderborn,PA-09,PA-01--PA-07,Gleichgewichtung,0.1082932724618273
Paderborn,PA-09,PA-01--PA-07,1/d^2,0.1042389298399913
Paderborn,PA-09,PA-01--PA-07,Wald + Wind,0.103445928268989
Paderborn,PA-09,PA-01--PA-07,Vollstaendig,0.106289706900047
Paderborn,PA-09,PA-01--PA-08,Gleichgewichtung,0.1250961480603835
Paderborn,PA-09,PA-01--PA-08,1/d^2,0.1306979742922052
Paderborn,PA-09,PA-01--PA-08,Wald + Wind,0.1327724689631475
Paderborn,PA-09,PA-01--PA-08,Vollstaendig,0.1283897193773958
Paderborn,PA-09,PA-01--PA-10,Gleichgewichtung,0.072195376154182
Paderborn,PA-09,PA-01--PA-10,1/d^2,0.0332012767044295
Paderborn,PA-09,PA-01--PA-10,Wald + Wind,0.0402384251200087
Paderborn,PA-09,PA-01--PA-10,Vollstaendig,0.0618595357002814
Paderborn,PA-09,PA-01--PA-11,Gleichgewichtung,0.1206520090800763
Paderborn,PA-09,PA-01--PA-11,1/d^2,0.1258531732347768
Paderborn,PA-09,PA-01--PA-11,Wald + Wind,0.1247178522619463
Paderborn,PA-09,PA-01--PA-11,Vollstaendig,0.1223220628214189
Paderborn,PA-09,PA-01--PA-12,Gleichgewichtung,0.0541875572945156
Paderborn,PA-09,PA-01--PA-12,1/d^2,-0.0032118407947602
Paderborn,PA-09,PA-01--PA-12,Wald + Wind,0.0231287521649273
Paderborn,PA-09,PA-01--PA-12,Vollstaendig,0.0398973808765449
Paderborn,PA-09,PA-02--PA-03,Gleichgewichtung,0.1937783608036583
Paderborn,PA-09,PA-02--PA-03,1/d^2,0.181619491417259
Paderborn,PA-09,PA-02--PA-03,Wald + Wind,0.1624693958756753
Paderborn,PA-09,PA-02--PA-03,Vollstaendig,0.1847739160660455
Paderborn,PA-09,PA-02--PA-04,Gleichgewichtung,0.2152546707069558
Paderborn,PA-09,PA-02--PA-04,1/d^2,0.2040494155771064
Paderborn,PA-09,PA-02--PA-04,Wald + Wind,0.2005422057223578
Paderborn,PA-09,PA-02--PA-04,Vollstaendig,0.2135235353116767
Paderborn,PA-09,PA-02--PA-05,Gleichgewichtung,0.1977573348898129
Paderborn,PA-09,PA-02--PA-05,1/d^2,0.1716600074753408
Paderborn,PA-09,PA-02--PA-05,Wald + Wind,0.1652761214914032
Paderborn,PA-09,PA-02--PA-05,Vollstaendig,0.18966109818716
Paderborn,PA-09,PA-02--PA-06,Gleichgewichtung,0.1468634006902796
Paderborn,PA-09,PA-02--PA-06,1/d^2,0.0632131746905757
Paderborn,PA-09,PA-02--PA-06,Wald + Wind,0.0617381519688366
Paderborn,PA-09,PA-02--PA-06,Vollstaendig,0.1293662582214113
Paderborn,PA-09,PA-02--PA-07,Gleichgewichtung,0.1748962624718114
Paderborn,PA-09,PA-02--PA-07,1/d^2,0.1260593145241852
Paderborn,PA-09,PA-02--PA-07,Wald + Wind,0.1193323221443995
Paderborn,PA-09,PA-02--PA-07,Vollstaendig,0.1580803194176304
Paderborn,PA-09,PA-02--PA-08,Gleichgewichtung,0.1906249394242287
Paderborn,PA-09,PA-02--PA-08,1/d^2,0.1590654249124261
Paderborn,PA-09,PA-02--PA-08,Wald + Wind,0.1503316250019739
Paderborn,PA-09,PA-02--PA-08,Vollstaendig,0.1779910411357152
Paderborn,PA-09,PA-02--PA-10,Gleichgewichtung,0.141163967654861
Paderborn,PA-09,PA-02--PA-10,1/d^2,0.0402793790479144
Paderborn,PA-09,PA-02--PA-10,Wald + Wind,0.0601197997094215
Paderborn,PA-09,PA-02--PA-10,Vollstaendig,0.1246098354842231
Paderborn,PA-09,PA-02--PA-11,Gleichgewichtung,0.1864632703233843
Paderborn,PA-09,PA-02--PA-11,1/d^2,0.1343446314189488
Paderborn,PA-09,PA-02--PA-11,Wald + Wind,0.1466612344958397
Paderborn,PA-09,PA-02--PA-11,Vollstaendig,0.1752077842144156
Paderborn,PA-09,PA-02--PA-12,Gleichgewichtung,0.1243664001826406
Paderborn,PA-09,PA-02--PA-12,1/d^2,0.0031002195356458
Paderborn,PA-09,PA-02--PA-12,Wald + Wind,0.0604323079300626
Paderborn,PA-09,PA-02--PA-12,Vollstaendig,0.1061562248576641
Paderborn,PA-09,PA-03--PA-04,Gleichgewichtung,0.1647665684446273
Paderborn,PA-09,PA-03--PA-04,1/d^2,0.1686605474767128
Paderborn,PA-09,PA-03--PA-04,Wald + Wind,0.1617749998429462
Paderborn,PA-09,PA-03--PA-04,Vollstaendig,0.1621329190392541
Paderborn,PA-09,PA-03--PA-05,Gleichgewichtung,0.1463547529649438
Paderborn,PA-09,PA-03--PA-05,1/d^2,0.147889611918337
Paderborn,PA-09,PA-03--PA-05,Wald + Wind,0.1469358022014662
Paderborn,PA-09,PA-03--PA-05,Vollstaendig,0.1463400457381899
Paderborn,PA-09,PA-03--PA-06,Gleichgewichtung,0.0927030506254753
Paderborn,PA-09,PA-03--PA-06,1/d^2,0.0572020896325582
Paderborn,PA-09,PA-03--PA-06,Wald + Wind,0.0726548414029972
Paderborn,PA-09,PA-03--PA-06,Vollstaendig,0.0930192090034273
Paderborn,PA-09,PA-03--PA-07,Gleichgewichtung,0.1222732025724341
Paderborn,PA-09,PA-03--PA-07,1/d^2,0.1117173772561887
Paderborn,PA-09,PA-03--PA-07,Wald + Wind,0.1163387270712652
Paderborn,PA-09,PA-03--PA-07,Vollstaendig,0.121036353869265
Paderborn,PA-09,PA-03--PA-08,Gleichgewichtung,0.1388447315866156
Paderborn,PA-09,PA-03--PA-08,1/d^2,0.1375334333821792
Paderborn,PA-09,PA-03--PA-08,Wald + Wind,0.1380942500891573
Paderborn,PA-09,PA-03--PA-08,Vollstaendig,0.1386505595376385
Paderborn,PA-09,PA-03--PA-10,Gleichgewichtung,0.0866854658843918
Paderborn,PA-09,PA-03--PA-10,1/d^2,0.0377970310938542
Paderborn,PA-09,PA-03--PA-10,Wald + Wind,0.0748346383463507
Paderborn,PA-09,PA-03--PA-10,Vollstaendig,0.0881403580847587
Paderborn,PA-09,PA-03--PA-11,Gleichgewichtung,0.1344614083085477
Paderborn,PA-09,PA-03--PA-11,1/d^2,0.1282220987267622
Paderborn,PA-09,PA-03--PA-11,Wald + Wind,0.1336739245170704
Paderborn,PA-09,PA-03--PA-11,Vollstaendig,0.1343434729070532
Paderborn,PA-09,PA-03--PA-12,Gleichgewichtung,0.0689390129485527
Paderborn,PA-09,PA-03--PA-12,1/d^2,0.0018731999389515
Paderborn,PA-09,PA-03--PA-12,Wald + Wind,0.0819562781461367
Paderborn,PA-09,PA-03--PA-12,Vollstaendig,0.0716447245837545
Paderborn,PA-09,PA-04--PA-05,Gleichgewichtung,0.1688624309845126
Paderborn,PA-09,PA-04--PA-05,1/d^2,0.1651115601076254
Paderborn,PA-09,PA-04--PA-05,Wald + Wind,0.1639864187539686
Paderborn,PA-09,PA-04--PA-05,Vollstaendig,0.1667849729197184
Paderborn,PA-09,PA-04--PA-06,Gleichgewichtung,0.1164366766604156
Paderborn,PA-09,PA-04--PA-06,1/d^2,0.072939213128652
Paderborn,PA-09,PA-04--PA-06,Wald + Wind,0.0793446548687137
Paderborn,PA-09,PA-04--PA-06,Vollstaendig,0.1082641884466135
Paderborn,PA-09,PA-04--PA-07,Gleichgewichtung,0.1453232045509005
Paderborn,PA-09,PA-04--PA-07,1/d^2,0.1289435446461388
Paderborn,PA-09,PA-04--PA-07,Wald + Wind,0.1276938857166651
Paderborn,PA-09,PA-04--PA-07,Vollstaendig,0.1377468378327086
Paderborn,PA-09,PA-04--PA-08,Gleichgewichtung,0.1615201698025683
Paderborn,PA-09,PA-04--PA-08,1/d^2,0.155453817818643
Paderborn,PA-09,PA-04--PA-08,Wald + Wind,0.1525282434448284
Paderborn,PA-09,PA-04--PA-08,Vollstaendig,0.1570209904421171
Paderborn,PA-09,PA-04--PA-10,Gleichgewichtung,0.110560645034164
Paderborn,PA-09,PA-04--PA-10,1/d^2,0.0471442016436385
Paderborn,PA-09,PA-04--PA-10,Wald + Wind,0.0839606572962587
Paderborn,PA-09,PA-04--PA-10,Vollstaendig,0.1032028509542239
Paderborn,PA-09,PA-04--PA-11,Gleichgewichtung,0.1572353327229619
Paderborn,PA-09,PA-04--PA-11,1/d^2,0.1349578000817247
Paderborn,PA-09,PA-04--PA-11,Wald + Wind,0.1502244552409314
Paderborn,PA-09,PA-04--PA-11,Vollstaendig,0.1532360974055832
Paderborn,PA-09,PA-04--PA-12,Gleichgewichtung,0.0932365218407845
Paderborn,PA-09,PA-04--PA-12,1/d^2,0.0116509420762681
Paderborn,PA-09,PA-04--PA-12,Wald + Wind,0.0971265128319101
Paderborn,PA-09,PA-04--PA-12,Vollstaendig,0.0851178173906496
Paderborn,PA-09,PA-05--PA-06,Gleichgewichtung,0.0971042982191385
Paderborn,PA-09,PA-05--PA-06,1/d^2,0.07329293900289
Paderborn,PA-09,PA-05--PA-06,Wald + Wind,0.0823475408741298
Paderborn,PA-09,PA-05--PA-06,Vollstaendig,0.0972534459332222
Paderborn,PA-09,PA-05--PA-07,Gleichgewichtung,0.1265464835984024
Paderborn,PA-09,PA-05--PA-07,1/d^2,0.121873691220816
Paderborn,PA-09,PA-05--PA-07,Wald + Wind,0.1226044173198474
Paderborn,PA-09,PA-05--PA-07,Vollstaendig,0.1249670396190817
Paderborn,PA-09,PA-05--PA-08,Gleichgewichtung,0.1430479287287256
Paderborn,PA-09,PA-05--PA-08,1/d^2,0.1428149338311617
Paderborn,PA-09,PA-05--PA-08,Wald + Wind,0.1423772830673921
Paderborn,PA-09,PA-05--PA-08,Vollstaendig,0.1425833430842727
Paderborn,PA-09,PA-05--PA-10,Gleichgewichtung,0.0911132194814153
Paderborn,PA-09,PA-05--PA-10,1/d^2,0.0487903264567668
Paderborn,PA-09,PA-05--PA-10,Wald + Wind,0.0868514092188505
Paderborn,PA-09,PA-05--PA-10,Vollstaendig,0.0924593556961403
Paderborn,PA-09,PA-05--PA-11,Gleichgewichtung,0.1386830309404909
Paderborn,PA-09,PA-05--PA-11,1/d^2,0.13126844133368
Paderborn,PA-09,PA-05--PA-11,Wald + Wind,0.1391330497271424
Paderborn,PA-09,PA-05--PA-11,Vollstaendig,0.1384594355073227
Paderborn,PA-09,PA-05--PA-12,Gleichgewichtung,0.0734458664579307
Paderborn,PA-09,PA-05--PA-12,1/d^2,0.0149830431153398
Paderborn,PA-09,PA-05--PA-12,Wald + Wind,0.0975283965326117
Paderborn,PA-09,PA-05--PA-12,Vollstaendig,0.0760185354419423
Paderborn,PA-09,PA-06--PA-07,Gleichgewichtung,0.0717915148226353
Paderborn,PA-09,PA-06--PA-07,1/d^2,0.0638548088727992
Paderborn,PA-09,PA-06--PA-07,Wald + Wind,0.0684277835040247
Paderborn,PA-09,PA-06--PA-07,Vollstaendig,0.0738651037169731
Paderborn,PA-09,PA-06--PA-08,Gleichgewichtung,0.0892136456603582
Paderborn,PA-09,PA-06--PA-08,1/d^2,0.0699256212766066
Paderborn,PA-09,PA-06--PA-08,Wald + Wind,0.0805530987420706
Paderborn,PA-09,PA-06--PA-08,Vollstaendig,0.092269401968633
Paderborn,PA-09,PA-06--PA-10,Gleichgewichtung,0.0343261886086361
Paderborn,PA-09,PA-06--PA-10,1/d^2,0.0320997003063856
Paderborn,PA-09,PA-06--PA-10,Wald + Wind,0.035605032143679
Paderborn,PA-09,PA-06--PA-10,Vollstaendig,0.0344488595038229
Paderborn,PA-09,PA-06--PA-11,Gleichgewichtung,0.0846067697319565
Paderborn,PA-09,PA-06--PA-11,1/d^2,0.0957436966351393
Paderborn,PA-09,PA-06--PA-11,Wald + Wind,0.0715529787307471
Paderborn,PA-09,PA-06--PA-11,Vollstaendig,0.0855298577703912
Paderborn,PA-09,PA-06--PA-12,Gleichgewichtung,0.015616809796337
Paderborn,PA-09,PA-06--PA-12,1/d^2,0.0053654064486074
Paderborn,PA-09,PA-06--PA-12,Wald + Wind,0.0289270915153991
Paderborn,PA-09,PA-06--PA-12,Vollstaendig,0.0163631031891908
Paderborn,PA-09,PA-07--PA-08,Gleichgewichtung,0.1188856416185627
Paderborn,PA-09,PA-07--PA-08,1/d^2,0.1161655322578694
Paderborn,PA-09,PA-07--PA-08,Wald + Wind,0.1176464191873121
Paderborn,PA-09,PA-07--PA-08,Vollstaendig,0.1188325863439604
Paderborn,PA-09,PA-07--PA-10,Gleichgewichtung,0.0656463766946769
Paderborn,PA-09,PA-07--PA-10,1/d^2,0.0448091293032739
Paderborn,PA-09,PA-07--PA-10,Wald + Wind,0.0691067251246234
Paderborn,PA-09,PA-07--PA-10,Vollstaendig,0.0688567165748082
Paderborn,PA-09,PA-07--PA-11,Gleichgewichtung,0.1144137544037413
Paderborn,PA-09,PA-07--PA-11,1/d^2,0.1204003162822487
Paderborn,PA-09,PA-07--PA-11,Wald + Wind,0.1119552586780034
Paderborn,PA-09,PA-07--PA-11,Vollstaendig,0.1138411214770297
Paderborn,PA-09,PA-07--PA-12,Gleichgewichtung,0.0475191587264131
Paderborn,PA-09,PA-07--PA-12,1/d^2,0.0134767199390067
Paderborn,PA-09,PA-07--PA-12,Wald + Wind,0.0720864241748701
Paderborn,PA-09,PA-07--PA-12,Vollstaendig,0.0529318287628189
Paderborn,PA-09,PA-08--PA-10,Gleichgewichtung,0.0831749628136083
Paderborn,PA-09,PA-08--PA-10,1/d^2,0.0470792868557154
Paderborn,PA-09,PA-08--PA-10,Wald + Wind,0.0842468882054855
Paderborn,PA-09,PA-08--PA-10,Vollstaendig,0.0876658056078611
Paderborn,PA-09,PA-08--PA-11,Gleichgewichtung,0.1311149537910967
Paderborn,PA-09,PA-08--PA-11,1/d^2,0.1284643493974561
Paderborn,PA-09,PA-08--PA-11,Wald + Wind,0.1316730888943042
Paderborn,PA-09,PA-08--PA-11,Vollstaendig,0.1313051706467163
Paderborn,PA-09,PA-08--PA-12,Gleichgewichtung,0.0653655423846517
Paderborn,PA-09,PA-08--PA-12,1/d^2,0.013703767317506
Paderborn,PA-09,PA-08--PA-12,Wald + Wind,0.0928232958977419
Paderborn,PA-09,PA-08--PA-12,Vollstaendig,0.0721611473627856
Paderborn,PA-09,PA-10--PA-11,Gleichgewichtung,0.0785401184925692
Paderborn,PA-09,PA-10--PA-11,1/d^2,0.0736883791370287
Paderborn,PA-09,PA-10--PA-11,Wald + Wind,0.0732485049602879
Paderborn,PA-09,PA-10--PA-11,Vollstaendig,0.0805487394939042
Paderborn,PA-09,PA-10--PA-12,Gleichgewichtung,0.009115433729074
Paderborn,PA-09,PA-10--PA-12,1/d^2,0.007955737544015
Paderborn,PA-09,PA-10--PA-12,Wald + Wind,0.0160472816517831
Paderborn,PA-09,PA-10--PA-12,Vollstaendig,0.0093083431333732
Paderborn,PA-09,PA-11--PA-12,Gleichgewichtung,0.0606472179746023
Paderborn,PA-09,PA-11--PA-12,1/d^2,0.0497912832255573
Paderborn,PA-09,PA-11--PA-12,Wald + Wind,0.078882267374135
Paderborn,PA-09,PA-11--PA-12,Vollstaendig,0.0641154825517684
Paderborn,PA-10,PA-01--PA-02,Gleichgewichtung,0.1528237647209559
Paderborn,PA-10,PA-01--PA-02,1/d^2,0.1498313997943614
Paderborn,PA-10,PA-01--PA-02,Wald + Wind,0.1539769647735513
Paderborn,PA-10,PA-01--PA-02,Vollstaendig,0.1485449472603413
Paderborn,PA-10,PA-01--PA-03,Gleichgewichtung,0.1005170672963325
Paderborn,PA-10,PA-01--PA-03,1/d^2,0.1043740864463543
Paderborn,PA-10,PA-01--PA-03,Wald + Wind,0.107007834120555
Paderborn,PA-10,PA-01--PA-03,Vollstaendig,0.1023488515454845
Paderborn,PA-10,PA-01--PA-04,Gleichgewichtung,0.1234264571132361
Paderborn,PA-10,PA-01--PA-04,1/d^2,0.1387060013655703
Paderborn,PA-10,PA-01--PA-04,Wald + Wind,0.1403899168472005
Paderborn,PA-10,PA-01--PA-04,Vollstaendig,0.128298148265298
Paderborn,PA-10,PA-01--PA-05,Gleichgewichtung,0.1047640361574281
Paderborn,PA-10,PA-01--PA-05,1/d^2,0.1168539445707554
Paderborn,PA-10,PA-01--PA-05,Wald + Wind,0.1147925163904709
Paderborn,PA-10,PA-01--PA-05,Vollstaendig,0.1071685950124385
Paderborn,PA-10,PA-01--PA-06,Gleichgewichtung,0.0503548197592035
Paderborn,PA-10,PA-01--PA-06,1/d^2,0.0170735768412838
Paderborn,PA-10,PA-01--PA-06,Wald + Wind,0.0220105761435844
Paderborn,PA-10,PA-01--PA-06,Vollstaendig,0.0422088619345954
Paderborn,PA-10,PA-01--PA-07,Gleichgewichtung,0.0803475687534461
Paderborn,PA-10,PA-01--PA-07,1/d^2,0.0750201297987389
Paderborn,PA-10,PA-01--PA-07,Wald + Wind,0.0765702861343527
Paderborn,PA-10,PA-01--PA-07,Vollstaendig,0.0791583902626121
Paderborn,PA-10,PA-01--PA-08,Gleichgewichtung,0.0971504443520022
Paderborn,PA-10,PA-01--PA-08,1/d^2,0.1050747041832302
Paderborn,PA-10,PA-01--PA-08,Wald + Wind,0.1045876481096728
Paderborn,PA-10,PA-01--PA-08,Vollstaendig,0.0992243778216658
Paderborn,PA-10,PA-01--PA-09,Gleichgewichtung,0.0309790295713627
Paderborn,PA-10,PA-01--PA-09,1/d^2,-0.0187225662025076
Paderborn,PA-10,PA-01--PA-09,Wald + Wind,-0.0098561423408056
Paderborn,PA-10,PA-01--PA-09,Vollstaendig,0.0212639844867905
Paderborn,PA-10,PA-01--PA-11,Gleichgewichtung,0.0927063053716951
Paderborn,PA-10,PA-01--PA-11,1/d^2,0.098277968269828
Paderborn,PA-10,PA-01--PA-11,Wald + Wind,0.0968520746020726
Paderborn,PA-10,PA-01--PA-11,Vollstaendig,0.0934990245129711
Paderborn,PA-10,PA-01--PA-12,Gleichgewichtung,0.0262418535861343
Paderborn,PA-10,PA-01--PA-12,1/d^2,-0.0305522524100792
Paderborn,PA-10,PA-01--PA-12,Wald + Wind,-0.0063102349552327
Paderborn,PA-10,PA-01--PA-12,Vollstaendig,0.0214302381444557
Paderborn,PA-10,PA-02--PA-03,Gleichgewichtung,0.165832657095277
Paderborn,PA-10,PA-02--PA-03,1/d^2,0.1494754023554967
Paderborn,PA-10,PA-02--PA-03,Wald + Wind,0.1425314348327998
Paderborn,PA-10,PA-02--PA-03,Vollstaendig,0.1558331956117326
Paderborn,PA-10,PA-02--PA-04,Gleichgewichtung,0.1873089669985745
Paderborn,PA-10,PA-02--PA-04,1/d^2,0.174250714395191
Paderborn,PA-10,PA-02--PA-04,Wald + Wind,0.1743688629366222
Paderborn,PA-10,PA-02--PA-04,Vollstaendig,0.1816955537037388
Paderborn,PA-10,PA-02--PA-05,Gleichgewichtung,0.1698116311814317
Paderborn,PA-10,PA-02--PA-05,1/d^2,0.1369315308833803
Paderborn,PA-10,PA-02--PA-05,Wald + Wind,0.1441965529010188
Paderborn,PA-10,PA-02--PA-05,Vollstaendig,0.1605979945697871
Paderborn,PA-10,PA-02--PA-06,Gleichgewichtung,0.1189176969818985
Paderborn,PA-10,PA-02--PA-06,1/d^2,0.0243210279690107
Paderborn,PA-10,PA-02--PA-06,Wald + Wind,0.0404732767865242
Paderborn,PA-10,PA-02--PA-06,Vollstaendig,0.0900756557630049
Paderborn,PA-10,PA-02--PA-07,Gleichgewichtung,0.1469505587634304
Paderborn,PA-10,PA-02--PA-07,1/d^2,0.0848048033644856
Paderborn,PA-10,PA-02--PA-07,Wald + Wind,0.1047852939695871
Paderborn,PA-10,PA-02--PA-07,Vollstaendig,0.1290526533281638
Paderborn,PA-10,PA-02--PA-08,Gleichgewichtung,0.1626792357158475
Paderborn,PA-10,PA-02--PA-08,1/d^2,0.120021459534897
Paderborn,PA-10,PA-02--PA-08,Wald + Wind,0.1242033883875591
Paderborn,PA-10,PA-02--PA-08,Vollstaendig,0.1485600250415899
Paderborn,PA-10,PA-02--PA-09,Gleichgewichtung,0.1008375281600935
Paderborn,PA-10,PA-02--PA-09,1/d^2,-0.0088855573858092
Paderborn,PA-10,PA-02--PA-09,Wald + Wind,0.0137887801356312
Paderborn,PA-10,PA-02--PA-09,Vollstaendig,0.0722805717098547
Paderborn,PA-10,PA-02--PA-11,Gleichgewichtung,0.1585175666150031
Paderborn,PA-10,PA-02--PA-11,1/d^2,0.1031670219751158
Paderborn,PA-10,PA-02--PA-11,Wald + Wind,0.1185443505083546
Paderborn,PA-10,PA-02--PA-11,Vollstaendig,0.1470973837422415
Paderborn,PA-10,PA-02--PA-12,Gleichgewichtung,0.0964206964742593
Paderborn,PA-10,PA-02--PA-12,1/d^2,-0.0232504907986326
Paderborn,PA-10,PA-02--PA-12,Wald + Wind,0.0312958383937379
Paderborn,PA-10,PA-02--PA-12,Vollstaendig,0.0782629971178534
Paderborn,PA-10,PA-03--PA-04,Gleichgewichtung,0.1368208647362462
Paderborn,PA-10,PA-03--PA-04,1/d^2,0.1405193738082784
Paderborn,PA-10,PA-03--PA-04,Wald + Wind,0.136863841213475
Paderborn,PA-10,PA-03--PA-04,Vollstaendig,0.1368724135153206
Paderborn,PA-10,PA-03--PA-05,Gleichgewichtung,0.1184090492565627
Paderborn,PA-10,PA-03--PA-05,1/d^2,0.1204522780358344
Paderborn,PA-10,PA-03--PA-05,Wald + Wind,0.1189131452723888
Paderborn,PA-10,PA-03--PA-05,Vollstaendig,0.1184134490521956
Paderborn,PA-10,PA-03--PA-06,Gleichgewichtung,0.0647573469170941
Paderborn,PA-10,PA-03--PA-06,1/d^2,0.0230134721311513
Paderborn,PA-10,PA-03--PA-06,Wald + Wind,0.0420496426276597
Paderborn,PA-10,PA-03--PA-06,Vollstaendig,0.0602152782049921
Paderborn,PA-10,PA-03--PA-07,Gleichgewichtung,0.0943274988640529
Paderborn,PA-10,PA-03--PA-07,1/d^2,0.0793827165547039
Paderborn,PA-10,PA-03--PA-07,Wald + Wind,0.0907692534810703
Paderborn,PA-10,PA-03--PA-07,Vollstaendig,0.0931753937268771
Paderborn,PA-10,PA-03--PA-08,Gleichgewichtung,0.1108990278782347
Paderborn,PA-10,PA-03--PA-08,1/d^2,0.1088701176394405
Paderborn,PA-10,PA-03--PA-08,Wald + Wind,0.1096905666853135
Paderborn,PA-10,PA-03--PA-08,Vollstaendig,0.1106756578350691
Paderborn,PA-10,PA-03--PA-09,Gleichgewichtung,0.0456612795253758
Paderborn,PA-10,PA-03--PA-09,1/d^2,-0.008562727206208
Paderborn,PA-10,PA-03--PA-09,Wald + Wind,0.0212941447578759
Paderborn,PA-10,PA-03--PA-09,Vollstaendig,0.0430396443856325
Paderborn,PA-10,PA-03--PA-11,Gleichgewichtung,0.1065157046001664
Paderborn,PA-10,PA-03--PA-11,1/d^2,0.0998082995117477
Paderborn,PA-10,PA-03--PA-11,Wald + Wind,0.1040767572245533
Paderborn,PA-10,PA-03--PA-11,Vollstaendig,0.1065322945400021
Paderborn,PA-10,PA-03--PA-12,Gleichgewichtung,0.0409933092401715
Paderborn,PA-10,PA-03--PA-12,1/d^2,-0.0223260624393101
Paderborn,PA-10,PA-03--PA-12,Wald + Wind,0.0367104226683631
Paderborn,PA-10,PA-03--PA-12,Vollstaendig,0.0452651019417941
Paderborn,PA-10,PA-04--PA-05,Gleichgewichtung,0.1409167272761313
Paderborn,PA-10,PA-04--PA-05,1/d^2,0.134500830425867
Paderborn,PA-10,PA-04--PA-05,Wald + Wind,0.1387574600509822
Paderborn,PA-10,PA-04--PA-05,Vollstaendig,0.1409395159375106
Paderborn,PA-10,PA-04--PA-06,Gleichgewichtung,0.0884909729520342
Paderborn,PA-10,PA-04--PA-06,1/d^2,0.0330305060273115
Paderborn,PA-10,PA-04--PA-06,Wald + Wind,0.0557637804245308
Paderborn,PA-10,PA-04--PA-06,Vollstaendig,0.0821160529678105
Paderborn,PA-10,PA-04--PA-07,Gleichgewichtung,0.1173775008425193
Paderborn,PA-10,PA-04--PA-07,1/d^2,0.089314198771382
Paderborn,PA-10,PA-04--PA-07,Wald + Wind,0.1099295457463506
Paderborn,PA-10,PA-04--PA-07,Vollstaendig,0.1150412230078367
Paderborn,PA-10,PA-04--PA-08,Gleichgewichtung,0.1335744660941873
Paderborn,PA-10,PA-04--PA-08,1/d^2,0.1208271460883669
Paderborn,PA-10,PA-04--PA-08,Wald + Wind,0.1242527885483266
Paderborn,PA-10,PA-04--PA-08,Vollstaendig,0.1319082643281123
Paderborn,PA-10,PA-04--PA-09,Gleichgewichtung,0.0698469900628466
Paderborn,PA-10,PA-04--PA-09,1/d^2,0.0064609964684053
Paderborn,PA-10,PA-04--PA-09,Wald + Wind,0.0378971892194851
Paderborn,PA-10,PA-04--PA-09,Vollstaendig,0.0666191450289312
Paderborn,PA-10,PA-04--PA-11,Gleichgewichtung,0.1292896290145807
Paderborn,PA-10,PA-04--PA-11,1/d^2,0.1044583537836705
Paderborn,PA-10,PA-04--PA-11,Wald + Wind,0.1198237656705389
Paderborn,PA-10,PA-04--PA-11,Vollstaendig,0.1294235150122776
Paderborn,PA-10,PA-04--PA-12,Gleichgewichtung,0.0652908181324032
Paderborn,PA-10,PA-04--PA-12,1/d^2,-0.0102243342561848
Paderborn,PA-10,PA-04--PA-12,Wald + Wind,0.0599432734244955
Paderborn,PA-10,PA-04--PA-12,Vollstaendig,0.071030747760738
Paderborn,PA-10,PA-05--PA-06,Gleichgewichtung,0.0691585945107573
Paderborn,PA-10,PA-05--PA-06,1/d^2,0.0400043933536863
Paderborn,PA-10,PA-05--PA-06,Wald + Wind,0.0503054141793428
Paderborn,PA-10,PA-05--PA-06,Vollstaendig,0.0642997497875378
Paderborn,PA-10,PA-05--PA-07,Gleichgewichtung,0.0986007798900214
Paderborn,PA-10,PA-05--PA-07,1/d^2,0.0890929694878636
Paderborn,PA-10,PA-05--PA-07,Wald + Wind,0.0972067251638469
Paderborn,PA-10,PA-05--PA-07,Vollstaendig,0.0972343959582479
Paderborn,PA-10,PA-05--PA-08,Gleichgewichtung,0.1151022250203446
Paderborn,PA-10,PA-05--PA-08,1/d^2,0.1138168842700361
Paderborn,PA-10,PA-05--PA-08,Wald + Wind,0.1131968383832989
Paderborn,PA-10,PA-05--PA-08,Vollstaendig,0.1146059223937662
Paderborn,PA-10,PA-05--PA-09,Gleichgewichtung,0.0501471912087726
Paderborn,PA-10,PA-05--PA-09,1/d^2,0.0196290124625657
Paderborn,PA-10,PA-05--PA-09,Wald + Wind,0.0328756281563725
Paderborn,PA-10,PA-05--PA-09,Vollstaendig,0.0474508958989509
Paderborn,PA-10,PA-05--PA-11,Gleichgewichtung,0.1107373272321096
Paderborn,PA-10,PA-05--PA-11,1/d^2,0.1029627726752432
Paderborn,PA-10,PA-05--PA-11,Wald + Wind,0.1083273204297797
Paderborn,PA-10,PA-05--PA-11,Vollstaendig,0.1107754223393292
Paderborn,PA-10,PA-05--PA-12,Gleichgewichtung,0.0455001627495495
Paderborn,PA-10,PA-05--PA-12,1/d^2,0.0024137378931864
Paderborn,PA-10,PA-05--PA-12,Wald + Wind,0.0506790662701768
Paderborn,PA-10,PA-05--PA-12,Vollstaendig,0.0500887353505591
Paderborn,PA-10,PA-06--PA-07,Gleichgewichtung,0.0438458111142538
Paderborn,PA-10,PA-06--PA-07,1/d^2,0.038683393803307
Paderborn,PA-10,PA-06--PA-07,Wald + Wind,0.0349625046884095
Paderborn,PA-10,PA-06--PA-07,Vollstaendig,0.0428576601634202
Paderborn,PA-10,PA-06--PA-08,Gleichgewichtung,0.061267941951977
Paderborn,PA-10,PA-06--PA-08,1/d^2,0.0427494584863298
Paderborn,PA-10,PA-06--PA-08,Wald + Wind,0.0567578770260139
Paderborn,PA-10,PA-06--PA-08,Vollstaendig,0.060207730062506
Paderborn,PA-10,PA-06--PA-09,Gleichgewichtung,-0.0074058898145359
Paderborn,PA-10,PA-06--PA-09,1/d^2,-0.0042347038880441
Paderborn,PA-10,PA-06--PA-09,Wald + Wind,-0.0049314929196773
Paderborn,PA-10,PA-06--PA-09,Vollstaendig,-0.0063360369964053
Paderborn,PA-10,PA-06--PA-11,Gleichgewichtung,0.0566610660235752
Paderborn,PA-10,PA-06--PA-11,1/d^2,0.0648658988782627
Paderborn,PA-10,PA-06--PA-11,Wald + Wind,0.0502558702115475
Paderborn,PA-10,PA-06--PA-11,Vollstaendig,0.0527197653959039
Paderborn,PA-10,PA-06--PA-12,Gleichgewichtung,-0.0123288939120442
Paderborn,PA-10,PA-06--PA-12,1/d^2,-0.0124226732241467
Paderborn,PA-10,PA-06--PA-12,Wald + Wind,-0.0023239954900069
Paderborn,PA-10,PA-06--PA-12,Vollstaendig,-0.0086578483753961
Paderborn,PA-10,PA-07--PA-08,Gleichgewichtung,0.0909399379101815
Paderborn,PA-10,PA-07--PA-08,1/d^2,0.0870018386143686
Paderborn,PA-10,PA-07--PA-08,Wald + Wind,0.0942722511435385
Paderborn,PA-10,PA-07--PA-08,Vollstaendig,0.0911054767750894
Paderborn,PA-10,PA-07--PA-09,Gleichgewichtung,0.0243422504868589
Paderborn,PA-10,PA-07--PA-09,1/d^2,0.0237252853000527
Paderborn,PA-10,PA-07--PA-09,Wald + Wind,0.0154999555579866
Paderborn,PA-10,PA-07--PA-09,Vollstaendig,0.0253839386214779
Paderborn,PA-10,PA-07--PA-11,Gleichgewichtung,0.0864680506953599
Paderborn,PA-10,PA-07--PA-11,1/d^2,0.0907654036672606
Paderborn,PA-10,PA-07--PA-11,Wald + Wind,0.0882750928371339
Paderborn,PA-10,PA-07--PA-11,Vollstaendig,0.0857330314135516
Paderborn,PA-10,PA-07--PA-12,Gleichgewichtung,0.0195734550180319
Paderborn,PA-10,PA-07--PA-12,1/d^2,0.0099223315340984
Paderborn,PA-10,PA-07--PA-12,Wald + Wind,0.0263642619254526
Paderborn,PA-10,PA-07--PA-12,Vollstaendig,0.0258941508029726
Paderborn,PA-10,PA-08--PA-09,Gleichgewichtung,0.0421044805748193
Paderborn,PA-10,PA-08--PA-09,1/d^2,0.025333563704432
Paderborn,PA-10,PA-08--PA-09,Wald + Wind,0.0439440462380978
Paderborn,PA-10,PA-08--PA-09,Vollstaendig,0.0441540350326112
Paderborn,PA-10,PA-08--PA-11,Gleichgewichtung,0.1031692500827155
Paderborn,PA-10,PA-08--PA-11,1/d^2,0.100791357033352
Paderborn,PA-10,PA-08--PA-11,Wald + Wind,0.1034086746683654
Paderborn,PA-10,PA-08--PA-11,Vollstaendig,0.1034745729223032
Paderborn,PA-10,PA-08--PA-12,Gleichgewichtung,0.0374198386762706
Paderborn,PA-10,PA-08--PA-12,1/d^2,0.0086461648442817
Paderborn,PA-10,PA-08--PA-12,Wald + Wind,0.0599263791208004
Paderborn,PA-10,PA-08--PA-12,Vollstaendig,0.0463200953073841
Paderborn,PA-10,PA-09--PA-11,Gleichgewichtung,0.0374082599936733
Paderborn,PA-10,PA-09--PA-11,1/d^2,0.0585513504464334
Paderborn,PA-10,PA-09--PA-11,Wald + Wind,0.0356891348886613
Paderborn,PA-10,PA-09--PA-11,Vollstaendig,0.0349355479223418
Paderborn,PA-10,PA-09--PA-12,Gleichgewichtung,-0.0329711281416068
Paderborn,PA-10,PA-09--PA-12,1/d^2,-0.0337767146752896
Paderborn,PA-10,PA-09--PA-12,Wald + Wind,-0.0315188024648799
Paderborn,PA-10,PA-09--PA-12,Vollstaendig,-0.0325024507618782
Paderborn,PA-10,PA-11--PA-12,Gleichgewichtung,0.0327015142662212
Paderborn,PA-10,PA-11--PA-12,1/d^2,0.0454619243871023
Paderborn,PA-10,PA-11--PA-12,Wald + Wind,0.0505262412727247
Paderborn,PA-10,PA-11--PA-12,Vollstaendig,0.0363960696611491
Paderborn,PA-11,PA-01--PA-02,Gleichgewichtung,0.0540719265558451
Paderborn,PA-11,PA-01--PA-02,1/d^2,0.0519262615259944
Paderborn,PA-11,PA-01--PA-02,Wald + Wind,0.0653920013249038
Paderborn,PA-11,PA-01--PA-02,Vollstaendig,0.0647358161510848
Paderborn,PA-11,PA-01--PA-03,Gleichgewichtung,0.0017652291312215
Paderborn,PA-11,PA-01--PA-03,1/d^2,0.0051483790502092
Paderborn,PA-11,PA-01--PA-03,Wald + Wind,0.007518168159874
Paderborn,PA-11,PA-01--PA-03,Vollstaendig,0.0046231235750002
Paderborn,PA-11,PA-01--PA-04,Gleichgewichtung,0.0246746189481253
Paderborn,PA-11,PA-01--PA-04,1/d^2,0.0372248330825213
Paderborn,PA-11,PA-01--PA-04,Wald + Wind,0.0375144837186972
Paderborn,PA-11,PA-01--PA-04,Vollstaendig,0.028495101878132
Paderborn,PA-11,PA-01--PA-05,Gleichgewichtung,0.0060121979923172
Paderborn,PA-11,PA-01--PA-05,1/d^2,0.0161886451626216
Paderborn,PA-11,PA-01--PA-05,Wald + Wind,0.0183019666382943
Paderborn,PA-11,PA-01--PA-05,Vollstaendig,0.0107162357495828
Paderborn,PA-11,PA-01--PA-06,Gleichgewichtung,-0.0483970184059071
Paderborn,PA-11,PA-01--PA-06,1/d^2,-0.076652633542416
Paderborn,PA-11,PA-01--PA-06,Wald + Wind,-0.0752925497346103
Paderborn,PA-11,PA-01--PA-06,Vollstaendig,-0.0564462817767908
Paderborn,PA-11,PA-01--PA-07,Gleichgewichtung,-0.0184042694116646
Paderborn,PA-11,PA-01--PA-07,1/d^2,-0.0230303419476251
Paderborn,PA-11,PA-01--PA-07,Wald + Wind,-0.0229150129174401
Paderborn,PA-11,PA-01--PA-07,Vollstaendig,-0.020197054623017
Paderborn,PA-11,PA-01--PA-08,Gleichgewichtung,-0.0016013938131084
Paderborn,PA-11,PA-01--PA-08,1/d^2,0.0054591860900868
Paderborn,PA-11,PA-01--PA-08,Wald + Wind,0.0058760464937402
Paderborn,PA-11,PA-01--PA-08,Vollstaendig,0.0015533064759095
Paderborn,PA-11,PA-01--PA-09,Gleichgewichtung,-0.0677728085937479
Paderborn,PA-11,PA-01--PA-09,1/d^2,-0.11875968031801
Paderborn,PA-11,PA-01--PA-09,Wald + Wind,-0.1063502473812385
Paderborn,PA-11,PA-01--PA-09,Vollstaendig,-0.0850156708471905
Paderborn,PA-11,PA-01--PA-10,Gleichgewichtung,-0.0545021657193099
Paderborn,PA-11,PA-01--PA-10,1/d^2,-0.0962417484157593
Paderborn,PA-11,PA-01--PA-10,Wald + Wind,-0.0854558764475752
Paderborn,PA-11,PA-01--PA-10,Vollstaendig,-0.0642582255424147
Paderborn,PA-11,PA-01--PA-12,Gleichgewichtung,-0.0725099845789764
Paderborn,PA-11,PA-01--PA-12,1/d^2,-0.1361526655993139
Paderborn,PA-11,PA-01--PA-12,Wald + Wind,-0.1230577678287761
Paderborn,PA-11,PA-01--PA-12,Vollstaendig,-0.0968834450560644
Paderborn,PA-11,PA-02--PA-03,Gleichgewichtung,0.0670808189301661
Paderborn,PA-11,PA-02--PA-03,1/d^2,0.0530584297463108
Paderborn,PA-11,PA-02--PA-03,Wald + Wind,0.0539282816108119
Paderborn,PA-11,PA-02--PA-03,Vollstaendig,0.0649906330731645
Paderborn,PA-11,PA-02--PA-04,Gleichgewichtung,0.0885571288334638
Paderborn,PA-11,PA-02--PA-04,1/d^2,0.0779059253623082
Paderborn,PA-11,PA-02--PA-04,Wald + Wind,0.0831655992092989
Paderborn,PA-11,PA-02--PA-04,Vollstaendig,0.0903059950634159
Paderborn,PA-11,PA-02--PA-05,Gleichgewichtung,0.071059793016321
Paderborn,PA-11,PA-02--PA-05,1/d^2,0.0434076217917984
Paderborn,PA-11,PA-02--PA-05,Wald + Wind,0.0438812089900935
Paderborn,PA-11,PA-02--PA-05,Vollstaendig,0.0664690274623526
Paderborn,PA-11,PA-02--PA-06,Gleichgewichtung,0.0201658588167874
Paderborn,PA-11,PA-02--PA-06,1/d^2,-0.0604103992240475
Paderborn,PA-11,PA-02--PA-06,Wald + Wind,-0.0443279288114804
Paderborn,PA-11,PA-02--PA-06,Vollstaendig,0.0149573902950529
Paderborn,PA-11,PA-02--PA-07,Gleichgewichtung,0.0481987205983194
Paderborn,PA-11,PA-02--PA-07,1/d^2,-0.0058492230363774
Paderborn,PA-11,PA-02--PA-07,Wald + Wind,0.0039680589443723
Paderborn,PA-11,PA-02--PA-07,Vollstaendig,0.0395130766635838
Paderborn,PA-11,PA-02--PA-08,Gleichgewichtung,0.0639273975507366
Paderborn,PA-11,PA-02--PA-08,1/d^2,0.0259817550544431
Paderborn,PA-11,PA-02--PA-08,Wald + Wind,0.0302427947840702
Paderborn,PA-11,PA-02--PA-08,Vollstaendig,0.056309589380044
Paderborn,PA-11,PA-02--PA-09,Gleichgewichtung,0.0020856899949826
Paderborn,PA-11,PA-02--PA-09,1/d^2,-0.1098894786624522
Paderborn,PA-11,PA-02--PA-09,Wald + Wind,-0.066428462399458
Paderborn,PA-11,PA-02--PA-09,Vollstaendig,-0.0147664608076226
Paderborn,PA-11,PA-02--PA-10,Gleichgewichtung,0.0144664257813689
Paderborn,PA-11,PA-02--PA-10,1/d^2,-0.0925321340126164
Paderborn,PA-11,PA-02--PA-10,Wald + Wind,-0.0521147016597553
Paderborn,PA-11,PA-02--PA-10,Vollstaendig,0.0081148461209274
Paderborn,PA-11,PA-02--PA-12,Gleichgewichtung,-0.0023311416908515
Paderborn,PA-11,PA-02--PA-12,1/d^2,-0.1355144200663203
Paderborn,PA-11,PA-02--PA-12,Wald + Wind,-0.0965547924623857
Paderborn,PA-11,PA-02--PA-12,Vollstaendig,-0.0322980621459427
Paderborn,PA-11,PA-03--PA-04,Gleichgewichtung,0.0380690265711353
Paderborn,PA-11,PA-03--PA-04,1/d^2,0.0406056253096053
Paderborn,PA-11,PA-03--PA-04,Wald + Wind,0.0364770396150678
Paderborn,PA-11,PA-03--PA-04,Vollstaendig,0.03574707785579
Paderborn,PA-11,PA-03--PA-05,Gleichgewichtung,0.0196572110914519
Paderborn,PA-11,PA-03--PA-05,1/d^2,0.0212274290850566
Paderborn,PA-11,PA-03--PA-05,Wald + Wind,0.0212387577702887
Paderborn,PA-11,PA-03--PA-05,Vollstaendig,0.0198997152732859
Paderborn,PA-11,PA-03--PA-06,Gleichgewichtung,-0.0339944912480166
Paderborn,PA-11,PA-03--PA-06,1/d^2,-0.0661651940534164
Paderborn,PA-11,PA-03--PA-06,Wald + Wind,-0.0560024677773278
Paderborn,PA-11,PA-03--PA-06,Vollstaendig,-0.0345054708815577
Paderborn,PA-11,PA-03--PA-07,Gleichgewichtung,-0.0044243393010578
Paderborn,PA-11,PA-03--PA-07,1/d^2,-0.0164397270603867
Paderborn,PA-11,PA-03--PA-07,Wald + Wind,-0.0129617059539111
Paderborn,PA-11,PA-03--PA-07,Vollstaendig,-0.006070864224344
Paderborn,PA-11,PA-03--PA-08,Gleichgewichtung,0.0121471897131237
Paderborn,PA-11,PA-03--PA-08,1/d^2,0.010426142531982
Paderborn,PA-11,PA-03--PA-08,Wald + Wind,0.0107278498713896
Paderborn,PA-11,PA-03--PA-08,Vollstaendig,0.0118124755418235
Paderborn,PA-11,PA-03--PA-09,Gleichgewichtung,-0.0530905586397349
Paderborn,PA-11,PA-03--PA-09,1/d^2,-0.1109408330240541
Paderborn,PA-11,PA-03--PA-09,Wald + Wind,-0.0772309860849368
Paderborn,PA-11,PA-03--PA-09,Vollstaendig,-0.0600225034606859
Paderborn,PA-11,PA-03--PA-10,Gleichgewichtung,-0.0400120759891001
Paderborn,PA-11,PA-03--PA-10,1/d^2,-0.0933160355562752
Paderborn,PA-11,PA-03--PA-10,Wald + Wind,-0.0634078413495407
Paderborn,PA-11,PA-03--PA-10,Vollstaendig,-0.0410213823875871
Paderborn,PA-11,PA-03--PA-12,Gleichgewichtung,-0.0577585289249394
Paderborn,PA-11,PA-03--PA-12,1/d^2,-0.135507607450505
Paderborn,PA-11,PA-03--PA-12,Wald + Wind,-0.1011415400372592
Paderborn,PA-11,PA-03--PA-12,Vollstaendig,-0.0726901006864157
Paderborn,PA-11,PA-04--PA-05,Gleichgewichtung,0.0421648891110206
Paderborn,PA-11,PA-04--PA-05,1/d^2,0.0371751105890103
Paderborn,PA-11,PA-04--PA-05,Wald + Wind,0.0341753314512171
Paderborn,PA-11,PA-04--PA-05,Vollstaendig,0.0392385696145819
Paderborn,PA-11,PA-04--PA-06,Gleichgewichtung,-0.0102608652130764
Paderborn,PA-11,PA-04--PA-06,1/d^2,-0.0512007649645744
Paderborn,PA-11,PA-04--PA-06,Wald + Wind,-0.0463409314290815
Paderborn,PA-11,PA-04--PA-06,Vollstaendig,-0.018594978419223
Paderborn,PA-11,PA-04--PA-07,Gleichgewichtung,0.0186256626774084
Paderborn,PA-11,PA-04--PA-07,1/d^2,-0.0034907107468009
Paderborn,PA-11,PA-04--PA-07,Wald + Wind,-0.0019394209946239
Paderborn,PA-11,PA-04--PA-07,Vollstaendig,0.0107854629342074
Paderborn,PA-11,PA-04--PA-08,Gleichgewichtung,0.0348226279290764
Paderborn,PA-11,PA-04--PA-08,1/d^2,0.0237614017355922
Paderborn,PA-11,PA-04--PA-08,Wald + Wind,0.0223474010465846
Paderborn,PA-11,PA-04--PA-08,Vollstaendig,0.0296161737144214
Paderborn,PA-11,PA-04--PA-09,Gleichgewichtung,-0.0289048481022642
Paderborn,PA-11,PA-04--PA-09,1/d^2,-0.1008923210522589
Paderborn,PA-11,PA-04--PA-09,Wald + Wind,-0.066666723084581
Paderborn,PA-11,PA-04--PA-09,Vollstaendig,-0.0476292437856968
Paderborn,PA-11,PA-04--PA-10,Gleichgewichtung,-0.0161368968393277
Paderborn,PA-11,PA-04--PA-10,1/d^2,-0.0891603114171327
Paderborn,PA-11,PA-04--PA-10,Wald + Wind,-0.0535546402972108
Paderborn,PA-11,PA-04--PA-10,Vollstaendig,-0.0257971963569021
Paderborn,PA-11,PA-04--PA-12,Gleichgewichtung,-0.0334610200327074
Paderborn,PA-11,PA-04--PA-12,1/d^2,-0.1346729219237305
Paderborn,PA-11,PA-04--PA-12,Wald + Wind,-0.0947744860269393
Paderborn,PA-11,PA-04--PA-12,Vollstaendig,-0.0626345940619116
Paderborn,PA-11,PA-05--PA-06,Gleichgewichtung,-0.0295932436543535
Paderborn,PA-11,PA-05--PA-06,1/d^2,-0.0475692531030229
Paderborn,PA-11,PA-05--PA-06,Wald + Wind,-0.0329193861695959
Paderborn,PA-11,PA-05--PA-06,Vollstaendig,-0.0269644376302966
Paderborn,PA-11,PA-05--PA-07,Gleichgewichtung,-0.0001510582750894
Paderborn,PA-11,PA-05--PA-07,1/d^2,-0.0070052864383759
Paderborn,PA-11,PA-05--PA-07,Wald + Wind,-0.0014380662369892
Paderborn,PA-11,PA-05--PA-07,Vollstaendig,-0.0007332947719379
Paderborn,PA-11,PA-05--PA-08,Gleichgewichtung,0.0163503868552339
Paderborn,PA-11,PA-05--PA-08,1/d^2,0.0150351247284475
Paderborn,PA-11,PA-05--PA-08,Wald + Wind,0.0159224468149343
Paderborn,PA-11,PA-05--PA-08,Vollstaendig,0.0160287018392154
Paderborn,PA-11,PA-05--PA-09,Gleichgewichtung,-0.0486046469563381
Paderborn,PA-11,PA-05--PA-09,1/d^2,-0.094145945887617
Paderborn,PA-11,PA-05--PA-09,Wald + Wind,-0.0449528768931695
Paderborn,PA-11,PA-05--PA-09,Vollstaendig,-0.0515804357545256
Paderborn,PA-11,PA-05--PA-10,Gleichgewichtung,-0.0355843223920764
Paderborn,PA-11,PA-05--PA-10,1/d^2,-0.0865421482446
Paderborn,PA-11,PA-05--PA-10,Wald + Wind,-0.0375194749686671
Paderborn,PA-11,PA-05--PA-10,Vollstaendig,-0.0331159790175143
Paderborn,PA-11,PA-05--PA-12,Gleichgewichtung,-0.0532516754155613
Paderborn,PA-11,PA-05--PA-12,1/d^2,-0.1338460477777777
Paderborn,PA-11,PA-05--PA-12,Wald + Wind,-0.0717357408921787
Paderborn,PA-11,PA-05--PA-12,Vollstaendig,-0.0644220453017954
Paderborn,PA-11,PA-06--PA-07,Gleichgewichtung,-0.0549060270508568
Paderborn,PA-11,PA-06--PA-07,1/d^2,-0.0563642425517209
Paderborn,PA-11,PA-06--PA-07,Wald + Wind,-0.0551371773933669
Paderborn,PA-11,PA-06--PA-07,Vollstaendig,-0.0527059668597453
Paderborn,PA-11,PA-06--PA-08,Gleichgewichtung,-0.0374838962131336
Paderborn,PA-11,PA-06--PA-08,1/d^2,-0.0450266226034818
Paderborn,PA-11,PA-06--PA-08,Wald + Wind,-0.0376511331073189
Paderborn,PA-11,PA-06--PA-08,Vollstaendig,-0.0331984069457409
Paderborn,PA-11,PA-06--PA-09,Gleichgewichtung,-0.1061577279796465
Paderborn,PA-11,PA-06--PA-09,1/d^2,-0.1129267592693351
Paderborn,PA-11,PA-06--PA-09,Wald + Wind,-0.1039463693454885
Paderborn,PA-11,PA-06--PA-09,Vollstaendig,-0.107935296902758
Paderborn,PA-11,PA-06--PA-10,Gleichgewichtung,-0.0923713532648559
Paderborn,PA-11,PA-06--PA-10,1/d^2,-0.0965852848714326
Paderborn,PA-11,PA-06--PA-10,Wald + Wind,-0.0921870184635172
Paderborn,PA-11,PA-06--PA-10,Vollstaendig,-0.0924197553101515
Paderborn,PA-11,PA-06--PA-12,Gleichgewichtung,-0.111080732077155
Paderborn,PA-11,PA-06--PA-12,1/d^2,-0.1350843157242614
Paderborn,PA-11,PA-06--PA-12,Wald + Wind,-0.115412524203068
Paderborn,PA-11,PA-06--PA-12,Vollstaendig,-0.1157937353524315
Paderborn,PA-11,PA-07--PA-08,Gleichgewichtung,-0.0078119002549292
Paderborn,PA-11,PA-07--PA-08,1/d^2,-0.0096892516434849
Paderborn,PA-11,PA-07--PA-08,Wald + Wind,-0.007744618657536
Paderborn,PA-11,PA-07--PA-08,Vollstaendig,-0.0074953582126461
Paderborn,PA-11,PA-07--PA-09,Gleichgewichtung,-0.0744095876782519
Paderborn,PA-11,PA-07--PA-09,1/d^2,-0.0936198521112805
Paderborn,PA-11,PA-07--PA-09,Wald + Wind,-0.069255422312069
Paderborn,PA-11,PA-07--PA-09,Vollstaendig,-0.0752039158825949
Paderborn,PA-11,PA-07--PA-10,Gleichgewichtung,-0.0610511651788149
Paderborn,PA-11,PA-07--PA-10,1/d^2,-0.0868019336222689
Paderborn,PA-11,PA-07--PA-10,Wald + Wind,-0.0602579181207814
Paderborn,PA-11,PA-07--PA-10,Vollstaendig,-0.0586751884762529
Paderborn,PA-11,PA-07--PA-12,Gleichgewichtung,-0.0791783831470789
Paderborn,PA-11,PA-07--PA-12,1/d^2,-0.1332674489199885
Paderborn,PA-11,PA-07--PA-12,Wald + Wind,-0.089174677814416
Paderborn,PA-11,PA-07--PA-12,Vollstaendig,-0.0856371064405783
Paderborn,PA-11,PA-08--PA-09,Gleichgewichtung,-0.0566473575902913
Paderborn,PA-11,PA-08--PA-09,1/d^2,-0.0886732939527229
Paderborn,PA-11,PA-08--PA-09,Wald + Wind,-0.0495417977192973
Paderborn,PA-11,PA-08--PA-09,Vollstaendig,-0.0564242787419087
Paderborn,PA-11,PA-08--PA-10,Gleichgewichtung,-0.0435225790598835
Paderborn,PA-11,PA-08--PA-10,1/d^2,-0.084204872240076
Paderborn,PA-11,PA-08--PA-10,Wald + Wind,-0.0421555484178575
Paderborn,PA-11,PA-08--PA-10,Vollstaendig,-0.0390687026268971
Paderborn,PA-11,PA-08--PA-12,Gleichgewichtung,-0.0613319994888402
Paderborn,PA-11,PA-08--PA-12,1/d^2,-0.1330501199743453
Paderborn,PA-11,PA-08--PA-12,Wald + Wind,-0.0740438869311527
Paderborn,PA-11,PA-08--PA-12,Vollstaendig,-0.068358365081402
Paderborn,PA-11,PA-09--PA-10,Gleichgewichtung,-0.1126270729012404
Paderborn,PA-11,PA-09--PA-10,1/d^2,-0.1067498257500862
Paderborn,PA-11,PA-09--PA-10,Wald + Wind,-0.1115077151362053
Paderborn,PA-11,PA-09--PA-10,Vollstaendig,-0.1137426534330515
Paderborn,PA-11,PA-09--PA-12,Gleichgewichtung,-0.1317229663067177
Paderborn,PA-11,PA-09--PA-12,1/d^2,-0.1361387397547683
Paderborn,PA-11,PA-09--PA-12,Wald + Wind,-0.1331053988464453
Paderborn,PA-11,PA-09--PA-12,Vollstaendig,-0.1322249893100898
Paderborn,PA-11,PA-10--PA-12,Gleichgewichtung,-0.1175821081444179
Paderborn,PA-11,PA-10--PA-12,1/d^2,-0.1313113758587233
Paderborn,PA-11,PA-10--PA-12,Wald + Wind,-0.1213607320300688
Paderborn,PA-11,PA-10--PA-12,Vollstaendig,-0.1209714958038811
Paderborn,PA-12,PA-01--PA-02,Gleichgewichtung,0.1908456997980587
Paderborn,PA-12,PA-01--PA-02,1/d^2,0.1884380957016885
Paderborn,PA-12,PA-01--PA-02,Wald + Wind,0.2171459040328976
Paderborn,PA-12,PA-01--PA-02,Vollstaendig,0.2051015536037607
Paderborn,PA-12,PA-01--PA-03,Gleichgewichtung,0.1385390023734352
Paderborn,PA-12,PA-01--PA-03,1/d^2,0.141622289729785
Paderborn,PA-12,PA-01--PA-03,Wald + Wind,0.1429654991185406
Paderborn,PA-12,PA-01--PA-03,Vollstaendig,0.1410801217927749
Paderborn,PA-12,PA-01--PA-04,Gleichgewichtung,0.161448392190339
Paderborn,PA-12,PA-01--PA-04,1/d^2,0.1734568410953368
Paderborn,PA-12,PA-01--PA-04,Wald + Wind,0.172182002073905
Paderborn,PA-12,PA-01--PA-04,Vollstaendig,0.1646233408023889
Paderborn,PA-12,PA-01--PA-05,Gleichgewichtung,0.1427859712345309
Paderborn,PA-12,PA-01--PA-05,1/d^2,0.1524041760053024
Paderborn,PA-12,PA-01--PA-05,Wald + Wind,0.1527682389786199
Paderborn,PA-12,PA-01--PA-05,Vollstaendig,0.146762698480985
Paderborn,PA-12,PA-01--PA-06,Gleichgewichtung,0.0883767548363064
Paderborn,PA-12,PA-01--PA-06,1/d^2,0.0607819856339247
Paderborn,PA-12,PA-01--PA-06,Wald + Wind,0.066115200432935
Paderborn,PA-12,PA-01--PA-06,Vollstaendig,0.0818551277936804
Paderborn,PA-12,PA-01--PA-07,Gleichgewichtung,0.1183695038305488
Paderborn,PA-12,PA-01--PA-07,1/d^2,0.113991774888787
Paderborn,PA-12,PA-01--PA-07,Wald + Wind,0.114487381997339
Paderborn,PA-12,PA-01--PA-07,Vollstaendig,0.1167563173373435
Paderborn,PA-12,PA-01--PA-08,Gleichgewichtung,0.1351723794291051
Paderborn,PA-12,PA-01--PA-08,1/d^2,0.1417413450677525
Paderborn,PA-12,PA-01--PA-08,Wald + Wind,0.1412172106005663
Paderborn,PA-12,PA-01--PA-08,Vollstaendig,0.1379257355669778
Paderborn,PA-12,PA-01--PA-09,Gleichgewichtung,0.0690009646484655
Paderborn,PA-12,PA-01--PA-09,1/d^2,0.0155367860186343
Paderborn,PA-12,PA-01--PA-09,Wald + Wind,0.0365588055507877
Paderborn,PA-12,PA-01--PA-09,Vollstaendig,0.0535014062081692
Paderborn,PA-12,PA-01--PA-10,Gleichgewichtung,0.0822716075229035
Paderborn,PA-12,PA-01--PA-10,1/d^2,0.0413843923043978
Paderborn,PA-12,PA-01--PA-10,Wald + Wind,0.0553516881735188
Paderborn,PA-12,PA-01--PA-10,Vollstaendig,0.0739237568352456
Paderborn,PA-12,PA-01--PA-11,Gleichgewichtung,0.1307282404487978
Paderborn,PA-12,PA-01--PA-11,1/d^2,0.1367215752252979
Paderborn,PA-12,PA-01--PA-11,Wald + Wind,0.1357133267899854
Paderborn,PA-12,PA-01--PA-11,Vollstaendig,0.1331392160374316
Paderborn,PA-12,PA-02--PA-03,Gleichgewichtung,0.2038545921723797
Paderborn,PA-12,PA-02--PA-03,1/d^2,0.1907310249537548
Paderborn,PA-12,PA-02--PA-03,Wald + Wind,0.2093265722006231
Paderborn,PA-12,PA-02--PA-03,Vollstaendig,0.2059373223741907
Paderborn,PA-12,PA-02--PA-04,Gleichgewichtung,0.2253309020756776
Paderborn,PA-12,PA-02--PA-04,1/d^2,0.2149987628564222
Paderborn,PA-12,PA-02--PA-04,Wald + Wind,0.229074914195508
Paderborn,PA-12,PA-02--PA-04,Vollstaendig,0.2292102383100236
Paderborn,PA-12,PA-02--PA-05,Gleichgewichtung,0.2078335662585345
Paderborn,PA-12,PA-02--PA-05,1/d^2,0.1814803234246553
Paderborn,PA-12,PA-02--PA-05,Wald + Wind,0.1992623017164022
Paderborn,PA-12,PA-02--PA-05,Vollstaendig,0.2079543305082899
Paderborn,PA-12,PA-02--PA-06,Gleichgewichtung,0.1569396320590012
Paderborn,PA-12,PA-02--PA-06,1/d^2,0.077975453860518
Paderborn,PA-12,PA-02--PA-06,Wald + Wind,0.1325233708471597
Paderborn,PA-12,PA-02--PA-06,Vollstaendig,0.1619774276432674
Paderborn,PA-12,PA-02--PA-07,Gleichgewichtung,0.1849724938405327
Paderborn,PA-12,PA-02--PA-07,1/d^2,0.1335487683550087
Paderborn,PA-12,PA-02--PA-07,Wald + Wind,0.1659482386706178
Paderborn,PA-12,PA-02--PA-07,Vollstaendig,0.1825924442031705
Paderborn,PA-12,PA-02--PA-08,Gleichgewichtung,0.2007011707929502
Paderborn,PA-12,PA-02--PA-08,1/d^2,0.1651398796315756
Paderborn,PA-12,PA-02--PA-08,Wald + Wind,0.18912056335399
Paderborn,PA-12,PA-02--PA-08,Vollstaendig,0.1984671471756656
Paderborn,PA-12,PA-02--PA-09,Gleichgewichtung,0.1388594632371964
Paderborn,PA-12,PA-02--PA-09,1/d^2,0.0215497051733609
Paderborn,PA-12,PA-02--PA-09,Wald + Wind,0.116289941262005
Paderborn,PA-12,PA-02--PA-09,Vollstaendig,0.1331041895887714
Paderborn,PA-12,PA-02--PA-10,Gleichgewichtung,0.1512401990235825
Paderborn,PA-12,PA-02--PA-10,1/d^2,0.0462883801232838
Paderborn,PA-12,PA-02--PA-10,Wald + Wind,0.1224263357323396
Paderborn,PA-12,PA-02--PA-10,Vollstaendig,0.1548234716364711
Paderborn,PA-12,PA-02--PA-11,Gleichgewichtung,0.1965395016921057
Paderborn,PA-12,PA-02--PA-11,1/d^2,0.1372685632808906
Paderborn,PA-12,PA-02--PA-11,Wald + Wind,0.1598429585124162
Paderborn,PA-12,PA-02--PA-11,Vollstaendig,0.1853984786425761
Paderborn,PA-12,PA-03--PA-04,Gleichgewichtung,0.174842799813349
Paderborn,PA-12,PA-03--PA-04,1/d^2,0.1775088557827494
Paderborn,PA-12,PA-03--PA-04,Wald + Wind,0.1742768344542439
Paderborn,PA-12,PA-03--PA-04,Vollstaendig,0.1726504014060672
Paderborn,PA-12,PA-03--PA-05,Gleichgewichtung,0.1564309843336656
Paderborn,PA-12,PA-03--PA-05,1/d^2,0.1579211956916717
Paderborn,PA-12,PA-03--PA-05,Wald + Wind,0.1576353464509549
Paderborn,PA-12,PA-03--PA-05,Vollstaendig,0.1565933122536344
Paderborn,PA-12,PA-03--PA-06,Gleichgewichtung,0.1027792819941969
Paderborn,PA-12,PA-03--PA-06,1/d^2,0.0711286210961594
Paderborn,PA-12,PA-03--PA-06,Wald + Wind,0.0854088456757689
Paderborn,PA-12,PA-03--PA-06,Vollstaendig,0.1032203008014338
Paderborn,PA-12,PA-03--PA-07,Gleichgewichtung,0.1323494339411556
Paderborn,PA-12,PA-03--PA-07,1/d^2,0.1211085879661681
Paderborn,PA-12,PA-03--PA-07,Wald + Wind,0.1249620033265484
Paderborn,PA-12,PA-03--PA-07,Vollstaendig,0.130838523992979
Paderborn,PA-12,PA-03--PA-08,Gleichgewichtung,0.1489209629553372
Paderborn,PA-12,PA-03--PA-08,1/d^2,0.1473494638542328
Paderborn,PA-12,PA-03--PA-08,Wald + Wind,0.1478680062147962
Paderborn,PA-12,PA-03--PA-08,Vollstaendig,0.1486451117356528
Paderborn,PA-12,PA-03--PA-09,Gleichgewichtung,0.0836832146024785
Paderborn,PA-12,PA-03--PA-09,1/d^2,0.0206099185170954
Paderborn,PA-12,PA-03--PA-09,Wald + Wind,0.0630367312745204
Paderborn,PA-12,PA-03--PA-09,Vollstaendig,0.0773643205758094
Paderborn,PA-12,PA-03--PA-10,Gleichgewichtung,0.0967616972531134
Paderborn,PA-12,PA-03--PA-10,1/d^2,0.0449499417349642
Paderborn,PA-12,PA-03--PA-10,Wald + Wind,0.075784522153293
Paderborn,PA-12,PA-03--PA-10,Vollstaendig,0.0963096246321899
Paderborn,PA-12,PA-03--PA-11,Gleichgewichtung,0.144537639677269
Paderborn,PA-12,PA-03--PA-11,1/d^2,0.1368799267011378
Paderborn,PA-12,PA-03--PA-11,Wald + Wind,0.1392350445303478
Paderborn,PA-12,PA-03--PA-11,Vollstaendig,0.1427526863308286
Paderborn,PA-12,PA-04--PA-05,Gleichgewichtung,0.1789386623532341
Paderborn,PA-12,PA-04--PA-05,1/d^2,0.1744256644115189
Paderborn,PA-12,PA-04--PA-05,Wald + Wind,0.1732665119299324
Paderborn,PA-12,PA-04--PA-05,Vollstaendig,0.1764589884258237
Paderborn,PA-12,PA-04--PA-06,Gleichgewichtung,0.1265129080291373
Paderborn,PA-12,PA-04--PA-06,1/d^2,0.0867537847181407
Paderborn,PA-12,PA-04--PA-06,Wald + Wind,0.0997557231963733
Paderborn,PA-12,PA-04--PA-06,Vollstaendig,0.1199698646589589
Paderborn,PA-12,PA-04--PA-07,Gleichgewichtung,0.1553994359196221
Paderborn,PA-12,PA-04--PA-07,1/d^2,0.1353473023581994
Paderborn,PA-12,PA-04--PA-07,Wald + Wind,0.1388011508287955
Paderborn,PA-12,PA-04--PA-07,Vollstaendig,0.1480817414906826
Paderborn,PA-12,PA-04--PA-08,Gleichgewichtung,0.17159640117129
Paderborn,PA-12,PA-04--PA-08,1/d^2,0.1619565092681073
Paderborn,PA-12,PA-04--PA-08,Wald + Wind,0.1628556211787332
Paderborn,PA-12,PA-04--PA-08,Vollstaendig,0.1669786974902266
Paderborn,PA-12,PA-04--PA-09,Gleichgewichtung,0.1078689251399492
Paderborn,PA-12,PA-04--PA-09,1/d^2,0.0276927062161731
Paderborn,PA-12,PA-04--PA-09,Wald + Wind,0.0784658211861288
Paderborn,PA-12,PA-04--PA-09,Vollstaendig,0.090469253851563
Paderborn,PA-12,PA-04--PA-10,Gleichgewichtung,0.1206368764028857
Paderborn,PA-12,PA-04--PA-10,1/d^2,0.0503345156759285
Paderborn,PA-12,PA-04--PA-10,Wald + Wind,0.0895798937711925
Paderborn,PA-12,PA-04--PA-10,Vollstaendig,0.1122091522444183
Paderborn,PA-12,PA-04--PA-11,Gleichgewichtung,0.1673115640916835
Paderborn,PA-12,PA-04--PA-11,1/d^2,0.1373095919998957
Paderborn,PA-12,PA-04--PA-11,Wald + Wind,0.1461233281399775
Paderborn,PA-12,PA-04--PA-11,Vollstaendig,0.1576002080922098
Paderborn,PA-12,PA-05--PA-06,Gleichgewichtung,0.10718052958786
Paderborn,PA-12,PA-05--PA-06,1/d^2,0.0889041177205035
Paderborn,PA-12,PA-05--PA-06,Wald + Wind,0.1040519655451262
Paderborn,PA-12,PA-05--PA-06,Vollstaendig,0.1097845809278075
Paderborn,PA-12,PA-05--PA-07,Gleichgewichtung,0.1366227149671241
Paderborn,PA-12,PA-05--PA-07,1/d^2,0.1305599584395707
Paderborn,PA-12,PA-05--PA-07,Wald + Wind,0.1345018991790782
Paderborn,PA-12,PA-05--PA-07,Vollstaendig,0.1357384491170496
Paderborn,PA-12,PA-05--PA-08,Gleichgewichtung,0.1531241600974473
Paderborn,PA-12,PA-05--PA-08,1/d^2,0.1520823500122562
Paderborn,PA-12,PA-05--PA-08,Wald + Wind,0.1528917690669917
Paderborn,PA-12,PA-05--PA-08,Vollstaendig,0.1527920853349656
Paderborn,PA-12,PA-05--PA-09,Gleichgewichtung,0.0881691262858755
Paderborn,PA-12,PA-05--PA-09,1/d^2,0.0318902837163765
Paderborn,PA-12,PA-05--PA-09,Wald + Wind,0.088193605637618
Paderborn,PA-12,PA-05--PA-09,Vollstaendig,0.084398145834912
Paderborn,PA-12,PA-05--PA-10,Gleichgewichtung,0.1011894508501371
Paderborn,PA-12,PA-05--PA-10,1/d^2,0.0527691960793657
Paderborn,PA-12,PA-05--PA-10,Wald + Wind,0.0960046069501924
Paderborn,PA-12,PA-05--PA-10,Vollstaendig,0.1030803638593879
Paderborn,PA-12,PA-05--PA-11,Gleichgewichtung,0.1487592623092126
Paderborn,PA-12,PA-05--PA-11,1/d^2,0.1371174982175796
Paderborn,PA-12,PA-05--PA-11,Wald + Wind,0.1428722146221571
Paderborn,PA-12,PA-05--PA-11,Vollstaendig,0.1464513358792463
Paderborn,PA-12,PA-06--PA-07,Gleichgewichtung,0.0818677461913568
Paderborn,PA-12,PA-06--PA-07,1/d^2,0.079160109624938
Paderborn,PA-12,PA-06--PA-07,Wald + Wind,0.0828026254799625
Paderborn,PA-12,PA-06--PA-07,Vollstaendig,0.0844322626915329
Paderborn,PA-12,PA-06--PA-08,Gleichgewichtung,0.0992898770290799
Paderborn,PA-12,PA-06--PA-08,1/d^2,0.089743350362427
Paderborn,PA-12,PA-06--PA-08,Wald + Wind,0.0980563225092396
Paderborn,PA-12,PA-06--PA-08,Vollstaendig,0.1036190199938527
Paderborn,PA-12,PA-06--PA-09,Gleichgewichtung,0.0306160452625668
Paderborn,PA-12,PA-06--PA-09,1/d^2,0.0198941888969639
Paderborn,PA-12,PA-06--PA-09,Wald + Wind,0.0317792436728071
Paderborn,PA-12,PA-06--PA-09,Vollstaendig,0.0286341520285106
Paderborn,PA-12,PA-06--PA-10,Gleichgewichtung,0.0444024199773574
Paderborn,PA-12,PA-06--PA-10,1/d^2,0.0406216130837813
Paderborn,PA-12,PA-06--PA-10,Wald + Wind,0.0442262845224804
Paderborn,PA-12,PA-06--PA-10,Vollstaendig,0.0442967021155998
Paderborn,PA-12,PA-06--PA-11,Gleichgewichtung,0.094683001100678
Paderborn,PA-12,PA-06--PA-11,1/d^2,0.1344704599741735
Paderborn,PA-12,PA-06--PA-11,Wald + Wind,0.113772903684749
Paderborn,PA-12,PA-06--PA-11,Vollstaendig,0.1048970437198173
Paderborn,PA-12,PA-07--PA-08,Gleichgewichtung,0.1289618729872842
Paderborn,PA-12,PA-07--PA-08,1/d^2,0.1270438889847302
Paderborn,PA-12,PA-07--PA-08,Wald + Wind,0.1280142915437061
Paderborn,PA-12,PA-07--PA-08,Vollstaendig,0.1290930437205223
Paderborn,PA-12,PA-07--PA-09,Gleichgewichtung,0.0623641855639615
Paderborn,PA-12,PA-07--PA-09,1/d^2,0.0320723009958478
Paderborn,PA-12,PA-07--PA-09,Wald + Wind,0.0668177686613805
Paderborn,PA-12,PA-07--PA-09,Vollstaendig,0.0616654741966018
Paderborn,PA-12,PA-07--PA-10,Gleichgewichtung,0.0757226080633984
Paderborn,PA-12,PA-07--PA-10,1/d^2,0.0514683305536318
Paderborn,PA-12,PA-07--PA-10,Wald + Wind,0.0758273632533365
Paderborn,PA-12,PA-07--PA-10,Vollstaendig,0.078208145381113
Paderborn,PA-12,PA-07--PA-11,Gleichgewichtung,0.1244899857724627
Paderborn,PA-12,PA-07--PA-11,1/d^2,0.136200055688176
Paderborn,PA-12,PA-07--PA-11,Wald + Wind,0.129711892472716
Paderborn,PA-12,PA-07--PA-11,Vollstaendig,0.1264432223192879
Paderborn,PA-12,PA-08--PA-09,Gleichgewichtung,0.0801264156519223
Paderborn,PA-12,PA-08--PA-09,1/d^2,0.0347267343646276
Paderborn,PA-12,PA-08--PA-09,Wald + Wind,0.0822403563549998
Paderborn,PA-12,PA-08--PA-09,Vollstaendig,0.0797280624612589
Paderborn,PA-12,PA-08--PA-10,Gleichgewichtung,0.0932511941823299
Paderborn,PA-12,PA-08--PA-10,1/d^2,0.0543866624796432
Paderborn,PA-12,PA-08--PA-10,Wald + Wind,0.0903633821546739
Paderborn,PA-12,PA-08--PA-10,Vollstaendig,0.0972754880802849
Paderborn,PA-12,PA-08--PA-11,Gleichgewichtung,0.1411911851598182
Paderborn,PA-12,PA-08--PA-11,1/d^2,0.1369398818798692
Paderborn,PA-12,PA-08--PA-11,Wald + Wind,0.1391223992783564
Paderborn,PA-12,PA-08--PA-11,Vollstaendig,0.1405273837531413
Paderborn,PA-12,PA-09--PA-10,Gleichgewichtung,0.024146700340973
Paderborn,PA-12,PA-09--PA-10,1/d^2,0.0255406157265488
Paderborn,PA-12,PA-09--PA-10,Wald + Wind,0.0253308881517457
Paderborn,PA-12,PA-09--PA-10,Vollstaendig,0.0230157575281998
Paderborn,PA-12,PA-09--PA-11,Gleichgewichtung,0.0754301950707762
Paderborn,PA-12,PA-09--PA-11,1/d^2,0.126691036017531
Paderborn,PA-12,PA-09--PA-11,Wald + Wind,0.1061383726399898
Paderborn,PA-12,PA-09--PA-11,Vollstaendig,0.0845486900877006
Paderborn,PA-12,PA-10--PA-11,Gleichgewichtung,0.0886163498612907
Paderborn,PA-12,PA-10--PA-11,1/d^2,0.1272204567766427
Paderborn,PA-12,PA-10--PA-11,Wald + Wind,0.1094120086540421
Paderborn,PA-12,PA-10--PA-11,Vollstaendig,0.0995619600097629
Rheda-Beckum,RB-01,RB-02--RB-03,Gleichgewichtung,0.0308965745279024
Rheda-Beckum,RB-01,RB-02--RB-03,1/d^2,0.0239616955362361
Rheda-Beckum,RB-01,RB-02--RB-03,Wald + Wind,0.030511636515795
Rheda-Beckum,RB-01,RB-02--RB-03,Vollstaendig,0.0302046081651479
Rheda-Beckum,RB-01,RB-02--RB-04,Gleichgewichtung,-0.0087969534521156
Rheda-Beckum,RB-01,RB-02--RB-04,1/d^2,0.0189034193702329
Rheda-Beckum,RB-01,RB-02--RB-04,Wald + Wind,0.0014286778096098
Rheda-Beckum,RB-01,RB-02--RB-04,Vollstaendig,-0.00010383295077
Rheda-Beckum,RB-01,RB-02--RB-05,Gleichgewichtung,-0.0240968327593729
Rheda-Beckum,RB-01,RB-02--RB-05,1/d^2,0.0188269777410978
Rheda-Beckum,RB-01,RB-02--RB-05,Wald + Wind,-0.0101501094347367
Rheda-Beckum,RB-01,RB-02--RB-05,Vollstaendig,-0.0131139061150476
Rheda-Beckum,RB-01,RB-03--RB-04,Gleichgewichtung,0.0032295674336469
Rheda-Beckum,RB-01,RB-03--RB-04,1/d^2,0.0408570248568676
Rheda-Beckum,RB-01,RB-03--RB-04,Wald + Wind,0.01645979821484
Rheda-Beckum,RB-01,RB-03--RB-04,Vollstaendig,0.0132865500445158
Rheda-Beckum,RB-01,RB-03--RB-05,Gleichgewichtung,-0.0118860202273067
Rheda-Beckum,RB-01,RB-03--RB-05,1/d^2,0.0406490734874568
Rheda-Beckum,RB-01,RB-03--RB-05,Wald + Wind,0.0040329291651979
Rheda-Beckum,RB-01,RB-03--RB-05,Vollstaendig,-0.0011673703946262
Rheda-Beckum,RB-01,RB-04--RB-05,Gleichgewichtung,-0.0533510538357583
Rheda-Beckum,RB-01,RB-04--RB-05,1/d^2,-0.0517686364921833
Rheda-Beckum,RB-01,RB-04--RB-05,Wald + Wind,-0.0541512268262046
Rheda-Beckum,RB-01,RB-04--RB-05,Vollstaendig,-0.0543476142472826
Rheda-Beckum,RB-02,RB-01--RB-03,Gleichgewichtung,0.0022540409682052
Rheda-Beckum,RB-02,RB-01--RB-03,1/d^2,-0.0089677553639282
Rheda-Beckum,RB-02,RB-01--RB-03,Wald + Wind,0.0029306833241637
Rheda-Beckum,RB-02,RB-01--RB-03,Vollstaendig,0.0022768616860659
Rheda-Beckum,RB-02,RB-01--RB-04,Gleichgewichtung,-0.0378237108192374
Rheda-Beckum,RB-02,RB-01--RB-04,1/d^2,-0.0194008217359751
Rheda-Beckum,RB-02,RB-01--RB-04,Wald + Wind,-0.030798094990014
Rheda-Beckum,RB-02,RB-01--RB-04,Vollstaendig,-0.0322217226642507
Rheda-Beckum,RB-02,RB-01--RB-05,Gleichgewichtung,-0.05327585035089
Rheda-Beckum,RB-02,RB-01--RB-05,1/d^2,-0.0194989435868827
Rheda-Beckum,RB-02,RB-01--RB-05,Wald + Wind,-0.0419010162391262
Rheda-Beckum,RB-02,RB-01--RB-05,Vollstaendig,-0.0449385846759345
Rheda-Beckum,RB-02,RB-03--RB-04,Gleichgewichtung,-0.0159705901336762
Rheda-Beckum,RB-02,RB-03--RB-04,1/d^2,0.0219269967522147
Rheda-Beckum,RB-02,RB-03--RB-04,Wald + Wind,-1.00222059365779e-05
Rheda-Beckum,RB-02,RB-03--RB-04,Vollstaendig,-0.0040466672596423
Rheda-Beckum,RB-02,RB-03--RB-05,Gleichgewichtung,-0.0310861777946298
Rheda-Beckum,RB-02,RB-03--RB-05,1/d^2,0.0217539704076641
Rheda-Beckum,RB-02,RB-03--RB-05,Wald + Wind,-0.0112818449223156
Rheda-Beckum,RB-02,RB-03--RB-05,Vollstaendig,-0.0176317442980351
Rheda-Beckum,RB-02,RB-04--RB-05,Gleichgewichtung,-0.0725512114030815
Rheda-Beckum,RB-02,RB-04--RB-05,1/d^2,-0.070974898925784
Rheda-Beckum,RB-02,RB-04--RB-05,Wald + Wind,-0.0733673633695683
Rheda-Beckum,RB-02,RB-04--RB-05,Vollstaendig,-0.0735323779611868
Rheda-Beckum,RB-03,RB-01--RB-02,Gleichgewichtung,-0.0328116066228312
Rheda-Beckum,RB-03,RB-01--RB-02,1/d^2,-0.0318544779587757
Rheda-Beckum,RB-03,RB-01--RB-02,Wald + Wind,-0.0322406920390389
Rheda-Beckum,RB-03,RB-01--RB-02,Vollstaendig,-0.0322797592994748
Rheda-Beckum,RB-03,RB-01--RB-04,Gleichgewichtung,-0.0610813187069385
Rheda-Beckum,RB-03,RB-01--RB-04,1/d^2,-0.0434801409320574
Rheda-Beckum,RB-03,RB-01--RB-04,Wald + Wind,-0.0555872202088725
Rheda-Beckum,RB-03,RB-01--RB-04,Vollstaendig,-0.0581914860088271
Rheda-Beckum,RB-03,RB-01--RB-05,Gleichgewichtung,-0.0765334582385914
Rheda-Beckum,RB-03,RB-01--RB-05,1/d^2,-0.0439434588734833
Rheda-Beckum,RB-03,RB-01--RB-05,Wald + Wind,-0.0683095809194613
Rheda-Beckum,RB-03,RB-01--RB-05,Vollstaendig,-0.0734960166109436
Rheda-Beckum,RB-03,RB-02--RB-04,Gleichgewichtung,-0.0512547189071402
Rheda-Beckum,RB-03,RB-02--RB-04,1/d^2,-0.0245163603895083
Rheda-Beckum,RB-03,RB-02--RB-04,Wald + Wind,-0.0414641307370797
Rheda-Beckum,RB-03,RB-02--RB-04,Vollstaendig,-0.0453777411021516
Rheda-Beckum,RB-03,RB-02--RB-05,Gleichgewichtung,-0.0665545982143975
Rheda-Beckum,RB-03,RB-02--RB-05,1/d^2,-0.0248020905057468
Rheda-Beckum,RB-03,RB-02--RB-05,Wald + Wind,-0.0536488276857943
Rheda-Beckum,RB-03,RB-02--RB-05,Vollstaendig,-0.060269717191461
Rheda-Beckum,RB-03,RB-04--RB-05,Gleichgewichtung,-0.0958088192907829
Rheda-Beckum,RB-03,RB-04--RB-05,1/d^2,-0.0940036244382391
Rheda-Beckum,RB-03,RB-04--RB-05,Wald + Wind,-0.096745248568399
Rheda-Beckum,RB-03,RB-04--RB-05,Vollstaendig,-0.0968745841468948
Rheda-Beckum,RB-04,RB-01--RB-02,Gleichgewichtung,0.0472466945891269
Rheda-Beckum,RB-04,RB-01--RB-02,1/d^2,0.0473038133033709
Rheda-Beckum,RB-04,RB-01--RB-02,Wald + Wind,0.0471383887023522
Rheda-Beckum,RB-04,RB-01--RB-02,Vollstaendig,0.0473745929359164
Rheda-Beckum,RB-04,RB-01--RB-03,Gleichgewichtung,0.0590547342924623
Rheda-Beckum,RB-04,RB-01--RB-03,1/d^2,0.0621451556678101
Rheda-Beckum,RB-04,RB-01--RB-03,Wald + Wind,0.059620441065486
Rheda-Beckum,RB-04,RB-01--RB-03,Vollstaendig,0.0609906789125811
Rheda-Beckum,RB-04,RB-01--RB-05,Gleichgewichtung,0.0035248429733667
Rheda-Beckum,RB-04,RB-01--RB-05,1/d^2,-0.0309571707495009
Rheda-Beckum,RB-04,RB-01--RB-05,Wald + Wind,-0.0082627203980421
Rheda-Beckum,RB-04,RB-01--RB-05,Vollstaendig,-0.0063741024896171
Rheda-Beckum,RB-04,RB-02--RB-03,Gleichgewichtung,0.0684971102848361
Rheda-Beckum,RB-04,RB-02--RB-03,1/d^2,0.0701236835471565
Rheda-Beckum,RB-04,RB-02--RB-03,Wald + Wind,0.0689380692621426
Rheda-Beckum,RB-04,RB-02--RB-03,Vollstaendig,0.0694044835146631
Rheda-Beckum,RB-04,RB-02--RB-05,Gleichgewichtung,0.0135037029975608
Rheda-Beckum,RB-04,RB-02--RB-05,1/d^2,-0.0307148705557131
Rheda-Beckum,RB-04,RB-02--RB-05,Wald + Wind,-0.0020152962520157
Rheda-Beckum,RB-04,RB-02--RB-05,Vollstaendig,0.0014008811265297
Rheda-Beckum,RB-04,RB-03--RB-05,Gleichgewichtung,0.025714515529627
Rheda-Beckum,RB-04,RB-03--RB-05,1/d^2,-0.0300017671473603
Rheda-Beckum,RB-04,RB-03--RB-05,Wald + Wind,0.0080092371766884
Rheda-Beckum,RB-04,RB-03--RB-05,Vollstaendig,0.014594567484615
Rheda-Beckum,RB-05,RB-01--RB-02,Gleichgewichtung,0.0789997848432252
Rheda-Beckum,RB-05,RB-01--RB-02,1/d^2,0.0790606376811776
Rheda-Beckum,RB-05,RB-01--RB-02,Wald + Wind,0.0788978273174366
Rheda-Beckum,RB-05,RB-01--RB-02,Vollstaendig,0.0791127223252824
Rheda-Beckum,RB-05,RB-01--RB-03,Gleichgewichtung,0.0908078245465607
Rheda-Beckum,RB-05,RB-01--RB-03,1/d^2,0.0936031269523559
Rheda-Beckum,RB-05,RB-01--RB-03,Wald + Wind,0.0916109391228602
Rheda-Beckum,RB-05,RB-01--RB-03,Vollstaendig,0.0929302765150552
Rheda-Beckum,RB-05,RB-01--RB-04,Gleichgewichtung,0.0507300727591176
Rheda-Beckum,RB-05,RB-01--RB-04,1/d^2,0.0321014851105576
Rheda-Beckum,RB-05,RB-01--RB-04,Wald + Wind,0.0452133047286468
Rheda-Beckum,RB-05,RB-01--RB-04,Vollstaendig,0.046483143640729
Rheda-Beckum,RB-05,RB-02--RB-03,Gleichgewichtung,0.1002502005389344
Rheda-Beckum,RB-05,RB-02--RB-03,1/d^2,0.1017101622184118
Rheda-Beckum,RB-05,RB-02--RB-03,Wald + Wind,0.1008134657291912
Rheda-Beckum,RB-05,RB-02--RB-03,Vollstaendig,0.1012780720916668
Rheda-Beckum,RB-05,RB-02--RB-04,Gleichgewichtung,0.0605566725589162
Rheda-Beckum,RB-05,RB-02--RB-04,1/d^2,0.0322911717076632
Rheda-Beckum,RB-05,RB-02--RB-04,Wald + Wind,0.0519351341442009
Rheda-Beckum,RB-05,RB-02--RB-04,Vollstaendig,0.0544550177174982
Rheda-Beckum,RB-05,RB-03--RB-04,Gleichgewichtung,0.072583193444679
Rheda-Beckum,RB-05,RB-03--RB-04,1/d^2,0.032738182197991
Rheda-Beckum,RB-05,RB-03--RB-04,Wald + Wind,0.062220889928544
Rheda-Beckum,RB-05,RB-03--RB-04,Vollstaendig,0.0674394636221822
