standort,zielcluster,referenzpaar,referenzcluster,gewichtungsverfahren,referenzgewicht_0_bis_1
Alpen-Sevelen,AS-01,AS-02--AS-03,AS-02,Gleichgewichtung,0.5
Alpen-Sevelen,AS-01,AS-02--AS-03,AS-03,Gleichgewichtung,0.5
Alpen-Sevelen,AS-01,AS-02--AS-03,AS-02,1/d^2,0.8324444085878819
Alpen-Sevelen,AS-01,AS-02--AS-03,AS-03,1/d^2,0.167555591412118
Alpen-Sevelen,AS-01,AS-02--AS-03,AS-02,Wald + Wind,0.4817678960640563
Alpen-Sevelen,AS-01,AS-02--AS-03,AS-03,Wald + Wind,0.5182321039359438
Alpen-Sevelen,AS-01,AS-02--AS-03,AS-02,Vollstaendig,0.498059024008105
Alpen-Sevelen,AS-01,AS-02--AS-03,AS-03,Vollstaendig,0.501940975991895
Alpen-Sevelen,AS-01,AS-02--AS-04,AS-02,Gleichgewichtung,0.5
Alpen-Sevelen,AS-01,AS-02--AS-04,AS-04,Gleichgewichtung,0.5
Alpen-Sevelen,AS-01,AS-02--AS-04,AS-02,1/d^2,0.7891268646809853
Alpen-Sevelen,AS-01,AS-02--AS-04,AS-04,1/d^2,0.2108731353190148
Alpen-Sevelen,AS-01,AS-02--AS-04,AS-02,Wald + Wind,0.5205029522724016
Alpen-Sevelen,AS-01,AS-02--AS-04,AS-04,Wald + Wind,0.4794970477275983
Alpen-Sevelen,AS-01,AS-02--AS-04,AS-02,Vollstaendig,0.5269886713837093
Alpen-Sevelen,AS-01,AS-02--AS-04,AS-04,Vollstaendig,0.4730113286162906
Alpen-Sevelen,AS-01,AS-02--AS-05,AS-02,Gleichgewichtung,0.5
Alpen-Sevelen,AS-01,AS-02--AS-05,AS-05,Gleichgewichtung,0.5
Alpen-Sevelen,AS-01,AS-02--AS-05,AS-02,1/d^2,0.7914118362285498
Alpen-Sevelen,AS-01,AS-02--AS-05,AS-05,1/d^2,0.2085881637714502
Alpen-Sevelen,AS-01,AS-02--AS-05,AS-02,Wald + Wind,0.5592089958972681
Alpen-Sevelen,AS-01,AS-02--AS-05,AS-05,Wald + Wind,0.440791004102732
Alpen-Sevelen,AS-01,AS-02--AS-05,AS-02,Vollstaendig,0.578745097512764
Alpen-Sevelen,AS-01,AS-02--AS-05,AS-05,Vollstaendig,0.4212549024872359
Alpen-Sevelen,AS-01,AS-02--AS-06,AS-02,Gleichgewichtung,0.5
Alpen-Sevelen,AS-01,AS-02--AS-06,AS-06,Gleichgewichtung,0.5
Alpen-Sevelen,AS-01,AS-02--AS-06,AS-02,1/d^2,0.8206672461441622
Alpen-Sevelen,AS-01,AS-02--AS-06,AS-06,1/d^2,0.1793327538558377
Alpen-Sevelen,AS-01,AS-02--AS-06,AS-02,Wald + Wind,0.5382261010791766
Alpen-Sevelen,AS-01,AS-02--AS-06,AS-06,Wald + Wind,0.4617738989208235
Alpen-Sevelen,AS-01,AS-02--AS-06,AS-02,Vollstaendig,0.5515223385362327
Alpen-Sevelen,AS-01,AS-02--AS-06,AS-06,Vollstaendig,0.4484776614637673
Alpen-Sevelen,AS-01,AS-03--AS-04,AS-03,Gleichgewichtung,0.5
Alpen-Sevelen,AS-01,AS-03--AS-04,AS-04,Gleichgewichtung,0.5
Alpen-Sevelen,AS-01,AS-03--AS-04,AS-03,1/d^2,0.4296251096766681
Alpen-Sevelen,AS-01,AS-03--AS-04,AS-04,1/d^2,0.5703748903233318
Alpen-Sevelen,AS-01,AS-03--AS-04,AS-03,Wald + Wind,0.5386772241729348
Alpen-Sevelen,AS-01,AS-03--AS-04,AS-04,Wald + Wind,0.461322775827065
Alpen-Sevelen,AS-01,AS-03--AS-04,AS-03,Vollstaendig,0.5289235868008992
Alpen-Sevelen,AS-01,AS-03--AS-04,AS-04,Vollstaendig,0.4710764131991008
Alpen-Sevelen,AS-01,AS-03--AS-05,AS-03,Gleichgewichtung,0.5
Alpen-Sevelen,AS-01,AS-03--AS-05,AS-05,Gleichgewichtung,0.5
Alpen-Sevelen,AS-01,AS-03--AS-05,AS-03,1/d^2,0.4330066295492774
Alpen-Sevelen,AS-01,AS-03--AS-05,AS-05,1/d^2,0.5669933704507226
Alpen-Sevelen,AS-01,AS-03--AS-05,AS-03,Wald + Wind,0.5771081454524927
Alpen-Sevelen,AS-01,AS-03--AS-05,AS-05,Wald + Wind,0.4228918545475074
Alpen-Sevelen,AS-01,AS-03--AS-05,AS-03,Vollstaendig,0.5806367746501386
Alpen-Sevelen,AS-01,AS-03--AS-05,AS-05,Vollstaendig,0.4193632253498613
Alpen-Sevelen,AS-01,AS-03--AS-06,AS-03,Gleichgewichtung,0.5
Alpen-Sevelen,AS-01,AS-03--AS-06,AS-06,Gleichgewichtung,0.5
Alpen-Sevelen,AS-01,AS-03--AS-06,AS-03,1/d^2,0.4794674099105812
Alpen-Sevelen,AS-01,AS-03--AS-06,AS-06,1/d^2,0.5205325900894188
Alpen-Sevelen,AS-01,AS-03--AS-06,AS-03,Wald + Wind,0.5563012501357941
Alpen-Sevelen,AS-01,AS-03--AS-06,AS-06,Wald + Wind,0.443698749864206
Alpen-Sevelen,AS-01,AS-03--AS-06,AS-03,Vollstaendig,0.5534419369790383
Alpen-Sevelen,AS-01,AS-03--AS-06,AS-06,Vollstaendig,0.4465580630209617
Alpen-Sevelen,AS-01,AS-04--AS-05,AS-04,Gleichgewichtung,0.5
Alpen-Sevelen,AS-01,AS-04--AS-05,AS-05,Gleichgewichtung,0.5
Alpen-Sevelen,AS-01,AS-04--AS-05,AS-04,1/d^2,0.5034465163611936
Alpen-Sevelen,AS-01,AS-04--AS-05,AS-05,1/d^2,0.4965534836388064
Alpen-Sevelen,AS-01,AS-04--AS-05,AS-04,Wald + Wind,0.5388949109675167
Alpen-Sevelen,AS-01,AS-04--AS-05,AS-05,Wald + Wind,0.4611050890324832
Alpen-Sevelen,AS-01,AS-04--AS-05,AS-04,Vollstaendig,0.5522001747111539
Alpen-Sevelen,AS-01,AS-04--AS-05,AS-05,Vollstaendig,0.4477998252888461
Alpen-Sevelen,AS-01,AS-04--AS-06,AS-04,Gleichgewichtung,0.5
Alpen-Sevelen,AS-01,AS-04--AS-06,AS-06,Gleichgewichtung,0.5
Alpen-Sevelen,AS-01,AS-04--AS-06,AS-04,1/d^2,0.5501320592804619
Alpen-Sevelen,AS-01,AS-04--AS-06,AS-06,1/d^2,0.449867940719538
Alpen-Sevelen,AS-01,AS-04--AS-06,AS-04,Wald + Wind,0.5177788854652138
Alpen-Sevelen,AS-01,AS-04--AS-06,AS-06,Wald + Wind,0.4822211145347862
Alpen-Sevelen,AS-01,AS-04--AS-06,AS-04,Vollstaendig,0.5246708885554131
Alpen-Sevelen,AS-01,AS-04--AS-06,AS-06,Vollstaendig,0.4753291114445868
Alpen-Sevelen,AS-01,AS-05--AS-06,AS-05,Gleichgewichtung,0.5
Alpen-Sevelen,AS-01,AS-05--AS-06,AS-06,Gleichgewichtung,0.5
Alpen-Sevelen,AS-01,AS-05--AS-06,AS-05,1/d^2,0.5467178307263093
Alpen-Sevelen,AS-01,AS-05--AS-06,AS-06,1/d^2,0.4532821692736908
Alpen-Sevelen,AS-01,AS-05--AS-06,AS-05,Wald + Wind,0.4788254048758288
Alpen-Sevelen,AS-01,AS-05--AS-06,AS-06,Wald + Wind,0.5211745951241711
Alpen-Sevelen,AS-01,AS-05--AS-06,AS-05,Vollstaendig,0.4723281679699179
Alpen-Sevelen,AS-01,AS-05--AS-06,AS-06,Vollstaendig,0.527671832030082
Alpen-Sevelen,AS-02,AS-01--AS-03,AS-01,Gleichgewichtung,0.5
Alpen-Sevelen,AS-02,AS-01--AS-03,AS-03,Gleichgewichtung,0.5
Alpen-Sevelen,AS-02,AS-01--AS-03,AS-01,1/d^2,0.9021603703514248
Alpen-Sevelen,AS-02,AS-01--AS-03,AS-03,1/d^2,0.0978396296485752
Alpen-Sevelen,AS-02,AS-01--AS-03,AS-01,Wald + Wind,0.5136277829820342
Alpen-Sevelen,AS-02,AS-01--AS-03,AS-03,Wald + Wind,0.4863722170179657
Alpen-Sevelen,AS-02,AS-01--AS-03,AS-01,Vollstaendig,0.5256905357132012
Alpen-Sevelen,AS-02,AS-01--AS-03,AS-03,Vollstaendig,0.4743094642867987
Alpen-Sevelen,AS-02,AS-01--AS-04,AS-01,Gleichgewichtung,0.5
Alpen-Sevelen,AS-02,AS-01--AS-04,AS-04,Gleichgewichtung,0.5
Alpen-Sevelen,AS-02,AS-01--AS-04,AS-01,1/d^2,0.8785461995935957
Alpen-Sevelen,AS-02,AS-01--AS-04,AS-04,1/d^2,0.1214538004064044
Alpen-Sevelen,AS-02,AS-01--AS-04,AS-01,Wald + Wind,0.4547183690429819
Alpen-Sevelen,AS-02,AS-01--AS-04,AS-04,Wald + Wind,0.545281630957018
Alpen-Sevelen,AS-02,AS-01--AS-04,AS-01,Vollstaendig,0.493962902646467
Alpen-Sevelen,AS-02,AS-01--AS-04,AS-04,Vollstaendig,0.5060370973535331
Alpen-Sevelen,AS-02,AS-01--AS-05,AS-01,Gleichgewichtung,0.5
Alpen-Sevelen,AS-02,AS-01--AS-05,AS-05,Gleichgewichtung,0.5
Alpen-Sevelen,AS-02,AS-01--AS-05,AS-01,1/d^2,0.865041186165491
Alpen-Sevelen,AS-02,AS-01--AS-05,AS-05,1/d^2,0.1349588138345091
Alpen-Sevelen,AS-02,AS-01--AS-05,AS-01,Wald + Wind,0.4847272826749639
Alpen-Sevelen,AS-02,AS-01--AS-05,AS-05,Wald + Wind,0.515272717325036
Alpen-Sevelen,AS-02,AS-01--AS-05,AS-01,Vollstaendig,0.5197969389989116
Alpen-Sevelen,AS-02,AS-01--AS-05,AS-05,Vollstaendig,0.4802030610010885
Alpen-Sevelen,AS-02,AS-01--AS-06,AS-01,Gleichgewichtung,0.5
Alpen-Sevelen,AS-02,AS-01--AS-06,AS-06,Gleichgewichtung,0.5
Alpen-Sevelen,AS-02,AS-01--AS-06,AS-01,1/d^2,0.8837667554054147
Alpen-Sevelen,AS-02,AS-01--AS-06,AS-06,1/d^2,0.1162332445945853
Alpen-Sevelen,AS-02,AS-01--AS-06,AS-01,Wald + Wind,0.4506370846997959
Alpen-Sevelen,AS-02,AS-01--AS-06,AS-06,Wald + Wind,0.5493629153002041
Alpen-Sevelen,AS-02,AS-01--AS-06,AS-01,Vollstaendig,0.4867188289218772
Alpen-Sevelen,AS-02,AS-01--AS-06,AS-06,Vollstaendig,0.5132811710781228
Alpen-Sevelen,AS-02,AS-03--AS-04,AS-03,Gleichgewichtung,0.5
Alpen-Sevelen,AS-02,AS-03--AS-04,AS-04,Gleichgewichtung,0.5
Alpen-Sevelen,AS-02,AS-03--AS-04,AS-03,1/d^2,0.4396141771322699
Alpen-Sevelen,AS-02,AS-03--AS-04,AS-04,1/d^2,0.5603858228677301
Alpen-Sevelen,AS-02,AS-03--AS-04,AS-03,Wald + Wind,0.4412356372496275
Alpen-Sevelen,AS-02,AS-03--AS-04,AS-04,Wald + Wind,0.5587643627503724
Alpen-Sevelen,AS-02,AS-03--AS-04,AS-03,Vollstaendig,0.4682920380791453
Alpen-Sevelen,AS-02,AS-03--AS-04,AS-04,Vollstaendig,0.5317079619208546
Alpen-Sevelen,AS-02,AS-03--AS-05,AS-03,Gleichgewichtung,0.5
Alpen-Sevelen,AS-02,AS-03--AS-05,AS-05,Gleichgewichtung,0.5
Alpen-Sevelen,AS-02,AS-03--AS-05,AS-03,1/d^2,0.4100750529090851
Alpen-Sevelen,AS-02,AS-03--AS-05,AS-05,1/d^2,0.5899249470909149
Alpen-Sevelen,AS-02,AS-03--AS-05,AS-03,Wald + Wind,0.4711235403016995
Alpen-Sevelen,AS-02,AS-03--AS-05,AS-05,Wald + Wind,0.5288764596983005
Alpen-Sevelen,AS-02,AS-03--AS-05,AS-03,Vollstaendig,0.4940943890532822
Alpen-Sevelen,AS-02,AS-03--AS-05,AS-05,Vollstaendig,0.5059056109467178
Alpen-Sevelen,AS-02,AS-03--AS-06,AS-03,Gleichgewichtung,0.5
Alpen-Sevelen,AS-02,AS-03--AS-06,AS-06,Gleichgewichtung,0.5
Alpen-Sevelen,AS-02,AS-03--AS-06,AS-03,1/d^2,0.4519318324061921
Alpen-Sevelen,AS-02,AS-03--AS-06,AS-06,1/d^2,0.5480681675938079
Alpen-Sevelen,AS-02,AS-03--AS-06,AS-03,Wald + Wind,0.4371783440130904
Alpen-Sevelen,AS-02,AS-03--AS-06,AS-06,Wald + Wind,0.5628216559869095
Alpen-Sevelen,AS-02,AS-03--AS-06,AS-03,Vollstaendig,0.4610814093634302
Alpen-Sevelen,AS-02,AS-03--AS-06,AS-06,Vollstaendig,0.5389185906365698
Alpen-Sevelen,AS-02,AS-04--AS-05,AS-04,Gleichgewichtung,0.5
Alpen-Sevelen,AS-02,AS-04--AS-05,AS-05,Gleichgewichtung,0.5
Alpen-Sevelen,AS-02,AS-04--AS-05,AS-04,1/d^2,0.469805017577744
Alpen-Sevelen,AS-02,AS-04--AS-05,AS-05,1/d^2,0.530194982422256
Alpen-Sevelen,AS-02,AS-04--AS-05,AS-04,Wald + Wind,0.5300921573923967
Alpen-Sevelen,AS-02,AS-04--AS-05,AS-05,Wald + Wind,0.4699078426076034
Alpen-Sevelen,AS-02,AS-04--AS-05,AS-04,Vollstaendig,0.5258216919261538
Alpen-Sevelen,AS-02,AS-04--AS-05,AS-05,Vollstaendig,0.4741783080738462
Alpen-Sevelen,AS-02,AS-04--AS-06,AS-04,Gleichgewichtung,0.5
Alpen-Sevelen,AS-02,AS-04--AS-06,AS-06,Gleichgewichtung,0.5
Alpen-Sevelen,AS-02,AS-04--AS-06,AS-04,1/d^2,0.5124623499288311
Alpen-Sevelen,AS-02,AS-04--AS-06,AS-06,1/d^2,0.4875376500711688
Alpen-Sevelen,AS-02,AS-04--AS-06,AS-04,Wald + Wind,0.495881895963489
Alpen-Sevelen,AS-02,AS-04--AS-06,AS-06,Wald + Wind,0.5041181040365109
Alpen-Sevelen,AS-02,AS-04--AS-06,AS-04,Vollstaendig,0.4927536022187496
Alpen-Sevelen,AS-02,AS-04--AS-06,AS-06,Vollstaendig,0.5072463977812505
Alpen-Sevelen,AS-02,AS-05--AS-06,AS-05,Gleichgewichtung,0.5
Alpen-Sevelen,AS-02,AS-05--AS-06,AS-06,Gleichgewichtung,0.5
Alpen-Sevelen,AS-02,AS-05--AS-06,AS-05,1/d^2,0.5425932209604375
Alpen-Sevelen,AS-02,AS-05--AS-06,AS-06,1/d^2,0.4574067790395624
Alpen-Sevelen,AS-02,AS-05--AS-06,AS-05,Wald + Wind,0.4658066878724213
Alpen-Sevelen,AS-02,AS-05--AS-06,AS-06,Wald + Wind,0.5341933121275787
Alpen-Sevelen,AS-02,AS-05--AS-06,AS-05,Vollstaendig,0.466956641825468
Alpen-Sevelen,AS-02,AS-05--AS-06,AS-06,Vollstaendig,0.533043358174532
Alpen-Sevelen,AS-03,AS-01--AS-02,AS-01,Gleichgewichtung,0.5
Alpen-Sevelen,AS-03,AS-01--AS-02,AS-02,Gleichgewichtung,0.5
Alpen-Sevelen,AS-03,AS-01--AS-02,AS-01,1/d^2,0.6498571452187268
Alpen-Sevelen,AS-03,AS-01--AS-02,AS-02,1/d^2,0.3501428547812731
Alpen-Sevelen,AS-03,AS-01--AS-02,AS-01,Wald + Wind,0.5317843152975222
Alpen-Sevelen,AS-03,AS-01--AS-02,AS-02,Wald + Wind,0.4682156847024776
Alpen-Sevelen,AS-03,AS-01--AS-02,AS-01,Vollstaendig,0.5277418429340487
Alpen-Sevelen,AS-03,AS-01--AS-02,AS-02,Vollstaendig,0.4722581570659513
Alpen-Sevelen,AS-03,AS-01--AS-04,AS-01,Gleichgewichtung,0.5
Alpen-Sevelen,AS-03,AS-01--AS-04,AS-04,Gleichgewichtung,0.5
Alpen-Sevelen,AS-03,AS-01--AS-04,AS-01,1/d^2,0.0287053294133145
Alpen-Sevelen,AS-03,AS-01--AS-04,AS-04,1/d^2,0.9712946705866856
Alpen-Sevelen,AS-03,AS-01--AS-04,AS-01,Wald + Wind,0.4262318103536182
Alpen-Sevelen,AS-03,AS-01--AS-04,AS-04,Wald + Wind,0.5737681896463818
Alpen-Sevelen,AS-03,AS-01--AS-04,AS-01,Vollstaendig,0.4415191021869908
Alpen-Sevelen,AS-03,AS-01--AS-04,AS-04,Vollstaendig,0.5584808978130091
Alpen-Sevelen,AS-03,AS-01--AS-05,AS-01,Gleichgewichtung,0.5
Alpen-Sevelen,AS-03,AS-01--AS-05,AS-05,Gleichgewichtung,0.5
Alpen-Sevelen,AS-03,AS-01--AS-05,AS-01,1/d^2,0.128364732431484
Alpen-Sevelen,AS-03,AS-01--AS-05,AS-05,1/d^2,0.871635267568516
Alpen-Sevelen,AS-03,AS-01--AS-05,AS-01,Wald + Wind,0.4853257494295164
Alpen-Sevelen,AS-03,AS-01--AS-05,AS-05,Wald + Wind,0.5146742505704834
Alpen-Sevelen,AS-03,AS-01--AS-05,AS-01,Vollstaendig,0.4989946248966712
Alpen-Sevelen,AS-03,AS-01--AS-05,AS-05,Vollstaendig,0.5010053751033288
Alpen-Sevelen,AS-03,AS-01--AS-06,AS-01,Gleichgewichtung,0.5
Alpen-Sevelen,AS-03,AS-01--AS-06,AS-06,Gleichgewichtung,0.5
Alpen-Sevelen,AS-03,AS-01--AS-06,AS-01,1/d^2,0.0922312221841326
Alpen-Sevelen,AS-03,AS-01--AS-06,AS-06,1/d^2,0.9077687778158672
Alpen-Sevelen,AS-03,AS-01--AS-06,AS-01,Wald + Wind,0.4483542723722787
Alpen-Sevelen,AS-03,AS-01--AS-06,AS-06,Wald + Wind,0.5516457276277213
Alpen-Sevelen,AS-03,AS-01--AS-06,AS-01,Vollstaendig,0.4638594018164218
Alpen-Sevelen,AS-03,AS-01--AS-06,AS-06,Vollstaendig,0.5361405981835782
Alpen-Sevelen,AS-03,AS-02--AS-04,AS-02,Gleichgewichtung,0.5
Alpen-Sevelen,AS-03,AS-02--AS-04,AS-04,Gleichgewichtung,0.5
Alpen-Sevelen,AS-03,AS-02--AS-04,AS-02,1/d^2,0.015673929428065
Alpen-Sevelen,AS-03,AS-02--AS-04,AS-04,1/d^2,0.9843260705719348
Alpen-Sevelen,AS-03,AS-02--AS-04,AS-02,Wald + Wind,0.3954282407085636
Alpen-Sevelen,AS-03,AS-02--AS-04,AS-04,Wald + Wind,0.6045717592914364
Alpen-Sevelen,AS-03,AS-02--AS-04,AS-02,Vollstaendig,0.4143331915670836
Alpen-Sevelen,AS-03,AS-02--AS-04,AS-04,Vollstaendig,0.5856668084329164
Alpen-Sevelen,AS-03,AS-02--AS-05,AS-02,Gleichgewichtung,0.5
Alpen-Sevelen,AS-03,AS-02--AS-05,AS-05,Gleichgewichtung,0.5
Alpen-Sevelen,AS-03,AS-02--AS-05,AS-02,1/d^2,0.0735151139422353
Alpen-Sevelen,AS-03,AS-02--AS-05,AS-05,1/d^2,0.9264848860577648
Alpen-Sevelen,AS-03,AS-02--AS-05,AS-02,Wald + Wind,0.453627947874088
Alpen-Sevelen,AS-03,AS-02--AS-05,AS-05,Wald + Wind,0.546372052125912
Alpen-Sevelen,AS-03,AS-02--AS-05,AS-02,Vollstaendig,0.4712559887546879
Alpen-Sevelen,AS-03,AS-02--AS-05,AS-05,Vollstaendig,0.5287440112453122
Alpen-Sevelen,AS-03,AS-02--AS-06,AS-02,Gleichgewichtung,0.5
Alpen-Sevelen,AS-03,AS-02--AS-06,AS-06,Gleichgewichtung,0.5
Alpen-Sevelen,AS-03,AS-02--AS-06,AS-02,1/d^2,0.0519019126750079
Alpen-Sevelen,AS-03,AS-02--AS-06,AS-06,1/d^2,0.948098087324992
Alpen-Sevelen,AS-03,AS-02--AS-06,AS-02,Wald + Wind,0.4171141932688579
Alpen-Sevelen,AS-03,AS-02--AS-06,AS-06,Wald + Wind,0.582885806731142
Alpen-Sevelen,AS-03,AS-02--AS-06,AS-02,Vollstaendig,0.4363727314105664
Alpen-Sevelen,AS-03,AS-02--AS-06,AS-06,Vollstaendig,0.5636272685894337
Alpen-Sevelen,AS-03,AS-04--AS-05,AS-04,Gleichgewichtung,0.5
Alpen-Sevelen,AS-03,AS-04--AS-05,AS-05,Gleichgewichtung,0.5
Alpen-Sevelen,AS-03,AS-04--AS-05,AS-04,1/d^2,0.8328624968372554
Alpen-Sevelen,AS-03,AS-04--AS-05,AS-05,1/d^2,0.1671375031627445
Alpen-Sevelen,AS-03,AS-04--AS-05,AS-04,Wald + Wind,0.5593509269035876
Alpen-Sevelen,AS-03,AS-04--AS-05,AS-05,Wald + Wind,0.4406490730964124
Alpen-Sevelen,AS-03,AS-04--AS-05,AS-04,Vollstaendig,0.5574890430377083
Alpen-Sevelen,AS-03,AS-04--AS-05,AS-05,Vollstaendig,0.4425109569622917
Alpen-Sevelen,AS-03,AS-04--AS-06,AS-04,Gleichgewichtung,0.5
Alpen-Sevelen,AS-03,AS-04--AS-06,AS-06,Gleichgewichtung,0.5
Alpen-Sevelen,AS-03,AS-04--AS-06,AS-04,1/d^2,0.7746673761854205
Alpen-Sevelen,AS-03,AS-04--AS-06,AS-06,1/d^2,0.2253326238145795
Alpen-Sevelen,AS-03,AS-04--AS-06,AS-04,Wald + Wind,0.5224648087959038
Alpen-Sevelen,AS-03,AS-04--AS-06,AS-06,Wald + Wind,0.4775351912040961
Alpen-Sevelen,AS-03,AS-04--AS-06,AS-04,Vollstaendig,0.5225307779470938
Alpen-Sevelen,AS-03,AS-04--AS-06,AS-06,Vollstaendig,0.4774692220529062
Alpen-Sevelen,AS-03,AS-05--AS-06,AS-05,Gleichgewichtung,0.5
Alpen-Sevelen,AS-03,AS-05--AS-06,AS-06,Gleichgewichtung,0.5
Alpen-Sevelen,AS-03,AS-05--AS-06,AS-05,1/d^2,0.4082521525636112
Alpen-Sevelen,AS-03,AS-05--AS-06,AS-06,1/d^2,0.5917478474363888
Alpen-Sevelen,AS-03,AS-05--AS-06,AS-05,Wald + Wind,0.462916104991771
Alpen-Sevelen,AS-03,AS-05--AS-06,AS-06,Wald + Wind,0.537083895008229
Alpen-Sevelen,AS-03,AS-05--AS-06,AS-05,Vollstaendig,0.464859669644148
Alpen-Sevelen,AS-03,AS-05--AS-06,AS-06,Vollstaendig,0.5351403303558521
Alpen-Sevelen,AS-04,AS-01--AS-02,AS-01,Gleichgewichtung,0.5
Alpen-Sevelen,AS-04,AS-01--AS-02,AS-02,Gleichgewichtung,0.5
Alpen-Sevelen,AS-04,AS-01--AS-02,AS-01,1/d^2,0.6590501307570581
Alpen-Sevelen,AS-04,AS-01--AS-02,AS-02,1/d^2,0.3409498692429419
Alpen-Sevelen,AS-04,AS-01--AS-02,AS-01,Wald + Wind,0.4322816492934052
Alpen-Sevelen,AS-04,AS-01--AS-02,AS-02,Wald + Wind,0.5677183507065948
Alpen-Sevelen,AS-04,AS-01--AS-02,AS-01,Vollstaendig,0.4657959041822397
Alpen-Sevelen,AS-04,AS-01--AS-02,AS-02,Vollstaendig,0.5342040958177603
Alpen-Sevelen,AS-04,AS-01--AS-03,AS-01,Gleichgewichtung,0.5
Alpen-Sevelen,AS-04,AS-01--AS-03,AS-03,Gleichgewichtung,0.5
Alpen-Sevelen,AS-04,AS-01--AS-03,AS-01,1/d^2,0.0377544529209029
Alpen-Sevelen,AS-04,AS-01--AS-03,AS-03,1/d^2,0.962245547079097
Alpen-Sevelen,AS-04,AS-01--AS-03,AS-01,Wald + Wind,0.3851850173367673
Alpen-Sevelen,AS-04,AS-01--AS-03,AS-03,Wald + Wind,0.6148149826632328
Alpen-Sevelen,AS-04,AS-01--AS-03,AS-01,Vollstaendig,0.4094485940224717
Alpen-Sevelen,AS-04,AS-01--AS-03,AS-03,Vollstaendig,0.5905514059775282
Alpen-Sevelen,AS-04,AS-01--AS-05,AS-01,Gleichgewichtung,0.5
Alpen-Sevelen,AS-04,AS-01--AS-05,AS-05,Gleichgewichtung,0.5
Alpen-Sevelen,AS-04,AS-01--AS-05,AS-01,1/d^2,0.0689930810484166
Alpen-Sevelen,AS-04,AS-01--AS-05,AS-05,1/d^2,0.9310069189515834
Alpen-Sevelen,AS-04,AS-01--AS-05,AS-01,Wald + Wind,0.3917525419665661
Alpen-Sevelen,AS-04,AS-01--AS-05,AS-05,Wald + Wind,0.6082474580334338
Alpen-Sevelen,AS-04,AS-01--AS-05,AS-01,Vollstaendig,0.43109381815417
Alpen-Sevelen,AS-04,AS-01--AS-05,AS-05,Vollstaendig,0.56890618184583
Alpen-Sevelen,AS-04,AS-01--AS-06,AS-01,Gleichgewichtung,0.5
Alpen-Sevelen,AS-04,AS-01--AS-06,AS-06,Gleichgewichtung,0.5
Alpen-Sevelen,AS-04,AS-01--AS-06,AS-01,1/d^2,0.0548003628028669
Alpen-Sevelen,AS-04,AS-01--AS-06,AS-06,1/d^2,0.9451996371971332
Alpen-Sevelen,AS-04,AS-01--AS-06,AS-01,Wald + Wind,0.3361230692028477
Alpen-Sevelen,AS-04,AS-01--AS-06,AS-06,Wald + Wind,0.6638769307971523
Alpen-Sevelen,AS-04,AS-01--AS-06,AS-01,Vollstaendig,0.3759229259464279
Alpen-Sevelen,AS-04,AS-01--AS-06,AS-06,Vollstaendig,0.624077074053572
Alpen-Sevelen,AS-04,AS-02--AS-03,AS-02,Gleichgewichtung,0.5
Alpen-Sevelen,AS-04,AS-02--AS-03,AS-03,Gleichgewichtung,0.5
Alpen-Sevelen,AS-04,AS-02--AS-03,AS-02,1/d^2,0.01989423720936
Alpen-Sevelen,AS-04,AS-02--AS-03,AS-03,1/d^2,0.98010576279064
Alpen-Sevelen,AS-04,AS-02--AS-03,AS-02,Wald + Wind,0.4513916319983891
Alpen-Sevelen,AS-04,AS-02--AS-03,AS-03,Wald + Wind,0.548608368001611
Alpen-Sevelen,AS-04,AS-02--AS-03,AS-02,Vollstaendig,0.4429458507858139
Alpen-Sevelen,AS-04,AS-02--AS-03,AS-03,Vollstaendig,0.5570541492141861
Alpen-Sevelen,AS-04,AS-02--AS-05,AS-02,Gleichgewichtung,0.5
Alpen-Sevelen,AS-04,AS-02--AS-05,AS-05,Gleichgewichtung,0.5
Alpen-Sevelen,AS-04,AS-02--AS-05,AS-02,1/d^2,0.0369220780469396
Alpen-Sevelen,AS-04,AS-02--AS-05,AS-05,1/d^2,0.9630779219530604
Alpen-Sevelen,AS-04,AS-02--AS-05,AS-02,Wald + Wind,0.4582466271079105
Alpen-Sevelen,AS-04,AS-02--AS-05,AS-05,Wald + Wind,0.5417533728920895
Alpen-Sevelen,AS-04,AS-02--AS-05,AS-02,Vollstaendig,0.4649676466504216
Alpen-Sevelen,AS-04,AS-02--AS-05,AS-05,Vollstaendig,0.5350323533495784
Alpen-Sevelen,AS-04,AS-02--AS-06,AS-02,Gleichgewichtung,0.5
Alpen-Sevelen,AS-04,AS-02--AS-06,AS-06,Gleichgewichtung,0.5
Alpen-Sevelen,AS-04,AS-02--AS-06,AS-02,1/d^2,0.0291204003129573
Alpen-Sevelen,AS-04,AS-02--AS-06,AS-06,1/d^2,0.9708795996870426
Alpen-Sevelen,AS-04,AS-02--AS-06,AS-02,Wald + Wind,0.3993746714473654
Alpen-Sevelen,AS-04,AS-02--AS-06,AS-06,Wald + Wind,0.6006253285526346
Alpen-Sevelen,AS-04,AS-02--AS-06,AS-02,Vollstaendig,0.4085750115927469
Alpen-Sevelen,AS-04,AS-02--AS-06,AS-06,Vollstaendig,0.591424988407253
Alpen-Sevelen,AS-04,AS-03--AS-05,AS-03,Gleichgewichtung,0.5
Alpen-Sevelen,AS-04,AS-03--AS-05,AS-05,Gleichgewichtung,0.5
Alpen-Sevelen,AS-04,AS-03--AS-05,AS-03,1/d^2,0.6538273651223055
Alpen-Sevelen,AS-04,AS-03--AS-05,AS-05,1/d^2,0.3461726348776945
Alpen-Sevelen,AS-04,AS-03--AS-05,AS-03,Wald + Wind,0.5069111011791954
Alpen-Sevelen,AS-04,AS-03--AS-05,AS-05,Wald + Wind,0.4930888988208046
Alpen-Sevelen,AS-04,AS-03--AS-05,AS-03,Vollstaendig,0.522199278305729
Alpen-Sevelen,AS-04,AS-03--AS-05,AS-05,Vollstaendig,0.4778007216942709
Alpen-Sevelen,AS-04,AS-03--AS-06,AS-03,Gleichgewichtung,0.5
Alpen-Sevelen,AS-04,AS-03--AS-06,AS-06,Gleichgewichtung,0.5
Alpen-Sevelen,AS-04,AS-03--AS-06,AS-03,1/d^2,0.5963950886441838
Alpen-Sevelen,AS-04,AS-03--AS-06,AS-06,1/d^2,0.4036049113558163
Alpen-Sevelen,AS-04,AS-03--AS-06,AS-03,Wald + Wind,0.4469450224202461
Alpen-Sevelen,AS-04,AS-03--AS-06,AS-06,Wald + Wind,0.553054977579754
Alpen-Sevelen,AS-04,AS-03--AS-06,AS-03,Vollstaendig,0.4648967418667193
Alpen-Sevelen,AS-04,AS-03--AS-06,AS-06,Vollstaendig,0.5351032581332806
Alpen-Sevelen,AS-04,AS-05--AS-06,AS-05,Gleichgewichtung,0.5
Alpen-Sevelen,AS-04,AS-05--AS-06,AS-06,Gleichgewichtung,0.5
Alpen-Sevelen,AS-04,AS-05--AS-06,AS-05,1/d^2,0.4389464669149408
Alpen-Sevelen,AS-04,AS-05--AS-06,AS-06,1/d^2,0.5610535330850591
Alpen-Sevelen,AS-04,AS-05--AS-06,AS-05,Wald + Wind,0.4401217430800763
Alpen-Sevelen,AS-04,AS-05--AS-06,AS-06,Wald + Wind,0.5598782569199238
Alpen-Sevelen,AS-04,AS-05--AS-06,AS-05,Vollstaendig,0.4428755244350453
Alpen-Sevelen,AS-04,AS-05--AS-06,AS-06,Vollstaendig,0.5571244755649546
Alpen-Sevelen,AS-05,AS-01--AS-02,AS-01,Gleichgewichtung,0.5
Alpen-Sevelen,AS-05,AS-01--AS-02,AS-02,Gleichgewichtung,0.5
Alpen-Sevelen,AS-05,AS-01--AS-02,AS-01,1/d^2,0.628164561381558
Alpen-Sevelen,AS-05,AS-01--AS-02,AS-02,1/d^2,0.3718354386184419
Alpen-Sevelen,AS-05,AS-01--AS-02,AS-01,Wald + Wind,0.4201277353430092
Alpen-Sevelen,AS-05,AS-01--AS-02,AS-02,Wald + Wind,0.5798722646569908
Alpen-Sevelen,AS-05,AS-01--AS-02,AS-01,Vollstaendig,0.4353163866629251
Alpen-Sevelen,AS-05,AS-01--AS-02,AS-02,Vollstaendig,0.5646836133370748
Alpen-Sevelen,AS-05,AS-01--AS-03,AS-01,Gleichgewichtung,0.5
Alpen-Sevelen,AS-05,AS-01--AS-03,AS-03,Gleichgewichtung,0.5
Alpen-Sevelen,AS-05,AS-01--AS-03,AS-01,1/d^2,0.1616637369274227
Alpen-Sevelen,AS-05,AS-01--AS-03,AS-03,1/d^2,0.8383362630725771
Alpen-Sevelen,AS-05,AS-01--AS-03,AS-01,Wald + Wind,0.4015421880330046
Alpen-Sevelen,AS-05,AS-01--AS-03,AS-03,Wald + Wind,0.5984578119669953
Alpen-Sevelen,AS-05,AS-01--AS-03,AS-01,Vollstaendig,0.4103022031082216
Alpen-Sevelen,AS-05,AS-01--AS-03,AS-03,Vollstaendig,0.5896977968917784
Alpen-Sevelen,AS-05,AS-01--AS-04,AS-01,Gleichgewichtung,0.5
Alpen-Sevelen,AS-05,AS-01--AS-04,AS-04,Gleichgewichtung,0.5
Alpen-Sevelen,AS-05,AS-01--AS-04,AS-01,1/d^2,0.068112790800405
Alpen-Sevelen,AS-05,AS-01--AS-04,AS-04,1/d^2,0.9318872091995948
Alpen-Sevelen,AS-05,AS-01--AS-04,AS-01,Wald + Wind,0.3462826834358618
Alpen-Sevelen,AS-05,AS-01--AS-04,AS-04,Wald + Wind,0.6537173165641381
Alpen-Sevelen,AS-05,AS-01--AS-04,AS-01,Vollstaendig,0.3705638745368012
Alpen-Sevelen,AS-05,AS-01--AS-04,AS-04,Vollstaendig,0.6294361254631988
Alpen-Sevelen,AS-05,AS-01--AS-06,AS-01,Gleichgewichtung,0.5
Alpen-Sevelen,AS-05,AS-01--AS-06,AS-06,Gleichgewichtung,0.5
Alpen-Sevelen,AS-05,AS-01--AS-06,AS-01,1/d^2,0.0142287352999901
Alpen-Sevelen,AS-05,AS-01--AS-06,AS-06,1/d^2,0.98577126470001
Alpen-Sevelen,AS-05,AS-01--AS-06,AS-01,Wald + Wind,0.3105392596724017
Alpen-Sevelen,AS-05,AS-01--AS-06,AS-06,Wald + Wind,0.6894607403275982
Alpen-Sevelen,AS-05,AS-01--AS-06,AS-01,Vollstaendig,0.349562234913682
Alpen-Sevelen,AS-05,AS-01--AS-06,AS-06,Vollstaendig,0.650437765086318
Alpen-Sevelen,AS-05,AS-02--AS-03,AS-02,Gleichgewichtung,0.5
Alpen-Sevelen,AS-05,AS-02--AS-03,AS-03,Gleichgewichtung,0.5
Alpen-Sevelen,AS-05,AS-02--AS-03,AS-02,1/d^2,0.1024538952733575
Alpen-Sevelen,AS-05,AS-02--AS-03,AS-03,1/d^2,0.8975461047266424
Alpen-Sevelen,AS-05,AS-02--AS-03,AS-02,Wald + Wind,0.4808108345865789
Alpen-Sevelen,AS-05,AS-02--AS-03,AS-03,Wald + Wind,0.5191891654134211
Alpen-Sevelen,AS-05,AS-02--AS-03,AS-02,Vollstaendig,0.474391496591554
Alpen-Sevelen,AS-05,AS-02--AS-03,AS-03,Vollstaendig,0.525608503408446
Alpen-Sevelen,AS-05,AS-02--AS-04,AS-02,Gleichgewichtung,0.5
Alpen-Sevelen,AS-05,AS-02--AS-04,AS-04,Gleichgewichtung,0.5
Alpen-Sevelen,AS-05,AS-02--AS-04,AS-02,1/d^2,0.0414713131015058
Alpen-Sevelen,AS-05,AS-02--AS-04,AS-04,1/d^2,0.958528686898494
Alpen-Sevelen,AS-05,AS-02--AS-04,AS-02,Wald + Wind,0.4223410387895217
Alpen-Sevelen,AS-05,AS-02--AS-04,AS-04,Wald + Wind,0.5776589612104783
Alpen-Sevelen,AS-05,AS-02--AS-04,AS-02,Vollstaendig,0.4330038133761916
Alpen-Sevelen,AS-05,AS-02--AS-04,AS-04,Vollstaendig,0.5669961866238085
Alpen-Sevelen,AS-05,AS-02--AS-06,AS-02,Gleichgewichtung,0.5
Alpen-Sevelen,AS-05,AS-02--AS-06,AS-06,Gleichgewichtung,0.5
Alpen-Sevelen,AS-05,AS-02--AS-06,AS-02,1/d^2,0.0084717394436609
Alpen-Sevelen,AS-05,AS-02--AS-06,AS-06,1/d^2,0.991528260556339
Alpen-Sevelen,AS-05,AS-02--AS-06,AS-02,Wald + Wind,0.3833506662515906
Alpen-Sevelen,AS-05,AS-02--AS-06,AS-06,Wald + Wind,0.6166493337484095
Alpen-Sevelen,AS-05,AS-02--AS-06,AS-02,Vollstaendig,0.410772820099941
Alpen-Sevelen,AS-05,AS-02--AS-06,AS-06,Vollstaendig,0.589227179900059
Alpen-Sevelen,AS-05,AS-03--AS-04,AS-03,Gleichgewichtung,0.5
Alpen-Sevelen,AS-05,AS-03--AS-04,AS-04,Gleichgewichtung,0.5
Alpen-Sevelen,AS-05,AS-03--AS-04,AS-03,1/d^2,0.274851410380599
Alpen-Sevelen,AS-05,AS-03--AS-04,AS-04,1/d^2,0.7251485896194011
Alpen-Sevelen,AS-05,AS-03--AS-04,AS-03,Wald + Wind,0.4411795849666737
Alpen-Sevelen,AS-05,AS-03--AS-04,AS-04,Wald + Wind,0.5588204150333264
Alpen-Sevelen,AS-05,AS-03--AS-04,AS-03,Vollstaendig,0.4583263233315959
Alpen-Sevelen,AS-05,AS-03--AS-04,AS-04,Vollstaendig,0.5416736766684042
Alpen-Sevelen,AS-05,AS-03--AS-06,AS-03,Gleichgewichtung,0.5
Alpen-Sevelen,AS-05,AS-03--AS-06,AS-06,Gleichgewichtung,0.5
Alpen-Sevelen,AS-05,AS-03--AS-06,AS-03,1/d^2,0.0696382176148153
Alpen-Sevelen,AS-05,AS-03--AS-06,AS-06,1/d^2,0.9303617823851846
Alpen-Sevelen,AS-05,AS-03--AS-06,AS-03,Wald + Wind,0.4016593272959288
Alpen-Sevelen,AS-05,AS-03--AS-06,AS-06,Wald + Wind,0.5983406727040712
Alpen-Sevelen,AS-05,AS-03--AS-06,AS-03,Vollstaendig,0.4357944917010705
Alpen-Sevelen,AS-05,AS-03--AS-06,AS-06,Vollstaendig,0.5642055082989296
Alpen-Sevelen,AS-05,AS-04--AS-06,AS-04,Gleichgewichtung,0.5
Alpen-Sevelen,AS-05,AS-04--AS-06,AS-06,Gleichgewichtung,0.5
Alpen-Sevelen,AS-05,AS-04--AS-06,AS-04,1/d^2,0.1649135239727184
Alpen-Sevelen,AS-05,AS-04--AS-06,AS-06,1/d^2,0.8350864760272816
Alpen-Sevelen,AS-05,AS-04--AS-06,AS-04,Wald + Wind,0.4595436736928726
Alpen-Sevelen,AS-05,AS-04--AS-06,AS-06,Wald + Wind,0.5404563263071274
Alpen-Sevelen,AS-05,AS-04--AS-06,AS-04,Vollstaendig,0.4772244076184429
Alpen-Sevelen,AS-05,AS-04--AS-06,AS-06,Vollstaendig,0.5227755923815571
Alpen-Sevelen,AS-06,AS-01--AS-02,AS-01,Gleichgewichtung,0.5
Alpen-Sevelen,AS-06,AS-01--AS-02,AS-02,Gleichgewichtung,0.5
Alpen-Sevelen,AS-06,AS-01--AS-02,AS-01,1/d^2,0.6242717413904358
Alpen-Sevelen,AS-06,AS-01--AS-02,AS-02,1/d^2,0.3757282586095641
Alpen-Sevelen,AS-06,AS-01--AS-02,AS-01,Wald + Wind,0.4125951557370245
Alpen-Sevelen,AS-06,AS-01--AS-02,AS-02,Wald + Wind,0.5874048442629756
Alpen-Sevelen,AS-06,AS-01--AS-02,AS-01,Vollstaendig,0.4352074619397059
Alpen-Sevelen,AS-06,AS-01--AS-02,AS-02,Vollstaendig,0.5647925380602941
Alpen-Sevelen,AS-06,AS-01--AS-03,AS-01,Gleichgewichtung,0.5
Alpen-Sevelen,AS-06,AS-01--AS-03,AS-03,Gleichgewichtung,0.5
Alpen-Sevelen,AS-06,AS-01--AS-03,AS-01,1/d^2,0.0993458251637831
Alpen-Sevelen,AS-06,AS-01--AS-03,AS-03,1/d^2,0.9006541748362168
Alpen-Sevelen,AS-06,AS-01--AS-03,AS-01,Wald + Wind,0.3929960902890956
Alpen-Sevelen,AS-06,AS-01--AS-03,AS-03,Wald + Wind,0.6070039097109043
Alpen-Sevelen,AS-06,AS-01--AS-03,AS-01,Vollstaendig,0.410837442849977
Alpen-Sevelen,AS-06,AS-01--AS-03,AS-03,Vollstaendig,0.5891625571500231
Alpen-Sevelen,AS-06,AS-01--AS-04,AS-01,Gleichgewichtung,0.5
Alpen-Sevelen,AS-06,AS-01--AS-04,AS-04,Gleichgewichtung,0.5
Alpen-Sevelen,AS-06,AS-01--AS-04,AS-01,1/d^2,0.0452648305293946
Alpen-Sevelen,AS-06,AS-01--AS-04,AS-04,1/d^2,0.9547351694706054
Alpen-Sevelen,AS-06,AS-01--AS-04,AS-01,Wald + Wind,0.325229163419327
Alpen-Sevelen,AS-06,AS-01--AS-04,AS-04,Wald + Wind,0.674770836580673
Alpen-Sevelen,AS-06,AS-01--AS-04,AS-01,Vollstaendig,0.3576678929437147
Alpen-Sevelen,AS-06,AS-01--AS-04,AS-04,Vollstaendig,0.6423321070562853
Alpen-Sevelen,AS-06,AS-01--AS-05,AS-01,Gleichgewichtung,0.5
Alpen-Sevelen,AS-06,AS-01--AS-05,AS-05,Gleichgewichtung,0.5
Alpen-Sevelen,AS-06,AS-01--AS-05,AS-01,1/d^2,0.0118257602885376
Alpen-Sevelen,AS-06,AS-01--AS-05,AS-05,1/d^2,0.9881742397114625
Alpen-Sevelen,AS-06,AS-01--AS-05,AS-01,Wald + Wind,0.3447988918381197
Alpen-Sevelen,AS-06,AS-01--AS-05,AS-05,Wald + Wind,0.6552011081618803
Alpen-Sevelen,AS-06,AS-01--AS-05,AS-01,Vollstaendig,0.3903895933477506
Alpen-Sevelen,AS-06,AS-01--AS-05,AS-05,Vollstaendig,0.6096104066522493
Alpen-Sevelen,AS-06,AS-02--AS-03,AS-02,Gleichgewichtung,0.5
Alpen-Sevelen,AS-06,AS-02--AS-03,AS-03,Gleichgewichtung,0.5
Alpen-Sevelen,AS-06,AS-02--AS-03,AS-02,1/d^2,0.0622553035203372
Alpen-Sevelen,AS-06,AS-02--AS-03,AS-03,1/d^2,0.9377446964796629
Alpen-Sevelen,AS-06,AS-02--AS-03,AS-02,Wald + Wind,0.4796392249202444
Alpen-Sevelen,AS-06,AS-02--AS-03,AS-03,Wald + Wind,0.5203607750797555
Alpen-Sevelen,AS-06,AS-02--AS-03,AS-02,Vollstaendig,0.4750535106103205
Alpen-Sevelen,AS-06,AS-02--AS-03,AS-03,Vollstaendig,0.5249464893896796
Alpen-Sevelen,AS-06,AS-02--AS-04,AS-02,Gleichgewichtung,0.5
Alpen-Sevelen,AS-06,AS-02--AS-04,AS-04,Gleichgewichtung,0.5
Alpen-Sevelen,AS-06,AS-02--AS-04,AS-02,1/d^2,0.0277433613407379
Alpen-Sevelen,AS-06,AS-02--AS-04,AS-04,1/d^2,0.9722566386592622
Alpen-Sevelen,AS-06,AS-02--AS-04,AS-02,Wald + Wind,0.4069482408231604
Alpen-Sevelen,AS-06,AS-02--AS-04,AS-04,Wald + Wind,0.5930517591768395
Alpen-Sevelen,AS-06,AS-02--AS-04,AS-02,Vollstaendig,0.4194905807180389
Alpen-Sevelen,AS-06,AS-02--AS-04,AS-04,Vollstaendig,0.580509419281961
Alpen-Sevelen,AS-06,AS-02--AS-05,AS-02,Gleichgewichtung,0.5
Alpen-Sevelen,AS-06,AS-02--AS-05,AS-05,Gleichgewichtung,0.5
Alpen-Sevelen,AS-06,AS-02--AS-05,AS-02,1/d^2,0.0071511986510631
Alpen-Sevelen,AS-06,AS-02--AS-05,AS-05,1/d^2,0.9928488013489368
Alpen-Sevelen,AS-06,AS-02--AS-05,AS-02,Wald + Wind,0.4283139571675431
Alpen-Sevelen,AS-06,AS-02--AS-05,AS-05,Wald + Wind,0.5716860428324568
Alpen-Sevelen,AS-06,AS-02--AS-05,AS-02,Vollstaendig,0.4538717312769212
Alpen-Sevelen,AS-06,AS-02--AS-05,AS-05,Vollstaendig,0.5461282687230788
Alpen-Sevelen,AS-06,AS-03--AS-04,AS-03,Gleichgewichtung,0.5
Alpen-Sevelen,AS-06,AS-03--AS-04,AS-04,Gleichgewichtung,0.5
Alpen-Sevelen,AS-06,AS-03--AS-04,AS-03,1/d^2,0.3006111704240742
Alpen-Sevelen,AS-06,AS-03--AS-04,AS-04,1/d^2,0.6993888295759257
Alpen-Sevelen,AS-06,AS-03--AS-04,AS-03,Wald + Wind,0.4267539261164533
Alpen-Sevelen,AS-06,AS-03--AS-04,AS-04,Wald + Wind,0.5732460738835468
Alpen-Sevelen,AS-06,AS-03--AS-04,AS-03,Vollstaendig,0.4439870785689445
Alpen-Sevelen,AS-06,AS-03--AS-04,AS-04,Vollstaendig,0.5560129214310555
Alpen-Sevelen,AS-06,AS-03--AS-05,AS-03,Gleichgewichtung,0.5
Alpen-Sevelen,AS-06,AS-03--AS-05,AS-05,Gleichgewichtung,0.5
Alpen-Sevelen,AS-06,AS-03--AS-05,AS-03,1/d^2,0.0978747827782379
Alpen-Sevelen,AS-06,AS-03--AS-05,AS-05,1/d^2,0.902125217221762
Alpen-Sevelen,AS-06,AS-03--AS-05,AS-03,Wald + Wind,0.4483733184589432
Alpen-Sevelen,AS-06,AS-03--AS-05,AS-05,Wald + Wind,0.5516266815410569
Alpen-Sevelen,AS-06,AS-03--AS-05,AS-03,Vollstaendig,0.4787202710645618
Alpen-Sevelen,AS-06,AS-03--AS-05,AS-05,Vollstaendig,0.5212797289354382
Alpen-Sevelen,AS-06,AS-04--AS-05,AS-04,Gleichgewichtung,0.5
Alpen-Sevelen,AS-06,AS-04--AS-05,AS-05,Gleichgewichtung,0.5
Alpen-Sevelen,AS-06,AS-04--AS-05,AS-04,1/d^2,0.2015435110718414
Alpen-Sevelen,AS-06,AS-04--AS-05,AS-05,1/d^2,0.7984564889281585
Alpen-Sevelen,AS-06,AS-04--AS-05,AS-04,Wald + Wind,0.5219514253642134
Alpen-Sevelen,AS-06,AS-04--AS-05,AS-05,Wald + Wind,0.4780485746357867
Alpen-Sevelen,AS-06,AS-04--AS-05,AS-04,Vollstaendig,0.534899585312464
Alpen-Sevelen,AS-06,AS-04--AS-05,AS-05,Vollstaendig,0.4651004146875361
Altenmellrich,AM-01,AM-02--AM-03,AM-02,Gleichgewichtung,0.5
Altenmellrich,AM-01,AM-02--AM-03,AM-03,Gleichgewichtung,0.5
Altenmellrich,AM-01,AM-02--AM-03,AM-02,1/d^2,0.9435672110552286
Altenmellrich,AM-01,AM-02--AM-03,AM-03,1/d^2,0.0564327889447714
Altenmellrich,AM-01,AM-02--AM-03,AM-02,Wald + Wind,0.3290253576135942
Altenmellrich,AM-01,AM-02--AM-03,AM-03,Wald + Wind,0.6709746423864058
Altenmellrich,AM-01,AM-02--AM-03,AM-02,Vollstaendig,0.3262011732086465
Altenmellrich,AM-01,AM-02--AM-03,AM-03,Vollstaendig,0.6737988267913535
Altenmellrich,AM-01,AM-02--AM-04,AM-02,Gleichgewichtung,0.5
Altenmellrich,AM-01,AM-02--AM-04,AM-04,Gleichgewichtung,0.5
Altenmellrich,AM-01,AM-02--AM-04,AM-02,1/d^2,0.9834898157338688
Altenmellrich,AM-01,AM-02--AM-04,AM-04,1/d^2,0.0165101842661311
Altenmellrich,AM-01,AM-02--AM-04,AM-02,Wald + Wind,0.4762059927897225
Altenmellrich,AM-01,AM-02--AM-04,AM-04,Wald + Wind,0.5237940072102775
Altenmellrich,AM-01,AM-02--AM-04,AM-02,Vollstaendig,0.4548918367753012
Altenmellrich,AM-01,AM-02--AM-04,AM-04,Vollstaendig,0.5451081632246989
Altenmellrich,AM-01,AM-03--AM-04,AM-03,Gleichgewichtung,0.5
Altenmellrich,AM-01,AM-03--AM-04,AM-04,Gleichgewichtung,0.5
Altenmellrich,AM-01,AM-03--AM-04,AM-03,1/d^2,0.7808304873040747
Altenmellrich,AM-01,AM-03--AM-04,AM-04,1/d^2,0.2191695126959253
Altenmellrich,AM-01,AM-03--AM-04,AM-03,Wald + Wind,0.6496152778368247
Altenmellrich,AM-01,AM-03--AM-04,AM-04,Wald + Wind,0.3503847221631754
Altenmellrich,AM-01,AM-03--AM-04,AM-03,Vollstaendig,0.6328569215630181
Altenmellrich,AM-01,AM-03--AM-04,AM-04,Vollstaendig,0.3671430784369819
Altenmellrich,AM-02,AM-01--AM-03,AM-01,Gleichgewichtung,0.5
Altenmellrich,AM-02,AM-01--AM-03,AM-03,Gleichgewichtung,0.5
Altenmellrich,AM-02,AM-01--AM-03,AM-01,1/d^2,0.9289411885607388
Altenmellrich,AM-02,AM-01--AM-03,AM-03,1/d^2,0.0710588114392612
Altenmellrich,AM-02,AM-01--AM-03,AM-01,Wald + Wind,0.5132888565024798
Altenmellrich,AM-02,AM-01--AM-03,AM-03,Wald + Wind,0.4867111434975201
Altenmellrich,AM-02,AM-01--AM-03,AM-01,Vollstaendig,0.5134753842147933
Altenmellrich,AM-02,AM-01--AM-03,AM-03,Vollstaendig,0.4865246157852066
Altenmellrich,AM-02,AM-01--AM-04,AM-01,Gleichgewichtung,0.5
Altenmellrich,AM-02,AM-01--AM-04,AM-04,Gleichgewichtung,0.5
Altenmellrich,AM-02,AM-01--AM-04,AM-01,1/d^2,0.9803616340985896
Altenmellrich,AM-02,AM-01--AM-04,AM-04,1/d^2,0.0196383659014105
Altenmellrich,AM-02,AM-01--AM-04,AM-01,Wald + Wind,0.5520733196810476
Altenmellrich,AM-02,AM-01--AM-04,AM-04,Wald + Wind,0.4479266803189524
Altenmellrich,AM-02,AM-01--AM-04,AM-01,Vollstaendig,0.5606046318172139
Altenmellrich,AM-02,AM-01--AM-04,AM-04,Vollstaendig,0.4393953681827862
Altenmellrich,AM-02,AM-03--AM-04,AM-03,Gleichgewichtung,0.5
Altenmellrich,AM-02,AM-03--AM-04,AM-04,Gleichgewichtung,0.5
Altenmellrich,AM-02,AM-03--AM-04,AM-03,1/d^2,0.7924733076500067
Altenmellrich,AM-02,AM-03--AM-04,AM-04,1/d^2,0.2075266923499932
Altenmellrich,AM-02,AM-03--AM-04,AM-03,Wald + Wind,0.5388921157573612
Altenmellrich,AM-02,AM-03--AM-04,AM-04,Wald + Wind,0.4611078842426388
Altenmellrich,AM-02,AM-03--AM-04,AM-03,Vollstaendig,0.5472837084794286
Altenmellrich,AM-02,AM-03--AM-04,AM-04,Vollstaendig,0.4527162915205713
Altenmellrich,AM-03,AM-01--AM-02,AM-01,Gleichgewichtung,0.5
Altenmellrich,AM-03,AM-01--AM-02,AM-02,Gleichgewichtung,0.5
Altenmellrich,AM-03,AM-01--AM-02,AM-01,1/d^2,0.4387886580039381
Altenmellrich,AM-03,AM-01--AM-02,AM-02,1/d^2,0.5612113419960619
Altenmellrich,AM-03,AM-01--AM-02,AM-01,Wald + Wind,0.6871412438224909
Altenmellrich,AM-03,AM-01--AM-02,AM-02,Wald + Wind,0.3128587561775092
Altenmellrich,AM-03,AM-01--AM-02,AM-01,Vollstaendig,0.6903346467260731
Altenmellrich,AM-03,AM-01--AM-02,AM-02,Vollstaendig,0.3096653532739268
Altenmellrich,AM-03,AM-01--AM-04,AM-01,Gleichgewichtung,0.5
Altenmellrich,AM-03,AM-01--AM-04,AM-04,Gleichgewichtung,0.5
Altenmellrich,AM-03,AM-01--AM-04,AM-01,1/d^2,0.4547407025832441
Altenmellrich,AM-03,AM-01--AM-04,AM-04,1/d^2,0.5452592974167559
Altenmellrich,AM-03,AM-01--AM-04,AM-01,Wald + Wind,0.5609152402094222
Altenmellrich,AM-03,AM-01--AM-04,AM-04,Wald + Wind,0.4390847597905778
Altenmellrich,AM-03,AM-01--AM-04,AM-01,Vollstaendig,0.564574690448082
Altenmellrich,AM-03,AM-01--AM-04,AM-04,Vollstaendig,0.4354253095519179
Altenmellrich,AM-03,AM-02--AM-04,AM-02,Gleichgewichtung,0.5
Altenmellrich,AM-03,AM-02--AM-04,AM-04,Gleichgewichtung,0.5
Altenmellrich,AM-03,AM-02--AM-04,AM-02,1/d^2,0.5161307984959669
Altenmellrich,AM-03,AM-02--AM-04,AM-04,1/d^2,0.4838692015040332
Altenmellrich,AM-03,AM-02--AM-04,AM-02,Wald + Wind,0.3677432173329278
Altenmellrich,AM-03,AM-02--AM-04,AM-04,Wald + Wind,0.6322567826670722
Altenmellrich,AM-03,AM-02--AM-04,AM-02,Vollstaendig,0.3677376004474178
Altenmellrich,AM-03,AM-02--AM-04,AM-04,Vollstaendig,0.6322623995525822
Altenmellrich,AM-04,AM-01--AM-02,AM-01,Gleichgewichtung,0.5
Altenmellrich,AM-04,AM-01--AM-02,AM-02,Gleichgewichtung,0.5
Altenmellrich,AM-04,AM-01--AM-02,AM-01,1/d^2,0.4559412080895969
Altenmellrich,AM-04,AM-01--AM-02,AM-02,1/d^2,0.5440587919104031
Altenmellrich,AM-04,AM-01--AM-02,AM-01,Wald + Wind,0.5496680724633825
Altenmellrich,AM-04,AM-01--AM-02,AM-02,Wald + Wind,0.4503319275366175
Altenmellrich,AM-04,AM-01--AM-02,AM-01,Vollstaendig,0.5756035309489366
Altenmellrich,AM-04,AM-01--AM-02,AM-02,Vollstaendig,0.4243964690510635
Altenmellrich,AM-04,AM-01--AM-03,AM-01,Gleichgewichtung,0.5
Altenmellrich,AM-04,AM-01--AM-03,AM-03,Gleichgewichtung,0.5
Altenmellrich,AM-04,AM-01--AM-03,AM-01,1/d^2,0.189686776101172
Altenmellrich,AM-04,AM-01--AM-03,AM-03,1/d^2,0.810313223898828
Altenmellrich,AM-04,AM-01--AM-03,AM-01,Wald + Wind,0.397061913123738
Altenmellrich,AM-04,AM-01--AM-03,AM-03,Wald + Wind,0.6029380868762619
Altenmellrich,AM-04,AM-01--AM-03,AM-01,Vollstaendig,0.4188574897328771
Altenmellrich,AM-04,AM-01--AM-03,AM-03,Vollstaendig,0.5811425102671228
Altenmellrich,AM-04,AM-02--AM-03,AM-02,Gleichgewichtung,0.5
Altenmellrich,AM-04,AM-02--AM-03,AM-03,Gleichgewichtung,0.5
Altenmellrich,AM-04,AM-02--AM-03,AM-02,1/d^2,0.2183422393780106
Altenmellrich,AM-04,AM-02--AM-03,AM-03,1/d^2,0.7816577606219894
Altenmellrich,AM-04,AM-02--AM-03,AM-02,Wald + Wind,0.3504522338651831
Altenmellrich,AM-04,AM-02--AM-03,AM-03,Wald + Wind,0.6495477661348169
Altenmellrich,AM-04,AM-02--AM-03,AM-02,Vollstaendig,0.3470081703888876
Altenmellrich,AM-04,AM-02--AM-03,AM-03,Vollstaendig,0.6529918296111122
Bad Berleburg,BB-01,BB-02--BB-03,BB-02,Gleichgewichtung,0.5
Bad Berleburg,BB-01,BB-02--BB-03,BB-03,Gleichgewichtung,0.5
Bad Berleburg,BB-01,BB-02--BB-03,BB-02,1/d^2,0.4423064108241656
Bad Berleburg,BB-01,BB-02--BB-03,BB-03,1/d^2,0.5576935891758343
Bad Berleburg,BB-01,BB-02--BB-03,BB-02,Wald + Wind,0.4738301200066898
Bad Berleburg,BB-01,BB-02--BB-03,BB-03,Wald + Wind,0.5261698799933101
Bad Berleburg,BB-01,BB-02--BB-03,BB-02,Vollstaendig,0.4617498451124346
Bad Berleburg,BB-01,BB-02--BB-03,BB-03,Vollstaendig,0.5382501548875653
Bad Berleburg,BB-01,BB-02--BB-04,BB-02,Gleichgewichtung,0.5
Bad Berleburg,BB-01,BB-02--BB-04,BB-04,Gleichgewichtung,0.5
Bad Berleburg,BB-01,BB-02--BB-04,BB-02,1/d^2,0.6453975775077135
Bad Berleburg,BB-01,BB-02--BB-04,BB-04,1/d^2,0.3546024224922864
Bad Berleburg,BB-01,BB-02--BB-04,BB-02,Wald + Wind,0.5363453353150589
Bad Berleburg,BB-01,BB-02--BB-04,BB-04,Wald + Wind,0.4636546646849411
Bad Berleburg,BB-01,BB-02--BB-04,BB-02,Vollstaendig,0.5028349982944601
Bad Berleburg,BB-01,BB-02--BB-04,BB-04,Vollstaendig,0.4971650017055398
Bad Berleburg,BB-01,BB-02--BB-05,BB-02,Gleichgewichtung,0.5
Bad Berleburg,BB-01,BB-02--BB-05,BB-05,Gleichgewichtung,0.5
Bad Berleburg,BB-01,BB-02--BB-05,BB-02,1/d^2,0.7775798271903394
Bad Berleburg,BB-01,BB-02--BB-05,BB-05,1/d^2,0.2224201728096605
Bad Berleburg,BB-01,BB-02--BB-05,BB-02,Wald + Wind,0.4802829642522833
Bad Berleburg,BB-01,BB-02--BB-05,BB-05,Wald + Wind,0.5197170357477168
Bad Berleburg,BB-01,BB-02--BB-05,BB-02,Vollstaendig,0.4144686365232669
Bad Berleburg,BB-01,BB-02--BB-05,BB-05,Vollstaendig,0.5855313634767331
Bad Berleburg,BB-01,BB-02--BB-06,BB-02,Gleichgewichtung,0.5
Bad Berleburg,BB-01,BB-02--BB-06,BB-06,Gleichgewichtung,0.5
Bad Berleburg,BB-01,BB-02--BB-06,BB-02,1/d^2,0.8541155052957577
Bad Berleburg,BB-01,BB-02--BB-06,BB-06,1/d^2,0.1458844947042422
Bad Berleburg,BB-01,BB-02--BB-06,BB-02,Wald + Wind,0.6434765813228793
Bad Berleburg,BB-01,BB-02--BB-06,BB-06,Wald + Wind,0.3565234186771207
Bad Berleburg,BB-01,BB-02--BB-06,BB-02,Vollstaendig,0.6016909384908591
Bad Berleburg,BB-01,BB-02--BB-06,BB-06,Vollstaendig,0.3983090615091409
Bad Berleburg,BB-01,BB-02--BB-07,BB-02,Gleichgewichtung,0.5
Bad Berleburg,BB-01,BB-02--BB-07,BB-07,Gleichgewichtung,0.5
Bad Berleburg,BB-01,BB-02--BB-07,BB-02,1/d^2,0.9015624063127272
Bad Berleburg,BB-01,BB-02--BB-07,BB-07,1/d^2,0.0984375936872729
Bad Berleburg,BB-01,BB-02--BB-07,BB-02,Wald + Wind,0.586594658810965
Bad Berleburg,BB-01,BB-02--BB-07,BB-07,Wald + Wind,0.4134053411890351
Bad Berleburg,BB-01,BB-02--BB-07,BB-02,Vollstaendig,0.6172782432660828
Bad Berleburg,BB-01,BB-02--BB-07,BB-07,Vollstaendig,0.3827217567339172
Bad Berleburg,BB-01,BB-03--BB-04,BB-03,Gleichgewichtung,0.5
Bad Berleburg,BB-01,BB-03--BB-04,BB-04,Gleichgewichtung,0.5
Bad Berleburg,BB-01,BB-03--BB-04,BB-03,1/d^2,0.6964978707585265
Bad Berleburg,BB-01,BB-03--BB-04,BB-04,1/d^2,0.3035021292414734
Bad Berleburg,BB-01,BB-03--BB-04,BB-03,Wald + Wind,0.5622782706367437
Bad Berleburg,BB-01,BB-03--BB-04,BB-04,Wald + Wind,0.4377217293632564
Bad Berleburg,BB-01,BB-03--BB-04,BB-03,Vollstaendig,0.5410673399565674
Bad Berleburg,BB-01,BB-03--BB-04,BB-04,Vollstaendig,0.4589326600434326
Bad Berleburg,BB-01,BB-03--BB-05,BB-03,Gleichgewichtung,0.5
Bad Berleburg,BB-01,BB-03--BB-05,BB-05,Gleichgewichtung,0.5
Bad Berleburg,BB-01,BB-03--BB-05,BB-03,1/d^2,0.8150893277734177
Bad Berleburg,BB-01,BB-03--BB-05,BB-05,1/d^2,0.1849106722265822
Bad Berleburg,BB-01,BB-03--BB-05,BB-03,Wald + Wind,0.5064661902672678
Bad Berleburg,BB-01,BB-03--BB-05,BB-05,Wald + Wind,0.4935338097327322
Bad Berleburg,BB-01,BB-03--BB-05,BB-03,Vollstaendig,0.4520918484955998
Bad Berleburg,BB-01,BB-03--BB-05,BB-05,Vollstaendig,0.5479081515044002
Bad Berleburg,BB-01,BB-03--BB-06,BB-03,Gleichgewichtung,0.5
Bad Berleburg,BB-01,BB-03--BB-06,BB-06,Gleichgewichtung,0.5
Bad Berleburg,BB-01,BB-03--BB-06,BB-03,1/d^2,0.8806981458360991
Bad Berleburg,BB-01,BB-03--BB-06,BB-06,1/d^2,0.1193018541639009
Bad Berleburg,BB-01,BB-03--BB-06,BB-03,Wald + Wind,0.6671362322722973
Bad Berleburg,BB-01,BB-03--BB-06,BB-06,Wald + Wind,0.3328637677277026
Bad Berleburg,BB-01,BB-03--BB-06,BB-03,Vollstaendig,0.6377971384857425
Bad Berleburg,BB-01,BB-03--BB-06,BB-06,Vollstaendig,0.3622028615142575
Bad Berleburg,BB-01,BB-03--BB-07,BB-03,Gleichgewichtung,0.5
Bad Berleburg,BB-01,BB-03--BB-07,BB-07,Gleichgewichtung,0.5
Bad Berleburg,BB-01,BB-03--BB-07,BB-03,1/d^2,0.920306100540703
Bad Berleburg,BB-01,BB-03--BB-07,BB-07,1/d^2,0.0796938994592969
Bad Berleburg,BB-01,BB-03--BB-07,BB-03,Wald + Wind,0.6117515459827968
Bad Berleburg,BB-01,BB-03--BB-07,BB-07,Wald + Wind,0.3882484540172032
Bad Berleburg,BB-01,BB-03--BB-07,BB-03,Vollstaendig,0.6527868454101399
Bad Berleburg,BB-01,BB-03--BB-07,BB-07,Vollstaendig,0.3472131545898601
Bad Berleburg,BB-01,BB-04--BB-05,BB-04,Gleichgewichtung,0.5
Bad Berleburg,BB-01,BB-04--BB-05,BB-05,Gleichgewichtung,0.5
Bad Berleburg,BB-01,BB-04--BB-05,BB-04,1/d^2,0.6576296187340703
Bad Berleburg,BB-01,BB-04--BB-05,BB-05,1/d^2,0.3423703812659296
Bad Berleburg,BB-01,BB-04--BB-05,BB-04,Wald + Wind,0.4440978717785876
Bad Berleburg,BB-01,BB-04--BB-05,BB-05,Wald + Wind,0.5559021282214123
Bad Berleburg,BB-01,BB-04--BB-05,BB-04,Vollstaendig,0.4117192639286547
Bad Berleburg,BB-01,BB-04--BB-05,BB-05,Vollstaendig,0.5882807360713452
Bad Berleburg,BB-01,BB-04--BB-06,BB-04,Gleichgewichtung,0.5
Bad Berleburg,BB-01,BB-04--BB-06,BB-06,Gleichgewichtung,0.5
Bad Berleburg,BB-01,BB-04--BB-06,BB-04,1/d^2,0.7628524227680846
Bad Berleburg,BB-01,BB-04--BB-06,BB-06,1/d^2,0.2371475772319154
Bad Berleburg,BB-01,BB-04--BB-06,BB-04,Wald + Wind,0.609413481895051
Bad Berleburg,BB-01,BB-04--BB-06,BB-06,Wald + Wind,0.390586518104949
Bad Berleburg,BB-01,BB-04--BB-06,BB-04,Vollstaendig,0.5989700699621658
Bad Berleburg,BB-01,BB-04--BB-06,BB-06,Vollstaendig,0.4010299300378342
Bad Berleburg,BB-01,BB-04--BB-07,BB-04,Gleichgewichtung,0.5
Bad Berleburg,BB-01,BB-04--BB-07,BB-07,Gleichgewichtung,0.5
Bad Berleburg,BB-01,BB-04--BB-07,BB-04,1/d^2,0.8342202261401406
Bad Berleburg,BB-01,BB-04--BB-07,BB-07,1/d^2,0.1657797738598593
Bad Berleburg,BB-01,BB-04--BB-07,BB-04,Wald + Wind,0.5508899901849403
Bad Berleburg,BB-01,BB-04--BB-07,BB-07,Wald + Wind,0.4491100098150595
Bad Berleburg,BB-01,BB-04--BB-07,BB-04,Vollstaendig,0.6145956496772198
Bad Berleburg,BB-01,BB-04--BB-07,BB-07,Vollstaendig,0.3854043503227801
Bad Berleburg,BB-01,BB-05--BB-06,BB-05,Gleichgewichtung,0.5
Bad Berleburg,BB-01,BB-05--BB-06,BB-06,Gleichgewichtung,0.5
Bad Berleburg,BB-01,BB-05--BB-06,BB-05,1/d^2,0.6261260998862629
Bad Berleburg,BB-01,BB-05--BB-06,BB-06,1/d^2,0.3738739001137371
Bad Berleburg,BB-01,BB-05--BB-06,BB-05,Wald + Wind,0.661367624355495
Bad Berleburg,BB-01,BB-05--BB-06,BB-06,Wald + Wind,0.3386323756445049
Bad Berleburg,BB-01,BB-05--BB-06,BB-05,Vollstaendig,0.6809276379338841
Bad Berleburg,BB-01,BB-05--BB-06,BB-06,Vollstaendig,0.3190723620661159
Bad Berleburg,BB-01,BB-05--BB-07,BB-05,Gleichgewichtung,0.5
Bad Berleburg,BB-01,BB-05--BB-07,BB-07,Gleichgewichtung,0.5
Bad Berleburg,BB-01,BB-05--BB-07,BB-05,1/d^2,0.7237397354376568
Bad Berleburg,BB-01,BB-05--BB-07,BB-07,1/d^2,0.2762602645623432
Bad Berleburg,BB-01,BB-05--BB-07,BB-05,Wald + Wind,0.6055905575177186
Bad Berleburg,BB-01,BB-05--BB-07,BB-07,Wald + Wind,0.3944094424822813
Bad Berleburg,BB-01,BB-05--BB-07,BB-05,Vollstaendig,0.6949860128791561
Bad Berleburg,BB-01,BB-05--BB-07,BB-07,Vollstaendig,0.3050139871208439
Bad Berleburg,BB-01,BB-06--BB-07,BB-06,Gleichgewichtung,0.5
Bad Berleburg,BB-01,BB-06--BB-07,BB-07,Gleichgewichtung,0.5
Bad Berleburg,BB-01,BB-06--BB-07,BB-06,1/d^2,0.6100340206166515
Bad Berleburg,BB-01,BB-06--BB-07,BB-07,1/d^2,0.3899659793833485
Bad Berleburg,BB-01,BB-06--BB-07,BB-06,Wald + Wind,0.4401433691930788
Bad Berleburg,BB-01,BB-06--BB-07,BB-07,Wald + Wind,0.559856630806921
Bad Berleburg,BB-01,BB-06--BB-07,BB-06,Vollstaendig,0.5163681393067797
Bad Berleburg,BB-01,BB-06--BB-07,BB-07,Vollstaendig,0.4836318606932203
Bad Berleburg,BB-02,BB-01--BB-03,BB-01,Gleichgewichtung,0.5
Bad Berleburg,BB-02,BB-01--BB-03,BB-03,Gleichgewichtung,0.5
Bad Berleburg,BB-02,BB-01--BB-03,BB-01,1/d^2,0.3944200381485688
Bad Berleburg,BB-02,BB-01--BB-03,BB-03,1/d^2,0.6055799618514313
Bad Berleburg,BB-02,BB-01--BB-03,BB-01,Wald + Wind,0.5925145614967187
Bad Berleburg,BB-02,BB-01--BB-03,BB-03,Wald + Wind,0.4074854385032813
Bad Berleburg,BB-02,BB-01--BB-03,BB-01,Vollstaendig,0.6046152189179032
Bad Berleburg,BB-02,BB-01--BB-03,BB-03,Vollstaendig,0.3953847810820967
Bad Berleburg,BB-02,BB-01--BB-04,BB-01,Gleichgewichtung,0.5
Bad Berleburg,BB-02,BB-01--BB-04,BB-04,Gleichgewichtung,0.5
Bad Berleburg,BB-02,BB-01--BB-04,BB-01,1/d^2,0.3417455565301941
Bad Berleburg,BB-02,BB-01--BB-04,BB-04,1/d^2,0.658254443469806
Bad Berleburg,BB-02,BB-01--BB-04,BB-01,Wald + Wind,0.5144976440772472
Bad Berleburg,BB-02,BB-01--BB-04,BB-04,Wald + Wind,0.4855023559227528
Bad Berleburg,BB-02,BB-01--BB-04,BB-01,Vollstaendig,0.5195468247448961
Bad Berleburg,BB-02,BB-01--BB-04,BB-04,Vollstaendig,0.4804531752551039
Bad Berleburg,BB-02,BB-01--BB-05,BB-01,Gleichgewichtung,0.5
Bad Berleburg,BB-02,BB-01--BB-05,BB-05,Gleichgewichtung,0.5
Bad Berleburg,BB-02,BB-01--BB-05,BB-01,1/d^2,0.5885062638616955
Bad Berleburg,BB-02,BB-01--BB-05,BB-05,1/d^2,0.4114937361383045
Bad Berleburg,BB-02,BB-01--BB-05,BB-01,Wald + Wind,0.5899257352632415
Bad Berleburg,BB-02,BB-01--BB-05,BB-05,Wald + Wind,0.4100742647367585
Bad Berleburg,BB-02,BB-01--BB-05,BB-01,Vollstaendig,0.5451918302751222
Bad Berleburg,BB-02,BB-01--BB-05,BB-05,Vollstaendig,0.4548081697248777
Bad Berleburg,BB-02,BB-01--BB-06,BB-01,Gleichgewichtung,0.5
Bad Berleburg,BB-02,BB-01--BB-06,BB-06,Gleichgewichtung,0.5
Bad Berleburg,BB-02,BB-01--BB-06,BB-01,1/d^2,0.7474625432344899
Bad Berleburg,BB-02,BB-01--BB-06,BB-06,1/d^2,0.2525374567655101
Bad Berleburg,BB-02,BB-01--BB-06,BB-01,Wald + Wind,0.7515372139272113
Bad Berleburg,BB-02,BB-01--BB-06,BB-06,Wald + Wind,0.2484627860727887
Bad Berleburg,BB-02,BB-01--BB-06,BB-01,Vollstaendig,0.728547036526475
Bad Berleburg,BB-02,BB-01--BB-06,BB-06,Vollstaendig,0.271452963473525
Bad Berleburg,BB-02,BB-01--BB-07,BB-01,Gleichgewichtung,0.5
Bad Berleburg,BB-02,BB-01--BB-07,BB-07,Gleichgewichtung,0.5
Bad Berleburg,BB-02,BB-01--BB-07,BB-01,1/d^2,0.8365552145868104
Bad Berleburg,BB-02,BB-01--BB-07,BB-07,1/d^2,0.1634447854131896
Bad Berleburg,BB-02,BB-01--BB-07,BB-01,Wald + Wind,0.5081264518832085
Bad Berleburg,BB-02,BB-01--BB-07,BB-07,Wald + Wind,0.4918735481167916
Bad Berleburg,BB-02,BB-01--BB-07,BB-01,Vollstaendig,0.4663723609168926
Bad Berleburg,BB-02,BB-01--BB-07,BB-07,Vollstaendig,0.5336276390831074
Bad Berleburg,BB-02,BB-03--BB-04,BB-03,Gleichgewichtung,0.5
Bad Berleburg,BB-02,BB-03--BB-04,BB-04,Gleichgewichtung,0.5
Bad Berleburg,BB-02,BB-03--BB-04,BB-03,1/d^2,0.4435529357152299
Bad Berleburg,BB-02,BB-03--BB-04,BB-04,1/d^2,0.5564470642847701
Bad Berleburg,BB-02,BB-03--BB-04,BB-03,Wald + Wind,0.4215622662774634
Bad Berleburg,BB-02,BB-03--BB-04,BB-04,Wald + Wind,0.5784377337225366
Bad Berleburg,BB-02,BB-03--BB-04,BB-03,Vollstaendig,0.4142300434860685
Bad Berleburg,BB-02,BB-03--BB-04,BB-04,Vollstaendig,0.5857699565139315
Bad Berleburg,BB-02,BB-03--BB-05,BB-03,Gleichgewichtung,0.5
Bad Berleburg,BB-02,BB-03--BB-05,BB-05,Gleichgewichtung,0.5
Bad Berleburg,BB-02,BB-03--BB-05,BB-03,1/d^2,0.687093069953223
Bad Berleburg,BB-02,BB-03--BB-05,BB-05,1/d^2,0.312906930046777
Bad Berleburg,BB-02,BB-03--BB-05,BB-03,Wald + Wind,0.4973220578507598
Bad Berleburg,BB-02,BB-03--BB-05,BB-05,Wald + Wind,0.5026779421492402
Bad Berleburg,BB-02,BB-03--BB-05,BB-03,Vollstaendig,0.4394311938852546
Bad Berleburg,BB-02,BB-03--BB-05,BB-05,Vollstaendig,0.5605688061147454
Bad Berleburg,BB-02,BB-03--BB-06,BB-03,Gleichgewichtung,0.5
Bad Berleburg,BB-02,BB-03--BB-06,BB-06,Gleichgewichtung,0.5
Bad Berleburg,BB-02,BB-03--BB-06,BB-03,1/d^2,0.8196376986777784
Bad Berleburg,BB-02,BB-03--BB-06,BB-06,1/d^2,0.1803623013222217
Bad Berleburg,BB-02,BB-03--BB-06,BB-03,Wald + Wind,0.675344299542042
Bad Berleburg,BB-02,BB-03--BB-06,BB-06,Wald + Wind,0.3246557004579579
Bad Berleburg,BB-02,BB-03--BB-06,BB-03,Vollstaendig,0.6370378417651119
Bad Berleburg,BB-02,BB-03--BB-06,BB-06,Vollstaendig,0.3629621582348881
Bad Berleburg,BB-02,BB-03--BB-07,BB-03,Gleichgewichtung,0.5
Bad Berleburg,BB-02,BB-03--BB-07,BB-07,Gleichgewichtung,0.5
Bad Berleburg,BB-02,BB-03--BB-07,BB-03,1/d^2,0.8871132432852712
Bad Berleburg,BB-02,BB-03--BB-07,BB-07,1/d^2,0.1128867567147287
Bad Berleburg,BB-02,BB-03--BB-07,BB-03,Wald + Wind,0.4153573478796138
Bad Berleburg,BB-02,BB-03--BB-07,BB-07,Wald + Wind,0.5846426521203862
Bad Berleburg,BB-02,BB-03--BB-07,BB-03,Vollstaendig,0.3636754803674596
Bad Berleburg,BB-02,BB-03--BB-07,BB-07,Vollstaendig,0.6363245196325403
Bad Berleburg,BB-02,BB-04--BB-05,BB-04,Gleichgewichtung,0.5
Bad Berleburg,BB-02,BB-04--BB-05,BB-05,Gleichgewichtung,0.5
Bad Berleburg,BB-02,BB-04--BB-05,BB-04,1/d^2,0.733669150592008
Bad Berleburg,BB-02,BB-04--BB-05,BB-05,1/d^2,0.2663308494079919
Bad Berleburg,BB-02,BB-04--BB-05,BB-04,Wald + Wind,0.5758234989967648
Bad Berleburg,BB-02,BB-04--BB-05,BB-05,Wald + Wind,0.4241765010032352
Bad Berleburg,BB-02,BB-04--BB-05,BB-04,Vollstaendig,0.5257359416048991
Bad Berleburg,BB-02,BB-04--BB-05,BB-05,Vollstaendig,0.474264058395101
Bad Berleburg,BB-02,BB-04--BB-06,BB-04,Gleichgewichtung,0.5
Bad Berleburg,BB-02,BB-04--BB-06,BB-06,Gleichgewichtung,0.5
Bad Berleburg,BB-02,BB-04--BB-06,BB-04,1/d^2,0.8507695692004471
Bad Berleburg,BB-02,BB-04--BB-06,BB-06,1/d^2,0.1492304307995528
Bad Berleburg,BB-02,BB-04--BB-06,BB-04,Wald + Wind,0.7405483983399997
Bad Berleburg,BB-02,BB-04--BB-06,BB-06,Wald + Wind,0.2594516016600003
Bad Berleburg,BB-02,BB-04--BB-06,BB-04,Vollstaendig,0.7128028877656858
Bad Berleburg,BB-02,BB-04--BB-06,BB-06,Vollstaendig,0.2871971122343141
Bad Berleburg,BB-02,BB-04--BB-07,BB-04,Gleichgewichtung,0.5
Bad Berleburg,BB-02,BB-04--BB-07,BB-07,Gleichgewichtung,0.5
Bad Berleburg,BB-02,BB-04--BB-07,BB-04,1/d^2,0.907906946193263
Bad Berleburg,BB-02,BB-04--BB-07,BB-07,1/d^2,0.092093053806737
Bad Berleburg,BB-02,BB-04--BB-07,BB-04,Wald + Wind,0.4936258039174346
Bad Berleburg,BB-02,BB-04--BB-07,BB-07,Wald + Wind,0.5063741960825653
Bad Berleburg,BB-02,BB-04--BB-07,BB-04,Vollstaendig,0.4469649787281863
Bad Berleburg,BB-02,BB-04--BB-07,BB-07,Vollstaendig,0.5530350212718137
Bad Berleburg,BB-02,BB-05--BB-06,BB-05,Gleichgewichtung,0.5
Bad Berleburg,BB-02,BB-05--BB-06,BB-06,Gleichgewichtung,0.5
Bad Berleburg,BB-02,BB-05--BB-06,BB-05,1/d^2,0.6742192709080708
Bad Berleburg,BB-02,BB-05--BB-06,BB-06,1/d^2,0.3257807290919293
Bad Berleburg,BB-02,BB-05--BB-06,BB-05,Wald + Wind,0.6776884987018905
Bad Berleburg,BB-02,BB-05--BB-06,BB-06,Wald + Wind,0.3223115012981095
Bad Berleburg,BB-02,BB-05--BB-06,BB-05,Vollstaendig,0.6912567564321899
Bad Berleburg,BB-02,BB-05--BB-06,BB-06,Vollstaendig,0.3087432435678102
Bad Berleburg,BB-02,BB-05--BB-07,BB-05,Gleichgewichtung,0.5
Bad Berleburg,BB-02,BB-05--BB-07,BB-07,Gleichgewichtung,0.5
Bad Berleburg,BB-02,BB-05--BB-07,BB-05,1/d^2,0.781601479333157
Bad Berleburg,BB-02,BB-05--BB-07,BB-07,1/d^2,0.2183985206668428
Bad Berleburg,BB-02,BB-05--BB-07,BB-05,Wald + Wind,0.4179609074394627
Bad Berleburg,BB-02,BB-05--BB-07,BB-07,Wald + Wind,0.5820390925605373
Bad Berleburg,BB-02,BB-05--BB-07,BB-05,Vollstaendig,0.4216567618126868
Bad Berleburg,BB-02,BB-05--BB-07,BB-07,Vollstaendig,0.5783432381873133
Bad Berleburg,BB-02,BB-06--BB-07,BB-06,Gleichgewichtung,0.5
Bad Berleburg,BB-02,BB-06--BB-07,BB-07,Gleichgewichtung,0.5
Bad Berleburg,BB-02,BB-06--BB-07,BB-06,1/d^2,0.6336001101637372
Bad Berleburg,BB-02,BB-06--BB-07,BB-07,1/d^2,0.3663998898362628
Bad Berleburg,BB-02,BB-06--BB-07,BB-06,Wald + Wind,0.2545826021714343
Bad Berleburg,BB-02,BB-06--BB-07,BB-07,Wald + Wind,0.7454173978285658
Bad Berleburg,BB-02,BB-06--BB-07,BB-06,Vollstaendig,0.245644711868219
Bad Berleburg,BB-02,BB-06--BB-07,BB-07,Vollstaendig,0.754355288131781
Bad Berleburg,BB-03,BB-01--BB-02,BB-01,Gleichgewichtung,0.5
Bad Berleburg,BB-03,BB-01--BB-02,BB-02,Gleichgewichtung,0.5
Bad Berleburg,BB-03,BB-01--BB-02,BB-01,1/d^2,0.4509177305766719
Bad Berleburg,BB-03,BB-01--BB-02,BB-02,1/d^2,0.549082269423328
Bad Berleburg,BB-03,BB-01--BB-02,BB-01,Wald + Wind,0.6197662213004108
Bad Berleburg,BB-03,BB-01--BB-02,BB-02,Wald + Wind,0.3802337786995892
Bad Berleburg,BB-03,BB-01--BB-02,BB-01,Vollstaendig,0.6422037930987338
Bad Berleburg,BB-03,BB-01--BB-02,BB-02,Vollstaendig,0.3577962069012662
Bad Berleburg,BB-03,BB-01--BB-04,BB-01,Gleichgewichtung,0.5
Bad Berleburg,BB-03,BB-01--BB-04,BB-04,Gleichgewichtung,0.5
Bad Berleburg,BB-03,BB-01--BB-04,BB-01,1/d^2,0.2977849379960626
Bad Berleburg,BB-03,BB-01--BB-04,BB-04,1/d^2,0.7022150620039375
Bad Berleburg,BB-03,BB-01--BB-04,BB-01,Wald + Wind,0.6065595684821145
Bad Berleburg,BB-03,BB-01--BB-04,BB-04,Wald + Wind,0.3934404315178856
Bad Berleburg,BB-03,BB-01--BB-04,BB-01,Vollstaendig,0.5729032017578666
Bad Berleburg,BB-03,BB-01--BB-04,BB-04,Vollstaendig,0.4270967982421333
Bad Berleburg,BB-03,BB-01--BB-05,BB-01,Gleichgewichtung,0.5
Bad Berleburg,BB-03,BB-01--BB-05,BB-05,Gleichgewichtung,0.5
Bad Berleburg,BB-03,BB-01--BB-05,BB-01,1/d^2,0.5755232305248996
Bad Berleburg,BB-03,BB-01--BB-05,BB-05,1/d^2,0.4244767694751004
Bad Berleburg,BB-03,BB-01--BB-05,BB-01,Wald + Wind,0.5816477111624586
Bad Berleburg,BB-03,BB-01--BB-05,BB-05,Wald + Wind,0.4183522888375413
Bad Berleburg,BB-03,BB-01--BB-05,BB-01,Vollstaendig,0.577770852412117
Bad Berleburg,BB-03,BB-01--BB-05,BB-05,Vollstaendig,0.422229147587883
Bad Berleburg,BB-03,BB-01--BB-06,BB-01,Gleichgewichtung,0.5
Bad Berleburg,BB-03,BB-01--BB-06,BB-06,Gleichgewichtung,0.5
Bad Berleburg,BB-03,BB-01--BB-06,BB-01,1/d^2,0.7562922990759302
Bad Berleburg,BB-03,BB-01--BB-06,BB-06,1/d^2,0.2437077009240699
Bad Berleburg,BB-03,BB-01--BB-06,BB-01,Wald + Wind,0.6640010267761762
Bad Berleburg,BB-03,BB-01--BB-06,BB-06,Wald + Wind,0.3359989732238237
Bad Berleburg,BB-03,BB-01--BB-06,BB-01,Vollstaendig,0.6200457314684941
Bad Berleburg,BB-03,BB-01--BB-06,BB-06,Vollstaendig,0.379954268531506
Bad Berleburg,BB-03,BB-01--BB-07,BB-01,Gleichgewichtung,0.5
Bad Berleburg,BB-03,BB-01--BB-07,BB-07,Gleichgewichtung,0.5
Bad Berleburg,BB-03,BB-01--BB-07,BB-01,1/d^2,0.8577903681759499
Bad Berleburg,BB-03,BB-01--BB-07,BB-07,1/d^2,0.1422096318240501
Bad Berleburg,BB-03,BB-01--BB-07,BB-01,Wald + Wind,0.6985582986339185
Bad Berleburg,BB-03,BB-01--BB-07,BB-07,Wald + Wind,0.3014417013660814
Bad Berleburg,BB-03,BB-01--BB-07,BB-01,Vollstaendig,0.7853705069618285
Bad Berleburg,BB-03,BB-01--BB-07,BB-07,Vollstaendig,0.2146294930381716
Bad Berleburg,BB-03,BB-02--BB-04,BB-02,Gleichgewichtung,0.5
Bad Berleburg,BB-03,BB-02--BB-04,BB-04,Gleichgewichtung,0.5
Bad Berleburg,BB-03,BB-02--BB-04,BB-02,1/d^2,0.3405363910590671
Bad Berleburg,BB-03,BB-02--BB-04,BB-04,1/d^2,0.6594636089409328
Bad Berleburg,BB-03,BB-02--BB-04,BB-02,Wald + Wind,0.4860828935457769
Bad Berleburg,BB-03,BB-02--BB-04,BB-04,Wald + Wind,0.513917106454223
Bad Berleburg,BB-03,BB-02--BB-04,BB-02,Vollstaendig,0.4277012935631293
Bad Berleburg,BB-03,BB-02--BB-04,BB-04,Vollstaendig,0.5722987064368706
Bad Berleburg,BB-03,BB-02--BB-05,BB-02,Gleichgewichtung,0.5
Bad Berleburg,BB-03,BB-02--BB-05,BB-05,Gleichgewichtung,0.5
Bad Berleburg,BB-03,BB-02--BB-05,BB-02,1/d^2,0.6227849180932392
Bad Berleburg,BB-03,BB-02--BB-05,BB-05,1/d^2,0.3772150819067608
Bad Berleburg,BB-03,BB-02--BB-05,BB-02,Wald + Wind,0.4603298081030372
Bad Berleburg,BB-03,BB-02--BB-05,BB-05,Wald + Wind,0.5396701918969629
Bad Berleburg,BB-03,BB-02--BB-05,BB-02,Vollstaendig,0.4325847967313156
Bad Berleburg,BB-03,BB-02--BB-05,BB-05,Vollstaendig,0.5674152032686843
Bad Berleburg,BB-03,BB-02--BB-06,BB-02,Gleichgewichtung,0.5
Bad Berleburg,BB-03,BB-02--BB-06,BB-06,Gleichgewichtung,0.5
Bad Berleburg,BB-03,BB-02--BB-06,BB-02,1/d^2,0.7907449704490542
Bad Berleburg,BB-03,BB-02--BB-06,BB-06,1/d^2,0.2092550295509458
Bad Berleburg,BB-03,BB-02--BB-06,BB-02,Wald + Wind,0.5480065418362258
Bad Berleburg,BB-03,BB-02--BB-06,BB-06,Wald + Wind,0.4519934581637743
Bad Berleburg,BB-03,BB-02--BB-06,BB-02,Vollstaendig,0.4762180131401365
Bad Berleburg,BB-03,BB-02--BB-06,BB-06,Vollstaendig,0.5237819868598635
Bad Berleburg,BB-03,BB-02--BB-07,BB-02,Gleichgewichtung,0.5
Bad Berleburg,BB-03,BB-02--BB-07,BB-07,Gleichgewichtung,0.5
Bad Berleburg,BB-03,BB-02--BB-07,BB-02,1/d^2,0.8801678770008264
Bad Berleburg,BB-03,BB-02--BB-07,BB-07,1/d^2,0.1198321229991736
Bad Berleburg,BB-03,BB-02--BB-07,BB-02,Wald + Wind,0.5870748368284515
Bad Berleburg,BB-03,BB-02--BB-07,BB-07,Wald + Wind,0.4129251631715485
Bad Berleburg,BB-03,BB-02--BB-07,BB-02,Vollstaendig,0.6709092245935458
Bad Berleburg,BB-03,BB-02--BB-07,BB-07,Vollstaendig,0.3290907754064542
Bad Berleburg,BB-03,BB-04--BB-05,BB-04,Gleichgewichtung,0.5
Bad Berleburg,BB-03,BB-04--BB-05,BB-05,Gleichgewichtung,0.5
Bad Berleburg,BB-03,BB-04--BB-05,BB-04,1/d^2,0.7617486587843988
Bad Berleburg,BB-03,BB-04--BB-05,BB-05,1/d^2,0.2382513412156011
Bad Berleburg,BB-03,BB-04--BB-05,BB-04,Wald + Wind,0.4741899161582579
Bad Berleburg,BB-03,BB-04--BB-05,BB-05,Wald + Wind,0.5258100838417421
Bad Berleburg,BB-03,BB-04--BB-05,BB-04,Vollstaendig,0.5049806056941274
Bad Berleburg,BB-03,BB-04--BB-05,BB-05,Vollstaendig,0.4950193943058726
Bad Berleburg,BB-03,BB-04--BB-06,BB-04,Gleichgewichtung,0.5
Bad Berleburg,BB-03,BB-04--BB-06,BB-06,Gleichgewichtung,0.5
Bad Berleburg,BB-03,BB-04--BB-06,BB-04,1/d^2,0.8797776808813855
Bad Berleburg,BB-03,BB-04--BB-06,BB-06,1/d^2,0.1202223191186145
Bad Berleburg,BB-03,BB-04--BB-06,BB-04,Wald + Wind,0.5617586016012626
Bad Berleburg,BB-03,BB-04--BB-06,BB-06,Wald + Wind,0.4382413983987374
Bad Berleburg,BB-03,BB-04--BB-06,BB-04,Vollstaendig,0.5488527103232164
Bad Berleburg,BB-03,BB-04--BB-06,BB-06,Vollstaendig,0.4511472896767836
Bad Berleburg,BB-03,BB-04--BB-07,BB-04,Gleichgewichtung,0.5
Bad Berleburg,BB-03,BB-04--BB-07,BB-07,Gleichgewichtung,0.5
Bad Berleburg,BB-03,BB-04--BB-07,BB-04,1/d^2,0.9343139330280984
Bad Berleburg,BB-03,BB-04--BB-07,BB-07,1/d^2,0.0656860669719017
Bad Berleburg,BB-03,BB-04--BB-07,BB-04,Wald + Wind,0.6005047646180529
Bad Berleburg,BB-03,BB-04--BB-07,BB-07,Wald + Wind,0.3994952353819471
Bad Berleburg,BB-03,BB-04--BB-07,BB-04,Vollstaendig,0.7317532787747514
Bad Berleburg,BB-03,BB-04--BB-07,BB-07,Vollstaendig,0.2682467212252487
Bad Berleburg,BB-03,BB-05--BB-06,BB-05,Gleichgewichtung,0.5
Bad Berleburg,BB-03,BB-05--BB-06,BB-06,Gleichgewichtung,0.5
Bad Berleburg,BB-03,BB-05--BB-06,BB-05,1/d^2,0.6959395064421257
Bad Berleburg,BB-03,BB-05--BB-06,BB-06,1/d^2,0.3040604935578744
Bad Berleburg,BB-03,BB-05--BB-06,BB-05,Wald + Wind,0.5870138867508996
Bad Berleburg,BB-03,BB-05--BB-06,BB-06,Wald + Wind,0.4129861132491003
Bad Berleburg,BB-03,BB-05--BB-06,BB-05,Vollstaendig,0.5439148453824845
Bad Berleburg,BB-03,BB-05--BB-06,BB-06,Vollstaendig,0.4560851546175156
Bad Berleburg,BB-03,BB-05--BB-07,BB-05,Gleichgewichtung,0.5
Bad Berleburg,BB-03,BB-05--BB-07,BB-07,Gleichgewichtung,0.5
Bad Berleburg,BB-03,BB-05--BB-07,BB-05,1/d^2,0.8164734693851219
Bad Berleburg,BB-03,BB-05--BB-07,BB-07,1/d^2,0.1835265306148781
Bad Berleburg,BB-03,BB-05--BB-07,BB-05,Wald + Wind,0.6250176471497564
Bad Berleburg,BB-03,BB-05--BB-07,BB-07,Wald + Wind,0.3749823528502436
Bad Berleburg,BB-03,BB-05--BB-07,BB-05,Vollstaendig,0.7278245588438851
Bad Berleburg,BB-03,BB-05--BB-07,BB-07,Vollstaendig,0.2721754411561148
Bad Berleburg,BB-03,BB-06--BB-07,BB-06,Gleichgewichtung,0.5
Bad Berleburg,BB-03,BB-06--BB-07,BB-07,Gleichgewichtung,0.5
Bad Berleburg,BB-03,BB-06--BB-07,BB-06,1/d^2,0.6602927575817784
Bad Berleburg,BB-03,BB-06--BB-07,BB-07,1/d^2,0.3397072424182215
Bad Berleburg,BB-03,BB-06--BB-07,BB-06,Wald + Wind,0.5397326506251876
Bad Berleburg,BB-03,BB-06--BB-07,BB-07,Wald + Wind,0.4602673493748125
Bad Berleburg,BB-03,BB-06--BB-07,BB-06,Vollstaendig,0.6915765137983555
Bad Berleburg,BB-03,BB-06--BB-07,BB-07,Vollstaendig,0.3084234862016445
Bad Berleburg,BB-04,BB-01--BB-02,BB-01,Gleichgewichtung,0.5
Bad Berleburg,BB-04,BB-01--BB-02,BB-02,Gleichgewichtung,0.5
Bad Berleburg,BB-04,BB-01--BB-02,BB-01,1/d^2,0.2219403782935733
Bad Berleburg,BB-04,BB-01--BB-02,BB-02,1/d^2,0.7780596217064266
Bad Berleburg,BB-04,BB-01--BB-02,BB-01,Wald + Wind,0.4752557481565698
Bad Berleburg,BB-04,BB-01--BB-02,BB-02,Wald + Wind,0.5247442518434302
Bad Berleburg,BB-04,BB-01--BB-02,BB-01,Vollstaendig,0.5165985327567537
Bad Berleburg,BB-04,BB-01--BB-02,BB-02,Vollstaendig,0.4834014672432463
Bad Berleburg,BB-04,BB-01--BB-03,BB-01,Gleichgewichtung,0.5
Bad Berleburg,BB-04,BB-01--BB-03,BB-03,Gleichgewichtung,0.5
Bad Berleburg,BB-04,BB-01--BB-03,BB-01,1/d^2,0.1559673771576506
Bad Berleburg,BB-04,BB-01--BB-03,BB-03,1/d^2,0.8440326228423494
Bad Berleburg,BB-04,BB-01--BB-03,BB-01,Wald + Wind,0.5403179425765643
Bad Berleburg,BB-04,BB-01--BB-03,BB-03,Wald + Wind,0.4596820574234357
Bad Berleburg,BB-04,BB-01--BB-03,BB-01,Vollstaendig,0.5303845582361357
Bad Berleburg,BB-04,BB-01--BB-03,BB-03,Vollstaendig,0.4696154417638642
Bad Berleburg,BB-04,BB-01--BB-05,BB-01,Gleichgewichtung,0.5
Bad Berleburg,BB-04,BB-01--BB-05,BB-05,Gleichgewichtung,0.5
Bad Berleburg,BB-04,BB-01--BB-05,BB-01,1/d^2,0.1334101091949362
Bad Berleburg,BB-04,BB-01--BB-05,BB-05,1/d^2,0.8665898908050639
Bad Berleburg,BB-04,BB-01--BB-05,BB-01,Wald + Wind,0.4880639457268362
Bad Berleburg,BB-04,BB-01--BB-05,BB-05,Wald + Wind,0.5119360542731637
Bad Berleburg,BB-04,BB-01--BB-05,BB-01,Vollstaendig,0.5273806217319837
Bad Berleburg,BB-04,BB-01--BB-05,BB-05,Vollstaendig,0.4726193782680162
Bad Berleburg,BB-04,BB-01--BB-06,BB-01,Gleichgewichtung,0.5
Bad Berleburg,BB-04,BB-01--BB-06,BB-06,Gleichgewichtung,0.5
Bad Berleburg,BB-04,BB-01--BB-06,BB-01,1/d^2,0.391321100020928
Bad Berleburg,BB-04,BB-01--BB-06,BB-06,1/d^2,0.608678899979072
Bad Berleburg,BB-04,BB-01--BB-06,BB-01,Wald + Wind,0.6353208477864443
Bad Berleburg,BB-04,BB-01--BB-06,BB-06,Wald + Wind,0.3646791522135558
Bad Berleburg,BB-04,BB-01--BB-06,BB-01,Vollstaendig,0.6072522891744281
Bad Berleburg,BB-04,BB-01--BB-06,BB-06,Vollstaendig,0.3927477108255719
Bad Berleburg,BB-04,BB-01--BB-07,BB-01,Gleichgewichtung,0.5
Bad Berleburg,BB-04,BB-01--BB-07,BB-07,Gleichgewichtung,0.5
Bad Berleburg,BB-04,BB-01--BB-07,BB-01,1/d^2,0.6076472514439564
Bad Berleburg,BB-04,BB-01--BB-07,BB-07,1/d^2,0.3923527485560437
Bad Berleburg,BB-04,BB-01--BB-07,BB-01,Wald + Wind,0.5181008967300226
Bad Berleburg,BB-04,BB-01--BB-07,BB-07,Wald + Wind,0.4818991032699775
Bad Berleburg,BB-04,BB-01--BB-07,BB-01,Vollstaendig,0.6289735175435669
Bad Berleburg,BB-04,BB-01--BB-07,BB-07,Vollstaendig,0.3710264824564332
Bad Berleburg,BB-04,BB-02--BB-03,BB-02,Gleichgewichtung,0.5
Bad Berleburg,BB-04,BB-02--BB-03,BB-03,Gleichgewichtung,0.5
Bad Berleburg,BB-04,BB-02--BB-03,BB-02,1/d^2,0.3931358090434849
Bad Berleburg,BB-04,BB-02--BB-03,BB-03,1/d^2,0.606864190956515
Bad Berleburg,BB-04,BB-02--BB-03,BB-02,Wald + Wind,0.5648035924893684
Bad Berleburg,BB-04,BB-02--BB-03,BB-03,Wald + Wind,0.4351964075106317
Bad Berleburg,BB-04,BB-02--BB-03,BB-02,Vollstaendig,0.5138138930240642
Bad Berleburg,BB-04,BB-02--BB-03,BB-03,Vollstaendig,0.4861861069759357
Bad Berleburg,BB-04,BB-02--BB-05,BB-02,Gleichgewichtung,0.5
Bad Berleburg,BB-04,BB-02--BB-05,BB-05,Gleichgewichtung,0.5
Bad Berleburg,BB-04,BB-02--BB-05,BB-02,1/d^2,0.3505224406094161
Bad Berleburg,BB-04,BB-02--BB-05,BB-05,1/d^2,0.6494775593905839
Bad Berleburg,BB-04,BB-02--BB-05,BB-02,Wald + Wind,0.5128233470074298
Bad Berleburg,BB-04,BB-02--BB-05,BB-05,Wald + Wind,0.4871766529925701
Bad Berleburg,BB-04,BB-02--BB-05,BB-02,Vollstaendig,0.5108017255681003
Bad Berleburg,BB-04,BB-02--BB-05,BB-05,Vollstaendig,0.4891982744318998
Bad Berleburg,BB-04,BB-02--BB-06,BB-02,Gleichgewichtung,0.5
Bad Berleburg,BB-04,BB-02--BB-06,BB-06,Gleichgewichtung,0.5
Bad Berleburg,BB-04,BB-02--BB-06,BB-02,1/d^2,0.6926700744273442
Bad Berleburg,BB-04,BB-02--BB-06,BB-06,1/d^2,0.3073299255726558
Bad Berleburg,BB-04,BB-02--BB-06,BB-02,Wald + Wind,0.6579495778636791
Bad Berleburg,BB-04,BB-02--BB-06,BB-06,Wald + Wind,0.3420504221363209
Bad Berleburg,BB-04,BB-02--BB-06,BB-02,Vollstaendig,0.5913039245923303
Bad Berleburg,BB-04,BB-02--BB-06,BB-06,Vollstaendig,0.4086960754076696
Bad Berleburg,BB-04,BB-02--BB-07,BB-02,Gleichgewichtung,0.5
Bad Berleburg,BB-04,BB-02--BB-07,BB-07,Gleichgewichtung,0.5
Bad Berleburg,BB-04,BB-02--BB-07,BB-02,1/d^2,0.8444643568520469
Bad Berleburg,BB-04,BB-02--BB-07,BB-07,1/d^2,0.1555356431479531
Bad Berleburg,BB-04,BB-02--BB-07,BB-02,Wald + Wind,0.5427685256552118
Bad Berleburg,BB-04,BB-02--BB-07,BB-07,Wald + Wind,0.4572314743447882
Bad Berleburg,BB-04,BB-02--BB-07,BB-02,Vollstaendig,0.6133455725158866
Bad Berleburg,BB-04,BB-02--BB-07,BB-07,Vollstaendig,0.3866544274841134
Bad Berleburg,BB-04,BB-03--BB-05,BB-03,Gleichgewichtung,0.5
Bad Berleburg,BB-04,BB-03--BB-05,BB-05,Gleichgewichtung,0.5
Bad Berleburg,BB-04,BB-03--BB-05,BB-03,1/d^2,0.4544779941819435
Bad Berleburg,BB-04,BB-03--BB-05,BB-05,1/d^2,0.5455220058180564
Bad Berleburg,BB-04,BB-03--BB-05,BB-03,Wald + Wind,0.4478463961571362
Bad Berleburg,BB-04,BB-03--BB-05,BB-05,Wald + Wind,0.5521536038428638
Bad Berleburg,BB-04,BB-03--BB-05,BB-03,Vollstaendig,0.49698603364156
Bad Berleburg,BB-04,BB-03--BB-05,BB-05,Vollstaendig,0.50301396635844
Bad Berleburg,BB-04,BB-03--BB-06,BB-03,Gleichgewichtung,0.5
Bad Berleburg,BB-04,BB-03--BB-06,BB-06,Gleichgewichtung,0.5
Bad Berleburg,BB-04,BB-03--BB-06,BB-03,1/d^2,0.776742288942963
Bad Berleburg,BB-04,BB-03--BB-06,BB-06,1/d^2,0.2232577110570369
Bad Berleburg,BB-04,BB-03--BB-06,BB-03,Wald + Wind,0.5971224504696009
Bad Berleburg,BB-04,BB-03--BB-06,BB-06,Wald + Wind,0.402877549530399
Bad Berleburg,BB-04,BB-03--BB-06,BB-03,Vollstaendig,0.5778829550162647
Bad Berleburg,BB-04,BB-03--BB-06,BB-06,Vollstaendig,0.4221170449837353
Bad Berleburg,BB-04,BB-03--BB-07,BB-03,Gleichgewichtung,0.5
Bad Berleburg,BB-04,BB-03--BB-07,BB-07,Gleichgewichtung,0.5
Bad Berleburg,BB-04,BB-03--BB-07,BB-03,1/d^2,0.8934025347729926
Bad Berleburg,BB-04,BB-03--BB-07,BB-07,1/d^2,0.1065974652270074
Bad Berleburg,BB-04,BB-03--BB-07,BB-03,Wald + Wind,0.4777179090833905
Bad Berleburg,BB-04,BB-03--BB-07,BB-07,Wald + Wind,0.5222820909166095
Bad Berleburg,BB-04,BB-03--BB-07,BB-03,Vollstaendig,0.6001589725784141
Bad Berleburg,BB-04,BB-03--BB-07,BB-07,Vollstaendig,0.3998410274215858
Bad Berleburg,BB-04,BB-05--BB-06,BB-05,Gleichgewichtung,0.5
Bad Berleburg,BB-04,BB-05--BB-06,BB-06,Gleichgewichtung,0.5
Bad Berleburg,BB-04,BB-05--BB-06,BB-05,1/d^2,0.8068039946564505
Bad Berleburg,BB-04,BB-05--BB-06,BB-06,1/d^2,0.1931960053435495
Bad Berleburg,BB-04,BB-05--BB-06,BB-05,Wald + Wind,0.6463116137508998
Bad Berleburg,BB-04,BB-05--BB-06,BB-06,Wald + Wind,0.3536883862491001
Bad Berleburg,BB-04,BB-05--BB-06,BB-05,Vollstaendig,0.5808210347530375
Bad Berleburg,BB-04,BB-05--BB-06,BB-06,Vollstaendig,0.4191789652469626
Bad Berleburg,BB-04,BB-05--BB-07,BB-05,Gleichgewichtung,0.5
Bad Berleburg,BB-04,BB-05--BB-07,BB-07,Gleichgewichtung,0.5
Bad Berleburg,BB-04,BB-05--BB-07,BB-05,1/d^2,0.9095844156525328
Bad Berleburg,BB-04,BB-05--BB-07,BB-07,1/d^2,0.0904155843474672
Bad Berleburg,BB-04,BB-05--BB-07,BB-05,Wald + Wind,0.5300110150895097
Bad Berleburg,BB-04,BB-05--BB-07,BB-07,Wald + Wind,0.4699889849104903
Bad Berleburg,BB-04,BB-05--BB-07,BB-05,Vollstaendig,0.6030485075450183
Bad Berleburg,BB-04,BB-05--BB-07,BB-07,Vollstaendig,0.3969514924549818
Bad Berleburg,BB-04,BB-06--BB-07,BB-06,Gleichgewichtung,0.5
Bad Berleburg,BB-04,BB-06--BB-07,BB-07,Gleichgewichtung,0.5
Bad Berleburg,BB-04,BB-06--BB-07,BB-06,1/d^2,0.7066555125617487
Bad Berleburg,BB-04,BB-06--BB-07,BB-07,1/d^2,0.2933444874382513
Bad Berleburg,BB-04,BB-06--BB-07,BB-06,Wald + Wind,0.3816201974038269
Bad Berleburg,BB-04,BB-06--BB-07,BB-07,Wald + Wind,0.618379802596173
Bad Berleburg,BB-04,BB-06--BB-07,BB-06,Vollstaendig,0.522993476265507
Bad Berleburg,BB-04,BB-06--BB-07,BB-07,Vollstaendig,0.477006523734493
Bad Berleburg,BB-05,BB-01--BB-02,BB-01,Gleichgewichtung,0.5
Bad Berleburg,BB-05,BB-01--BB-02,BB-02,Gleichgewichtung,0.5
Bad Berleburg,BB-05,BB-01--BB-02,BB-01,1/d^2,0.2903212623074538
Bad Berleburg,BB-05,BB-01--BB-02,BB-02,1/d^2,0.7096787376925462
Bad Berleburg,BB-05,BB-01--BB-02,BB-01,Wald + Wind,0.6102575849603717
Bad Berleburg,BB-05,BB-01--BB-02,BB-02,Wald + Wind,0.3897424150396281
Bad Berleburg,BB-05,BB-01--BB-02,BB-01,Vollstaendig,0.6325604246030195
Bad Berleburg,BB-05,BB-01--BB-02,BB-02,Vollstaendig,0.3674395753969806
Bad Berleburg,BB-05,BB-01--BB-03,BB-01,Gleichgewichtung,0.5
Bad Berleburg,BB-05,BB-01--BB-03,BB-03,Gleichgewichtung,0.5
Bad Berleburg,BB-05,BB-01--BB-03,BB-01,1/d^2,0.2352315890747723
Bad Berleburg,BB-05,BB-01--BB-03,BB-03,1/d^2,0.7647684109252275
Bad Berleburg,BB-05,BB-01--BB-03,BB-01,Wald + Wind,0.5745448120847187
Bad Berleburg,BB-05,BB-01--BB-03,BB-03,Wald + Wind,0.4254551879152813
Bad Berleburg,BB-05,BB-01--BB-03,BB-01,Vollstaendig,0.6260735440930467
Bad Berleburg,BB-05,BB-01--BB-03,BB-03,Vollstaendig,0.3739264559069533
Bad Berleburg,BB-05,BB-01--BB-04,BB-01,Gleichgewichtung,0.5
Bad Berleburg,BB-05,BB-01--BB-04,BB-04,Gleichgewichtung,0.5
Bad Berleburg,BB-05,BB-01--BB-04,BB-01,1/d^2,0.0742005083435089
Bad Berleburg,BB-05,BB-01--BB-04,BB-04,1/d^2,0.9257994916564912
Bad Berleburg,BB-05,BB-01--BB-04,BB-01,Wald + Wind,0.5485068604047559
Bad Berleburg,BB-05,BB-01--BB-04,BB-04,Wald + Wind,0.451493139595244
Bad Berleburg,BB-05,BB-01--BB-04,BB-01,Vollstaendig,0.6185668808049604
Bad Berleburg,BB-05,BB-01--BB-04,BB-04,Vollstaendig,0.3814331191950396
Bad Berleburg,BB-05,BB-01--BB-06,BB-01,Gleichgewichtung,0.5
Bad Berleburg,BB-05,BB-01--BB-06,BB-06,Gleichgewichtung,0.5
Bad Berleburg,BB-05,BB-01--BB-06,BB-01,1/d^2,0.0803340818648911
Bad Berleburg,BB-05,BB-01--BB-06,BB-06,1/d^2,0.9196659181351088
Bad Berleburg,BB-05,BB-01--BB-06,BB-01,Wald + Wind,0.6771165880535716
Bad Berleburg,BB-05,BB-01--BB-06,BB-06,Wald + Wind,0.3228834119464283
Bad Berleburg,BB-05,BB-01--BB-06,BB-01,Vollstaendig,0.7343189230825323
Bad Berleburg,BB-05,BB-01--BB-06,BB-06,Vollstaendig,0.2656810769174677
Bad Berleburg,BB-05,BB-01--BB-07,BB-01,Gleichgewichtung,0.5
Bad Berleburg,BB-05,BB-01--BB-07,BB-07,Gleichgewichtung,0.5
Bad Berleburg,BB-05,BB-01--BB-07,BB-01,1/d^2,0.2771865878076442
Bad Berleburg,BB-05,BB-01--BB-07,BB-07,1/d^2,0.7228134121923558
Bad Berleburg,BB-05,BB-01--BB-07,BB-01,Wald + Wind,0.6158039411206789
Bad Berleburg,BB-05,BB-01--BB-07,BB-07,Wald + Wind,0.3841960588793211
Bad Berleburg,BB-05,BB-01--BB-07,BB-01,Vollstaendig,0.7044651706602593
Bad Berleburg,BB-05,BB-01--BB-07,BB-07,Vollstaendig,0.2955348293397408
Bad Berleburg,BB-05,BB-02--BB-03,BB-02,Gleichgewichtung,0.5
Bad Berleburg,BB-05,BB-02--BB-03,BB-03,Gleichgewichtung,0.5
Bad Berleburg,BB-05,BB-02--BB-03,BB-02,1/d^2,0.4291847144718645
Bad Berleburg,BB-05,BB-02--BB-03,BB-03,1/d^2,0.5708152855281354
Bad Berleburg,BB-05,BB-02--BB-03,BB-02,Wald + Wind,0.4630732023833827
Bad Berleburg,BB-05,BB-02--BB-03,BB-03,Wald + Wind,0.5369267976166174
Bad Berleburg,BB-05,BB-02--BB-03,BB-02,Vollstaendig,0.4930484094865733
Bad Berleburg,BB-05,BB-02--BB-03,BB-03,Vollstaendig,0.5069515905134265
Bad Berleburg,BB-05,BB-02--BB-04,BB-02,Gleichgewichtung,0.5
Bad Berleburg,BB-05,BB-02--BB-04,BB-04,Gleichgewichtung,0.5
Bad Berleburg,BB-05,BB-02--BB-04,BB-02,1/d^2,0.163821812715778
Bad Berleburg,BB-05,BB-02--BB-04,BB-04,1/d^2,0.8361781872842221
Bad Berleburg,BB-05,BB-02--BB-04,BB-02,Wald + Wind,0.4368993637134713
Bad Berleburg,BB-05,BB-02--BB-04,BB-04,Wald + Wind,0.5631006362865287
Bad Berleburg,BB-05,BB-02--BB-04,BB-02,Vollstaendig,0.4850676742581288
Bad Berleburg,BB-05,BB-02--BB-04,BB-04,Vollstaendig,0.5149323257418711
Bad Berleburg,BB-05,BB-02--BB-06,BB-02,Gleichgewichtung,0.5
Bad Berleburg,BB-05,BB-02--BB-06,BB-06,Gleichgewichtung,0.5
Bad Berleburg,BB-05,BB-02--BB-06,BB-02,1/d^2,0.1759556706219969
Bad Berleburg,BB-05,BB-02--BB-06,BB-06,1/d^2,0.8240443293780031
Bad Berleburg,BB-05,BB-02--BB-06,BB-02,Wald + Wind,0.5725241383339345
Bad Berleburg,BB-05,BB-02--BB-06,BB-06,Wald + Wind,0.4274758616660656
Bad Berleburg,BB-05,BB-02--BB-06,BB-02,Vollstaendig,0.6161952550697118
Bad Berleburg,BB-05,BB-02--BB-06,BB-06,Vollstaendig,0.383804744930288
Bad Berleburg,BB-05,BB-02--BB-07,BB-02,Gleichgewichtung,0.5
Bad Berleburg,BB-05,BB-02--BB-07,BB-07,Gleichgewichtung,0.5
Bad Berleburg,BB-05,BB-02--BB-07,BB-02,1/d^2,0.4838466338657016
Bad Berleburg,BB-05,BB-02--BB-07,BB-07,1/d^2,0.5161533661342983
Bad Berleburg,BB-05,BB-02--BB-07,BB-02,Wald + Wind,0.5058448715879741
Bad Berleburg,BB-05,BB-02--BB-07,BB-07,Wald + Wind,0.4941551284120259
Bad Berleburg,BB-05,BB-02--BB-07,BB-02,Vollstaendig,0.580648309951111
Bad Berleburg,BB-05,BB-02--BB-07,BB-07,Vollstaendig,0.4193516900488889
Bad Berleburg,BB-05,BB-03--BB-04,BB-03,Gleichgewichtung,0.5
Bad Berleburg,BB-05,BB-03--BB-04,BB-04,Gleichgewichtung,0.5
Bad Berleburg,BB-05,BB-03--BB-04,BB-03,1/d^2,0.2067080116320954
Bad Berleburg,BB-05,BB-03--BB-04,BB-04,1/d^2,0.7932919883679045
Bad Berleburg,BB-05,BB-03--BB-04,BB-03,Wald + Wind,0.4735799151031134
Bad Berleburg,BB-05,BB-03--BB-04,BB-04,Wald + Wind,0.5264200848968866
Bad Berleburg,BB-05,BB-03--BB-04,BB-03,Vollstaendig,0.4920159496848354
Bad Berleburg,BB-05,BB-03--BB-04,BB-04,Vollstaendig,0.5079840503151647
Bad Berleburg,BB-05,BB-03--BB-06,BB-03,Gleichgewichtung,0.5
Bad Berleburg,BB-05,BB-03--BB-06,BB-06,Gleichgewichtung,0.5
Bad Berleburg,BB-05,BB-03--BB-06,BB-03,1/d^2,0.2211781289072336
Bad Berleburg,BB-05,BB-03--BB-06,BB-06,1/d^2,0.7788218710927663
Bad Berleburg,BB-05,BB-03--BB-06,BB-03,Wald + Wind,0.6082908875005546
Bad Berleburg,BB-05,BB-03--BB-06,BB-06,Wald + Wind,0.3917091124994453
Bad Berleburg,BB-05,BB-03--BB-06,BB-03,Vollstaendig,0.6227502435562878
Bad Berleburg,BB-05,BB-03--BB-06,BB-06,Vollstaendig,0.3772497564437121
Bad Berleburg,BB-05,BB-03--BB-07,BB-03,Gleichgewichtung,0.5
Bad Berleburg,BB-05,BB-03--BB-07,BB-07,Gleichgewichtung,0.5
Bad Berleburg,BB-05,BB-03--BB-07,BB-03,1/d^2,0.5549131812960664
Bad Berleburg,BB-05,BB-03--BB-07,BB-07,1/d^2,0.4450868187039336
Bad Berleburg,BB-05,BB-03--BB-07,BB-03,Wald + Wind,0.5427347750100469
Bad Berleburg,BB-05,BB-03--BB-07,BB-07,Wald + Wind,0.457265224989953
Bad Berleburg,BB-05,BB-03--BB-07,BB-03,Vollstaendig,0.5874038940763084
Bad Berleburg,BB-05,BB-03--BB-07,BB-07,Vollstaendig,0.4125961059236915
Bad Berleburg,BB-05,BB-04--BB-06,BB-04,Gleichgewichtung,0.5
Bad Berleburg,BB-05,BB-04--BB-06,BB-06,Gleichgewichtung,0.5
Bad Berleburg,BB-05,BB-04--BB-06,BB-04,1/d^2,0.5215042685386911
Bad Berleburg,BB-05,BB-04--BB-06,BB-06,1/d^2,0.4784957314613088
Bad Berleburg,BB-05,BB-04--BB-06,BB-04,Wald + Wind,0.6331867541791621
Bad Berleburg,BB-05,BB-04--BB-06,BB-06,Wald + Wind,0.3668132458208379
Bad Berleburg,BB-05,BB-04--BB-06,BB-04,Vollstaendig,0.6302237936181824
Bad Berleburg,BB-05,BB-04--BB-06,BB-06,Vollstaendig,0.3697762063818177
Bad Berleburg,BB-05,BB-04--BB-07,BB-04,Gleichgewichtung,0.5
Bad Berleburg,BB-05,BB-04--BB-07,BB-07,Gleichgewichtung,0.5
Bad Berleburg,BB-05,BB-04--BB-07,BB-04,1/d^2,0.8271306341618178
Bad Berleburg,BB-05,BB-04--BB-07,BB-07,1/d^2,0.1728693658381822
Bad Berleburg,BB-05,BB-04--BB-07,BB-04,Wald + Wind,0.5688439451240165
Bad Berleburg,BB-05,BB-04--BB-07,BB-07,Wald + Wind,0.4311560548759835
Bad Berleburg,BB-05,BB-04--BB-07,BB-04,Vollstaendig,0.5951224245683981
Bad Berleburg,BB-05,BB-04--BB-07,BB-07,Vollstaendig,0.4048775754316018
Bad Berleburg,BB-05,BB-06--BB-07,BB-06,Gleichgewichtung,0.5
Bad Berleburg,BB-05,BB-06--BB-07,BB-07,Gleichgewichtung,0.5
Bad Berleburg,BB-05,BB-06--BB-07,BB-06,1/d^2,0.8144753303434449
Bad Berleburg,BB-05,BB-06--BB-07,BB-07,1/d^2,0.185524669656555
Bad Berleburg,BB-05,BB-06--BB-07,BB-06,Wald + Wind,0.4332074813888736
Bad Berleburg,BB-05,BB-06--BB-07,BB-07,Wald + Wind,0.5667925186111265
Bad Berleburg,BB-05,BB-06--BB-07,BB-06,Vollstaendig,0.4630687304189726
Bad Berleburg,BB-05,BB-06--BB-07,BB-07,Vollstaendig,0.5369312695810273
Bad Berleburg,BB-06,BB-01--BB-02,BB-01,Gleichgewichtung,0.5
Bad Berleburg,BB-06,BB-01--BB-02,BB-02,Gleichgewichtung,0.5
Bad Berleburg,BB-06,BB-01--BB-02,BB-01,1/d^2,0.3357868224134626
Bad Berleburg,BB-06,BB-01--BB-02,BB-02,1/d^2,0.6642131775865373
Bad Berleburg,BB-06,BB-01--BB-02,BB-01,Wald + Wind,0.6273491517730599
Bad Berleburg,BB-06,BB-01--BB-02,BB-02,Wald + Wind,0.37265084822694
Bad Berleburg,BB-06,BB-01--BB-02,BB-01,Vollstaendig,0.6428881775163353
Bad Berleburg,BB-06,BB-01--BB-02,BB-02,Vollstaendig,0.3571118224836647
Bad Berleburg,BB-06,BB-01--BB-03,BB-01,Gleichgewichtung,0.5
Bad Berleburg,BB-06,BB-01--BB-03,BB-03,Gleichgewichtung,0.5
Bad Berleburg,BB-06,BB-01--BB-03,BB-01,1/d^2,0.2959623282003952
Bad Berleburg,BB-06,BB-01--BB-03,BB-03,1/d^2,0.7040376717996049
Bad Berleburg,BB-06,BB-01--BB-03,BB-01,Wald + Wind,0.4831030630518496
Bad Berleburg,BB-06,BB-01--BB-03,BB-03,Wald + Wind,0.5168969369481504
Bad Berleburg,BB-06,BB-01--BB-03,BB-01,Vollstaendig,0.4741545789730666
Bad Berleburg,BB-06,BB-01--BB-03,BB-03,Vollstaendig,0.5258454210269334
Bad Berleburg,BB-06,BB-01--BB-04,BB-01,Gleichgewichtung,0.5
Bad Berleburg,BB-06,BB-01--BB-04,BB-04,Gleichgewichtung,0.5
Bad Berleburg,BB-06,BB-01--BB-04,BB-01,1/d^2,0.1665685693320165
Bad Berleburg,BB-06,BB-01--BB-04,BB-04,1/d^2,0.8334314306679835
Bad Berleburg,BB-06,BB-01--BB-04,BB-01,Wald + Wind,0.5233805186206726
Bad Berleburg,BB-06,BB-01--BB-04,BB-04,Wald + Wind,0.4766194813793274
Bad Berleburg,BB-06,BB-01--BB-04,BB-01,Vollstaendig,0.5056141597287096
Bad Berleburg,BB-06,BB-01--BB-04,BB-04,Vollstaendig,0.4943858402712903
Bad Berleburg,BB-06,BB-01--BB-05,BB-01,Gleichgewichtung,0.5
Bad Berleburg,BB-06,BB-01--BB-05,BB-05,Gleichgewichtung,0.5
Bad Berleburg,BB-06,BB-01--BB-05,BB-01,1/d^2,0.0495737210770159
Bad Berleburg,BB-06,BB-01--BB-05,BB-05,1/d^2,0.950426278922984
Bad Berleburg,BB-06,BB-01--BB-05,BB-01,Wald + Wind,0.5079718553092477
Bad Berleburg,BB-06,BB-01--BB-05,BB-05,Wald + Wind,0.4920281446907523
Bad Berleburg,BB-06,BB-01--BB-05,BB-01,Vollstaendig,0.5601298750278543
Bad Berleburg,BB-06,BB-01--BB-05,BB-05,Vollstaendig,0.4398701249721457
Bad Berleburg,BB-06,BB-01--BB-07,BB-01,Gleichgewichtung,0.5
Bad Berleburg,BB-06,BB-01--BB-07,BB-07,Gleichgewichtung,0.5
Bad Berleburg,BB-06,BB-01--BB-07,BB-01,1/d^2,0.0617605027984748
Bad Berleburg,BB-06,BB-01--BB-07,BB-07,1/d^2,0.9382394972015252
Bad Berleburg,BB-06,BB-01--BB-07,BB-01,Wald + Wind,0.6601211288895098
Bad Berleburg,BB-06,BB-01--BB-07,BB-07,Wald + Wind,0.3398788711104902
Bad Berleburg,BB-06,BB-01--BB-07,BB-01,Vollstaendig,0.7640009407839816
Bad Berleburg,BB-06,BB-01--BB-07,BB-07,Vollstaendig,0.2359990592160184
Bad Berleburg,BB-06,BB-02--BB-03,BB-02,Gleichgewichtung,0.5
Bad Berleburg,BB-06,BB-02--BB-03,BB-03,Gleichgewichtung,0.5
Bad Berleburg,BB-06,BB-02--BB-03,BB-02,1/d^2,0.4540120807914109
Bad Berleburg,BB-06,BB-02--BB-03,BB-03,1/d^2,0.5459879192085891
Bad Berleburg,BB-06,BB-02--BB-03,BB-02,Wald + Wind,0.3569848771015263
Bad Berleburg,BB-06,BB-02--BB-03,BB-03,Wald + Wind,0.6430151228984737
Bad Berleburg,BB-06,BB-02--BB-03,BB-02,Vollstaendig,0.33372265381179
Bad Berleburg,BB-06,BB-02--BB-03,BB-03,Vollstaendig,0.66627734618821
Bad Berleburg,BB-06,BB-02--BB-04,BB-02,Gleichgewichtung,0.5
Bad Berleburg,BB-06,BB-02--BB-04,BB-04,Gleichgewichtung,0.5
Bad Berleburg,BB-06,BB-02--BB-04,BB-02,1/d^2,0.2833270465854062
Bad Berleburg,BB-06,BB-02--BB-04,BB-04,1/d^2,0.7166729534145937
Bad Berleburg,BB-06,BB-02--BB-04,BB-02,Wald + Wind,0.3947781795050578
Bad Berleburg,BB-06,BB-02--BB-04,BB-04,Wald + Wind,0.6052218204949421
Bad Berleburg,BB-06,BB-02--BB-04,BB-02,Vollstaendig,0.3622840809954622
Bad Berleburg,BB-06,BB-02--BB-04,BB-04,Vollstaendig,0.6377159190045378
Bad Berleburg,BB-06,BB-02--BB-05,BB-02,Gleichgewichtung,0.5
Bad Berleburg,BB-06,BB-02--BB-05,BB-05,Gleichgewichtung,0.5
Bad Berleburg,BB-06,BB-02--BB-05,BB-02,1/d^2,0.09352598306842
Bad Berleburg,BB-06,BB-02--BB-05,BB-05,1/d^2,0.90647401693158
Bad Berleburg,BB-06,BB-02--BB-05,BB-02,Wald + Wind,0.3801359553027706
Bad Berleburg,BB-06,BB-02--BB-05,BB-05,Wald + Wind,0.6198640446972293
Bad Berleburg,BB-06,BB-02--BB-05,BB-02,Vollstaendig,0.4142962842276038
Bad Berleburg,BB-06,BB-02--BB-05,BB-05,Vollstaendig,0.5857037157723962
Bad Berleburg,BB-06,BB-02--BB-07,BB-02,Gleichgewichtung,0.5
Bad Berleburg,BB-06,BB-02--BB-07,BB-07,Gleichgewichtung,0.5
Bad Berleburg,BB-06,BB-02--BB-07,BB-02,1/d^2,0.1152078826517392
Bad Berleburg,BB-06,BB-02--BB-07,BB-07,1/d^2,0.8847921173482607
Bad Berleburg,BB-06,BB-02--BB-07,BB-02,Wald + Wind,0.535682419352257
Bad Berleburg,BB-06,BB-02--BB-07,BB-07,Wald + Wind,0.464317580647743
Bad Berleburg,BB-06,BB-02--BB-07,BB-02,Vollstaendig,0.6426350271517611
Bad Berleburg,BB-06,BB-02--BB-07,BB-07,Vollstaendig,0.3573649728482389
Bad Berleburg,BB-06,BB-03--BB-04,BB-03,Gleichgewichtung,0.5
Bad Berleburg,BB-06,BB-03--BB-04,BB-04,Gleichgewichtung,0.5
Bad Berleburg,BB-06,BB-03--BB-04,BB-03,1/d^2,0.322229504378303
Bad Berleburg,BB-06,BB-03--BB-04,BB-04,1/d^2,0.6777704956216969
Bad Berleburg,BB-06,BB-03--BB-04,BB-03,Wald + Wind,0.5402139080796157
Bad Berleburg,BB-06,BB-03--BB-04,BB-04,Wald + Wind,0.4597860919203844
Bad Berleburg,BB-06,BB-03--BB-04,BB-03,Vollstaendig,0.53144133216597
Bad Berleburg,BB-06,BB-03--BB-04,BB-04,Vollstaendig,0.4685586678340301
Bad Berleburg,BB-06,BB-03--BB-05,BB-03,Gleichgewichtung,0.5
Bad Berleburg,BB-06,BB-03--BB-05,BB-05,Gleichgewichtung,0.5
Bad Berleburg,BB-06,BB-03--BB-05,BB-03,1/d^2,0.1103815136204349
Bad Berleburg,BB-06,BB-03--BB-05,BB-05,1/d^2,0.8896184863795651
Bad Berleburg,BB-06,BB-03--BB-05,BB-03,Wald + Wind,0.5248554001740956
Bad Berleburg,BB-06,BB-03--BB-05,BB-05,Wald + Wind,0.4751445998259044
Bad Berleburg,BB-06,BB-03--BB-05,BB-03,Vollstaendig,0.5854441472316553
Bad Berleburg,BB-06,BB-03--BB-05,BB-05,Vollstaendig,0.4145558527683448
Bad Berleburg,BB-06,BB-03--BB-07,BB-03,Gleichgewichtung,0.5
Bad Berleburg,BB-06,BB-03--BB-07,BB-07,Gleichgewichtung,0.5
Bad Berleburg,BB-06,BB-03--BB-07,BB-03,1/d^2,0.1353873694363892
Bad Berleburg,BB-06,BB-03--BB-07,BB-07,1/d^2,0.8646126305636107
Bad Berleburg,BB-06,BB-03--BB-07,BB-03,Wald + Wind,0.6751228467292951
Bad Berleburg,BB-06,BB-03--BB-07,BB-07,Wald + Wind,0.324877153270705
Bad Berleburg,BB-06,BB-03--BB-07,BB-03,Vollstaendig,0.78214579558639
Bad Berleburg,BB-06,BB-03--BB-07,BB-07,Vollstaendig,0.21785420441361
Bad Berleburg,BB-06,BB-04--BB-05,BB-04,Gleichgewichtung,0.5
Bad Berleburg,BB-06,BB-04--BB-05,BB-05,Gleichgewichtung,0.5
Bad Berleburg,BB-06,BB-04--BB-05,BB-04,1/d^2,0.2069670216570877
Bad Berleburg,BB-06,BB-04--BB-05,BB-05,1/d^2,0.7930329783429123
Bad Berleburg,BB-06,BB-04--BB-05,BB-04,Wald + Wind,0.4845798402741351
Bad Berleburg,BB-06,BB-04--BB-05,BB-05,Wald + Wind,0.5154201597258649
Bad Berleburg,BB-06,BB-04--BB-05,BB-04,Vollstaendig,0.5545894282169842
Bad Berleburg,BB-06,BB-04--BB-05,BB-05,Vollstaendig,0.4454105717830158
Bad Berleburg,BB-06,BB-04--BB-07,BB-04,Gleichgewichtung,0.5
Bad Berleburg,BB-06,BB-04--BB-07,BB-07,Gleichgewichtung,0.5
Bad Berleburg,BB-06,BB-04--BB-07,BB-04,1/d^2,0.2477596400785268
Bad Berleburg,BB-06,BB-04--BB-07,BB-07,1/d^2,0.7522403599214731
Bad Berleburg,BB-06,BB-04--BB-07,BB-04,Wald + Wind,0.6388194115417046
Bad Berleburg,BB-06,BB-04--BB-07,BB-07,Wald + Wind,0.3611805884582953
Bad Berleburg,BB-06,BB-04--BB-07,BB-04,Vollstaendig,0.7599277820941822
Bad Berleburg,BB-06,BB-04--BB-07,BB-07,Vollstaendig,0.2400722179058178
Bad Berleburg,BB-06,BB-05--BB-07,BB-05,Gleichgewichtung,0.5
Bad Berleburg,BB-06,BB-05--BB-07,BB-07,Gleichgewichtung,0.5
Bad Berleburg,BB-06,BB-05--BB-07,BB-05,1/d^2,0.5579160051939754
Bad Berleburg,BB-06,BB-05--BB-07,BB-07,1/d^2,0.4420839948060245
Bad Berleburg,BB-06,BB-05--BB-07,BB-05,Wald + Wind,0.6529301117740053
Bad Berleburg,BB-06,BB-05--BB-07,BB-07,Wald + Wind,0.3470698882259947
Bad Berleburg,BB-06,BB-05--BB-07,BB-05,Vollstaendig,0.7176940674406701
Bad Berleburg,BB-06,BB-05--BB-07,BB-07,Vollstaendig,0.28230593255933
Bad Berleburg,BB-07,BB-01--BB-02,BB-01,Gleichgewichtung,0.5
Bad Berleburg,BB-07,BB-01--BB-02,BB-02,Gleichgewichtung,0.5
Bad Berleburg,BB-07,BB-01--BB-02,BB-01,1/d^2,0.3584980072634009
Bad Berleburg,BB-07,BB-01--BB-02,BB-02,1/d^2,0.6415019927365991
Bad Berleburg,BB-07,BB-01--BB-02,BB-01,Wald + Wind,0.41509215594684
Bad Berleburg,BB-07,BB-01--BB-02,BB-02,Wald + Wind,0.5849078440531599
Bad Berleburg,BB-07,BB-01--BB-02,BB-01,Vollstaendig,0.3476993007524745
Bad Berleburg,BB-07,BB-01--BB-02,BB-02,Vollstaendig,0.6523006992475254
Bad Berleburg,BB-07,BB-01--BB-03,BB-01,Gleichgewichtung,0.5
Bad Berleburg,BB-07,BB-01--BB-03,BB-03,Gleichgewichtung,0.5
Bad Berleburg,BB-07,BB-01--BB-03,BB-01,1/d^2,0.3431121821335865
Bad Berleburg,BB-07,BB-01--BB-03,BB-03,1/d^2,0.6568878178664136
Bad Berleburg,BB-07,BB-01--BB-03,BB-01,Wald + Wind,0.5871574746957215
Bad Berleburg,BB-07,BB-01--BB-03,BB-03,Wald + Wind,0.4128425253042784
Bad Berleburg,BB-07,BB-01--BB-03,BB-01,Vollstaendig,0.6556056925676825
Bad Berleburg,BB-07,BB-01--BB-03,BB-03,Vollstaendig,0.3443943074323174
Bad Berleburg,BB-07,BB-01--BB-04,BB-01,Gleichgewichtung,0.5
Bad Berleburg,BB-07,BB-01--BB-04,BB-04,Gleichgewichtung,0.5
Bad Berleburg,BB-07,BB-01--BB-04,BB-01,1/d^2,0.235339291181012
Bad Berleburg,BB-07,BB-01--BB-04,BB-04,1/d^2,0.764660708818988
Bad Berleburg,BB-07,BB-01--BB-04,BB-01,Wald + Wind,0.4637014682374953
Bad Berleburg,BB-07,BB-01--BB-04,BB-04,Wald + Wind,0.5362985317625047
Bad Berleburg,BB-07,BB-01--BB-04,BB-01,Vollstaendig,0.5114939441901482
Bad Berleburg,BB-07,BB-01--BB-04,BB-04,Vollstaendig,0.4885060558098518
Bad Berleburg,BB-07,BB-01--BB-05,BB-01,Gleichgewichtung,0.5
Bad Berleburg,BB-07,BB-01--BB-05,BB-05,Gleichgewichtung,0.5
Bad Berleburg,BB-07,BB-01--BB-05,BB-01,1/d^2,0.1276889689856735
Bad Berleburg,BB-07,BB-01--BB-05,BB-05,1/d^2,0.8723110310143264
Bad Berleburg,BB-07,BB-01--BB-05,BB-01,Wald + Wind,0.5031197536310574
Bad Berleburg,BB-07,BB-01--BB-05,BB-05,Wald + Wind,0.4968802463689427
Bad Berleburg,BB-07,BB-01--BB-05,BB-01,Vollstaendig,0.5033407667559046
Bad Berleburg,BB-07,BB-01--BB-05,BB-05,Vollstaendig,0.4966592332440954
Bad Berleburg,BB-07,BB-01--BB-06,BB-01,Gleichgewichtung,0.5
Bad Berleburg,BB-07,BB-01--BB-06,BB-06,Gleichgewichtung,0.5
Bad Berleburg,BB-07,BB-01--BB-06,BB-01,1/d^2,0.0403802456204308
Bad Berleburg,BB-07,BB-01--BB-06,BB-06,1/d^2,0.9596197543795691
Bad Berleburg,BB-07,BB-01--BB-06,BB-01,Wald + Wind,0.70433467018312
Bad Berleburg,BB-07,BB-01--BB-06,BB-06,Wald + Wind,0.2956653298168799
Bad Berleburg,BB-07,BB-01--BB-06,BB-01,Vollstaendig,0.7437615548580506
Bad Berleburg,BB-07,BB-01--BB-06,BB-06,Vollstaendig,0.2562384451419492
Bad Berleburg,BB-07,BB-02--BB-03,BB-02,Gleichgewichtung,0.5
Bad Berleburg,BB-07,BB-02--BB-03,BB-03,Gleichgewichtung,0.5
Bad Berleburg,BB-07,BB-02--BB-03,BB-02,1/d^2,0.4831147706314245
Bad Berleburg,BB-07,BB-02--BB-03,BB-03,1/d^2,0.5168852293685755
Bad Berleburg,BB-07,BB-02--BB-03,BB-02,Wald + Wind,0.6671183785912551
Bad Berleburg,BB-07,BB-02--BB-03,BB-03,Wald + Wind,0.3328816214087449
Bad Berleburg,BB-07,BB-02--BB-03,BB-02,Vollstaendig,0.7812455964897526
Bad Berleburg,BB-07,BB-02--BB-03,BB-03,Vollstaendig,0.2187544035102475
Bad Berleburg,BB-07,BB-02--BB-04,BB-02,Gleichgewichtung,0.5
Bad Berleburg,BB-07,BB-02--BB-04,BB-04,Gleichgewichtung,0.5
Bad Berleburg,BB-07,BB-02--BB-04,BB-02,1/d^2,0.3551414651415948
Bad Berleburg,BB-07,BB-02--BB-04,BB-04,1/d^2,0.6448585348584052
Bad Berleburg,BB-07,BB-02--BB-04,BB-02,Wald + Wind,0.5492160537214771
Bad Berleburg,BB-07,BB-02--BB-04,BB-04,Wald + Wind,0.4507839462785228
Bad Berleburg,BB-07,BB-02--BB-04,BB-02,Vollstaendig,0.6626557049401979
Bad Berleburg,BB-07,BB-02--BB-04,BB-04,Vollstaendig,0.337344295059802
Bad Berleburg,BB-07,BB-02--BB-05,BB-02,Gleichgewichtung,0.5
Bad Berleburg,BB-07,BB-02--BB-05,BB-05,Gleichgewichtung,0.5
Bad Berleburg,BB-07,BB-02--BB-05,BB-02,1/d^2,0.2075660623179051
Bad Berleburg,BB-07,BB-02--BB-05,BB-05,1/d^2,0.7924339376820949
Bad Berleburg,BB-07,BB-02--BB-05,BB-02,Wald + Wind,0.5879344253376282
Bad Berleburg,BB-07,BB-02--BB-05,BB-05,Wald + Wind,0.4120655746623717
Bad Berleburg,BB-07,BB-02--BB-05,BB-02,Vollstaendig,0.6553253471654034
Bad Berleburg,BB-07,BB-02--BB-05,BB-05,Vollstaendig,0.3446746528345966
Bad Berleburg,BB-07,BB-02--BB-06,BB-02,Gleichgewichtung,0.5
Bad Berleburg,BB-07,BB-02--BB-06,BB-06,Gleichgewichtung,0.5
Bad Berleburg,BB-07,BB-02--BB-06,BB-02,1/d^2,0.070024879566844
Bad Berleburg,BB-07,BB-02--BB-06,BB-06,1/d^2,0.929975120433156
Bad Berleburg,BB-07,BB-02--BB-06,BB-02,Wald + Wind,0.7704721613479766
Bad Berleburg,BB-07,BB-02--BB-06,BB-06,Wald + Wind,0.2295278386520235
Bad Berleburg,BB-07,BB-02--BB-06,BB-02,Vollstaendig,0.8448517003805667
Bad Berleburg,BB-07,BB-02--BB-06,BB-06,Vollstaendig,0.1551482996194334
Bad Berleburg,BB-07,BB-03--BB-04,BB-03,Gleichgewichtung,0.5
Bad Berleburg,BB-07,BB-03--BB-04,BB-04,Gleichgewichtung,0.5
Bad Berleburg,BB-07,BB-03--BB-04,BB-03,1/d^2,0.3707622480672499
Bad Berleburg,BB-07,BB-03--BB-04,BB-04,1/d^2,0.62923775193275
Bad Berleburg,BB-07,BB-03--BB-04,BB-03,Wald + Wind,0.3780867753426349
Bad Berleburg,BB-07,BB-03--BB-04,BB-04,Wald + Wind,0.621913224657365
Bad Berleburg,BB-07,BB-03--BB-04,BB-03,Vollstaendig,0.3548498338955468
Bad Berleburg,BB-07,BB-03--BB-04,BB-04,Vollstaendig,0.6451501661044532
Bad Berleburg,BB-07,BB-03--BB-05,BB-03,Gleichgewichtung,0.5
Bad Berleburg,BB-07,BB-03--BB-05,BB-05,Gleichgewichtung,0.5
Bad Berleburg,BB-07,BB-03--BB-05,BB-03,1/d^2,0.2188991976505051
Bad Berleburg,BB-07,BB-03--BB-05,BB-05,1/d^2,0.781100802349495
Bad Berleburg,BB-07,BB-03--BB-05,BB-03,Wald + Wind,0.41587077667798
Bad Berleburg,BB-07,BB-03--BB-05,BB-05,Wald + Wind,0.58412922332202
Bad Berleburg,BB-07,BB-03--BB-05,BB-03,Vollstaendig,0.3474177994448078
Bad Berleburg,BB-07,BB-03--BB-05,BB-05,Vollstaendig,0.6525822005551922
Bad Berleburg,BB-07,BB-03--BB-06,BB-03,Gleichgewichtung,0.5
Bad Berleburg,BB-07,BB-03--BB-06,BB-06,Gleichgewichtung,0.5
Bad Berleburg,BB-07,BB-03--BB-06,BB-03,1/d^2,0.0745547911605441
Bad Berleburg,BB-07,BB-03--BB-06,BB-06,1/d^2,0.9254452088394558
Bad Berleburg,BB-07,BB-03--BB-06,BB-03,Wald + Wind,0.626164820965802
Bad Berleburg,BB-07,BB-03--BB-06,BB-06,Wald + Wind,0.373835179034198
Bad Berleburg,BB-07,BB-03--BB-06,BB-03,Vollstaendig,0.6039234065112872
Bad Berleburg,BB-07,BB-03--BB-06,BB-06,Vollstaendig,0.3960765934887127
Bad Berleburg,BB-07,BB-04--BB-05,BB-04,Gleichgewichtung,0.5
Bad Berleburg,BB-07,BB-04--BB-05,BB-05,Gleichgewichtung,0.5
Bad Berleburg,BB-07,BB-04--BB-05,BB-04,1/d^2,0.3223168636741143
Bad Berleburg,BB-07,BB-04--BB-05,BB-05,1/d^2,0.6776831363258857
Bad Berleburg,BB-07,BB-04--BB-05,BB-04,Wald + Wind,0.5394004381808195
Bad Berleburg,BB-07,BB-04--BB-05,BB-05,Wald + Wind,0.4605995618191805
Bad Berleburg,BB-07,BB-04--BB-05,BB-04,Vollstaendig,0.4918455700914229
Bad Berleburg,BB-07,BB-04--BB-05,BB-05,Vollstaendig,0.5081544299085771
Bad Berleburg,BB-07,BB-04--BB-06,BB-04,Gleichgewichtung,0.5
Bad Berleburg,BB-07,BB-04--BB-06,BB-06,Gleichgewichtung,0.5
Bad Berleburg,BB-07,BB-04--BB-06,BB-04,1/d^2,0.1202788199927626
Bad Berleburg,BB-07,BB-04--BB-06,BB-06,1/d^2,0.8797211800072374
Bad Berleburg,BB-07,BB-04--BB-06,BB-04,Wald + Wind,0.7336997523406394
Bad Berleburg,BB-07,BB-04--BB-06,BB-06,Wald + Wind,0.2663002476593605
Bad Berleburg,BB-07,BB-04--BB-06,BB-04,Vollstaendig,0.7349001666274422
Bad Berleburg,BB-07,BB-04--BB-06,BB-06,Vollstaendig,0.2650998333725578
Bad Berleburg,BB-07,BB-05--BB-06,BB-05,Gleichgewichtung,0.5
Bad Berleburg,BB-07,BB-05--BB-06,BB-06,Gleichgewichtung,0.5
Bad Berleburg,BB-07,BB-05--BB-06,BB-05,1/d^2,0.2232809685546996
Bad Berleburg,BB-07,BB-05--BB-06,BB-06,1/d^2,0.7767190314453005
Bad Berleburg,BB-07,BB-05--BB-06,BB-05,Wald + Wind,0.7017293051626022
Bad Berleburg,BB-07,BB-05--BB-06,BB-06,Wald + Wind,0.2982706948373977
Bad Berleburg,BB-07,BB-05--BB-06,BB-05,Vollstaendig,0.7412064946190093
Bad Berleburg,BB-07,BB-05--BB-06,BB-06,Vollstaendig,0.2587935053809906
Borken-Coesfeld,BC-01,BC-02--BC-03,BC-02,Gleichgewichtung,0.5
Borken-Coesfeld,BC-01,BC-02--BC-03,BC-03,Gleichgewichtung,0.5
Borken-Coesfeld,BC-01,BC-02--BC-03,BC-02,1/d^2,0.958880228635267
Borken-Coesfeld,BC-01,BC-02--BC-03,BC-03,1/d^2,0.0411197713647329
Borken-Coesfeld,BC-01,BC-02--BC-03,BC-02,Wald + Wind,0.4897722082761297
Borken-Coesfeld,BC-01,BC-02--BC-03,BC-03,Wald + Wind,0.5102277917238703
Borken-Coesfeld,BC-01,BC-02--BC-03,BC-02,Vollstaendig,0.459804548758839
Borken-Coesfeld,BC-01,BC-02--BC-03,BC-03,Vollstaendig,0.540195451241161
Borken-Coesfeld,BC-01,BC-02--BC-04,BC-02,Gleichgewichtung,0.5
Borken-Coesfeld,BC-01,BC-02--BC-04,BC-04,Gleichgewichtung,0.5
Borken-Coesfeld,BC-01,BC-02--BC-04,BC-02,1/d^2,0.9548331916569112
Borken-Coesfeld,BC-01,BC-02--BC-04,BC-04,1/d^2,0.0451668083430887
Borken-Coesfeld,BC-01,BC-02--BC-04,BC-02,Wald + Wind,0.5229455552797709
Borken-Coesfeld,BC-01,BC-02--BC-04,BC-04,Wald + Wind,0.4770544447202289
Borken-Coesfeld,BC-01,BC-02--BC-04,BC-02,Vollstaendig,0.4693858198851888
Borken-Coesfeld,BC-01,BC-02--BC-04,BC-04,Vollstaendig,0.5306141801148112
Borken-Coesfeld,BC-01,BC-02--BC-05,BC-02,Gleichgewichtung,0.5
Borken-Coesfeld,BC-01,BC-02--BC-05,BC-05,Gleichgewichtung,0.5
Borken-Coesfeld,BC-01,BC-02--BC-05,BC-02,1/d^2,0.932219136193156
Borken-Coesfeld,BC-01,BC-02--BC-05,BC-05,1/d^2,0.0677808638068439
Borken-Coesfeld,BC-01,BC-02--BC-05,BC-02,Wald + Wind,0.472615251167216
Borken-Coesfeld,BC-01,BC-02--BC-05,BC-05,Wald + Wind,0.5273847488327841
Borken-Coesfeld,BC-01,BC-02--BC-05,BC-02,Vollstaendig,0.4561853820465763
Borken-Coesfeld,BC-01,BC-02--BC-05,BC-05,Vollstaendig,0.5438146179534237
Borken-Coesfeld,BC-01,BC-02--BC-06,BC-02,Gleichgewichtung,0.5
Borken-Coesfeld,BC-01,BC-02--BC-06,BC-06,Gleichgewichtung,0.5
Borken-Coesfeld,BC-01,BC-02--BC-06,BC-02,1/d^2,0.9031057293690408
Borken-Coesfeld,BC-01,BC-02--BC-06,BC-06,1/d^2,0.0968942706309592
Borken-Coesfeld,BC-01,BC-02--BC-06,BC-02,Wald + Wind,0.5498334181480237
Borken-Coesfeld,BC-01,BC-02--BC-06,BC-06,Wald + Wind,0.4501665818519764
Borken-Coesfeld,BC-01,BC-02--BC-06,BC-02,Vollstaendig,0.5032705844263893
Borken-Coesfeld,BC-01,BC-02--BC-06,BC-06,Vollstaendig,0.4967294155736106
Borken-Coesfeld,BC-01,BC-03--BC-04,BC-03,Gleichgewichtung,0.5
Borken-Coesfeld,BC-01,BC-03--BC-04,BC-04,Gleichgewichtung,0.5
Borken-Coesfeld,BC-01,BC-03--BC-04,BC-03,1/d^2,0.4754939146608801
Borken-Coesfeld,BC-01,BC-03--BC-04,BC-04,1/d^2,0.5245060853391199
Borken-Coesfeld,BC-01,BC-03--BC-04,BC-03,Wald + Wind,0.5331422354115014
Borken-Coesfeld,BC-01,BC-03--BC-04,BC-04,Wald + Wind,0.4668577645884985
Borken-Coesfeld,BC-01,BC-03--BC-04,BC-03,Vollstaendig,0.509628665373249
Borken-Coesfeld,BC-01,BC-03--BC-04,BC-04,Vollstaendig,0.4903713346267509
Borken-Coesfeld,BC-01,BC-03--BC-05,BC-03,Gleichgewichtung,0.5
Borken-Coesfeld,BC-01,BC-03--BC-05,BC-05,Gleichgewichtung,0.5
Borken-Coesfeld,BC-01,BC-03--BC-05,BC-03,1/d^2,0.3709860175229947
Borken-Coesfeld,BC-01,BC-03--BC-05,BC-05,1/d^2,0.6290139824770052
Borken-Coesfeld,BC-01,BC-03--BC-05,BC-03,Wald + Wind,0.482823799671945
Borken-Coesfeld,BC-01,BC-03--BC-05,BC-05,Wald + Wind,0.517176200328055
Borken-Coesfeld,BC-01,BC-03--BC-05,BC-03,Vollstaendig,0.4963551568498897
Borken-Coesfeld,BC-01,BC-03--BC-05,BC-05,Vollstaendig,0.5036448431501104
Borken-Coesfeld,BC-01,BC-03--BC-06,BC-03,Gleichgewichtung,0.5
Borken-Coesfeld,BC-01,BC-03--BC-06,BC-06,Gleichgewichtung,0.5
Borken-Coesfeld,BC-01,BC-03--BC-06,BC-03,1/d^2,0.2855577523676402
Borken-Coesfeld,BC-01,BC-03--BC-06,BC-06,1/d^2,0.7144422476323598
Borken-Coesfeld,BC-01,BC-03--BC-06,BC-03,Wald + Wind,0.5599390096184154
Borken-Coesfeld,BC-01,BC-03--BC-06,BC-06,Wald + Wind,0.4400609903815846
Borken-Coesfeld,BC-01,BC-03--BC-06,BC-03,Vollstaendig,0.5434431910452353
Borken-Coesfeld,BC-01,BC-03--BC-06,BC-06,Vollstaendig,0.4565568089547646
Borken-Coesfeld,BC-01,BC-04--BC-05,BC-04,Gleichgewichtung,0.5
Borken-Coesfeld,BC-01,BC-04--BC-05,BC-05,Gleichgewichtung,0.5
Borken-Coesfeld,BC-01,BC-04--BC-05,BC-04,1/d^2,0.3941535141507006
Borken-Coesfeld,BC-01,BC-04--BC-05,BC-05,1/d^2,0.6058464858492995
Borken-Coesfeld,BC-01,BC-04--BC-05,BC-04,Wald + Wind,0.4497958805815751
Borken-Coesfeld,BC-01,BC-04--BC-05,BC-05,Wald + Wind,0.550204119418425
Borken-Coesfeld,BC-01,BC-04--BC-05,BC-04,Vollstaendig,0.4867283545489034
Borken-Coesfeld,BC-01,BC-04--BC-05,BC-05,Vollstaendig,0.5132716454510965
Borken-Coesfeld,BC-01,BC-04--BC-06,BC-04,Gleichgewichtung,0.5
Borken-Coesfeld,BC-01,BC-04--BC-06,BC-06,Gleichgewichtung,0.5
Borken-Coesfeld,BC-01,BC-04--BC-06,BC-04,1/d^2,0.3059855452026908
Borken-Coesfeld,BC-01,BC-04--BC-06,BC-06,1/d^2,0.6940144547973093
Borken-Coesfeld,BC-01,BC-04--BC-06,BC-04,Wald + Wind,0.5270114082361887
Borken-Coesfeld,BC-01,BC-04--BC-06,BC-06,Wald + Wind,0.4729885917638112
Borken-Coesfeld,BC-01,BC-04--BC-06,BC-04,Vollstaendig,0.533871198955212
Borken-Coesfeld,BC-01,BC-04--BC-06,BC-06,Vollstaendig,0.4661288010447881
Borken-Coesfeld,BC-01,BC-05--BC-06,BC-05,Gleichgewichtung,0.5
Borken-Coesfeld,BC-01,BC-05--BC-06,BC-06,Gleichgewichtung,0.5
Borken-Coesfeld,BC-01,BC-05--BC-06,BC-05,1/d^2,0.4039414982144321
Borken-Coesfeld,BC-01,BC-05--BC-06,BC-06,1/d^2,0.5960585017855679
Borken-Coesfeld,BC-01,BC-05--BC-06,BC-05,Wald + Wind,0.576798944386644
Borken-Coesfeld,BC-01,BC-05--BC-06,BC-06,Wald + Wind,0.4232010556133559
Borken-Coesfeld,BC-01,BC-05--BC-06,BC-05,Vollstaendig,0.5470582287147121
Borken-Coesfeld,BC-01,BC-05--BC-06,BC-06,Vollstaendig,0.452941771285288
Borken-Coesfeld,BC-02,BC-01--BC-03,BC-01,Gleichgewichtung,0.5
Borken-Coesfeld,BC-02,BC-01--BC-03,BC-03,Gleichgewichtung,0.5
Borken-Coesfeld,BC-02,BC-01--BC-03,BC-01,1/d^2,0.9648455031103024
Borken-Coesfeld,BC-02,BC-01--BC-03,BC-03,1/d^2,0.0351544968896975
Borken-Coesfeld,BC-02,BC-01--BC-03,BC-01,Wald + Wind,0.5544931378709648
Borken-Coesfeld,BC-02,BC-01--BC-03,BC-03,Wald + Wind,0.4455068621290352
Borken-Coesfeld,BC-02,BC-01--BC-03,BC-01,Vollstaendig,0.5716635947802003
Borken-Coesfeld,BC-02,BC-01--BC-03,BC-03,Vollstaendig,0.4283364052197995
Borken-Coesfeld,BC-02,BC-01--BC-04,BC-01,Gleichgewichtung,0.5
Borken-Coesfeld,BC-02,BC-01--BC-04,BC-04,Gleichgewichtung,0.5
Borken-Coesfeld,BC-02,BC-01--BC-04,BC-01,1/d^2,0.9604125205337656
Borken-Coesfeld,BC-02,BC-01--BC-04,BC-04,1/d^2,0.0395874794662344
Borken-Coesfeld,BC-02,BC-01--BC-04,BC-01,Wald + Wind,0.5504022730625159
Borken-Coesfeld,BC-02,BC-01--BC-04,BC-04,Wald + Wind,0.4495977269374842
Borken-Coesfeld,BC-02,BC-01--BC-04,BC-01,Vollstaendig,0.5471086833255971
Borken-Coesfeld,BC-02,BC-01--BC-04,BC-04,Vollstaendig,0.4528913166744029
Borken-Coesfeld,BC-02,BC-01--BC-05,BC-01,Gleichgewichtung,0.5
Borken-Coesfeld,BC-02,BC-01--BC-05,BC-05,Gleichgewichtung,0.5
Borken-Coesfeld,BC-02,BC-01--BC-05,BC-01,1/d^2,0.9424388299245068
Borken-Coesfeld,BC-02,BC-01--BC-05,BC-05,1/d^2,0.0575611700754931
Borken-Coesfeld,BC-02,BC-01--BC-05,BC-01,Wald + Wind,0.4687104878820322
Borken-Coesfeld,BC-02,BC-01--BC-05,BC-05,Wald + Wind,0.5312895121179678
Borken-Coesfeld,BC-02,BC-01--BC-05,BC-01,Vollstaendig,0.4663841877081729
Borken-Coesfeld,BC-02,BC-01--BC-05,BC-05,Vollstaendig,0.5336158122918272
Borken-Coesfeld,BC-02,BC-01--BC-06,BC-01,Gleichgewichtung,0.5
Borken-Coesfeld,BC-02,BC-01--BC-06,BC-06,Gleichgewichtung,0.5
Borken-Coesfeld,BC-02,BC-01--BC-06,BC-01,1/d^2,0.8892070153861761
Borken-Coesfeld,BC-02,BC-01--BC-06,BC-06,1/d^2,0.1107929846138238
Borken-Coesfeld,BC-02,BC-01--BC-06,BC-01,Wald + Wind,0.6062318278482309
Borken-Coesfeld,BC-02,BC-01--BC-06,BC-06,Wald + Wind,0.393768172151769
Borken-Coesfeld,BC-02,BC-01--BC-06,BC-01,Vollstaendig,0.6039698294458744
Borken-Coesfeld,BC-02,BC-01--BC-06,BC-06,Vollstaendig,0.3960301705541257
Borken-Coesfeld,BC-02,BC-03--BC-04,BC-03,Gleichgewichtung,0.5
Borken-Coesfeld,BC-02,BC-03--BC-04,BC-04,Gleichgewichtung,0.5
Borken-Coesfeld,BC-02,BC-03--BC-04,BC-03,1/d^2,0.4691976962230706
Borken-Coesfeld,BC-02,BC-03--BC-04,BC-04,1/d^2,0.5308023037769294
Borken-Coesfeld,BC-02,BC-03--BC-04,BC-03,Wald + Wind,0.4958636924257643
Borken-Coesfeld,BC-02,BC-03--BC-04,BC-04,Wald + Wind,0.5041363075742358
Borken-Coesfeld,BC-02,BC-03--BC-04,BC-03,Vollstaendig,0.4751089622019582
Borken-Coesfeld,BC-02,BC-03--BC-04,BC-04,Vollstaendig,0.5248910377980418
Borken-Coesfeld,BC-02,BC-03--BC-05,BC-03,Gleichgewichtung,0.5
Borken-Coesfeld,BC-02,BC-03--BC-05,BC-05,Gleichgewichtung,0.5
Borken-Coesfeld,BC-02,BC-03--BC-05,BC-03,1/d^2,0.3736493333922712
Borken-Coesfeld,BC-02,BC-03--BC-05,BC-05,1/d^2,0.6263506666077289
Borken-Coesfeld,BC-02,BC-03--BC-05,BC-03,Wald + Wind,0.414798446315786
Borken-Coesfeld,BC-02,BC-03--BC-05,BC-05,Wald + Wind,0.5852015536842139
Borken-Coesfeld,BC-02,BC-03--BC-05,BC-03,Vollstaendig,0.3957253955090651
Borken-Coesfeld,BC-02,BC-03--BC-05,BC-05,Vollstaendig,0.6042746044909348
Borken-Coesfeld,BC-02,BC-03--BC-06,BC-03,Gleichgewichtung,0.5
Borken-Coesfeld,BC-02,BC-03--BC-06,BC-06,Gleichgewichtung,0.5
Borken-Coesfeld,BC-02,BC-03--BC-06,BC-03,1/d^2,0.2262604010131666
Borken-Coesfeld,BC-02,BC-03--BC-06,BC-06,1/d^2,0.7737395989868333
Borken-Coesfeld,BC-02,BC-03--BC-06,BC-03,Wald + Wind,0.5529651305493665
Borken-Coesfeld,BC-02,BC-03--BC-06,BC-06,Wald + Wind,0.4470348694506334
Borken-Coesfeld,BC-02,BC-03--BC-06,BC-03,Vollstaendig,0.5332986478159901
Borken-Coesfeld,BC-02,BC-03--BC-06,BC-06,Vollstaendig,0.4667013521840098
Borken-Coesfeld,BC-02,BC-04--BC-05,BC-04,Gleichgewichtung,0.5
Borken-Coesfeld,BC-02,BC-04--BC-05,BC-05,Gleichgewichtung,0.5
Borken-Coesfeld,BC-02,BC-04--BC-05,BC-04,1/d^2,0.4029406594342756
Borken-Coesfeld,BC-02,BC-04--BC-05,BC-05,1/d^2,0.5970593405657245
Borken-Coesfeld,BC-02,BC-04--BC-05,BC-04,Wald + Wind,0.4188203165684865
Borken-Coesfeld,BC-02,BC-04--BC-05,BC-05,Wald + Wind,0.5811796834315135
Borken-Coesfeld,BC-02,BC-04--BC-05,BC-04,Vollstaendig,0.4197836259096358
Borken-Coesfeld,BC-02,BC-04--BC-05,BC-05,Vollstaendig,0.5802163740903642
Borken-Coesfeld,BC-02,BC-04--BC-06,BC-04,Gleichgewichtung,0.5
Borken-Coesfeld,BC-02,BC-04--BC-06,BC-06,Gleichgewichtung,0.5
Borken-Coesfeld,BC-02,BC-04--BC-06,BC-04,1/d^2,0.2485831066009979
Borken-Coesfeld,BC-02,BC-04--BC-06,BC-06,1/d^2,0.7514168933990021
Borken-Coesfeld,BC-02,BC-04--BC-06,BC-04,Wald + Wind,0.5570514427871336
Borken-Coesfeld,BC-02,BC-04--BC-06,BC-06,Wald + Wind,0.4429485572128663
Borken-Coesfeld,BC-02,BC-04--BC-06,BC-04,Vollstaendig,0.557997403828127
Borken-Coesfeld,BC-02,BC-04--BC-06,BC-06,Vollstaendig,0.4420025961718729
Borken-Coesfeld,BC-02,BC-05--BC-06,BC-05,Gleichgewichtung,0.5
Borken-Coesfeld,BC-02,BC-05--BC-06,BC-06,Gleichgewichtung,0.5
Borken-Coesfeld,BC-02,BC-05--BC-06,BC-05,1/d^2,0.3289459595155712
Borken-Coesfeld,BC-02,BC-05--BC-06,BC-06,1/d^2,0.6710540404844287
Borken-Coesfeld,BC-02,BC-05--BC-06,BC-05,Wald + Wind,0.635716879783748
Borken-Coesfeld,BC-02,BC-05--BC-06,BC-06,Wald + Wind,0.3642831202162518
Borken-Coesfeld,BC-02,BC-05--BC-06,BC-05,Vollstaendig,0.6356886973196242
Borken-Coesfeld,BC-02,BC-05--BC-06,BC-06,Vollstaendig,0.3643113026803757
Borken-Coesfeld,BC-03,BC-01--BC-02,BC-01,Gleichgewichtung,0.5
Borken-Coesfeld,BC-03,BC-01--BC-02,BC-02,Gleichgewichtung,0.5
Borken-Coesfeld,BC-03,BC-01--BC-02,BC-01,1/d^2,0.5406446994838304
Borken-Coesfeld,BC-03,BC-01--BC-02,BC-02,1/d^2,0.4593553005161694
Borken-Coesfeld,BC-03,BC-01--BC-02,BC-01,Wald + Wind,0.5605972606955223
Borken-Coesfeld,BC-03,BC-01--BC-02,BC-02,Wald + Wind,0.4394027393044778
Borken-Coesfeld,BC-03,BC-01--BC-02,BC-01,Vollstaendig,0.604789721956133
Borken-Coesfeld,BC-03,BC-01--BC-02,BC-02,Vollstaendig,0.395210278043867
Borken-Coesfeld,BC-03,BC-01--BC-04,BC-01,Gleichgewichtung,0.5
Borken-Coesfeld,BC-03,BC-01--BC-04,BC-04,Gleichgewichtung,0.5
Borken-Coesfeld,BC-03,BC-01--BC-04,BC-01,1/d^2,0.0111182915475061
Borken-Coesfeld,BC-03,BC-01--BC-04,BC-04,1/d^2,0.9888817084524938
Borken-Coesfeld,BC-03,BC-01--BC-04,BC-01,Wald + Wind,0.4330167728710518
Borken-Coesfeld,BC-03,BC-01--BC-04,BC-04,Wald + Wind,0.5669832271289482
Borken-Coesfeld,BC-03,BC-01--BC-04,BC-01,Vollstaendig,0.462850826015692
Borken-Coesfeld,BC-03,BC-01--BC-04,BC-04,Vollstaendig,0.5371491739843081
Borken-Coesfeld,BC-03,BC-01--BC-05,BC-01,Gleichgewichtung,0.5
Borken-Coesfeld,BC-03,BC-01--BC-05,BC-05,Gleichgewichtung,0.5
Borken-Coesfeld,BC-03,BC-01--BC-05,BC-01,1/d^2,0.0593065976119862
Borken-Coesfeld,BC-03,BC-01--BC-05,BC-05,1/d^2,0.9406934023880138
Borken-Coesfeld,BC-03,BC-01--BC-05,BC-01,Wald + Wind,0.4917747372112991
Borken-Coesfeld,BC-03,BC-01--BC-05,BC-05,Wald + Wind,0.508225262788701
Borken-Coesfeld,BC-03,BC-01--BC-05,BC-01,Vollstaendig,0.5235497593909638
Borken-Coesfeld,BC-03,BC-01--BC-05,BC-05,Vollstaendig,0.4764502406090362
Borken-Coesfeld,BC-03,BC-01--BC-06,BC-01,Gleichgewichtung,0.5
Borken-Coesfeld,BC-03,BC-01--BC-06,BC-06,Gleichgewichtung,0.5
Borken-Coesfeld,BC-03,BC-01--BC-06,BC-01,1/d^2,0.3079080269456616
Borken-Coesfeld,BC-03,BC-01--BC-06,BC-06,1/d^2,0.6920919730543383
Borken-Coesfeld,BC-03,BC-01--BC-06,BC-01,Wald + Wind,0.4842100492522878
Borken-Coesfeld,BC-03,BC-01--BC-06,BC-06,Wald + Wind,0.5157899507477123
Borken-Coesfeld,BC-03,BC-01--BC-06,BC-01,Vollstaendig,0.4812564191739987
Borken-Coesfeld,BC-03,BC-01--BC-06,BC-06,Vollstaendig,0.5187435808260014
Borken-Coesfeld,BC-03,BC-02--BC-04,BC-02,Gleichgewichtung,0.5
Borken-Coesfeld,BC-03,BC-02--BC-04,BC-04,Gleichgewichtung,0.5
Borken-Coesfeld,BC-03,BC-02--BC-04,BC-02,1/d^2,0.0094624034470977
Borken-Coesfeld,BC-03,BC-02--BC-04,BC-04,1/d^2,0.9905375965529024
Borken-Coesfeld,BC-03,BC-02--BC-04,BC-02,Wald + Wind,0.3744578151275646
Borken-Coesfeld,BC-03,BC-02--BC-04,BC-04,Wald + Wind,0.6255421848724355
Borken-Coesfeld,BC-03,BC-02--BC-04,BC-02,Vollstaendig,0.3602374042446924
Borken-Coesfeld,BC-03,BC-02--BC-04,BC-04,Vollstaendig,0.6397625957553076
Borken-Coesfeld,BC-03,BC-02--BC-05,BC-02,Gleichgewichtung,0.5
Borken-Coesfeld,BC-03,BC-02--BC-05,BC-05,Gleichgewichtung,0.5
Borken-Coesfeld,BC-03,BC-02--BC-05,BC-02,1/d^2,0.050842842294329
Borken-Coesfeld,BC-03,BC-02--BC-05,BC-05,1/d^2,0.9491571577056708
Borken-Coesfeld,BC-03,BC-02--BC-05,BC-02,Wald + Wind,0.4313144158971398
Borken-Coesfeld,BC-03,BC-02--BC-05,BC-05,Wald + Wind,0.5686855841028602
Borken-Coesfeld,BC-03,BC-02--BC-05,BC-02,Vollstaendig,0.4179501155627153
Borken-Coesfeld,BC-03,BC-02--BC-05,BC-05,Vollstaendig,0.5820498844372847
Borken-Coesfeld,BC-03,BC-02--BC-06,BC-02,Gleichgewichtung,0.5
Borken-Coesfeld,BC-03,BC-02--BC-06,BC-06,Gleichgewichtung,0.5
Borken-Coesfeld,BC-03,BC-02--BC-06,BC-02,1/d^2,0.2743115948765792
Borken-Coesfeld,BC-03,BC-02--BC-06,BC-06,1/d^2,0.7256884051234208
Borken-Coesfeld,BC-03,BC-02--BC-06,BC-02,Wald + Wind,0.4239040314976706
Borken-Coesfeld,BC-03,BC-02--BC-06,BC-06,Wald + Wind,0.5760959685023294
Borken-Coesfeld,BC-03,BC-02--BC-06,BC-02,Vollstaendig,0.3774296756889001
Borken-Coesfeld,BC-03,BC-02--BC-06,BC-06,Vollstaendig,0.6225703243110998
Borken-Coesfeld,BC-03,BC-04--BC-05,BC-04,Gleichgewichtung,0.5
Borken-Coesfeld,BC-03,BC-04--BC-05,BC-05,Gleichgewichtung,0.5
Borken-Coesfeld,BC-03,BC-04--BC-05,BC-04,1/d^2,0.8486544382343605
Borken-Coesfeld,BC-03,BC-04--BC-05,BC-05,1/d^2,0.1513455617656394
Borken-Coesfeld,BC-03,BC-04--BC-05,BC-04,Wald + Wind,0.5588877422408665
Borken-Coesfeld,BC-03,BC-04--BC-05,BC-05,Wald + Wind,0.4411122577591335
Borken-Coesfeld,BC-03,BC-04--BC-05,BC-04,Vollstaendig,0.5604872632521021
Borken-Coesfeld,BC-03,BC-04--BC-05,BC-05,Vollstaendig,0.4395127367478978
Borken-Coesfeld,BC-03,BC-04--BC-06,BC-04,Gleichgewichtung,0.5
Borken-Coesfeld,BC-03,BC-04--BC-06,BC-06,Gleichgewichtung,0.5
Borken-Coesfeld,BC-03,BC-04--BC-06,BC-04,1/d^2,0.975351102711528
Borken-Coesfeld,BC-03,BC-04--BC-06,BC-06,1/d^2,0.024648897288472
Borken-Coesfeld,BC-03,BC-04--BC-06,BC-04,Wald + Wind,0.5514107772538559
Borken-Coesfeld,BC-03,BC-04--BC-06,BC-06,Wald + Wind,0.448589222746144
Borken-Coesfeld,BC-03,BC-04--BC-06,BC-04,Vollstaendig,0.5184570002262113
Borken-Coesfeld,BC-03,BC-04--BC-06,BC-06,Vollstaendig,0.4815429997737885
Borken-Coesfeld,BC-03,BC-05--BC-06,BC-05,Gleichgewichtung,0.5
Borken-Coesfeld,BC-03,BC-05--BC-06,BC-06,Gleichgewichtung,0.5
Borken-Coesfeld,BC-03,BC-05--BC-06,BC-05,1/d^2,0.8758798608983562
Borken-Coesfeld,BC-03,BC-05--BC-06,BC-06,1/d^2,0.1241201391016438
Borken-Coesfeld,BC-03,BC-05--BC-06,BC-05,Wald + Wind,0.4924313800977096
Borken-Coesfeld,BC-03,BC-05--BC-06,BC-06,Wald + Wind,0.5075686199022903
Borken-Coesfeld,BC-03,BC-05--BC-06,BC-05,Vollstaendig,0.4577812024434892
Borken-Coesfeld,BC-03,BC-05--BC-06,BC-06,Vollstaendig,0.5422187975565108
Borken-Coesfeld,BC-04,BC-01--BC-02,BC-01,Gleichgewichtung,0.5
Borken-Coesfeld,BC-04,BC-01--BC-02,BC-02,Gleichgewichtung,0.5
Borken-Coesfeld,BC-04,BC-01--BC-02,BC-01,1/d^2,0.534364696147321
Borken-Coesfeld,BC-04,BC-01--BC-02,BC-02,1/d^2,0.465635303852679
Borken-Coesfeld,BC-04,BC-01--BC-02,BC-01,Wald + Wind,0.5257951928116007
Borken-Coesfeld,BC-04,BC-01--BC-02,BC-02,Wald + Wind,0.4742048071883993
Borken-Coesfeld,BC-04,BC-01--BC-02,BC-01,Vollstaendig,0.5798301092930089
Borken-Coesfeld,BC-04,BC-01--BC-02,BC-02,Vollstaendig,0.4201698907069911
Borken-Coesfeld,BC-04,BC-01--BC-03,BC-01,Gleichgewichtung,0.5
Borken-Coesfeld,BC-04,BC-01--BC-03,BC-03,Gleichgewichtung,0.5
Borken-Coesfeld,BC-04,BC-01--BC-03,BC-01,1/d^2,0.0122502850786449
Borken-Coesfeld,BC-04,BC-01--BC-03,BC-03,1/d^2,0.9877497149213552
Borken-Coesfeld,BC-04,BC-01--BC-03,BC-01,Wald + Wind,0.3919153254959749
Borken-Coesfeld,BC-04,BC-01--BC-03,BC-03,Wald + Wind,0.6080846745040251
Borken-Coesfeld,BC-04,BC-01--BC-03,BC-01,Vollstaendig,0.4478257879213108
Borken-Coesfeld,BC-04,BC-01--BC-03,BC-03,Vollstaendig,0.5521742120786891
Borken-Coesfeld,BC-04,BC-01--BC-05,BC-01,Gleichgewichtung,0.5
Borken-Coesfeld,BC-04,BC-01--BC-05,BC-05,Gleichgewichtung,0.5
Borken-Coesfeld,BC-04,BC-01--BC-05,BC-01,1/d^2,0.0361779419625364
Borken-Coesfeld,BC-04,BC-01--BC-05,BC-05,1/d^2,0.9638220580374636
Borken-Coesfeld,BC-04,BC-01--BC-05,BC-01,Wald + Wind,0.4732211064111442
Borken-Coesfeld,BC-04,BC-01--BC-05,BC-05,Wald + Wind,0.5267788935888559
Borken-Coesfeld,BC-04,BC-01--BC-05,BC-01,Vollstaendig,0.511224313672538
Borken-Coesfeld,BC-04,BC-01--BC-05,BC-05,Vollstaendig,0.4887756863274619
Borken-Coesfeld,BC-04,BC-01--BC-06,BC-01,Gleichgewichtung,0.5
Borken-Coesfeld,BC-04,BC-01--BC-06,BC-06,Gleichgewichtung,0.5
Borken-Coesfeld,BC-04,BC-01--BC-06,BC-01,1/d^2,0.2638871557457927
Borken-Coesfeld,BC-04,BC-01--BC-06,BC-06,1/d^2,0.7361128442542073
Borken-Coesfeld,BC-04,BC-01--BC-06,BC-01,Wald + Wind,0.489828092743419
Borken-Coesfeld,BC-04,BC-01--BC-06,BC-06,Wald + Wind,0.510171907256581
Borken-Coesfeld,BC-04,BC-01--BC-06,BC-01,Vollstaendig,0.5318648113661221
Borken-Coesfeld,BC-04,BC-01--BC-06,BC-06,Vollstaendig,0.4681351886338779
Borken-Coesfeld,BC-04,BC-02--BC-03,BC-02,Gleichgewichtung,0.5
Borken-Coesfeld,BC-04,BC-02--BC-03,BC-03,Gleichgewichtung,0.5
Borken-Coesfeld,BC-04,BC-02--BC-03,BC-02,1/d^2,0.0106915127907318
Borken-Coesfeld,BC-04,BC-02--BC-03,BC-03,1/d^2,0.9893084872092682
Borken-Coesfeld,BC-04,BC-02--BC-03,BC-02,Wald + Wind,0.3675967284040253
Borken-Coesfeld,BC-04,BC-02--BC-03,BC-03,Wald + Wind,0.6324032715959746
Borken-Coesfeld,BC-04,BC-02--BC-03,BC-02,Vollstaendig,0.3701588697983476
Borken-Coesfeld,BC-04,BC-02--BC-03,BC-03,Vollstaendig,0.6298411302016523
Borken-Coesfeld,BC-04,BC-02--BC-05,BC-02,Gleichgewichtung,0.5
Borken-Coesfeld,BC-04,BC-02--BC-05,BC-05,Gleichgewichtung,0.5
Borken-Coesfeld,BC-04,BC-02--BC-05,BC-02,1/d^2,0.0316721511416639
Borken-Coesfeld,BC-04,BC-02--BC-05,BC-05,1/d^2,0.968327848858336
Borken-Coesfeld,BC-04,BC-02--BC-05,BC-02,Wald + Wind,0.4475707790442247
Borken-Coesfeld,BC-04,BC-02--BC-05,BC-05,Wald + Wind,0.5524292209557752
Borken-Coesfeld,BC-04,BC-02--BC-05,BC-02,Vollstaendig,0.4311474262380133
Borken-Coesfeld,BC-04,BC-02--BC-05,BC-05,Vollstaendig,0.5688525737619867
Borken-Coesfeld,BC-04,BC-02--BC-06,BC-02,Gleichgewichtung,0.5
Borken-Coesfeld,BC-04,BC-02--BC-06,BC-06,Gleichgewichtung,0.5
Borken-Coesfeld,BC-04,BC-02--BC-06,BC-02,1/d^2,0.238025061763708
Borken-Coesfeld,BC-04,BC-02--BC-06,BC-06,1/d^2,0.7619749382362919
Borken-Coesfeld,BC-04,BC-02--BC-06,BC-02,Wald + Wind,0.4640706094524919
Borken-Coesfeld,BC-04,BC-02--BC-06,BC-06,Wald + Wind,0.5359293905475081
Borken-Coesfeld,BC-04,BC-02--BC-06,BC-02,Vollstaendig,0.4515416340566511
Borken-Coesfeld,BC-04,BC-02--BC-06,BC-06,Vollstaendig,0.5484583659433487
Borken-Coesfeld,BC-04,BC-03--BC-05,BC-03,Gleichgewichtung,0.5
Borken-Coesfeld,BC-04,BC-03--BC-05,BC-05,Gleichgewichtung,0.5
Borken-Coesfeld,BC-04,BC-03--BC-05,BC-03,1/d^2,0.7516483737626064
Borken-Coesfeld,BC-04,BC-03--BC-05,BC-05,1/d^2,0.2483516262373934
Borken-Coesfeld,BC-04,BC-03--BC-05,BC-03,Wald + Wind,0.5822581286763984
Borken-Coesfeld,BC-04,BC-03--BC-05,BC-05,Wald + Wind,0.4177418713236015
Borken-Coesfeld,BC-04,BC-03--BC-05,BC-03,Vollstaendig,0.5632503631109842
Borken-Coesfeld,BC-04,BC-03--BC-05,BC-05,Vollstaendig,0.4367496368890157
Borken-Coesfeld,BC-04,BC-03--BC-06,BC-03,Gleichgewichtung,0.5
Borken-Coesfeld,BC-04,BC-03--BC-06,BC-06,Gleichgewichtung,0.5
Borken-Coesfeld,BC-04,BC-03--BC-06,BC-03,1/d^2,0.9665608948971568
Borken-Coesfeld,BC-04,BC-03--BC-06,BC-06,1/d^2,0.0334391051028433
Borken-Coesfeld,BC-04,BC-03--BC-06,BC-03,Wald + Wind,0.5983452611010295
Borken-Coesfeld,BC-04,BC-03--BC-06,BC-06,Wald + Wind,0.4016547388989706
Borken-Coesfeld,BC-04,BC-03--BC-06,BC-03,Vollstaendig,0.5834838486960615
Borken-Coesfeld,BC-04,BC-03--BC-06,BC-06,Vollstaendig,0.4165161513039385
Borken-Coesfeld,BC-04,BC-05--BC-06,BC-05,Gleichgewichtung,0.5
Borken-Coesfeld,BC-04,BC-05--BC-06,BC-06,Gleichgewichtung,0.5
Borken-Coesfeld,BC-04,BC-05--BC-06,BC-05,1/d^2,0.9052179105978622
Borken-Coesfeld,BC-04,BC-05--BC-06,BC-06,1/d^2,0.0947820894021378
Borken-Coesfeld,BC-04,BC-05--BC-06,BC-05,Wald + Wind,0.5166251005378822
Borken-Coesfeld,BC-04,BC-05--BC-06,BC-06,Wald + Wind,0.4833748994621178
Borken-Coesfeld,BC-04,BC-05--BC-06,BC-05,Vollstaendig,0.5206700691740882
Borken-Coesfeld,BC-04,BC-05--BC-06,BC-06,Vollstaendig,0.4793299308259118
Borken-Coesfeld,BC-05,BC-01--BC-02,BC-01,Gleichgewichtung,0.5
Borken-Coesfeld,BC-05,BC-01--BC-02,BC-02,Gleichgewichtung,0.5
Borken-Coesfeld,BC-05,BC-01--BC-02,BC-01,1/d^2,0.5434736502559441
Borken-Coesfeld,BC-05,BC-01--BC-02,BC-02,1/d^2,0.4565263497440558
Borken-Coesfeld,BC-05,BC-01--BC-02,BC-01,Wald + Wind,0.4985154801875269
Borken-Coesfeld,BC-05,BC-01--BC-02,BC-02,Wald + Wind,0.501484519812473
Borken-Coesfeld,BC-05,BC-01--BC-02,BC-01,Vollstaendig,0.513044472847428
Borken-Coesfeld,BC-05,BC-01--BC-02,BC-02,Vollstaendig,0.4869555271525719
Borken-Coesfeld,BC-05,BC-01--BC-03,BC-01,Gleichgewichtung,0.5
Borken-Coesfeld,BC-05,BC-01--BC-03,BC-03,Gleichgewichtung,0.5
Borken-Coesfeld,BC-05,BC-01--BC-03,BC-01,1/d^2,0.0965719980881537
Borken-Coesfeld,BC-05,BC-01--BC-03,BC-03,1/d^2,0.9034280019118464
Borken-Coesfeld,BC-05,BC-01--BC-03,BC-01,Wald + Wind,0.508804525046612
Borken-Coesfeld,BC-05,BC-01--BC-03,BC-03,Wald + Wind,0.4911954749533879
Borken-Coesfeld,BC-05,BC-01--BC-03,BC-01,Vollstaendig,0.5271182633123658
Borken-Coesfeld,BC-05,BC-01--BC-03,BC-03,Vollstaendig,0.4728817366876342
Borken-Coesfeld,BC-05,BC-01--BC-04,BC-01,Gleichgewichtung,0.5
Borken-Coesfeld,BC-05,BC-01--BC-04,BC-04,Gleichgewichtung,0.5
Borken-Coesfeld,BC-05,BC-01--BC-04,BC-01,1/d^2,0.0545485747098839
Borken-Coesfeld,BC-05,BC-01--BC-04,BC-04,1/d^2,0.945451425290116
Borken-Coesfeld,BC-05,BC-01--BC-04,BC-01,Wald + Wind,0.525108037154529
Borken-Coesfeld,BC-05,BC-01--BC-04,BC-04,Wald + Wind,0.474891962845471
Borken-Coesfeld,BC-05,BC-01--BC-04,BC-01,Vollstaendig,0.5232526426485544
Borken-Coesfeld,BC-05,BC-01--BC-04,BC-04,Vollstaendig,0.4767473573514456
Borken-Coesfeld,BC-05,BC-01--BC-06,BC-01,Gleichgewichtung,0.5
Borken-Coesfeld,BC-05,BC-01--BC-06,BC-06,Gleichgewichtung,0.5
Borken-Coesfeld,BC-05,BC-01--BC-06,BC-01,1/d^2,0.2446255559204654
Borken-Coesfeld,BC-05,BC-01--BC-06,BC-06,1/d^2,0.7553744440795346
Borken-Coesfeld,BC-05,BC-01--BC-06,BC-01,Wald + Wind,0.5417026917089726
Borken-Coesfeld,BC-05,BC-01--BC-06,BC-06,Wald + Wind,0.4582973082910274
Borken-Coesfeld,BC-05,BC-01--BC-06,BC-01,Vollstaendig,0.5584010612519061
Borken-Coesfeld,BC-05,BC-01--BC-06,BC-06,Vollstaendig,0.4415989387480938
Borken-Coesfeld,BC-05,BC-02--BC-03,BC-02,Gleichgewichtung,0.5
Borken-Coesfeld,BC-05,BC-02--BC-03,BC-03,Gleichgewichtung,0.5
Borken-Coesfeld,BC-05,BC-02--BC-03,BC-02,1/d^2,0.082394989460322
Borken-Coesfeld,BC-05,BC-02--BC-03,BC-03,1/d^2,0.917605010539678
Borken-Coesfeld,BC-05,BC-02--BC-03,BC-02,Wald + Wind,0.5102885069556989
Borken-Coesfeld,BC-05,BC-02--BC-03,BC-03,Wald + Wind,0.489711493044301
Borken-Coesfeld,BC-05,BC-02--BC-03,BC-02,Vollstaendig,0.5140937327274601
Borken-Coesfeld,BC-05,BC-02--BC-03,BC-03,Vollstaendig,0.4859062672725399
Borken-Coesfeld,BC-05,BC-02--BC-04,BC-02,Gleichgewichtung,0.5
Borken-Coesfeld,BC-05,BC-02--BC-04,BC-04,Gleichgewichtung,0.5
Borken-Coesfeld,BC-05,BC-02--BC-04,BC-02,1/d^2,0.0462250566426281
Borken-Coesfeld,BC-05,BC-02--BC-04,BC-04,1/d^2,0.9537749433573718
Borken-Coesfeld,BC-05,BC-02--BC-04,BC-02,Wald + Wind,0.5265885927802607
Borken-Coesfeld,BC-05,BC-02--BC-04,BC-04,Wald + Wind,0.4734114072197394
Borken-Coesfeld,BC-05,BC-02--BC-04,BC-02,Vollstaendig,0.5102205701517527
Borken-Coesfeld,BC-05,BC-02--BC-04,BC-04,Vollstaendig,0.4897794298482472
Borken-Coesfeld,BC-05,BC-02--BC-06,BC-02,Gleichgewichtung,0.5
Borken-Coesfeld,BC-05,BC-02--BC-06,BC-06,Gleichgewichtung,0.5
Borken-Coesfeld,BC-05,BC-02--BC-06,BC-02,1/d^2,0.2138589262994159
Borken-Coesfeld,BC-05,BC-02--BC-06,BC-06,1/d^2,0.786141073700584
Borken-Coesfeld,BC-05,BC-02--BC-06,BC-02,Wald + Wind,0.5431765195520255
Borken-Coesfeld,BC-05,BC-02--BC-06,BC-06,Wald + Wind,0.4568234804479744
Borken-Coesfeld,BC-05,BC-02--BC-06,BC-02,Vollstaendig,0.545495223461712
Borken-Coesfeld,BC-05,BC-02--BC-06,BC-06,Vollstaendig,0.4545047765382881
Borken-Coesfeld,BC-05,BC-03--BC-04,BC-03,Gleichgewichtung,0.5
Borken-Coesfeld,BC-05,BC-03--BC-04,BC-04,Gleichgewichtung,0.5
Borken-Coesfeld,BC-05,BC-03--BC-04,BC-03,1/d^2,0.3505407039131681
Borken-Coesfeld,BC-05,BC-03--BC-04,BC-04,1/d^2,0.6494592960868318
Borken-Coesfeld,BC-05,BC-03--BC-04,BC-03,Wald + Wind,0.516317941367802
Borken-Coesfeld,BC-05,BC-03--BC-04,BC-04,Wald + Wind,0.483682058632198
Borken-Coesfeld,BC-05,BC-03--BC-04,BC-03,Vollstaendig,0.4961246044836497
Borken-Coesfeld,BC-05,BC-03--BC-04,BC-04,Vollstaendig,0.5038753955163502
Borken-Coesfeld,BC-05,BC-03--BC-06,BC-03,Gleichgewichtung,0.5
Borken-Coesfeld,BC-05,BC-03--BC-06,BC-06,Gleichgewichtung,0.5
Borken-Coesfeld,BC-05,BC-03--BC-06,BC-03,1/d^2,0.7518349396618499
Borken-Coesfeld,BC-05,BC-03--BC-06,BC-06,1/d^2,0.24816506033815
Borken-Coesfeld,BC-05,BC-03--BC-06,BC-03,Wald + Wind,0.5329465549240983
Borken-Coesfeld,BC-05,BC-03--BC-06,BC-06,Wald + Wind,0.4670534450759018
Borken-Coesfeld,BC-05,BC-03--BC-06,BC-03,Vollstaendig,0.5314822360609778
Borken-Coesfeld,BC-05,BC-03--BC-06,BC-06,Vollstaendig,0.4685177639390223
Borken-Coesfeld,BC-05,BC-04--BC-06,BC-04,Gleichgewichtung,0.5
Borken-Coesfeld,BC-05,BC-04--BC-06,BC-06,Gleichgewichtung,0.5
Borken-Coesfeld,BC-05,BC-04--BC-06,BC-04,1/d^2,0.8487827921165845
Borken-Coesfeld,BC-05,BC-04--BC-06,BC-06,1/d^2,0.1512172078834155
Borken-Coesfeld,BC-05,BC-04--BC-06,BC-04,Wald + Wind,0.5166644501197584
Borken-Coesfeld,BC-05,BC-04--BC-06,BC-06,Wald + Wind,0.4833355498802416
Borken-Coesfeld,BC-05,BC-04--BC-06,BC-04,Vollstaendig,0.5353403846050063
Borken-Coesfeld,BC-05,BC-04--BC-06,BC-06,Vollstaendig,0.4646596153949937
Borken-Coesfeld,BC-06,BC-01--BC-02,BC-01,Gleichgewichtung,0.5
Borken-Coesfeld,BC-06,BC-01--BC-02,BC-02,Gleichgewichtung,0.5
Borken-Coesfeld,BC-06,BC-01--BC-02,BC-01,1/d^2,0.4626813728114755
Borken-Coesfeld,BC-06,BC-01--BC-02,BC-02,1/d^2,0.5373186271885245
Borken-Coesfeld,BC-06,BC-01--BC-02,BC-01,Wald + Wind,0.5540455750337693
Borken-Coesfeld,BC-06,BC-01--BC-02,BC-02,Wald + Wind,0.4459544249662308
Borken-Coesfeld,BC-06,BC-01--BC-02,BC-01,Vollstaendig,0.6003685982196864
Borken-Coesfeld,BC-06,BC-01--BC-02,BC-02,Vollstaendig,0.3996314017803135
Borken-Coesfeld,BC-06,BC-01--BC-03,BC-01,Gleichgewichtung,0.5
Borken-Coesfeld,BC-06,BC-01--BC-03,BC-03,Gleichgewichtung,0.5
Borken-Coesfeld,BC-06,BC-01--BC-03,BC-01,1/d^2,0.5267594422729879
Borken-Coesfeld,BC-06,BC-01--BC-03,BC-03,1/d^2,0.4732405577270121
Borken-Coesfeld,BC-06,BC-01--BC-03,BC-01,Wald + Wind,0.4190179263651281
Borken-Coesfeld,BC-06,BC-01--BC-03,BC-03,Wald + Wind,0.5809820736348719
Borken-Coesfeld,BC-06,BC-01--BC-03,BC-01,Vollstaendig,0.4317844696396924
Borken-Coesfeld,BC-06,BC-01--BC-03,BC-03,Vollstaendig,0.5682155303603076
Borken-Coesfeld,BC-06,BC-01--BC-04,BC-01,Gleichgewichtung,0.5
Borken-Coesfeld,BC-06,BC-01--BC-04,BC-04,Gleichgewichtung,0.5
Borken-Coesfeld,BC-06,BC-01--BC-04,BC-01,1/d^2,0.4484570178319452
Borken-Coesfeld,BC-06,BC-01--BC-04,BC-04,1/d^2,0.551542982168055
Borken-Coesfeld,BC-06,BC-01--BC-04,BC-01,Wald + Wind,0.4610900485133078
Borken-Coesfeld,BC-06,BC-01--BC-04,BC-04,Wald + Wind,0.5389099514866921
Borken-Coesfeld,BC-06,BC-01--BC-04,BC-01,Vollstaendig,0.4949156420065418
Borken-Coesfeld,BC-06,BC-01--BC-04,BC-04,Vollstaendig,0.5050843579934581
Borken-Coesfeld,BC-06,BC-01--BC-05,BC-01,Gleichgewichtung,0.5
Borken-Coesfeld,BC-06,BC-01--BC-05,BC-05,Gleichgewichtung,0.5
Borken-Coesfeld,BC-06,BC-01--BC-05,BC-01,1/d^2,0.3233505913341656
Borken-Coesfeld,BC-06,BC-01--BC-05,BC-05,1/d^2,0.6766494086658343
Borken-Coesfeld,BC-06,BC-01--BC-05,BC-01,Wald + Wind,0.4624884877631445
Borken-Coesfeld,BC-06,BC-01--BC-05,BC-05,Wald + Wind,0.5375115122368554
Borken-Coesfeld,BC-06,BC-01--BC-05,BC-01,Vollstaendig,0.5130791598805593
Borken-Coesfeld,BC-06,BC-01--BC-05,BC-05,Vollstaendig,0.4869208401194407
Borken-Coesfeld,BC-06,BC-02--BC-03,BC-02,Gleichgewichtung,0.5
Borken-Coesfeld,BC-06,BC-02--BC-03,BC-03,Gleichgewichtung,0.5
Borken-Coesfeld,BC-06,BC-02--BC-03,BC-02,1/d^2,0.5638231278115396
Borken-Coesfeld,BC-06,BC-02--BC-03,BC-03,1/d^2,0.4361768721884603
Borken-Coesfeld,BC-06,BC-02--BC-03,BC-02,Wald + Wind,0.3672955929145357
Borken-Coesfeld,BC-06,BC-02--BC-03,BC-03,Wald + Wind,0.6327044070854643
Borken-Coesfeld,BC-06,BC-02--BC-03,BC-02,Vollstaendig,0.3359097757099225
Borken-Coesfeld,BC-06,BC-02--BC-03,BC-03,Vollstaendig,0.6640902242900776
Borken-Coesfeld,BC-06,BC-02--BC-04,BC-02,Gleichgewichtung,0.5
Borken-Coesfeld,BC-06,BC-02--BC-04,BC-04,Gleichgewichtung,0.5
Borken-Coesfeld,BC-06,BC-02--BC-04,BC-02,1/d^2,0.4856653534855363
Borken-Coesfeld,BC-06,BC-02--BC-04,BC-04,1/d^2,0.5143346465144636
Borken-Coesfeld,BC-06,BC-02--BC-04,BC-02,Wald + Wind,0.4078198598923495
Borken-Coesfeld,BC-06,BC-02--BC-04,BC-04,Wald + Wind,0.5921801401076505
Borken-Coesfeld,BC-06,BC-02--BC-04,BC-02,Vollstaendig,0.3947618600391125
Borken-Coesfeld,BC-06,BC-02--BC-04,BC-04,Vollstaendig,0.6052381399608874
Borken-Coesfeld,BC-06,BC-02--BC-05,BC-02,Gleichgewichtung,0.5
Borken-Coesfeld,BC-06,BC-02--BC-05,BC-05,Gleichgewichtung,0.5
Borken-Coesfeld,BC-06,BC-02--BC-05,BC-02,1/d^2,0.3568956639805819
Borken-Coesfeld,BC-06,BC-02--BC-05,BC-05,1/d^2,0.6431043360194181
Borken-Coesfeld,BC-06,BC-02--BC-05,BC-02,Wald + Wind,0.4091794064389738
Borken-Coesfeld,BC-06,BC-02--BC-05,BC-05,Wald + Wind,0.5908205935610262
Borken-Coesfeld,BC-06,BC-02--BC-05,BC-02,Vollstaendig,0.4122497898905702
Borken-Coesfeld,BC-06,BC-02--BC-05,BC-05,Vollstaendig,0.58775021010943
Borken-Coesfeld,BC-06,BC-03--BC-04,BC-03,Gleichgewichtung,0.5
Borken-Coesfeld,BC-06,BC-03--BC-04,BC-04,Gleichgewichtung,0.5
Borken-Coesfeld,BC-06,BC-03--BC-04,BC-03,1/d^2,0.4221272033465076
Borken-Coesfeld,BC-06,BC-03--BC-04,BC-04,1/d^2,0.5778727966534924
Borken-Coesfeld,BC-06,BC-03--BC-04,BC-03,Wald + Wind,0.5426091695798932
Borken-Coesfeld,BC-06,BC-03--BC-04,BC-04,Wald + Wind,0.4573908304201067
Borken-Coesfeld,BC-06,BC-03--BC-04,BC-03,Vollstaendig,0.5632188777308296
Borken-Coesfeld,BC-06,BC-03--BC-04,BC-04,Vollstaendig,0.4367811222691705
Borken-Coesfeld,BC-06,BC-03--BC-05,BC-03,Gleichgewichtung,0.5
Borken-Coesfeld,BC-06,BC-03--BC-05,BC-05,Gleichgewichtung,0.5
Borken-Coesfeld,BC-06,BC-03--BC-05,BC-03,1/d^2,0.3003658629887556
Borken-Coesfeld,BC-06,BC-03--BC-05,BC-05,1/d^2,0.6996341370112443
Borken-Coesfeld,BC-06,BC-03--BC-05,BC-03,Wald + Wind,0.544005271216902
Borken-Coesfeld,BC-06,BC-03--BC-05,BC-05,Wald + Wind,0.455994728783098
Borken-Coesfeld,BC-06,BC-03--BC-05,BC-03,Vollstaendig,0.5810055968744545
Borken-Coesfeld,BC-06,BC-03--BC-05,BC-05,Vollstaendig,0.4189944031255455
Borken-Coesfeld,BC-06,BC-04--BC-05,BC-04,Gleichgewichtung,0.5
Borken-Coesfeld,BC-06,BC-04--BC-05,BC-05,Gleichgewichtung,0.5
Borken-Coesfeld,BC-06,BC-04--BC-05,BC-04,1/d^2,0.3701649620374012
Borken-Coesfeld,BC-06,BC-04--BC-05,BC-05,1/d^2,0.6298350379625987
Borken-Coesfeld,BC-06,BC-04--BC-05,BC-04,Wald + Wind,0.5014066516825311
Borken-Coesfeld,BC-06,BC-04--BC-05,BC-05,Wald + Wind,0.498593348317469
Borken-Coesfeld,BC-06,BC-04--BC-05,BC-04,Vollstaendig,0.5181586877261957
Borken-Coesfeld,BC-06,BC-04--BC-05,BC-05,Vollstaendig,0.4818413122738044
Lorup,LO-01,LO-02--LO-03,LO-02,Gleichgewichtung,0.5
Lorup,LO-01,LO-02--LO-03,LO-03,Gleichgewichtung,0.5
Lorup,LO-01,LO-02--LO-03,LO-02,1/d^2,0.4941709436192891
Lorup,LO-01,LO-02--LO-03,LO-03,1/d^2,0.5058290563807109
Lorup,LO-01,LO-02--LO-03,LO-02,Wald + Wind,0.593361216243856
Lorup,LO-01,LO-02--LO-03,LO-03,Wald + Wind,0.406638783756144
Lorup,LO-01,LO-02--LO-03,LO-02,Vollstaendig,0.5977885522555058
Lorup,LO-01,LO-02--LO-03,LO-03,Vollstaendig,0.4022114477444942
Lorup,LO-02,LO-01--LO-03,LO-01,Gleichgewichtung,0.5
Lorup,LO-02,LO-01--LO-03,LO-03,Gleichgewichtung,0.5
Lorup,LO-02,LO-01--LO-03,LO-01,1/d^2,0.419619865677842
Lorup,LO-02,LO-01--LO-03,LO-03,1/d^2,0.580380134322158
Lorup,LO-02,LO-01--LO-03,LO-01,Wald + Wind,0.5161102426785636
Lorup,LO-02,LO-01--LO-03,LO-03,Wald + Wind,0.4838897573214363
Lorup,LO-02,LO-01--LO-03,LO-01,Vollstaendig,0.5176814708774422
Lorup,LO-02,LO-01--LO-03,LO-03,Vollstaendig,0.4823185291225578
Lorup,LO-03,LO-01--LO-02,LO-01,Gleichgewichtung,0.5
Lorup,LO-03,LO-01--LO-02,LO-02,Gleichgewichtung,0.5
Lorup,LO-03,LO-01--LO-02,LO-01,1/d^2,0.4253089389595512
Lorup,LO-03,LO-01--LO-02,LO-02,1/d^2,0.5746910610404488
Lorup,LO-03,LO-01--LO-02,LO-01,Wald + Wind,0.4233344964867152
Lorup,LO-03,LO-01--LO-02,LO-02,Wald + Wind,0.5766655035132848
Lorup,LO-03,LO-01--LO-02,LO-01,Vollstaendig,0.4205941230516444
Lorup,LO-03,LO-01--LO-02,LO-02,Vollstaendig,0.5794058769483554
Ostfriesland,OF-01,OF-02--OF-03,OF-02,Gleichgewichtung,0.5
Ostfriesland,OF-01,OF-02--OF-03,OF-03,Gleichgewichtung,0.5
Ostfriesland,OF-01,OF-02--OF-03,OF-02,1/d^2,0.9650309643281428
Ostfriesland,OF-01,OF-02--OF-03,OF-03,1/d^2,0.0349690356718571
Ostfriesland,OF-01,OF-02--OF-03,OF-02,Wald + Wind,0.5070848436050397
Ostfriesland,OF-01,OF-02--OF-03,OF-03,Wald + Wind,0.4929151563949603
Ostfriesland,OF-01,OF-02--OF-03,OF-02,Vollstaendig,0.584539041516611
Ostfriesland,OF-01,OF-02--OF-03,OF-03,Vollstaendig,0.415460958483389
Ostfriesland,OF-01,OF-02--OF-04,OF-02,Gleichgewichtung,0.5
Ostfriesland,OF-01,OF-02--OF-04,OF-04,Gleichgewichtung,0.5
Ostfriesland,OF-01,OF-02--OF-04,OF-02,1/d^2,0.9853188619329446
Ostfriesland,OF-01,OF-02--OF-04,OF-04,1/d^2,0.0146811380670553
Ostfriesland,OF-01,OF-02--OF-04,OF-02,Wald + Wind,0.5758640507483082
Ostfriesland,OF-01,OF-02--OF-04,OF-04,Wald + Wind,0.4241359492516919
Ostfriesland,OF-01,OF-02--OF-04,OF-02,Vollstaendig,0.6902980580279381
Ostfriesland,OF-01,OF-02--OF-04,OF-04,Vollstaendig,0.3097019419720618
Ostfriesland,OF-01,OF-03--OF-04,OF-03,Gleichgewichtung,0.5
Ostfriesland,OF-01,OF-03--OF-04,OF-04,Gleichgewichtung,0.5
Ostfriesland,OF-01,OF-03--OF-04,OF-03,1/d^2,0.7086227644064171
Ostfriesland,OF-01,OF-03--OF-04,OF-04,1/d^2,0.2913772355935827
Ostfriesland,OF-01,OF-03--OF-04,OF-03,Wald + Wind,0.5689273968929673
Ostfriesland,OF-01,OF-03--OF-04,OF-04,Wald + Wind,0.4310726031070326
Ostfriesland,OF-01,OF-03--OF-04,OF-03,Vollstaendig,0.6130327245230184
Ostfriesland,OF-01,OF-03--OF-04,OF-04,Vollstaendig,0.3869672754769815
Ostfriesland,OF-02,OF-01--OF-03,OF-01,Gleichgewichtung,0.5
Ostfriesland,OF-02,OF-01--OF-03,OF-03,Gleichgewichtung,0.5
Ostfriesland,OF-02,OF-01--OF-03,OF-01,1/d^2,0.9476494604062914
Ostfriesland,OF-02,OF-01--OF-03,OF-03,1/d^2,0.0523505395937086
Ostfriesland,OF-02,OF-01--OF-03,OF-01,Wald + Wind,0.5164351414729937
Ostfriesland,OF-02,OF-01--OF-03,OF-03,Wald + Wind,0.4835648585270062
Ostfriesland,OF-02,OF-01--OF-03,OF-01,Vollstaendig,0.5764946039080641
Ostfriesland,OF-02,OF-01--OF-03,OF-03,Vollstaendig,0.4235053960919359
Ostfriesland,OF-02,OF-01--OF-04,OF-01,Gleichgewichtung,0.5
Ostfriesland,OF-02,OF-01--OF-04,OF-04,Gleichgewichtung,0.5
Ostfriesland,OF-02,OF-01--OF-04,OF-01,1/d^2,0.9813765317489014
Ostfriesland,OF-02,OF-01--OF-04,OF-04,1/d^2,0.0186234682510986
Ostfriesland,OF-02,OF-01--OF-04,OF-01,Wald + Wind,0.5741097086652067
Ostfriesland,OF-02,OF-01--OF-04,OF-04,Wald + Wind,0.4258902913347931
Ostfriesland,OF-02,OF-01--OF-04,OF-01,Vollstaendig,0.6690538872028099
Ostfriesland,OF-02,OF-01--OF-04,OF-04,Vollstaendig,0.3309461127971902
Ostfriesland,OF-02,OF-03--OF-04,OF-03,Gleichgewichtung,0.5
Ostfriesland,OF-02,OF-03--OF-04,OF-04,Gleichgewichtung,0.5
Ostfriesland,OF-02,OF-03--OF-04,OF-03,1/d^2,0.7443136973393549
Ostfriesland,OF-02,OF-03--OF-04,OF-04,1/d^2,0.255686302660645
Ostfriesland,OF-02,OF-03--OF-04,OF-03,Wald + Wind,0.5579569341977866
Ostfriesland,OF-02,OF-03--OF-04,OF-04,Wald + Wind,0.4420430658022133
Ostfriesland,OF-02,OF-03--OF-04,OF-03,Vollstaendig,0.5976082496626591
Ostfriesland,OF-02,OF-03--OF-04,OF-04,Vollstaendig,0.4023917503373408
Ostfriesland,OF-03,OF-01--OF-02,OF-01,Gleichgewichtung,0.5
Ostfriesland,OF-03,OF-01--OF-02,OF-02,Gleichgewichtung,0.5
Ostfriesland,OF-03,OF-01--OF-02,OF-01,1/d^2,0.3961160567293683
Ostfriesland,OF-03,OF-01--OF-02,OF-02,1/d^2,0.6038839432706317
Ostfriesland,OF-03,OF-01--OF-02,OF-01,Wald + Wind,0.5088915719418298
Ostfriesland,OF-03,OF-01--OF-02,OF-02,Wald + Wind,0.4911084280581702
Ostfriesland,OF-03,OF-01--OF-02,OF-01,Vollstaendig,0.4902761780112269
Ostfriesland,OF-03,OF-01--OF-02,OF-02,Vollstaendig,0.509723821988773
Ostfriesland,OF-03,OF-01--OF-04,OF-01,Gleichgewichtung,0.5
Ostfriesland,OF-03,OF-01--OF-04,OF-04,Gleichgewichtung,0.5
Ostfriesland,OF-03,OF-01--OF-04,OF-01,1/d^2,0.3104357353538814
Ostfriesland,OF-03,OF-01--OF-04,OF-04,1/d^2,0.6895642646461184
Ostfriesland,OF-03,OF-01--OF-04,OF-01,Wald + Wind,0.616054116457883
Ostfriesland,OF-03,OF-01--OF-04,OF-04,Wald + Wind,0.383945883542117
Ostfriesland,OF-03,OF-01--OF-04,OF-01,Vollstaendig,0.5383675602231862
Ostfriesland,OF-03,OF-01--OF-04,OF-04,Vollstaendig,0.4616324397768138
Ostfriesland,OF-03,OF-02--OF-04,OF-02,Gleichgewichtung,0.5
Ostfriesland,OF-03,OF-02--OF-04,OF-04,Gleichgewichtung,0.5
Ostfriesland,OF-03,OF-02--OF-04,OF-02,1/d^2,0.406993487431687
Ostfriesland,OF-03,OF-02--OF-04,OF-04,1/d^2,0.593006512568313
Ostfriesland,OF-03,OF-02--OF-04,OF-02,Wald + Wind,0.6076067034627922
Ostfriesland,OF-03,OF-02--OF-04,OF-04,Wald + Wind,0.3923932965372078
Ostfriesland,OF-03,OF-02--OF-04,OF-02,Vollstaendig,0.5480197215506033
Ostfriesland,OF-03,OF-02--OF-04,OF-04,Vollstaendig,0.4519802784493967
Ostfriesland,OF-04,OF-01--OF-02,OF-01,Gleichgewichtung,0.5
Ostfriesland,OF-04,OF-01--OF-02,OF-02,Gleichgewichtung,0.5
Ostfriesland,OF-04,OF-01--OF-02,OF-01,1/d^2,0.4398260456549424
Ostfriesland,OF-04,OF-01--OF-02,OF-02,1/d^2,0.5601739543450577
Ostfriesland,OF-04,OF-01--OF-02,OF-01,Wald + Wind,0.4970576204764695
Ostfriesland,OF-04,OF-01--OF-02,OF-02,Wald + Wind,0.5029423795235305
Ostfriesland,OF-04,OF-01--OF-02,OF-01,Vollstaendig,0.4731211940803472
Ostfriesland,OF-04,OF-01--OF-02,OF-02,Vollstaendig,0.5268788059196527
Ostfriesland,OF-04,OF-01--OF-03,OF-01,Gleichgewichtung,0.5
Ostfriesland,OF-04,OF-01--OF-03,OF-03,Gleichgewichtung,0.5
Ostfriesland,OF-04,OF-01--OF-03,OF-01,1/d^2,0.1561987775758586
Ostfriesland,OF-04,OF-01--OF-03,OF-03,1/d^2,0.8438012224241415
Ostfriesland,OF-04,OF-01--OF-03,OF-01,Wald + Wind,0.5491581097538119
Ostfriesland,OF-04,OF-01--OF-03,OF-03,Wald + Wind,0.450841890246188
Ostfriesland,OF-04,OF-01--OF-03,OF-01,Vollstaendig,0.4264846165828085
Ostfriesland,OF-04,OF-01--OF-03,OF-03,Vollstaendig,0.5735153834171914
Ostfriesland,OF-04,OF-02--OF-03,OF-02,Gleichgewichtung,0.5
Ostfriesland,OF-04,OF-02--OF-03,OF-03,Gleichgewichtung,0.5
Ostfriesland,OF-04,OF-02--OF-03,OF-02,1/d^2,0.1907846967281805
Ostfriesland,OF-04,OF-02--OF-03,OF-03,1/d^2,0.8092153032718196
Ostfriesland,OF-04,OF-02--OF-03,OF-02,Wald + Wind,0.5520703630699383
Ostfriesland,OF-04,OF-02--OF-03,OF-03,Wald + Wind,0.4479296369300618
Ostfriesland,OF-04,OF-02--OF-03,OF-02,Vollstaendig,0.4529918691601972
Ostfriesland,OF-04,OF-02--OF-03,OF-03,Vollstaendig,0.5470081308398028
Paderborn,PA-01,PA-02--PA-03,PA-02,Gleichgewichtung,0.5
Paderborn,PA-01,PA-02--PA-03,PA-03,Gleichgewichtung,0.5
Paderborn,PA-01,PA-02--PA-03,PA-02,1/d^2,0.8496825392943563
Paderborn,PA-01,PA-02--PA-03,PA-03,1/d^2,0.1503174607056437
Paderborn,PA-01,PA-02--PA-03,PA-02,Wald + Wind,0.4050860083133968
Paderborn,PA-01,PA-02--PA-03,PA-03,Wald + Wind,0.5949139916866033
Paderborn,PA-01,PA-02--PA-03,PA-02,Vollstaendig,0.4302930836805277
Paderborn,PA-01,PA-02--PA-03,PA-03,Vollstaendig,0.5697069163194723
Paderborn,PA-01,PA-02--PA-04,PA-02,Gleichgewichtung,0.5
Paderborn,PA-01,PA-02--PA-04,PA-04,Gleichgewichtung,0.5
Paderborn,PA-01,PA-02--PA-04,PA-02,1/d^2,0.8713585848981672
Paderborn,PA-01,PA-02--PA-04,PA-04,1/d^2,0.1286414151018327
Paderborn,PA-01,PA-02--PA-04,PA-02,Wald + Wind,0.3482289217390744
Paderborn,PA-01,PA-02--PA-04,PA-04,Wald + Wind,0.6517710782609256
Paderborn,PA-01,PA-02--PA-04,PA-02,Vollstaendig,0.3567075800164804
Paderborn,PA-01,PA-02--PA-04,PA-04,Vollstaendig,0.6432924199835196
Paderborn,PA-01,PA-02--PA-05,PA-02,Gleichgewichtung,0.5
Paderborn,PA-01,PA-02--PA-05,PA-05,Gleichgewichtung,0.5
Paderborn,PA-01,PA-02--PA-05,PA-02,1/d^2,0.943711506735569
Paderborn,PA-01,PA-02--PA-05,PA-05,1/d^2,0.0562884932644308
Paderborn,PA-01,PA-02--PA-05,PA-02,Wald + Wind,0.5677917276506762
Paderborn,PA-01,PA-02--PA-05,PA-05,Wald + Wind,0.4322082723493237
Paderborn,PA-01,PA-02--PA-05,PA-02,Vollstaendig,0.4535954494488765
Paderborn,PA-01,PA-02--PA-05,PA-05,Vollstaendig,0.5464045505511235
Paderborn,PA-01,PA-02--PA-06,PA-02,Gleichgewichtung,0.5
Paderborn,PA-01,PA-02--PA-06,PA-06,Gleichgewichtung,0.5
Paderborn,PA-01,PA-02--PA-06,PA-02,1/d^2,0.9673095529486764
Paderborn,PA-01,PA-02--PA-06,PA-06,1/d^2,0.0326904470513236
Paderborn,PA-01,PA-02--PA-06,PA-02,Wald + Wind,0.5892755454668552
Paderborn,PA-01,PA-02--PA-06,PA-06,Wald + Wind,0.4107244545331448
Paderborn,PA-01,PA-02--PA-06,PA-02,Vollstaendig,0.3998119087869827
Paderborn,PA-01,PA-02--PA-06,PA-06,Vollstaendig,0.6001880912130172
Paderborn,PA-01,PA-02--PA-07,PA-02,Gleichgewichtung,0.5
Paderborn,PA-01,PA-02--PA-07,PA-07,Gleichgewichtung,0.5
Paderborn,PA-01,PA-02--PA-07,PA-02,1/d^2,0.9648593778272528
Paderborn,PA-01,PA-02--PA-07,PA-07,1/d^2,0.0351406221727471
Paderborn,PA-01,PA-02--PA-07,PA-02,Wald + Wind,0.5889180760009597
Paderborn,PA-01,PA-02--PA-07,PA-07,Wald + Wind,0.4110819239990403
Paderborn,PA-01,PA-02--PA-07,PA-02,Vollstaendig,0.4370804803741029
Paderborn,PA-01,PA-02--PA-07,PA-07,Vollstaendig,0.562919519625897
Paderborn,PA-01,PA-02--PA-08,PA-02,Gleichgewichtung,0.5
Paderborn,PA-01,PA-02--PA-08,PA-08,Gleichgewichtung,0.5
Paderborn,PA-01,PA-02--PA-08,PA-02,1/d^2,0.9635660344535688
Paderborn,PA-01,PA-02--PA-08,PA-08,1/d^2,0.0364339655464312
Paderborn,PA-01,PA-02--PA-08,PA-02,Wald + Wind,0.5556812565526728
Paderborn,PA-01,PA-02--PA-08,PA-08,Wald + Wind,0.4443187434473273
Paderborn,PA-01,PA-02--PA-08,PA-02,Vollstaendig,0.4468251965709651
Paderborn,PA-01,PA-02--PA-08,PA-08,Vollstaendig,0.5531748034290349
Paderborn,PA-01,PA-02--PA-09,PA-02,Gleichgewichtung,0.5
Paderborn,PA-01,PA-02--PA-09,PA-09,Gleichgewichtung,0.5
Paderborn,PA-01,PA-02--PA-09,PA-02,1/d^2,0.9854259180577394
Paderborn,PA-01,PA-02--PA-09,PA-09,1/d^2,0.0145740819422607
Paderborn,PA-01,PA-02--PA-09,PA-02,Wald + Wind,0.668728088958458
Paderborn,PA-01,PA-02--PA-09,PA-09,Wald + Wind,0.3312719110415419
Paderborn,PA-01,PA-02--PA-09,PA-02,Vollstaendig,0.4738348912289731
Paderborn,PA-01,PA-02--PA-09,PA-09,Vollstaendig,0.526165108771027
Paderborn,PA-01,PA-02--PA-10,PA-02,Gleichgewichtung,0.5
Paderborn,PA-01,PA-02--PA-10,PA-10,Gleichgewichtung,0.5
Paderborn,PA-01,PA-02--PA-10,PA-02,1/d^2,0.980617809595314
Paderborn,PA-01,PA-02--PA-10,PA-10,1/d^2,0.0193821904046858
Paderborn,PA-01,PA-02--PA-10,PA-02,Wald + Wind,0.643539700286634
Paderborn,PA-01,PA-02--PA-10,PA-10,Wald + Wind,0.356460299713366
Paderborn,PA-01,PA-02--PA-10,PA-02,Vollstaendig,0.4374267766737738
Paderborn,PA-01,PA-02--PA-10,PA-10,Vollstaendig,0.5625732233262262
Paderborn,PA-01,PA-02--PA-11,PA-02,Gleichgewichtung,0.5
Paderborn,PA-01,PA-02--PA-11,PA-11,Gleichgewichtung,0.5
Paderborn,PA-01,PA-02--PA-11,PA-02,1/d^2,0.9863850365761287
Paderborn,PA-01,PA-02--PA-11,PA-11,1/d^2,0.0136149634238713
Paderborn,PA-01,PA-02--PA-11,PA-02,Wald + Wind,0.6599381768594063
Paderborn,PA-01,PA-02--PA-11,PA-11,Wald + Wind,0.3400618231405937
Paderborn,PA-01,PA-02--PA-11,PA-02,Vollstaendig,0.4865355447702897
Paderborn,PA-01,PA-02--PA-11,PA-11,Vollstaendig,0.5134644552297102
Paderborn,PA-01,PA-02--PA-12,PA-02,Gleichgewichtung,0.5
Paderborn,PA-01,PA-02--PA-12,PA-12,Gleichgewichtung,0.5
Paderborn,PA-01,PA-02--PA-12,PA-02,1/d^2,0.9873955886524032
Paderborn,PA-01,PA-02--PA-12,PA-12,1/d^2,0.0126044113475966
Paderborn,PA-01,PA-02--PA-12,PA-02,Wald + Wind,0.7109738495041382
Paderborn,PA-01,PA-02--PA-12,PA-12,Wald + Wind,0.2890261504958618
Paderborn,PA-01,PA-02--PA-12,PA-02,Vollstaendig,0.4991856489644908
Paderborn,PA-01,PA-02--PA-12,PA-12,Vollstaendig,0.5008143510355091
Paderborn,PA-01,PA-03--PA-04,PA-03,Gleichgewichtung,0.5
Paderborn,PA-01,PA-03--PA-04,PA-04,Gleichgewichtung,0.5
Paderborn,PA-01,PA-03--PA-04,PA-03,1/d^2,0.5451049087194002
Paderborn,PA-01,PA-03--PA-04,PA-04,1/d^2,0.4548950912805997
Paderborn,PA-01,PA-03--PA-04,PA-03,Wald + Wind,0.4396664460556009
Paderborn,PA-01,PA-03--PA-04,PA-04,Wald + Wind,0.5603335539443991
Paderborn,PA-01,PA-03--PA-04,PA-03,Vollstaendig,0.4233521151038688
Paderborn,PA-01,PA-03--PA-04,PA-04,Vollstaendig,0.5766478848961313
Paderborn,PA-01,PA-03--PA-05,PA-03,Gleichgewichtung,0.5
Paderborn,PA-01,PA-03--PA-05,PA-05,Gleichgewichtung,0.5
Paderborn,PA-01,PA-03--PA-05,PA-03,1/d^2,0.7478573111188832
Paderborn,PA-01,PA-03--PA-05,PA-05,1/d^2,0.2521426888811168
Paderborn,PA-01,PA-03--PA-05,PA-03,Wald + Wind,0.6586231506210628
Paderborn,PA-01,PA-03--PA-05,PA-05,Wald + Wind,0.3413768493789371
Paderborn,PA-01,PA-03--PA-05,PA-03,Vollstaendig,0.5236078243979635
Paderborn,PA-01,PA-03--PA-05,PA-05,Vollstaendig,0.4763921756020364
Paderborn,PA-01,PA-03--PA-06,PA-03,Gleichgewichtung,0.5
Paderborn,PA-01,PA-03--PA-06,PA-06,Gleichgewichtung,0.5
Paderborn,PA-01,PA-03--PA-06,PA-03,1/d^2,0.83960908182238
Paderborn,PA-01,PA-03--PA-06,PA-06,1/d^2,0.16039091817762
Paderborn,PA-01,PA-03--PA-06,PA-03,Wald + Wind,0.6781512788619479
Paderborn,PA-01,PA-03--PA-06,PA-06,Wald + Wind,0.321848721138052
Paderborn,PA-01,PA-03--PA-06,PA-03,Vollstaendig,0.4686428566736672
Paderborn,PA-01,PA-03--PA-06,PA-06,Vollstaendig,0.5313571433263327
Paderborn,PA-01,PA-03--PA-07,PA-03,Gleichgewichtung,0.5
Paderborn,PA-01,PA-03--PA-07,PA-07,Gleichgewichtung,0.5
Paderborn,PA-01,PA-03--PA-07,PA-03,1/d^2,0.8292769106853699
Paderborn,PA-01,PA-03--PA-07,PA-07,1/d^2,0.1707230893146301
Paderborn,PA-01,PA-03--PA-07,PA-03,Wald + Wind,0.6778288711984796
Paderborn,PA-01,PA-03--PA-07,PA-07,Wald + Wind,0.3221711288015203
Paderborn,PA-01,PA-03--PA-07,PA-03,Vollstaendig,0.5069085991027051
Paderborn,PA-01,PA-03--PA-07,PA-07,Vollstaendig,0.4930914008972948
Paderborn,PA-01,PA-03--PA-08,PA-03,Gleichgewichtung,0.5
Paderborn,PA-01,PA-03--PA-08,PA-08,Gleichgewichtung,0.5
Paderborn,PA-01,PA-03--PA-08,PA-03,1/d^2,0.8239042192252465
Paderborn,PA-01,PA-03--PA-08,PA-08,1/d^2,0.1760957807747534
Paderborn,PA-01,PA-03--PA-08,PA-03,Wald + Wind,0.6474776126126952
Paderborn,PA-01,PA-03--PA-08,PA-08,Wald + Wind,0.3525223873873047
Paderborn,PA-01,PA-03--PA-08,PA-03,Vollstaendig,0.5167809169391077
Paderborn,PA-01,PA-03--PA-08,PA-08,Vollstaendig,0.4832190830608923
Paderborn,PA-01,PA-03--PA-09,PA-03,Gleichgewichtung,0.5
Paderborn,PA-01,PA-03--PA-09,PA-09,Gleichgewichtung,0.5
Paderborn,PA-01,PA-03--PA-09,PA-03,1/d^2,0.9228500531841702
Paderborn,PA-01,PA-03--PA-09,PA-09,1/d^2,0.0771499468158298
Paderborn,PA-01,PA-03--PA-09,PA-03,Wald + Wind,0.747770258395294
Paderborn,PA-01,PA-03--PA-09,PA-09,Wald + Wind,0.2522297416047059
Paderborn,PA-01,PA-03--PA-09,PA-03,Vollstaendig,0.5438618038026988
Paderborn,PA-01,PA-03--PA-09,PA-09,Vollstaendig,0.4561381961973011
Paderborn,PA-01,PA-03--PA-10,PA-03,Gleichgewichtung,0.5
Paderborn,PA-01,PA-03--PA-10,PA-10,Gleichgewichtung,0.5
Paderborn,PA-01,PA-03--PA-10,PA-03,1/d^2,0.8995030289726789
Paderborn,PA-01,PA-03--PA-10,PA-10,1/d^2,0.1004969710273211
Paderborn,PA-01,PA-03--PA-10,PA-03,Wald + Wind,0.7261305486037973
Paderborn,PA-01,PA-03--PA-10,PA-10,Wald + Wind,0.2738694513962026
Paderborn,PA-01,PA-03--PA-10,PA-03,Vollstaendig,0.5072603656510968
Paderborn,PA-01,PA-03--PA-10,PA-10,Vollstaendig,0.4927396343489033
Paderborn,PA-01,PA-03--PA-11,PA-03,Gleichgewichtung,0.5
Paderborn,PA-01,PA-03--PA-11,PA-11,Gleichgewichtung,0.5
Paderborn,PA-01,PA-03--PA-11,PA-03,1/d^2,0.92762482462314
Paderborn,PA-01,PA-03--PA-11,PA-11,1/d^2,0.0723751753768599
Paderborn,PA-01,PA-03--PA-11,PA-03,Wald + Wind,0.7402630403863675
Paderborn,PA-01,PA-03--PA-11,PA-11,Wald + Wind,0.2597369596136324
Paderborn,PA-01,PA-03--PA-11,PA-03,Vollstaendig,0.5564544057547923
Paderborn,PA-01,PA-03--PA-11,PA-11,Vollstaendig,0.4435455942452077
Paderborn,PA-01,PA-03--PA-12,PA-03,Gleichgewichtung,0.5
Paderborn,PA-01,PA-03--PA-12,PA-12,Gleichgewichtung,0.5
Paderborn,PA-01,PA-03--PA-12,PA-03,1/d^2,0.9326991962347057
Paderborn,PA-01,PA-03--PA-12,PA-12,1/d^2,0.0673008037652945
Paderborn,PA-01,PA-03--PA-12,PA-03,Wald + Wind,0.7832039206003214
Paderborn,PA-01,PA-03--PA-12,PA-12,Wald + Wind,0.2167960793996786
Paderborn,PA-01,PA-03--PA-12,PA-03,Vollstaendig,0.5689082118304695
Paderborn,PA-01,PA-03--PA-12,PA-12,Vollstaendig,0.4310917881695305
Paderborn,PA-01,PA-04--PA-05,PA-04,Gleichgewichtung,0.5
Paderborn,PA-01,PA-04--PA-05,PA-05,Gleichgewichtung,0.5
Paderborn,PA-01,PA-04--PA-05,PA-04,1/d^2,0.7122435799067024
Paderborn,PA-01,PA-04--PA-05,PA-05,1/d^2,0.2877564200932976
Paderborn,PA-01,PA-04--PA-05,PA-04,Wald + Wind,0.7108838202045956
Paderborn,PA-01,PA-04--PA-05,PA-05,Wald + Wind,0.2891161797954044
Paderborn,PA-01,PA-04--PA-05,PA-04,Vollstaendig,0.5995352770172551
Paderborn,PA-01,PA-04--PA-05,PA-05,Vollstaendig,0.4004647229827449
Paderborn,PA-01,PA-04--PA-06,PA-04,Gleichgewichtung,0.5
Paderborn,PA-01,PA-04--PA-06,PA-06,Gleichgewichtung,0.5
Paderborn,PA-01,PA-04--PA-06,PA-04,1/d^2,0.8137268932828469
Paderborn,PA-01,PA-04--PA-06,PA-06,1/d^2,0.1862731067171532
Paderborn,PA-01,PA-04--PA-06,PA-04,Wald + Wind,0.7286540795011598
Paderborn,PA-01,PA-04--PA-06,PA-06,Wald + Wind,0.2713459204988402
Paderborn,PA-01,PA-04--PA-06,PA-04,Vollstaendig,0.5457303859479007
Paderborn,PA-01,PA-04--PA-06,PA-06,Vollstaendig,0.4542696140520993
Paderborn,PA-01,PA-04--PA-07,PA-04,Gleichgewichtung,0.5
Paderborn,PA-01,PA-04--PA-07,PA-07,Gleichgewichtung,0.5
Paderborn,PA-01,PA-04--PA-07,PA-04,1/d^2,0.802120375261771
Paderborn,PA-01,PA-04--PA-07,PA-07,1/d^2,0.1978796247382289
Paderborn,PA-01,PA-04--PA-07,PA-04,Wald + Wind,0.7283619979808171
Paderborn,PA-01,PA-04--PA-07,PA-07,Wald + Wind,0.2716380020191828
Paderborn,PA-01,PA-04--PA-07,PA-04,Vollstaendig,0.5833798755805905
Paderborn,PA-01,PA-04--PA-07,PA-07,Vollstaendig,0.4166201244194095
Paderborn,PA-01,PA-04--PA-08,PA-04,Gleichgewichtung,0.5
Paderborn,PA-01,PA-04--PA-08,PA-08,Gleichgewichtung,0.5
Paderborn,PA-01,PA-04--PA-08,PA-04,1/d^2,0.7961031903821776
Paderborn,PA-01,PA-04--PA-08,PA-08,1/d^2,0.2038968096178223
Paderborn,PA-01,PA-04--PA-08,PA-04,Wald + Wind,0.7006690744671998
Paderborn,PA-01,PA-04--PA-08,PA-08,Wald + Wind,0.2993309255328002
Paderborn,PA-01,PA-04--PA-08,PA-04,Vollstaendig,0.5929505815815453
Paderborn,PA-01,PA-04--PA-08,PA-08,Vollstaendig,0.4070494184184546
Paderborn,PA-01,PA-04--PA-09,PA-04,Gleichgewichtung,0.5
Paderborn,PA-01,PA-04--PA-09,PA-09,Gleichgewichtung,0.5
Paderborn,PA-01,PA-04--PA-09,PA-04,1/d^2,0.9089436396601744
Paderborn,PA-01,PA-04--PA-09,PA-09,1/d^2,0.0910563603398257
Paderborn,PA-01,PA-04--PA-09,PA-04,Wald + Wind,0.7907200771199271
Paderborn,PA-01,PA-04--PA-09,PA-09,Wald + Wind,0.2092799228800727
Paderborn,PA-01,PA-04--PA-09,PA-04,Vollstaendig,0.6189106193622129
Paderborn,PA-01,PA-04--PA-09,PA-09,Vollstaendig,0.3810893806377871
Paderborn,PA-01,PA-04--PA-10,PA-04,Gleichgewichtung,0.5
Paderborn,PA-01,PA-04--PA-10,PA-10,Gleichgewichtung,0.5
Paderborn,PA-01,PA-04--PA-10,PA-04,1/d^2,0.8819267061844104
Paderborn,PA-01,PA-04--PA-10,PA-10,1/d^2,0.1180732938155895
Paderborn,PA-01,PA-04--PA-10,PA-04,Wald + Wind,0.7716398884287786
Paderborn,PA-01,PA-04--PA-10,PA-10,Wald + Wind,0.2283601115712213
Paderborn,PA-01,PA-04--PA-10,PA-04,Vollstaendig,0.5837218884129898
Paderborn,PA-01,PA-04--PA-10,PA-10,Vollstaendig,0.4162781115870102
Paderborn,PA-01,PA-04--PA-11,PA-04,Gleichgewichtung,0.5
Paderborn,PA-01,PA-04--PA-11,PA-11,Gleichgewichtung,0.5
Paderborn,PA-01,PA-04--PA-11,PA-04,1/d^2,0.9144993331041772
Paderborn,PA-01,PA-04--PA-11,PA-11,1/d^2,0.0855006668958228
Paderborn,PA-01,PA-04--PA-11,PA-04,Wald + Wind,0.784122143357225
Paderborn,PA-01,PA-04--PA-11,PA-11,Wald + Wind,0.215877856642775
Paderborn,PA-01,PA-04--PA-11,PA-04,Vollstaendig,0.630837693861355
Paderborn,PA-01,PA-04--PA-11,PA-11,Vollstaendig,0.3691623061386451
Paderborn,PA-01,PA-04--PA-12,PA-04,Gleichgewichtung,0.5
Paderborn,PA-01,PA-04--PA-12,PA-12,Gleichgewichtung,0.5
Paderborn,PA-01,PA-04--PA-12,PA-04,1/d^2,0.9204150070696032
Paderborn,PA-01,PA-04--PA-12,PA-12,1/d^2,0.0795849929303967
Paderborn,PA-01,PA-04--PA-12,PA-04,Wald + Wind,0.8215598865501353
Paderborn,PA-01,PA-04--PA-12,PA-12,Wald + Wind,0.1784401134498647
Paderborn,PA-01,PA-04--PA-12,PA-04,Vollstaendig,0.6425446032555235
Paderborn,PA-01,PA-04--PA-12,PA-12,Vollstaendig,0.3574553967444763
Paderborn,PA-01,PA-05--PA-06,PA-05,Gleichgewichtung,0.5
Paderborn,PA-01,PA-05--PA-06,PA-06,Gleichgewichtung,0.5
Paderborn,PA-01,PA-05--PA-06,PA-05,1/d^2,0.6383258645868088
Paderborn,PA-01,PA-05--PA-06,PA-06,1/d^2,0.3616741354131911
Paderborn,PA-01,PA-05--PA-06,PA-05,Wald + Wind,0.5220168134711836
Paderborn,PA-01,PA-05--PA-06,PA-06,Wald + Wind,0.4779831865288165
Paderborn,PA-01,PA-05--PA-06,PA-05,Vollstaendig,0.4451973082922807
Paderborn,PA-01,PA-05--PA-06,PA-06,Vollstaendig,0.5548026917077192
Paderborn,PA-01,PA-05--PA-07,PA-05,Gleichgewichtung,0.5
Paderborn,PA-01,PA-05--PA-07,PA-07,Gleichgewichtung,0.5
Paderborn,PA-01,PA-05--PA-07,PA-05,1/d^2,0.6208821539879016
Paderborn,PA-01,PA-05--PA-07,PA-07,1/d^2,0.3791178460120984
Paderborn,PA-01,PA-05--PA-07,PA-05,Wald + Wind,0.5216483249677715
Paderborn,PA-01,PA-05--PA-07,PA-07,Wald + Wind,0.4783516750322286
Paderborn,PA-01,PA-05--PA-07,PA-05,Vollstaendig,0.483289873218922
Paderborn,PA-01,PA-05--PA-07,PA-07,Vollstaendig,0.5167101267810781
Paderborn,PA-01,PA-05--PA-08,PA-05,Gleichgewichtung,0.5
Paderborn,PA-01,PA-05--PA-08,PA-08,Gleichgewichtung,0.5
Paderborn,PA-01,PA-05--PA-08,PA-05,1/d^2,0.6120195280225069
Paderborn,PA-01,PA-05--PA-08,PA-08,1/d^2,0.387980471977493
Paderborn,PA-01,PA-05--PA-08,PA-05,Wald + Wind,0.4877038706992429
Paderborn,PA-01,PA-05--PA-08,PA-08,Wald + Wind,0.5122961293007571
Paderborn,PA-01,PA-05--PA-08,PA-05,Vollstaendig,0.4931622571546025
Paderborn,PA-01,PA-05--PA-08,PA-08,Vollstaendig,0.5068377428453975
Paderborn,PA-01,PA-05--PA-09,PA-05,Gleichgewichtung,0.5
Paderborn,PA-01,PA-05--PA-09,PA-09,Gleichgewichtung,0.5
Paderborn,PA-01,PA-05--PA-09,PA-05,1/d^2,0.8013094845365822
Paderborn,PA-01,PA-05--PA-09,PA-09,1/d^2,0.1986905154634177
Paderborn,PA-01,PA-05--PA-09,PA-05,Wald + Wind,0.6057759799198986
Paderborn,PA-01,PA-05--PA-09,PA-09,Wald + Wind,0.3942240200801014
Paderborn,PA-01,PA-05--PA-09,PA-05,Vollstaendig,0.520338218823384
Paderborn,PA-01,PA-05--PA-09,PA-09,Vollstaendig,0.4796617811766159
Paderborn,PA-01,PA-05--PA-10,PA-05,Gleichgewichtung,0.5
Paderborn,PA-01,PA-05--PA-10,PA-10,Gleichgewichtung,0.5
Paderborn,PA-01,PA-05--PA-10,PA-05,1/d^2,0.7511019063479907
Paderborn,PA-01,PA-05--PA-10,PA-10,1/d^2,0.2488980936520093
Paderborn,PA-01,PA-05--PA-10,PA-05,Wald + Wind,0.5788157345820655
Paderborn,PA-01,PA-05--PA-10,PA-10,Wald + Wind,0.4211842654179344
Paderborn,PA-01,PA-05--PA-10,PA-05,Vollstaendig,0.4836413256519472
Paderborn,PA-01,PA-05--PA-10,PA-10,Vollstaendig,0.5163586743480528
Paderborn,PA-01,PA-05--PA-11,PA-05,Gleichgewichtung,0.5
Paderborn,PA-01,PA-05--PA-11,PA-11,Gleichgewichtung,0.5
Paderborn,PA-01,PA-05--PA-11,PA-05,1/d^2,0.8120745739986664
Paderborn,PA-01,PA-05--PA-11,PA-11,1/d^2,0.1879254260013334
Paderborn,PA-01,PA-05--PA-11,PA-05,Wald + Wind,0.5963240161348967
Paderborn,PA-01,PA-05--PA-11,PA-11,Wald + Wind,0.4036759838651033
Paderborn,PA-01,PA-05--PA-11,PA-05,Vollstaendig,0.5330226270551572
Paderborn,PA-01,PA-05--PA-11,PA-11,Vollstaendig,0.4669773729448428
Paderborn,PA-01,PA-05--PA-12,PA-05,Gleichgewichtung,0.5
Paderborn,PA-01,PA-05--PA-12,PA-12,Gleichgewichtung,0.5
Paderborn,PA-01,PA-05--PA-12,PA-05,1/d^2,0.8237107780721291
Paderborn,PA-01,PA-05--PA-12,PA-12,1/d^2,0.1762892219278708
Paderborn,PA-01,PA-05--PA-12,PA-05,Wald + Wind,0.6518705006085046
Paderborn,PA-01,PA-05--PA-12,PA-12,Wald + Wind,0.3481294993914954
Paderborn,PA-01,PA-05--PA-12,PA-05,Vollstaendig,0.5455970918979384
Paderborn,PA-01,PA-05--PA-12,PA-12,Vollstaendig,0.4544029081020617
Paderborn,PA-01,PA-06--PA-07,PA-06,Gleichgewichtung,0.5
Paderborn,PA-01,PA-06--PA-07,PA-07,Gleichgewichtung,0.5
Paderborn,PA-01,PA-06--PA-07,PA-06,1/d^2,0.4813059467366107
Paderborn,PA-01,PA-06--PA-07,PA-07,1/d^2,0.5186940532633894
Paderborn,PA-01,PA-06--PA-07,PA-06,Wald + Wind,0.4996308076281814
Paderborn,PA-01,PA-06--PA-07,PA-07,Wald + Wind,0.5003691923718185
Paderborn,PA-01,PA-06--PA-07,PA-06,Vollstaendig,0.5382326125042902
Paderborn,PA-01,PA-06--PA-07,PA-07,Vollstaendig,0.4617673874957098
Paderborn,PA-01,PA-06--PA-08,PA-06,Gleichgewichtung,0.5
Paderborn,PA-01,PA-06--PA-08,PA-08,Gleichgewichtung,0.5
Paderborn,PA-01,PA-06--PA-08,PA-06,1/d^2,0.4719554393479785
Paderborn,PA-01,PA-06--PA-08,PA-08,1/d^2,0.5280445606520214
Paderborn,PA-01,PA-06--PA-08,PA-06,Wald + Wind,0.4657241740518028
Paderborn,PA-01,PA-06--PA-08,PA-08,Wald + Wind,0.5342758259481972
Paderborn,PA-01,PA-06--PA-08,PA-06,Vollstaendig,0.5480369517785174
Paderborn,PA-01,PA-06--PA-08,PA-08,Vollstaendig,0.4519630482214827
Paderborn,PA-01,PA-06--PA-09,PA-06,Gleichgewichtung,0.5
Paderborn,PA-01,PA-06--PA-09,PA-09,Gleichgewichtung,0.5
Paderborn,PA-01,PA-06--PA-09,PA-06,1/d^2,0.6955918243568254
Paderborn,PA-01,PA-06--PA-09,PA-09,1/d^2,0.3044081756431745
Paderborn,PA-01,PA-06--PA-09,PA-06,Wald + Wind,0.5845467532808656
Paderborn,PA-01,PA-06--PA-09,PA-09,Wald + Wind,0.4154532467191343
Paderborn,PA-01,PA-06--PA-09,PA-06,Vollstaendig,0.5748073925031786
Paderborn,PA-01,PA-06--PA-09,PA-09,Vollstaendig,0.4251926074968213
Paderborn,PA-01,PA-06--PA-10,PA-06,Gleichgewichtung,0.5
Paderborn,PA-01,PA-06--PA-10,PA-10,Gleichgewichtung,0.5
Paderborn,PA-01,PA-06--PA-10,PA-06,1/d^2,0.6309728234369283
Paderborn,PA-01,PA-06--PA-10,PA-10,1/d^2,0.3690271765630716
Paderborn,PA-01,PA-06--PA-10,PA-06,Wald + Wind,0.5571959228909119
Paderborn,PA-01,PA-06--PA-10,PA-10,Wald + Wind,0.442804077109088
Paderborn,PA-01,PA-06--PA-10,PA-06,Vollstaendig,0.5385823736570031
Paderborn,PA-01,PA-06--PA-10,PA-10,Vollstaendig,0.4614176263429968
Paderborn,PA-01,PA-06--PA-11,PA-06,Gleichgewichtung,0.5
Paderborn,PA-01,PA-06--PA-11,PA-11,Gleichgewichtung,0.5
Paderborn,PA-01,PA-06--PA-11,PA-06,1/d^2,0.7100118659502105
Paderborn,PA-01,PA-06--PA-11,PA-11,1/d^2,0.2899881340497894
Paderborn,PA-01,PA-06--PA-11,PA-06,Wald + Wind,0.5749429430186317
Paderborn,PA-01,PA-06--PA-11,PA-11,Wald + Wind,0.4250570569813684
Paderborn,PA-01,PA-06--PA-11,PA-06,Vollstaendig,0.5871941278480486
Paderborn,PA-01,PA-06--PA-11,PA-11,Vollstaendig,0.4128058721519514
Paderborn,PA-01,PA-06--PA-12,PA-06,Gleichgewichtung,0.5
Paderborn,PA-01,PA-06--PA-12,PA-12,Gleichgewichtung,0.5
Paderborn,PA-01,PA-06--PA-12,PA-06,1/d^2,0.725834130830363
Paderborn,PA-01,PA-06--PA-12,PA-12,1/d^2,0.2741658691696371
Paderborn,PA-01,PA-06--PA-12,PA-06,Wald + Wind,0.6316140004307385
Paderborn,PA-01,PA-06--PA-12,PA-12,Wald + Wind,0.3683859995692614
Paderborn,PA-01,PA-06--PA-12,PA-06,Vollstaendig,0.599406181693391
Paderborn,PA-01,PA-06--PA-12,PA-12,Vollstaendig,0.400593818306609
Paderborn,PA-01,PA-07--PA-08,PA-07,Gleichgewichtung,0.5
Paderborn,PA-01,PA-07--PA-08,PA-08,Gleichgewichtung,0.5
Paderborn,PA-01,PA-07--PA-08,PA-07,1/d^2,0.4906298427728356
Paderborn,PA-01,PA-07--PA-08,PA-08,1/d^2,0.5093701572271643
Paderborn,PA-01,PA-07--PA-08,PA-07,Wald + Wind,0.4660916500679251
Paderborn,PA-01,PA-07--PA-08,PA-08,Wald + Wind,0.5339083499320749
Paderborn,PA-01,PA-07--PA-08,PA-07,Vollstaendig,0.5098768980553832
Paderborn,PA-01,PA-07--PA-08,PA-08,Vollstaendig,0.4901231019446168
Paderborn,PA-01,PA-07--PA-09,PA-07,Gleichgewichtung,0.5
Paderborn,PA-01,PA-07--PA-09,PA-09,Gleichgewichtung,0.5
Paderborn,PA-01,PA-07--PA-09,PA-07,1/d^2,0.7111969915365063
Paderborn,PA-01,PA-07--PA-09,PA-09,1/d^2,0.2888030084634936
Paderborn,PA-01,PA-07--PA-09,PA-07,Wald + Wind,0.5849053447054049
Paderborn,PA-01,PA-07--PA-09,PA-09,Wald + Wind,0.415094655294595
Paderborn,PA-01,PA-07--PA-09,PA-07,Vollstaendig,0.5369980498317278
Paderborn,PA-01,PA-07--PA-09,PA-09,Vollstaendig,0.4630019501682721
Paderborn,PA-01,PA-07--PA-10,PA-07,Gleichgewichtung,0.5
Paderborn,PA-01,PA-07--PA-10,PA-10,Gleichgewichtung,0.5
Paderborn,PA-01,PA-07--PA-10,PA-07,1/d^2,0.6482153075937923
Paderborn,PA-01,PA-07--PA-10,PA-10,1/d^2,0.3517846924062077
Paderborn,PA-01,PA-07--PA-10,PA-07,Wald + Wind,0.5575602534247742
Paderborn,PA-01,PA-07--PA-10,PA-10,Wald + Wind,0.4424397465752257
Paderborn,PA-01,PA-07--PA-10,PA-07,Vollstaendig,0.5003518371395255
Paderborn,PA-01,PA-07--PA-10,PA-10,Vollstaendig,0.4996481628604746
Paderborn,PA-01,PA-07--PA-11,PA-07,Gleichgewichtung,0.5
Paderborn,PA-01,PA-07--PA-11,PA-11,Gleichgewichtung,0.5
Paderborn,PA-01,PA-07--PA-11,PA-07,1/d^2,0.7251698757952373
Paderborn,PA-01,PA-07--PA-11,PA-11,1/d^2,0.2748301242047627
Paderborn,PA-01,PA-07--PA-11,PA-07,Wald + Wind,0.575303801258851
Paderborn,PA-01,PA-07--PA-11,PA-11,Wald + Wind,0.424696198741149
Paderborn,PA-01,PA-07--PA-11,PA-07,Vollstaendig,0.5496232230199529
Paderborn,PA-01,PA-07--PA-11,PA-11,Vollstaendig,0.4503767769800471
Paderborn,PA-01,PA-07--PA-12,PA-07,Gleichgewichtung,0.5
Paderborn,PA-01,PA-07--PA-12,PA-12,Gleichgewichtung,0.5
Paderborn,PA-01,PA-07--PA-12,PA-07,1/d^2,0.7404674059401701
Paderborn,PA-01,PA-07--PA-12,PA-12,1/d^2,0.2595325940598298
Paderborn,PA-01,PA-07--PA-12,PA-07,Wald + Wind,0.6319575450669768
Paderborn,PA-01,PA-07--PA-12,PA-12,Wald + Wind,0.3680424549330232
Paderborn,PA-01,PA-07--PA-12,PA-07,Vollstaendig,0.5621178999213227
Paderborn,PA-01,PA-07--PA-12,PA-12,Vollstaendig,0.4378821000786774
Paderborn,PA-01,PA-08--PA-09,PA-08,Gleichgewichtung,0.5
Paderborn,PA-01,PA-08--PA-09,PA-09,Gleichgewichtung,0.5
Paderborn,PA-01,PA-08--PA-09,PA-08,1/d^2,0.7188348963519361
Paderborn,PA-01,PA-08--PA-09,PA-09,1/d^2,0.281165103648064
Paderborn,PA-01,PA-08--PA-09,PA-08,Wald + Wind,0.6174610135400682
Paderborn,PA-01,PA-08--PA-09,PA-09,Wald + Wind,0.3825389864599317
Paderborn,PA-01,PA-08--PA-09,PA-08,Vollstaendig,0.5271608529000255
Paderborn,PA-01,PA-08--PA-09,PA-09,Vollstaendig,0.4728391470999744
Paderborn,PA-01,PA-08--PA-10,PA-08,Gleichgewichtung,0.5
Paderborn,PA-01,PA-08--PA-10,PA-10,Gleichgewichtung,0.5
Paderborn,PA-01,PA-08--PA-10,PA-08,1/d^2,0.6567148818481792
Paderborn,PA-01,PA-08--PA-10,PA-10,1/d^2,0.3432851181518208
Paderborn,PA-01,PA-08--PA-10,PA-08,Wald + Wind,0.5907600313639035
Paderborn,PA-01,PA-08--PA-10,PA-10,Wald + Wind,0.4092399686360964
Paderborn,PA-01,PA-08--PA-10,PA-08,Vollstaendig,0.4904748066816858
Paderborn,PA-01,PA-08--PA-10,PA-10,Vollstaendig,0.5095251933183141
Paderborn,PA-01,PA-08--PA-11,PA-08,Gleichgewichtung,0.5
Paderborn,PA-01,PA-08--PA-11,PA-11,Gleichgewichtung,0.5
Paderborn,PA-01,PA-08--PA-11,PA-08,1/d^2,0.7325771957885924
Paderborn,PA-01,PA-08--PA-11,PA-11,1/d^2,0.2674228042114075
Paderborn,PA-01,PA-08--PA-11,PA-08,Wald + Wind,0.6081079676977714
Paderborn,PA-01,PA-08--PA-11,PA-11,Wald + Wind,0.3918920323022287
Paderborn,PA-01,PA-08--PA-11,PA-08,Vollstaendig,0.5398244004651163
Paderborn,PA-01,PA-08--PA-11,PA-11,Vollstaendig,0.4601755995348838
Paderborn,PA-01,PA-08--PA-12,PA-08,Gleichgewichtung,0.5
Paderborn,PA-01,PA-08--PA-12,PA-12,Gleichgewichtung,0.5
Paderborn,PA-01,PA-08--PA-12,PA-08,1/d^2,0.747605923267089
Paderborn,PA-01,PA-08--PA-12,PA-12,1/d^2,0.2523940767329111
Paderborn,PA-01,PA-08--PA-12,PA-08,Wald + Wind,0.6629494501089138
Paderborn,PA-01,PA-08--PA-12,PA-12,Wald + Wind,0.3370505498910861
Paderborn,PA-01,PA-08--PA-12,PA-08,Vollstaendig,0.5523695234142477
Paderborn,PA-01,PA-08--PA-12,PA-12,Vollstaendig,0.4476304765857523
Paderborn,PA-01,PA-09--PA-10,PA-09,Gleichgewichtung,0.5
Paderborn,PA-01,PA-09--PA-10,PA-10,Gleichgewichtung,0.5
Paderborn,PA-01,PA-09--PA-10,PA-09,1/d^2,0.4280036116837676
Paderborn,PA-01,PA-09--PA-10,PA-10,1/d^2,0.5719963883162323
Paderborn,PA-01,PA-09--PA-10,PA-09,Wald + Wind,0.4721096896141857
Paderborn,PA-01,PA-09--PA-10,PA-10,Wald + Wind,0.5278903103858144
Paderborn,PA-01,PA-09--PA-10,PA-09,Vollstaendig,0.4633518790712154
Paderborn,PA-01,PA-09--PA-10,PA-10,Vollstaendig,0.5366481209287847
Paderborn,PA-01,PA-09--PA-11,PA-09,Gleichgewichtung,0.5
Paderborn,PA-01,PA-09--PA-11,PA-11,Gleichgewichtung,0.5
Paderborn,PA-01,PA-09--PA-11,PA-09,1/d^2,0.5172551780572628
Paderborn,PA-01,PA-09--PA-11,PA-11,1/d^2,0.4827448219427373
Paderborn,PA-01,PA-09--PA-11,PA-09,Wald + Wind,0.4901464542814531
Paderborn,PA-01,PA-09--PA-11,PA-11,Wald + Wind,0.5098535457185469
Paderborn,PA-01,PA-09--PA-11,PA-09,Vollstaendig,0.5127185765051786
Paderborn,PA-01,PA-09--PA-11,PA-11,Vollstaendig,0.4872814234948214
Paderborn,PA-01,PA-09--PA-12,PA-09,Gleichgewichtung,0.5
Paderborn,PA-01,PA-09--PA-12,PA-12,Gleichgewichtung,0.5
Paderborn,PA-01,PA-09--PA-12,PA-09,1/d^2,0.5367323748966688
Paderborn,PA-01,PA-09--PA-12,PA-12,1/d^2,0.4632676251033311
Paderborn,PA-01,PA-09--PA-12,PA-09,Wald + Wind,0.5492598083983912
Paderborn,PA-01,PA-09--PA-12,PA-12,Wald + Wind,0.4507401916016088
Paderborn,PA-01,PA-09--PA-12,PA-09,Vollstaendig,0.5253529185732277
Paderborn,PA-01,PA-09--PA-12,PA-12,Vollstaendig,0.4746470814267722
Paderborn,PA-01,PA-10--PA-11,PA-10,Gleichgewichtung,0.5
Paderborn,PA-01,PA-10--PA-11,PA-11,Gleichgewichtung,0.5
Paderborn,PA-01,PA-10--PA-11,PA-10,1/d^2,0.5888102467652825
Paderborn,PA-01,PA-10--PA-11,PA-11,1/d^2,0.4111897532347173
Paderborn,PA-01,PA-10--PA-11,PA-10,Wald + Wind,0.5180566138296581
Paderborn,PA-01,PA-10--PA-11,PA-11,Wald + Wind,0.4819433861703419
Paderborn,PA-01,PA-10--PA-11,PA-10,Vollstaendig,0.5492748270949712
Paderborn,PA-01,PA-10--PA-11,PA-11,Vollstaendig,0.4507251729050286
Paderborn,PA-01,PA-10--PA-12,PA-10,Gleichgewichtung,0.5
Paderborn,PA-01,PA-10--PA-12,PA-12,Gleichgewichtung,0.5
Paderborn,PA-01,PA-10--PA-12,PA-10,1/d^2,0.6075906272417533
Paderborn,PA-01,PA-10--PA-12,PA-12,1/d^2,0.3924093727582467
Paderborn,PA-01,PA-10--PA-12,PA-10,Wald + Wind,0.5767284586611646
Paderborn,PA-01,PA-10--PA-12,PA-12,Wald + Wind,0.4232715413388354
Paderborn,PA-01,PA-10--PA-12,PA-10,Vollstaendig,0.5617714629380229
Paderborn,PA-01,PA-10--PA-12,PA-12,Vollstaendig,0.438228537061977
Paderborn,PA-01,PA-11--PA-12,PA-11,Gleichgewichtung,0.5
Paderborn,PA-01,PA-11--PA-12,PA-12,Gleichgewichtung,0.5
Paderborn,PA-01,PA-11--PA-12,PA-11,1/d^2,0.519526702785041
Paderborn,PA-01,PA-11--PA-12,PA-12,1/d^2,0.480473297214959
Paderborn,PA-01,PA-11--PA-12,PA-11,Wald + Wind,0.5589988058646965
Paderborn,PA-01,PA-11--PA-12,PA-12,Wald + Wind,0.4410011941353035
Paderborn,PA-01,PA-11--PA-12,PA-11,Vollstaendig,0.5126506590416349
Paderborn,PA-01,PA-11--PA-12,PA-12,Vollstaendig,0.4873493409583651
Paderborn,PA-02,PA-01--PA-03,PA-01,Gleichgewichtung,0.5
Paderborn,PA-02,PA-01--PA-03,PA-03,Gleichgewichtung,0.5
Paderborn,PA-02,PA-01--PA-03,PA-01,1/d^2,0.8369918607347911
Paderborn,PA-02,PA-01--PA-03,PA-03,1/d^2,0.1630081392652088
Paderborn,PA-02,PA-01--PA-03,PA-01,Wald + Wind,0.5914542575131109
Paderborn,PA-02,PA-01--PA-03,PA-03,Wald + Wind,0.4085457424868891
Paderborn,PA-02,PA-01--PA-03,PA-01,Vollstaendig,0.4445416693589711
Paderborn,PA-02,PA-01--PA-03,PA-03,Vollstaendig,0.5554583306410289
Paderborn,PA-02,PA-01--PA-04,PA-01,Gleichgewichtung,0.5
Paderborn,PA-02,PA-01--PA-04,PA-04,Gleichgewichtung,0.5
Paderborn,PA-02,PA-01--PA-04,PA-01,1/d^2,0.9006797776956885
Paderborn,PA-02,PA-01--PA-04,PA-04,1/d^2,0.0993202223043114
Paderborn,PA-02,PA-01--PA-04,PA-01,Wald + Wind,0.4690405757560668
Paderborn,PA-02,PA-01--PA-04,PA-04,Wald + Wind,0.5309594242439332
Paderborn,PA-02,PA-01--PA-04,PA-01,Vollstaendig,0.4738974061080416
Paderborn,PA-02,PA-01--PA-04,PA-04,Vollstaendig,0.5261025938919583
Paderborn,PA-02,PA-01--PA-05,PA-01,Gleichgewichtung,0.5
Paderborn,PA-02,PA-01--PA-05,PA-05,Gleichgewichtung,0.5
Paderborn,PA-02,PA-01--PA-05,PA-01,1/d^2,0.949608344939354
Paderborn,PA-02,PA-01--PA-05,PA-05,1/d^2,0.0503916550606462
Paderborn,PA-02,PA-01--PA-05,PA-01,Wald + Wind,0.6366276628886702
Paderborn,PA-02,PA-01--PA-05,PA-05,Wald + Wind,0.3633723371113297
Paderborn,PA-02,PA-01--PA-05,PA-01,Vollstaendig,0.4603756549971504
Paderborn,PA-02,PA-01--PA-05,PA-05,Vollstaendig,0.5396243450028496
Paderborn,PA-02,PA-01--PA-06,PA-01,Gleichgewichtung,0.5
Paderborn,PA-02,PA-01--PA-06,PA-06,Gleichgewichtung,0.5
Paderborn,PA-02,PA-01--PA-06,PA-01,1/d^2,0.9717858216579746
Paderborn,PA-02,PA-01--PA-06,PA-06,1/d^2,0.0282141783420254
Paderborn,PA-02,PA-01--PA-06,PA-01,Wald + Wind,0.6514497533086359
Paderborn,PA-02,PA-01--PA-06,PA-06,Wald + Wind,0.3485502466913642
Paderborn,PA-02,PA-01--PA-06,PA-01,Vollstaendig,0.4864599380320968
Paderborn,PA-02,PA-01--PA-06,PA-06,Vollstaendig,0.5135400619679032
Paderborn,PA-02,PA-01--PA-07,PA-01,Gleichgewichtung,0.5
Paderborn,PA-02,PA-01--PA-07,PA-07,Gleichgewichtung,0.5
Paderborn,PA-02,PA-01--PA-07,PA-01,1/d^2,0.9676259695823372
Paderborn,PA-02,PA-01--PA-07,PA-07,1/d^2,0.0323740304176629
Paderborn,PA-02,PA-01--PA-07,PA-01,Wald + Wind,0.5951266753719509
Paderborn,PA-02,PA-01--PA-07,PA-07,Wald + Wind,0.4048733246280492
Paderborn,PA-02,PA-01--PA-07,PA-01,Vollstaendig,0.4382816397786648
Paderborn,PA-02,PA-01--PA-07,PA-07,Vollstaendig,0.561718360221335
Paderborn,PA-02,PA-01--PA-08,PA-01,Gleichgewichtung,0.5
Paderborn,PA-02,PA-01--PA-08,PA-08,Gleichgewichtung,0.5
Paderborn,PA-02,PA-01--PA-08,PA-01,1/d^2,0.9647558981441045
Paderborn,PA-02,PA-01--PA-08,PA-08,1/d^2,0.0352441018558958
Paderborn,PA-02,PA-01--PA-08,PA-01,Wald + Wind,0.6597009170848046
Paderborn,PA-02,PA-01--PA-08,PA-08,Wald + Wind,0.3402990829151954
Paderborn,PA-02,PA-01--PA-08,PA-01,Vollstaendig,0.4435536503759792
Paderborn,PA-02,PA-01--PA-08,PA-08,Vollstaendig,0.5564463496240208
Paderborn,PA-02,PA-01--PA-09,PA-01,Gleichgewichtung,0.5
Paderborn,PA-02,PA-01--PA-09,PA-09,Gleichgewichtung,0.5
Paderborn,PA-02,PA-01--PA-09,PA-01,1/d^2,0.9871121148992076
Paderborn,PA-02,PA-01--PA-09,PA-09,1/d^2,0.0128878851007923
Paderborn,PA-02,PA-01--PA-09,PA-01,Wald + Wind,0.6716822965546589
Paderborn,PA-02,PA-01--PA-09,PA-09,Wald + Wind,0.328317703445341
Paderborn,PA-02,PA-01--PA-09,PA-01,Vollstaendig,0.4268992258774887
Paderborn,PA-02,PA-01--PA-09,PA-09,Vollstaendig,0.5731007741225113
Paderborn,PA-02,PA-01--PA-10,PA-01,Gleichgewichtung,0.5
Paderborn,PA-02,PA-01--PA-10,PA-10,Gleichgewichtung,0.5
Paderborn,PA-02,PA-01--PA-10,PA-01,1/d^2,0.9823148355427216
Paderborn,PA-02,PA-01--PA-10,PA-10,1/d^2,0.0176851644572782
Paderborn,PA-02,PA-01--PA-10,PA-01,Wald + Wind,0.6372408729412038
Paderborn,PA-02,PA-01--PA-10,PA-10,Wald + Wind,0.3627591270587961
Paderborn,PA-02,PA-01--PA-10,PA-01,Vollstaendig,0.47053079610706
Paderborn,PA-02,PA-01--PA-10,PA-10,Vollstaendig,0.5294692038929399
Paderborn,PA-02,PA-01--PA-11,PA-01,Gleichgewichtung,0.5
Paderborn,PA-02,PA-01--PA-11,PA-11,Gleichgewichtung,0.5
Paderborn,PA-02,PA-01--PA-11,PA-01,1/d^2,0.9872554337464856
Paderborn,PA-02,PA-01--PA-11,PA-11,1/d^2,0.0127445662535143
Paderborn,PA-02,PA-01--PA-11,PA-01,Wald + Wind,0.5758428110504461
Paderborn,PA-02,PA-01--PA-11,PA-11,Wald + Wind,0.4241571889495539
Paderborn,PA-02,PA-01--PA-11,PA-01,Vollstaendig,0.3975372913451498
Paderborn,PA-02,PA-01--PA-11,PA-11,Vollstaendig,0.6024627086548501
Paderborn,PA-02,PA-01--PA-12,PA-01,Gleichgewichtung,0.5
Paderborn,PA-02,PA-01--PA-12,PA-12,Gleichgewichtung,0.5
Paderborn,PA-02,PA-01--PA-12,PA-01,1/d^2,0.9882970283292712
Paderborn,PA-02,PA-01--PA-12,PA-12,1/d^2,0.0117029716707288
Paderborn,PA-02,PA-01--PA-12,PA-01,Wald + Wind,0.4994150142890067
Paderborn,PA-02,PA-01--PA-12,PA-12,Wald + Wind,0.5005849857109933
Paderborn,PA-02,PA-01--PA-12,PA-01,Vollstaendig,0.3773580411012657
Paderborn,PA-02,PA-01--PA-12,PA-12,Vollstaendig,0.6226419588987343
Paderborn,PA-02,PA-03--PA-04,PA-03,Gleichgewichtung,0.5
Paderborn,PA-02,PA-03--PA-04,PA-04,Gleichgewichtung,0.5
Paderborn,PA-02,PA-03--PA-04,PA-03,1/d^2,0.6384830904870884
Paderborn,PA-02,PA-03--PA-04,PA-04,1/d^2,0.3615169095129115
Paderborn,PA-02,PA-03--PA-04,PA-03,Wald + Wind,0.3789571867637203
Paderborn,PA-02,PA-03--PA-04,PA-04,Wald + Wind,0.6210428132362797
Paderborn,PA-02,PA-03--PA-04,PA-03,Vollstaendig,0.5295267089465785
Paderborn,PA-02,PA-03--PA-04,PA-04,Vollstaendig,0.4704732910534214
Paderborn,PA-02,PA-03--PA-05,PA-03,Gleichgewichtung,0.5
Paderborn,PA-02,PA-03--PA-05,PA-05,Gleichgewichtung,0.5
Paderborn,PA-02,PA-03--PA-05,PA-03,1/d^2,0.7858702952257619
Paderborn,PA-02,PA-03--PA-05,PA-05,1/d^2,0.2141297047742381
Paderborn,PA-02,PA-03--PA-05,PA-03,Wald + Wind,0.5475499883057604
Paderborn,PA-02,PA-03--PA-05,PA-05,Wald + Wind,0.4524500116942395
Paderborn,PA-02,PA-03--PA-05,PA-03,Vollstaendig,0.5159744006213406
Paderborn,PA-02,PA-03--PA-05,PA-05,Vollstaendig,0.4840255993786593
Paderborn,PA-02,PA-03--PA-06,PA-03,Gleichgewichtung,0.5
Paderborn,PA-02,PA-03--PA-06,PA-06,Gleichgewichtung,0.5
Paderborn,PA-02,PA-03--PA-06,PA-03,1/d^2,0.8702641798035136
Paderborn,PA-02,PA-03--PA-06,PA-06,1/d^2,0.1297358201964863
Paderborn,PA-02,PA-03--PA-06,PA-03,Wald + Wind,0.5635143763720148
Paderborn,PA-02,PA-03--PA-06,PA-06,Wald + Wind,0.4364856236279852
Paderborn,PA-02,PA-03--PA-06,PA-03,Vollstaendig,0.5420445552521573
Paderborn,PA-02,PA-03--PA-06,PA-06,Vollstaendig,0.4579554447478426
Paderborn,PA-02,PA-03--PA-07,PA-03,Gleichgewichtung,0.5
Paderborn,PA-02,PA-03--PA-07,PA-07,Gleichgewichtung,0.5
Paderborn,PA-02,PA-03--PA-07,PA-03,1/d^2,0.8533942765410473
Paderborn,PA-02,PA-03--PA-07,PA-07,1/d^2,0.1466057234589528
Paderborn,PA-02,PA-03--PA-07,PA-03,Wald + Wind,0.5038048216884539
Paderborn,PA-02,PA-03--PA-07,PA-07,Wald + Wind,0.4961951783115461
Paderborn,PA-02,PA-03--PA-07,PA-03,Vollstaendig,0.493653073449283
Paderborn,PA-02,PA-03--PA-07,PA-07,Vollstaendig,0.506346926550717
Paderborn,PA-02,PA-03--PA-08,PA-03,Gleichgewichtung,0.5
Paderborn,PA-02,PA-03--PA-08,PA-08,Gleichgewichtung,0.5
Paderborn,PA-02,PA-03--PA-08,PA-03,1/d^2,0.842050244984587
Paderborn,PA-02,PA-03--PA-08,PA-08,1/d^2,0.1579497550154129
Paderborn,PA-02,PA-03--PA-08,PA-03,Wald + Wind,0.572481100806859
Paderborn,PA-02,PA-03--PA-08,PA-08,Wald + Wind,0.4275188991931409
Paderborn,PA-02,PA-03--PA-08,PA-03,Vollstaendig,0.4989994524798515
Paderborn,PA-02,PA-03--PA-08,PA-08,Vollstaendig,0.5010005475201484
Paderborn,PA-02,PA-03--PA-09,PA-03,Gleichgewichtung,0.5
Paderborn,PA-02,PA-03--PA-09,PA-09,Gleichgewichtung,0.5
Paderborn,PA-02,PA-03--PA-09,PA-03,1/d^2,0.9371729235693936
Paderborn,PA-02,PA-03--PA-09,PA-09,1/d^2,0.0628270764306064
Paderborn,PA-02,PA-03--PA-09,PA-03,Wald + Wind,0.5856043617277938
Paderborn,PA-02,PA-03--PA-09,PA-09,Wald + Wind,0.4143956382722062
Paderborn,PA-02,PA-03--PA-09,PA-03,Vollstaendig,0.4820667475321197
Paderborn,PA-02,PA-03--PA-09,PA-09,Vollstaendig,0.5179332524678802
Paderborn,PA-02,PA-03--PA-10,PA-03,Gleichgewichtung,0.5
Paderborn,PA-02,PA-03--PA-10,PA-10,Gleichgewichtung,0.5
Paderborn,PA-02,PA-03--PA-10,PA-03,1/d^2,0.9153802242323396
Paderborn,PA-02,PA-03--PA-10,PA-10,1/d^2,0.0846197757676603
Paderborn,PA-02,PA-03--PA-10,PA-03,Wald + Wind,0.5482068422850286
Paderborn,PA-02,PA-03--PA-10,PA-10,Wald + Wind,0.4517931577149713
Paderborn,PA-02,PA-03--PA-10,PA-03,Vollstaendig,0.5261601421744805
Paderborn,PA-02,PA-03--PA-10,PA-10,Vollstaendig,0.4738398578255195
Paderborn,PA-02,PA-03--PA-11,PA-03,Gleichgewichtung,0.5
Paderborn,PA-02,PA-03--PA-11,PA-11,Gleichgewichtung,0.5
Paderborn,PA-02,PA-03--PA-11,PA-03,1/d^2,0.937836614913324
Paderborn,PA-02,PA-03--PA-11,PA-11,1/d^2,0.0621633850866758
Paderborn,PA-02,PA-03--PA-11,PA-03,Wald + Wind,0.4839430602983209
Paderborn,PA-02,PA-03--PA-11,PA-11,Wald + Wind,0.5160569397016791
Paderborn,PA-02,PA-03--PA-11,PA-03,Vollstaendig,0.4519023802554338
Paderborn,PA-02,PA-03--PA-11,PA-11,Vollstaendig,0.5480976197445663
Paderborn,PA-02,PA-03--PA-12,PA-03,Gleichgewichtung,0.5
Paderborn,PA-02,PA-03--PA-12,PA-12,Gleichgewichtung,0.5
Paderborn,PA-02,PA-03--PA-12,PA-03,1/d^2,0.942682647523838
Paderborn,PA-02,PA-03--PA-12,PA-12,1/d^2,0.0573173524761621
Paderborn,PA-02,PA-03--PA-12,PA-03,Wald + Wind,0.4079804487514772
Paderborn,PA-02,PA-03--PA-12,PA-12,Wald + Wind,0.5920195512485227
Paderborn,PA-02,PA-03--PA-12,PA-03,Vollstaendig,0.4309374509762221
Paderborn,PA-02,PA-03--PA-12,PA-12,Vollstaendig,0.5690625490237778
Paderborn,PA-02,PA-04--PA-05,PA-04,Gleichgewichtung,0.5
Paderborn,PA-02,PA-04--PA-05,PA-05,Gleichgewichtung,0.5
Paderborn,PA-02,PA-04--PA-05,PA-04,1/d^2,0.6751175624567154
Paderborn,PA-02,PA-04--PA-05,PA-05,1/d^2,0.3248824375432846
Paderborn,PA-02,PA-04--PA-05,PA-04,Wald + Wind,0.6647987491338248
Paderborn,PA-02,PA-04--PA-05,PA-05,Wald + Wind,0.3352012508661753
Paderborn,PA-02,PA-04--PA-05,PA-04,Vollstaendig,0.4864220743938208
Paderborn,PA-02,PA-04--PA-05,PA-05,Vollstaendig,0.5135779256061793
Paderborn,PA-02,PA-04--PA-06,PA-04,Gleichgewichtung,0.5
Paderborn,PA-02,PA-04--PA-06,PA-06,Gleichgewichtung,0.5
Paderborn,PA-02,PA-04--PA-06,PA-04,1/d^2,0.7915856985516704
Paderborn,PA-02,PA-04--PA-06,PA-06,1/d^2,0.2084143014483296
Paderborn,PA-02,PA-04--PA-06,PA-04,Wald + Wind,0.6790510414901383
Paderborn,PA-02,PA-04--PA-06,PA-06,Wald + Wind,0.3209489585098618
Paderborn,PA-02,PA-04--PA-06,PA-04,Vollstaendig,0.5125803170069927
Paderborn,PA-02,PA-04--PA-06,PA-06,Vollstaendig,0.4874196829930073
Paderborn,PA-02,PA-04--PA-07,PA-04,Gleichgewichtung,0.5
Paderborn,PA-02,PA-04--PA-07,PA-07,Gleichgewichtung,0.5
Paderborn,PA-02,PA-04--PA-07,PA-04,1/d^2,0.7672215480545348
Paderborn,PA-02,PA-04--PA-07,PA-07,1/d^2,0.2327784519454653
Paderborn,PA-02,PA-04--PA-07,PA-04,Wald + Wind,0.6246180653585931
Paderborn,PA-02,PA-04--PA-07,PA-07,Wald + Wind,0.3753819346414069
Paderborn,PA-02,PA-04--PA-07,PA-04,Vollstaendig,0.4641532357896223
Paderborn,PA-02,PA-04--PA-07,PA-07,Vollstaendig,0.5358467642103776
Paderborn,PA-02,PA-04--PA-08,PA-04,Gleichgewichtung,0.5
Paderborn,PA-02,PA-04--PA-08,PA-08,Gleichgewichtung,0.5
Paderborn,PA-02,PA-04--PA-08,PA-04,1/d^2,0.7511539765840782
Paderborn,PA-02,PA-04--PA-08,PA-08,1/d^2,0.2488460234159218
Paderborn,PA-02,PA-04--PA-08,PA-04,Wald + Wind,0.6869627796001129
Paderborn,PA-02,PA-04--PA-08,PA-08,Wald + Wind,0.3130372203998872
Paderborn,PA-02,PA-04--PA-08,PA-04,Vollstaendig,0.4694763505587636
Paderborn,PA-02,PA-04--PA-08,PA-08,Vollstaendig,0.5305236494412364
Paderborn,PA-02,PA-04--PA-09,PA-04,Gleichgewichtung,0.5
Paderborn,PA-02,PA-04--PA-09,PA-09,Gleichgewichtung,0.5
Paderborn,PA-02,PA-04--PA-09,PA-04,1/d^2,0.8941353060368101
Paderborn,PA-02,PA-04--PA-09,PA-09,1/d^2,0.1058646939631899
Paderborn,PA-02,PA-04--PA-09,PA-04,Wald + Wind,0.6984230988411122
Paderborn,PA-02,PA-04--PA-09,PA-09,Wald + Wind,0.3015769011588878
Paderborn,PA-02,PA-04--PA-09,PA-04,Vollstaendig,0.4526403482084193
Paderborn,PA-02,PA-04--PA-09,PA-09,Vollstaendig,0.5473596517915805
Paderborn,PA-02,PA-04--PA-10,PA-04,Gleichgewichtung,0.5
Paderborn,PA-02,PA-04--PA-10,PA-10,Gleichgewichtung,0.5
Paderborn,PA-02,PA-04--PA-10,PA-04,1/d^2,0.8596498946507627
Paderborn,PA-02,PA-04--PA-10,PA-10,1/d^2,0.1403501053492374
Paderborn,PA-02,PA-04--PA-10,PA-04,Wald + Wind,0.6653894060482454
Paderborn,PA-02,PA-04--PA-10,PA-10,Wald + Wind,0.3346105939517547
Paderborn,PA-02,PA-04--PA-10,PA-04,Vollstaendig,0.4966229993372673
Paderborn,PA-02,PA-04--PA-10,PA-10,Vollstaendig,0.5033770006627328
Paderborn,PA-02,PA-04--PA-11,PA-04,Gleichgewichtung,0.5
Paderborn,PA-02,PA-04--PA-11,PA-11,Gleichgewichtung,0.5
Paderborn,PA-02,PA-04--PA-11,PA-04,1/d^2,0.8952027982003908
Paderborn,PA-02,PA-04--PA-11,PA-11,1/d^2,0.1047972017996092
Paderborn,PA-02,PA-04--PA-11,PA-04,Wald + Wind,0.6058084611656566
Paderborn,PA-02,PA-04--PA-11,PA-11,Wald + Wind,0.3941915388343434
Paderborn,PA-02,PA-04--PA-11,PA-04,Vollstaendig,0.4228141377696808
Paderborn,PA-02,PA-04--PA-11,PA-11,Vollstaendig,0.5771858622303192
Paderborn,PA-02,PA-04--PA-12,PA-04,Gleichgewichtung,0.5
Paderborn,PA-02,PA-04--PA-12,PA-12,Gleichgewichtung,0.5
Paderborn,PA-02,PA-04--PA-12,PA-04,1/d^2,0.903028754705932
Paderborn,PA-02,PA-04--PA-12,PA-12,1/d^2,0.0969712452940677
Paderborn,PA-02,PA-04--PA-12,PA-04,Wald + Wind,0.5303766391164104
Paderborn,PA-02,PA-04--PA-12,PA-12,Wald + Wind,0.4696233608835894
Paderborn,PA-02,PA-04--PA-12,PA-04,Vollstaendig,0.4022084045195552
Paderborn,PA-02,PA-04--PA-12,PA-12,Vollstaendig,0.5977915954804449
Paderborn,PA-02,PA-05--PA-06,PA-05,Gleichgewichtung,0.5
Paderborn,PA-02,PA-05--PA-06,PA-06,Gleichgewichtung,0.5
Paderborn,PA-02,PA-05--PA-06,PA-05,1/d^2,0.6463621899909544
Paderborn,PA-02,PA-05--PA-06,PA-06,1/d^2,0.3536378100090456
Paderborn,PA-02,PA-05--PA-06,PA-05,Wald + Wind,0.5161596030425021
Paderborn,PA-02,PA-05--PA-06,PA-06,Wald + Wind,0.4838403969574979
Paderborn,PA-02,PA-05--PA-06,PA-05,Vollstaendig,0.5261403819767263
Paderborn,PA-02,PA-05--PA-06,PA-06,Vollstaendig,0.4738596180232736
Paderborn,PA-02,PA-05--PA-07,PA-05,Gleichgewichtung,0.5
Paderborn,PA-02,PA-05--PA-07,PA-07,Gleichgewichtung,0.5
Paderborn,PA-02,PA-05--PA-07,PA-05,1/d^2,0.6133142269667092
Paderborn,PA-02,PA-05--PA-07,PA-07,1/d^2,0.3866857730332906
Paderborn,PA-02,PA-05--PA-07,PA-05,Wald + Wind,0.4562231530895158
Paderborn,PA-02,PA-05--PA-07,PA-07,Wald + Wind,0.5437768469104842
Paderborn,PA-02,PA-05--PA-07,PA-05,Vollstaendig,0.4776877216480608
Paderborn,PA-02,PA-05--PA-07,PA-07,Vollstaendig,0.5223122783519392
Paderborn,PA-02,PA-05--PA-08,PA-05,Gleichgewichtung,0.5
Paderborn,PA-02,PA-05--PA-08,PA-08,Gleichgewichtung,0.5
Paderborn,PA-02,PA-05--PA-08,PA-05,1/d^2,0.5922689028654503
Paderborn,PA-02,PA-05--PA-08,PA-08,1/d^2,0.4077310971345497
Paderborn,PA-02,PA-05--PA-08,PA-05,Wald + Wind,0.5252796147928006
Paderborn,PA-02,PA-05--PA-08,PA-08,Wald + Wind,0.4747203852071993
Paderborn,PA-02,PA-05--PA-08,PA-05,Vollstaendig,0.4830261370414933
Paderborn,PA-02,PA-05--PA-08,PA-08,Vollstaendig,0.5169738629585067
Paderborn,PA-02,PA-05--PA-09,PA-05,Gleichgewichtung,0.5
Paderborn,PA-02,PA-05--PA-09,PA-09,Gleichgewichtung,0.5
Paderborn,PA-02,PA-05--PA-09,PA-05,1/d^2,0.8025441493657446
Paderborn,PA-02,PA-05--PA-09,PA-09,1/d^2,0.1974558506342552
Paderborn,PA-02,PA-05--PA-09,PA-05,Wald + Wind,0.5386842279164037
Paderborn,PA-02,PA-05--PA-09,PA-09,Wald + Wind,0.4613157720835963
Paderborn,PA-02,PA-05--PA-09,PA-05,Vollstaendig,0.4661311569415839
Paderborn,PA-02,PA-05--PA-09,PA-09,Vollstaendig,0.533868843058416
Paderborn,PA-02,PA-05--PA-10,PA-05,Gleichgewichtung,0.5
Paderborn,PA-02,PA-05--PA-10,PA-10,Gleichgewichtung,0.5
Paderborn,PA-02,PA-05--PA-10,PA-05,1/d^2,0.7466759325412482
Paderborn,PA-02,PA-05--PA-10,PA-10,1/d^2,0.2533240674587517
Paderborn,PA-02,PA-05--PA-10,PA-05,Wald + Wind,0.5006629323657891
Paderborn,PA-02,PA-05--PA-10,PA-10,Wald + Wind,0.4993370676342108
Paderborn,PA-02,PA-05--PA-10,PA-05,Vollstaendig,0.5102027962449894
Paderborn,PA-02,PA-05--PA-10,PA-10,Vollstaendig,0.4897972037550105
Paderborn,PA-02,PA-05--PA-11,PA-05,Gleichgewichtung,0.5
Paderborn,PA-02,PA-05--PA-11,PA-11,Gleichgewichtung,0.5
Paderborn,PA-02,PA-05--PA-11,PA-05,1/d^2,0.8043330988000721
Paderborn,PA-02,PA-05--PA-11,PA-11,1/d^2,0.1956669011999278
Paderborn,PA-02,PA-05--PA-11,PA-05,Wald + Wind,0.4365867379452851
Paderborn,PA-02,PA-05--PA-11,PA-11,Wald + Wind,0.563413262054715
Paderborn,PA-02,PA-05--PA-11,PA-05,Vollstaendig,0.4361242902954841
Paderborn,PA-02,PA-05--PA-11,PA-11,Vollstaendig,0.5638757097045157
Paderborn,PA-02,PA-05--PA-12,PA-05,Gleichgewichtung,0.5
Paderborn,PA-02,PA-05--PA-12,PA-12,Gleichgewichtung,0.5
Paderborn,PA-02,PA-05--PA-12,PA-05,1/d^2,0.8175620140941541
Paderborn,PA-02,PA-05--PA-12,PA-12,1/d^2,0.1824379859058459
Paderborn,PA-02,PA-05--PA-12,PA-05,Wald + Wind,0.3628312043907712
Paderborn,PA-02,PA-05--PA-12,PA-12,Wald + Wind,0.6371687956092287
Paderborn,PA-02,PA-05--PA-12,PA-05,Vollstaendig,0.4153366638413296
Paderborn,PA-02,PA-05--PA-12,PA-12,Vollstaendig,0.5846633361586704
Paderborn,PA-02,PA-06--PA-07,PA-06,Gleichgewichtung,0.5
Paderborn,PA-02,PA-06--PA-07,PA-07,Gleichgewichtung,0.5
Paderborn,PA-02,PA-06--PA-07,PA-06,1/d^2,0.4646038692101938
Paderborn,PA-02,PA-06--PA-07,PA-07,1/d^2,0.5353961307898062
Paderborn,PA-02,PA-06--PA-07,PA-06,Wald + Wind,0.4402326716165267
Paderborn,PA-02,PA-06--PA-07,PA-07,Wald + Wind,0.5597673283834733
Paderborn,PA-02,PA-06--PA-07,PA-06,Vollstaendig,0.4516601169045537
Paderborn,PA-02,PA-06--PA-07,PA-07,Vollstaendig,0.5483398830954463
Paderborn,PA-02,PA-06--PA-08,PA-06,Gleichgewichtung,0.5
Paderborn,PA-02,PA-06--PA-08,PA-08,Gleichgewichtung,0.5
Paderborn,PA-02,PA-06--PA-08,PA-06,1/d^2,0.4428178041470324
Paderborn,PA-02,PA-06--PA-08,PA-08,1/d^2,0.5571821958529677
Paderborn,PA-02,PA-06--PA-08,PA-06,Wald + Wind,0.5091349385519462
Paderborn,PA-02,PA-06--PA-08,PA-08,Wald + Wind,0.4908650614480537
Paderborn,PA-02,PA-06--PA-08,PA-06,Vollstaendig,0.4569621392215236
Paderborn,PA-02,PA-06--PA-08,PA-08,Vollstaendig,0.5430378607784763
Paderborn,PA-02,PA-06--PA-09,PA-06,Gleichgewichtung,0.5
Paderborn,PA-02,PA-06--PA-09,PA-09,Gleichgewichtung,0.5
Paderborn,PA-02,PA-06--PA-09,PA-06,1/d^2,0.6898001373240675
Paderborn,PA-02,PA-06--PA-09,PA-09,1/d^2,0.3101998626759324
Paderborn,PA-02,PA-06--PA-09,PA-06,Wald + Wind,0.5225810885939243
Paderborn,PA-02,PA-06--PA-09,PA-09,Wald + Wind,0.4774189114060758
Paderborn,PA-02,PA-06--PA-09,PA-06,Vollstaendig,0.4402025403715636
Paderborn,PA-02,PA-06--PA-09,PA-09,Vollstaendig,0.5597974596284364
Paderborn,PA-02,PA-06--PA-10,PA-06,Gleichgewichtung,0.5
Paderborn,PA-02,PA-06--PA-10,PA-10,Gleichgewichtung,0.5
Paderborn,PA-02,PA-06--PA-10,PA-06,1/d^2,0.6172459471908809
Paderborn,PA-02,PA-06--PA-10,PA-10,1/d^2,0.3827540528091191
Paderborn,PA-02,PA-06--PA-10,PA-06,Wald + Wind,0.484502665248615
Paderborn,PA-02,PA-06--PA-10,PA-10,Wald + Wind,0.5154973347513849
Paderborn,PA-02,PA-06--PA-10,PA-06,Vollstaendig,0.4840453935756069
Paderborn,PA-02,PA-06--PA-10,PA-10,Vollstaendig,0.515954606424393
Paderborn,PA-02,PA-06--PA-11,PA-06,Gleichgewichtung,0.5
Paderborn,PA-02,PA-06--PA-11,PA-11,Gleichgewichtung,0.5
Paderborn,PA-02,PA-06--PA-11,PA-06,1/d^2,0.6922188100974652
Paderborn,PA-02,PA-06--PA-11,PA-11,1/d^2,0.3077811899025348
Paderborn,PA-02,PA-06--PA-11,PA-06,Wald + Wind,0.4207519672453287
Paderborn,PA-02,PA-06--PA-11,PA-11,Wald + Wind,0.5792480327546714
Paderborn,PA-02,PA-06--PA-11,PA-06,Vollstaendig,0.4105811317359693
Paderborn,PA-02,PA-06--PA-11,PA-11,Vollstaendig,0.5894188682640308
Paderborn,PA-02,PA-06--PA-12,PA-06,Gleichgewichtung,0.5
Paderborn,PA-02,PA-06--PA-12,PA-12,Gleichgewichtung,0.5
Paderborn,PA-02,PA-06--PA-12,PA-06,1/d^2,0.7102975670016201
Paderborn,PA-02,PA-06--PA-12,PA-12,1/d^2,0.28970243299838
Paderborn,PA-02,PA-06--PA-12,PA-06,Wald + Wind,0.3480191205368674
Paderborn,PA-02,PA-06--PA-12,PA-12,Wald + Wind,0.6519808794631325
Paderborn,PA-02,PA-06--PA-12,PA-06,Vollstaendig,0.3901685676711199
Paderborn,PA-02,PA-06--PA-12,PA-12,Vollstaendig,0.60983143232888
Paderborn,PA-02,PA-07--PA-08,PA-07,Gleichgewichtung,0.5
Paderborn,PA-02,PA-07--PA-08,PA-08,Gleichgewichtung,0.5
Paderborn,PA-02,PA-07--PA-08,PA-07,1/d^2,0.4780361128036847
Paderborn,PA-02,PA-07--PA-08,PA-08,1/d^2,0.5219638871963151
Paderborn,PA-02,PA-07--PA-08,PA-07,Wald + Wind,0.5687521203150443
Paderborn,PA-02,PA-07--PA-08,PA-08,Wald + Wind,0.4312478796849556
Paderborn,PA-02,PA-07--PA-08,PA-07,Vollstaendig,0.5053465148406346
Paderborn,PA-02,PA-07--PA-08,PA-08,Vollstaendig,0.4946534851593654
Paderborn,PA-02,PA-07--PA-09,PA-07,Gleichgewichtung,0.5
Paderborn,PA-02,PA-07--PA-09,PA-09,Gleichgewichtung,0.5
Paderborn,PA-02,PA-07--PA-09,PA-07,1/d^2,0.7193029910431518
Paderborn,PA-02,PA-07--PA-09,PA-09,1/d^2,0.2806970089568482
Paderborn,PA-02,PA-07--PA-09,PA-07,Wald + Wind,0.581906250560008
Paderborn,PA-02,PA-07--PA-09,PA-09,Wald + Wind,0.418093749439992
Paderborn,PA-02,PA-07--PA-09,PA-07,Vollstaendig,0.4884083966095989
Paderborn,PA-02,PA-07--PA-09,PA-09,Vollstaendig,0.5115916033904011
Paderborn,PA-02,PA-07--PA-10,PA-07,Gleichgewichtung,0.5
Paderborn,PA-02,PA-07--PA-10,PA-10,Gleichgewichtung,0.5
Paderborn,PA-02,PA-07--PA-10,PA-07,1/d^2,0.6501495634666975
Paderborn,PA-02,PA-07--PA-10,PA-10,1/d^2,0.3498504365333024
Paderborn,PA-02,PA-07--PA-10,PA-07,Wald + Wind,0.5444346211119526
Paderborn,PA-02,PA-07--PA-10,PA-10,Wald + Wind,0.4555653788880472
Paderborn,PA-02,PA-07--PA-10,PA-07,Vollstaendig,0.5324854936144335
Paderborn,PA-02,PA-07--PA-10,PA-10,Vollstaendig,0.4675145063855664
Paderborn,PA-02,PA-07--PA-11,PA-07,Gleichgewichtung,0.5
Paderborn,PA-02,PA-07--PA-11,PA-11,Gleichgewichtung,0.5
Paderborn,PA-02,PA-07--PA-11,PA-07,1/d^2,0.7215844732324038
Paderborn,PA-02,PA-07--PA-11,PA-11,1/d^2,0.2784155267675962
Paderborn,PA-02,PA-07--PA-11,PA-07,Wald + Wind,0.4801430911453383
Paderborn,PA-02,PA-07--PA-11,PA-11,Wald + Wind,0.5198569088546617
Paderborn,PA-02,PA-07--PA-11,PA-07,Vollstaendig,0.4581982631969652
Paderborn,PA-02,PA-07--PA-11,PA-11,Vollstaendig,0.5418017368030348
Paderborn,PA-02,PA-07--PA-12,PA-07,Gleichgewichtung,0.5
Paderborn,PA-02,PA-07--PA-12,PA-12,Gleichgewichtung,0.5
Paderborn,PA-02,PA-07--PA-12,PA-07,1/d^2,0.7385897174084931
Paderborn,PA-02,PA-07--PA-12,PA-12,1/d^2,0.2614102825915069
Paderborn,PA-02,PA-07--PA-12,PA-07,Wald + Wind,0.4043096387286643
Paderborn,PA-02,PA-07--PA-12,PA-12,Wald + Wind,0.5956903612713356
Paderborn,PA-02,PA-07--PA-12,PA-07,Vollstaendig,0.4371742225969689
Paderborn,PA-02,PA-07--PA-12,PA-12,Vollstaendig,0.5628257774030312
Paderborn,PA-02,PA-08--PA-09,PA-08,Gleichgewichtung,0.5
Paderborn,PA-02,PA-08--PA-09,PA-09,Gleichgewichtung,0.5
Paderborn,PA-02,PA-08--PA-09,PA-08,1/d^2,0.7367062623218783
Paderborn,PA-02,PA-08--PA-09,PA-09,1/d^2,0.2632937376781217
Paderborn,PA-02,PA-08--PA-09,PA-08,Wald + Wind,0.5134572537219705
Paderborn,PA-02,PA-08--PA-09,PA-09,Wald + Wind,0.4865427462780295
Paderborn,PA-02,PA-08--PA-09,PA-08,Vollstaendig,0.4830660796661095
Paderborn,PA-02,PA-08--PA-09,PA-09,Vollstaendig,0.5169339203338906
Paderborn,PA-02,PA-08--PA-10,PA-08,Gleichgewichtung,0.5
Paderborn,PA-02,PA-08--PA-10,PA-10,Gleichgewichtung,0.5
Paderborn,PA-02,PA-08--PA-10,PA-08,1/d^2,0.6698725812137027
Paderborn,PA-02,PA-08--PA-10,PA-10,1/d^2,0.3301274187862973
Paderborn,PA-02,PA-08--PA-10,PA-08,Wald + Wind,0.4753816672904565
Paderborn,PA-02,PA-08--PA-10,PA-10,Wald + Wind,0.5246183327095435
Paderborn,PA-02,PA-08--PA-10,PA-08,Vollstaendig,0.5271578463261951
Paderborn,PA-02,PA-08--PA-10,PA-10,Vollstaendig,0.4728421536738049
Paderborn,PA-02,PA-08--PA-11,PA-08,Gleichgewichtung,0.5
Paderborn,PA-02,PA-08--PA-11,PA-11,Gleichgewichtung,0.5
Paderborn,PA-02,PA-08--PA-11,PA-08,1/d^2,0.7388976384505056
Paderborn,PA-02,PA-08--PA-11,PA-11,1/d^2,0.2611023615494944
Paderborn,PA-02,PA-08--PA-11,PA-08,Wald + Wind,0.4118722206247551
Paderborn,PA-02,PA-08--PA-11,PA-11,Wald + Wind,0.5881277793752449
Paderborn,PA-02,PA-08--PA-11,PA-08,Vollstaendig,0.4528938600407019
Paderborn,PA-02,PA-08--PA-11,PA-11,Vollstaendig,0.5471061399592981
Paderborn,PA-02,PA-08--PA-12,PA-08,Gleichgewichtung,0.5
Paderborn,PA-02,PA-08--PA-12,PA-12,Gleichgewichtung,0.5
Paderborn,PA-02,PA-08--PA-12,PA-08,1/d^2,0.755204160320284
Paderborn,PA-02,PA-08--PA-12,PA-12,1/d^2,0.244795839679716
Paderborn,PA-02,PA-08--PA-12,PA-08,Wald + Wind,0.3397739722316463
Paderborn,PA-02,PA-08--PA-12,PA-12,Wald + Wind,0.6602260277683536
Paderborn,PA-02,PA-08--PA-12,PA-08,Vollstaendig,0.4319191808593353
Paderborn,PA-02,PA-08--PA-12,PA-12,Vollstaendig,0.5680808191406647
Paderborn,PA-02,PA-09--PA-10,PA-09,Gleichgewichtung,0.5
Paderborn,PA-02,PA-09--PA-10,PA-10,Gleichgewichtung,0.5
Paderborn,PA-02,PA-09--PA-10,PA-09,1/d^2,0.4203564869014069
Paderborn,PA-02,PA-09--PA-10,PA-10,1/d^2,0.5796435130985931
Paderborn,PA-02,PA-09--PA-10,PA-09,Wald + Wind,0.4619748038206955
Paderborn,PA-02,PA-09--PA-10,PA-10,Wald + Wind,0.5380251961793044
Paderborn,PA-02,PA-09--PA-10,PA-09,Vollstaendig,0.5440108063513271
Paderborn,PA-02,PA-09--PA-10,PA-10,Vollstaendig,0.4559891936486728
Paderborn,PA-02,PA-09--PA-11,PA-09,Gleichgewichtung,0.5
Paderborn,PA-02,PA-09--PA-11,PA-11,Gleichgewichtung,0.5
Paderborn,PA-02,PA-09--PA-11,PA-09,1/d^2,0.5028319461059233
Paderborn,PA-02,PA-09--PA-11,PA-11,1/d^2,0.4971680538940767
Paderborn,PA-02,PA-09--PA-11,PA-09,Wald + Wind,0.3988945939178332
Paderborn,PA-02,PA-09--PA-11,PA-11,Wald + Wind,0.6011054060821668
Paderborn,PA-02,PA-09--PA-11,PA-09,Vollstaendig,0.4697311997010504
Paderborn,PA-02,PA-09--PA-11,PA-11,Vollstaendig,0.5302688002989496
Paderborn,PA-02,PA-09--PA-12,PA-09,Gleichgewichtung,0.5
Paderborn,PA-02,PA-09--PA-12,PA-12,Gleichgewichtung,0.5
Paderborn,PA-02,PA-09--PA-12,PA-09,1/d^2,0.5243917718855793
Paderborn,PA-02,PA-09--PA-12,PA-12,1/d^2,0.4756082281144207
Paderborn,PA-02,PA-09--PA-12,PA-09,Wald + Wind,0.327801894321637
Paderborn,PA-02,PA-09--PA-12,PA-12,Wald + Wind,0.672198105678363
Paderborn,PA-02,PA-09--PA-12,PA-09,Vollstaendig,0.4486161445091835
Paderborn,PA-02,PA-09--PA-12,PA-12,Vollstaendig,0.5513838554908166
Paderborn,PA-02,PA-10--PA-11,PA-10,Gleichgewichtung,0.5
Paderborn,PA-02,PA-10--PA-11,PA-11,Gleichgewichtung,0.5
Paderborn,PA-02,PA-10--PA-11,PA-10,1/d^2,0.5824011181890203
Paderborn,PA-02,PA-10--PA-11,PA-11,1/d^2,0.4175988818109797
Paderborn,PA-02,PA-10--PA-11,PA-10,Wald + Wind,0.4359345784886201
Paderborn,PA-02,PA-10--PA-11,PA-11,Wald + Wind,0.5640654215113798
Paderborn,PA-02,PA-10--PA-11,PA-10,Vollstaendig,0.4261141030137373
Paderborn,PA-02,PA-10--PA-11,PA-11,Vollstaendig,0.5738858969862628
Paderborn,PA-02,PA-10--PA-12,PA-10,Gleichgewichtung,0.5
Paderborn,PA-02,PA-10--PA-12,PA-12,Gleichgewichtung,0.5
Paderborn,PA-02,PA-10--PA-12,PA-10,1/d^2,0.603233103316583
Paderborn,PA-02,PA-10--PA-12,PA-12,1/d^2,0.396766896683417
Paderborn,PA-02,PA-10--PA-12,PA-10,Wald + Wind,0.3622183879558107
Paderborn,PA-02,PA-10--PA-12,PA-12,Wald + Wind,0.6377816120441893
Paderborn,PA-02,PA-10--PA-12,PA-10,Vollstaendig,0.4054605214494629
Paderborn,PA-02,PA-10--PA-12,PA-12,Vollstaendig,0.5945394785505371
Paderborn,PA-02,PA-11--PA-12,PA-11,Gleichgewichtung,0.5
Paderborn,PA-02,PA-11--PA-12,PA-12,Gleichgewichtung,0.5
Paderborn,PA-02,PA-11--PA-12,PA-11,1/d^2,0.5215657845080001
Paderborn,PA-02,PA-11--PA-12,PA-12,1/d^2,0.4784342154919999
Paderborn,PA-02,PA-11--PA-12,PA-11,Wald + Wind,0.4235857643081421
Paderborn,PA-02,PA-11--PA-12,PA-12,Wald + Wind,0.5764142356918578
Paderborn,PA-02,PA-11--PA-12,PA-11,Vollstaendig,0.4787527591223528
Paderborn,PA-02,PA-11--PA-12,PA-12,Vollstaendig,0.5212472408776473
Paderborn,PA-03,PA-01--PA-02,PA-01,Gleichgewichtung,0.5
Paderborn,PA-03,PA-01--PA-02,PA-02,Gleichgewichtung,0.5
Paderborn,PA-03,PA-01--PA-02,PA-01,1/d^2,0.4759936916543613
Paderborn,PA-03,PA-01--PA-02,PA-02,1/d^2,0.5240063083456387
Paderborn,PA-03,PA-01--PA-02,PA-01,Wald + Wind,0.6759420236948953
Paderborn,PA-03,PA-01--PA-02,PA-02,Wald + Wind,0.3240579763051045
Paderborn,PA-03,PA-01--PA-02,PA-01,Vollstaendig,0.5157900115763104
Paderborn,PA-03,PA-01--PA-02,PA-02,Vollstaendig,0.4842099884236895
Paderborn,PA-03,PA-01--PA-04,PA-01,Gleichgewichtung,0.5
Paderborn,PA-03,PA-01--PA-04,PA-04,Gleichgewichtung,0.5
Paderborn,PA-03,PA-01--PA-04,PA-01,1/d^2,0.2661093883324161
Paderborn,PA-03,PA-01--PA-04,PA-04,1/d^2,0.733890611667584
Paderborn,PA-03,PA-01--PA-04,PA-01,Wald + Wind,0.3995061718629097
Paderborn,PA-03,PA-01--PA-04,PA-04,Wald + Wind,0.6004938281370903
Paderborn,PA-03,PA-01--PA-04,PA-01,Vollstaendig,0.459342099605117
Paderborn,PA-03,PA-01--PA-04,PA-04,Vollstaendig,0.540657900394883
Paderborn,PA-03,PA-01--PA-05,PA-01,Gleichgewichtung,0.5
Paderborn,PA-03,PA-01--PA-05,PA-05,Gleichgewichtung,0.5
Paderborn,PA-03,PA-01--PA-05,PA-01,1/d^2,0.4667020464505526
Paderborn,PA-03,PA-01--PA-05,PA-05,1/d^2,0.5332979535494474
Paderborn,PA-03,PA-01--PA-05,PA-01,Wald + Wind,0.3760182919387211
Paderborn,PA-03,PA-01--PA-05,PA-05,Wald + Wind,0.623981708061279
Paderborn,PA-03,PA-01--PA-05,PA-01,Vollstaendig,0.4253869250491119
Paderborn,PA-03,PA-01--PA-05,PA-05,Vollstaendig,0.5746130749508881
Paderborn,PA-03,PA-01--PA-06,PA-01,Gleichgewichtung,0.5
Paderborn,PA-03,PA-01--PA-06,PA-06,Gleichgewichtung,0.5
Paderborn,PA-03,PA-01--PA-06,PA-01,1/d^2,0.7294898854207293
Paderborn,PA-03,PA-01--PA-06,PA-06,1/d^2,0.2705101145792706
Paderborn,PA-03,PA-01--PA-06,PA-01,Wald + Wind,0.3764207224003374
Paderborn,PA-03,PA-01--PA-06,PA-06,Wald + Wind,0.6235792775996625
Paderborn,PA-03,PA-01--PA-06,PA-01,Vollstaendig,0.4453110187376144
Paderborn,PA-03,PA-01--PA-06,PA-06,Vollstaendig,0.5546889812623856
Paderborn,PA-03,PA-01--PA-07,PA-01,Gleichgewichtung,0.5
Paderborn,PA-03,PA-01--PA-07,PA-07,Gleichgewichtung,0.5
Paderborn,PA-03,PA-01--PA-07,PA-01,1/d^2,0.6565429770589312
Paderborn,PA-03,PA-01--PA-07,PA-07,1/d^2,0.3434570229410688
Paderborn,PA-03,PA-01--PA-07,PA-01,Wald + Wind,0.3794550857156079
Paderborn,PA-03,PA-01--PA-07,PA-07,Wald + Wind,0.6205449142843921
Paderborn,PA-03,PA-01--PA-07,PA-01,Vollstaendig,0.4143240756186092
Paderborn,PA-03,PA-01--PA-07,PA-07,Vollstaendig,0.5856759243813907
Paderborn,PA-03,PA-01--PA-08,PA-01,Gleichgewichtung,0.5
Paderborn,PA-03,PA-01--PA-08,PA-08,Gleichgewichtung,0.5
Paderborn,PA-03,PA-01--PA-08,PA-01,1/d^2,0.6107815148654514
Paderborn,PA-03,PA-01--PA-08,PA-08,1/d^2,0.3892184851345486
Paderborn,PA-03,PA-01--PA-08,PA-01,Wald + Wind,0.3278660807986407
Paderborn,PA-03,PA-01--PA-08,PA-08,Wald + Wind,0.6721339192013592
Paderborn,PA-03,PA-01--PA-08,PA-01,Vollstaendig,0.391462542155286
Paderborn,PA-03,PA-01--PA-08,PA-08,Vollstaendig,0.608537457844714
Paderborn,PA-03,PA-01--PA-09,PA-01,Gleichgewichtung,0.5
Paderborn,PA-03,PA-01--PA-09,PA-09,Gleichgewichtung,0.5
Paderborn,PA-03,PA-01--PA-09,PA-01,1/d^2,0.8924784961122005
Paderborn,PA-03,PA-01--PA-09,PA-09,1/d^2,0.1075215038877994
Paderborn,PA-03,PA-01--PA-09,PA-01,Wald + Wind,0.4127047606773678
Paderborn,PA-03,PA-01--PA-09,PA-09,Wald + Wind,0.5872952393226322
Paderborn,PA-03,PA-01--PA-09,PA-01,Vollstaendig,0.4099909714385211
Paderborn,PA-03,PA-01--PA-09,PA-09,Vollstaendig,0.5900090285614789
Paderborn,PA-03,PA-01--PA-10,PA-01,Gleichgewichtung,0.5
Paderborn,PA-03,PA-01--PA-10,PA-10,Gleichgewichtung,0.5
Paderborn,PA-03,PA-01--PA-10,PA-01,1/d^2,0.8342628198992844
Paderborn,PA-03,PA-01--PA-10,PA-10,1/d^2,0.1657371801007156
Paderborn,PA-03,PA-01--PA-10,PA-01,Wald + Wind,0.4837253978406377
Paderborn,PA-03,PA-01--PA-10,PA-10,Wald + Wind,0.5162746021593624
Paderborn,PA-03,PA-01--PA-10,PA-01,Vollstaendig,0.4404938584860463
Paderborn,PA-03,PA-01--PA-10,PA-10,Vollstaendig,0.5595061415139536
Paderborn,PA-03,PA-01--PA-11,PA-01,Gleichgewichtung,0.5
Paderborn,PA-03,PA-01--PA-11,PA-11,Gleichgewichtung,0.5
Paderborn,PA-03,PA-01--PA-11,PA-01,1/d^2,0.8858730641113546
Paderborn,PA-03,PA-01--PA-11,PA-11,1/d^2,0.1141269358886453
Paderborn,PA-03,PA-01--PA-11,PA-01,Wald + Wind,0.535289118635028
Paderborn,PA-03,PA-01--PA-11,PA-11,Wald + Wind,0.464710881364972
Paderborn,PA-03,PA-01--PA-11,PA-01,Vollstaendig,0.4502742370235582
Paderborn,PA-03,PA-01--PA-11,PA-11,Vollstaendig,0.5497257629764418
Paderborn,PA-03,PA-01--PA-12,PA-01,Gleichgewichtung,0.5
Paderborn,PA-03,PA-01--PA-12,PA-12,Gleichgewichtung,0.5
Paderborn,PA-03,PA-01--PA-12,PA-01,1/d^2,0.8978501696584237
Paderborn,PA-03,PA-01--PA-12,PA-12,1/d^2,0.1021498303415763
Paderborn,PA-03,PA-01--PA-12,PA-01,Wald + Wind,0.6446819164303843
Paderborn,PA-03,PA-01--PA-12,PA-12,Wald + Wind,0.3553180835696157
Paderborn,PA-03,PA-01--PA-12,PA-01,Vollstaendig,0.4724967249324261
Paderborn,PA-03,PA-01--PA-12,PA-12,Vollstaendig,0.5275032750675739
Paderborn,PA-03,PA-02--PA-04,PA-02,Gleichgewichtung,0.5
Paderborn,PA-03,PA-02--PA-04,PA-04,Gleichgewichtung,0.5
Paderborn,PA-03,PA-02--PA-04,PA-02,1/d^2,0.2852935177888042
Paderborn,PA-03,PA-02--PA-04,PA-04,1/d^2,0.7147064822111959
Paderborn,PA-03,PA-02--PA-04,PA-02,Wald + Wind,0.2418235124278401
Paderborn,PA-03,PA-02--PA-04,PA-04,Wald + Wind,0.7581764875721599
Paderborn,PA-03,PA-02--PA-04,PA-02,Vollstaendig,0.4436966724331201
Paderborn,PA-03,PA-02--PA-04,PA-04,Vollstaendig,0.5563033275668798
Paderborn,PA-03,PA-02--PA-05,PA-02,Gleichgewichtung,0.5
Paderborn,PA-03,PA-02--PA-05,PA-05,Gleichgewichtung,0.5
Paderborn,PA-03,PA-02--PA-05,PA-02,1/d^2,0.4906785499839965
Paderborn,PA-03,PA-02--PA-05,PA-05,1/d^2,0.5093214500160035
Paderborn,PA-03,PA-02--PA-05,PA-02,Wald + Wind,0.2241457565936692
Paderborn,PA-03,PA-02--PA-05,PA-05,Wald + Wind,0.7758542434063307
Paderborn,PA-03,PA-02--PA-05,PA-02,Vollstaendig,0.4100209456393079
Paderborn,PA-03,PA-02--PA-05,PA-05,Vollstaendig,0.5899790543606922
Paderborn,PA-03,PA-02--PA-06,PA-02,Gleichgewichtung,0.5
Paderborn,PA-03,PA-02--PA-06,PA-06,Gleichgewichtung,0.5
Paderborn,PA-03,PA-02--PA-06,PA-02,1/d^2,0.7480303926960005
Paderborn,PA-03,PA-02--PA-06,PA-06,1/d^2,0.2519696073039996
Paderborn,PA-03,PA-02--PA-06,PA-02,Wald + Wind,0.2244441119374444
Paderborn,PA-03,PA-02--PA-06,PA-06,Wald + Wind,0.7755558880625556
Paderborn,PA-03,PA-02--PA-06,PA-02,Vollstaendig,0.4297636147745849
Paderborn,PA-03,PA-02--PA-06,PA-06,Vollstaendig,0.5702363852254151
Paderborn,PA-03,PA-02--PA-07,PA-02,Gleichgewichtung,0.5
Paderborn,PA-03,PA-02--PA-07,PA-07,Gleichgewichtung,0.5
Paderborn,PA-03,PA-02--PA-07,PA-02,1/d^2,0.6778754481658411
Paderborn,PA-03,PA-02--PA-07,PA-07,1/d^2,0.3221245518341589
Paderborn,PA-03,PA-02--PA-07,PA-02,Wald + Wind,0.2266987548092308
Paderborn,PA-03,PA-02--PA-07,PA-07,Wald + Wind,0.7733012451907691
Paderborn,PA-03,PA-02--PA-07,PA-02,Vollstaendig,0.3990801710435718
Paderborn,PA-03,PA-02--PA-07,PA-07,Vollstaendig,0.6009198289564281
Paderborn,PA-03,PA-02--PA-08,PA-02,Gleichgewichtung,0.5
Paderborn,PA-03,PA-02--PA-08,PA-08,Gleichgewichtung,0.5
Paderborn,PA-03,PA-02--PA-08,PA-02,1/d^2,0.6333690669737688
Paderborn,PA-03,PA-02--PA-08,PA-08,1/d^2,0.3666309330262312
Paderborn,PA-03,PA-02--PA-08,PA-02,Wald + Wind,0.1895345718776803
Paderborn,PA-03,PA-02--PA-08,PA-08,Wald + Wind,0.8104654281223197
Paderborn,PA-03,PA-02--PA-08,PA-02,Vollstaendig,0.376519021195907
Paderborn,PA-03,PA-02--PA-08,PA-08,Vollstaendig,0.623480978804093
Paderborn,PA-03,PA-02--PA-09,PA-02,Gleichgewichtung,0.5
Paderborn,PA-03,PA-02--PA-09,PA-09,Gleichgewichtung,0.5
Paderborn,PA-03,PA-02--PA-09,PA-02,1/d^2,0.90135847094847
Paderborn,PA-03,PA-02--PA-09,PA-09,1/d^2,0.0986415290515299
Paderborn,PA-03,PA-02--PA-09,PA-02,Wald + Wind,0.2519988382143096
Paderborn,PA-03,PA-02--PA-09,PA-09,Wald + Wind,0.7480011617856904
Paderborn,PA-03,PA-02--PA-09,PA-02,Vollstaendig,0.3947990247148069
Paderborn,PA-03,PA-02--PA-09,PA-09,Vollstaendig,0.6052009752851931
Paderborn,PA-03,PA-02--PA-10,PA-02,Gleichgewichtung,0.5
Paderborn,PA-03,PA-02--PA-10,PA-10,Gleichgewichtung,0.5
Paderborn,PA-03,PA-02--PA-10,PA-02,1/d^2,0.8471271569474803
Paderborn,PA-03,PA-02--PA-10,PA-10,1/d^2,0.1528728430525197
Paderborn,PA-03,PA-02--PA-10,PA-02,Wald + Wind,0.3099600059132924
Paderborn,PA-03,PA-02--PA-10,PA-10,Wald + Wind,0.6900399940867076
Paderborn,PA-03,PA-02--PA-10,PA-02,Vollstaendig,0.4249857811490269
Paderborn,PA-03,PA-02--PA-10,PA-10,Vollstaendig,0.575014218850973
Paderborn,PA-03,PA-02--PA-11,PA-02,Gleichgewichtung,0.5
Paderborn,PA-03,PA-02--PA-11,PA-11,Gleichgewichtung,0.5
Paderborn,PA-03,PA-02--PA-11,PA-02,1/d^2,0.8952345296412156
Paderborn,PA-03,PA-02--PA-11,PA-11,1/d^2,0.1047654703587843
Paderborn,PA-03,PA-02--PA-11,PA-02,Wald + Wind,0.3557649665677154
Paderborn,PA-03,PA-02--PA-11,PA-11,Wald + Wind,0.6442350334322846
Paderborn,PA-03,PA-02--PA-11,PA-02,Vollstaendig,0.4346893454113549
Paderborn,PA-03,PA-02--PA-11,PA-11,Vollstaendig,0.5653106545886452
Paderborn,PA-03,PA-02--PA-12,PA-02,Gleichgewichtung,0.5
Paderborn,PA-03,PA-02--PA-12,PA-12,Gleichgewichtung,0.5
Paderborn,PA-03,PA-02--PA-12,PA-02,1/d^2,0.906333069444337
Paderborn,PA-03,PA-02--PA-12,PA-12,1/d^2,0.093666930555663
Paderborn,PA-03,PA-02--PA-12,PA-02,Wald + Wind,0.4651960688785055
Paderborn,PA-03,PA-02--PA-12,PA-12,Wald + Wind,0.5348039311214944
Paderborn,PA-03,PA-02--PA-12,PA-02,Vollstaendig,0.4567817880632973
Paderborn,PA-03,PA-02--PA-12,PA-12,Vollstaendig,0.5432182119367026
Paderborn,PA-03,PA-04--PA-05,PA-04,Gleichgewichtung,0.5
Paderborn,PA-03,PA-04--PA-05,PA-05,Gleichgewichtung,0.5
Paderborn,PA-03,PA-04--PA-05,PA-04,1/d^2,0.7070425116366377
Paderborn,PA-03,PA-04--PA-05,PA-05,1/d^2,0.2929574883633623
Paderborn,PA-03,PA-04--PA-05,PA-04,Wald + Wind,0.4752801420321847
Paderborn,PA-03,PA-04--PA-05,PA-05,Wald + Wind,0.5247198579678153
Paderborn,PA-03,PA-04--PA-05,PA-04,Vollstaendig,0.4656277371494741
Paderborn,PA-03,PA-04--PA-05,PA-05,Vollstaendig,0.534372262850526
Paderborn,PA-03,PA-04--PA-06,PA-04,Gleichgewichtung,0.5
Paderborn,PA-03,PA-04--PA-06,PA-06,Gleichgewichtung,0.5
Paderborn,PA-03,PA-04--PA-06,PA-04,1/d^2,0.8814766517308197
Paderborn,PA-03,PA-04--PA-06,PA-06,1/d^2,0.1185233482691802
Paderborn,PA-03,PA-04--PA-06,PA-04,Wald + Wind,0.4757078164296457
Paderborn,PA-03,PA-04--PA-06,PA-06,Wald + Wind,0.5242921835703543
Paderborn,PA-03,PA-04--PA-06,PA-04,Vollstaendig,0.4858430045982465
Paderborn,PA-03,PA-04--PA-06,PA-06,Vollstaendig,0.5141569954017535
Paderborn,PA-03,PA-04--PA-07,PA-04,Gleichgewichtung,0.5
Paderborn,PA-03,PA-04--PA-07,PA-07,Gleichgewichtung,0.5
Paderborn,PA-03,PA-04--PA-07,PA-04,1/d^2,0.8405570562355863
Paderborn,PA-03,PA-04--PA-07,PA-07,1/d^2,0.1594429437644137
Paderborn,PA-03,PA-04--PA-07,PA-04,Wald + Wind,0.4789278395696335
Paderborn,PA-03,PA-04--PA-07,PA-07,Wald + Wind,0.5210721604303665
Paderborn,PA-03,PA-04--PA-07,PA-04,Vollstaendig,0.4543458487472718
Paderborn,PA-03,PA-04--PA-07,PA-07,Vollstaendig,0.5456541512527282
Paderborn,PA-03,PA-04--PA-08,PA-04,Gleichgewichtung,0.5
Paderborn,PA-03,PA-04--PA-08,PA-08,Gleichgewichtung,0.5
Paderborn,PA-03,PA-04--PA-08,PA-04,1/d^2,0.812303995672764
Paderborn,PA-03,PA-04--PA-08,PA-08,1/d^2,0.187696004327236
Paderborn,PA-03,PA-04--PA-08,PA-04,Wald + Wind,0.4230343818171758
Paderborn,PA-03,PA-04--PA-08,PA-08,Wald + Wind,0.5769656181828242
Paderborn,PA-03,PA-04--PA-08,PA-04,Vollstaendig,0.4309007284245371
Paderborn,PA-03,PA-04--PA-08,PA-08,Vollstaendig,0.5690992715754629
Paderborn,PA-03,PA-04--PA-09,PA-04,Gleichgewichtung,0.5
Paderborn,PA-03,PA-04--PA-09,PA-09,Gleichgewichtung,0.5
Paderborn,PA-03,PA-04--PA-09,PA-04,1/d^2,0.9581440465268204
Paderborn,PA-03,PA-04--PA-09,PA-09,1/d^2,0.0418559534731796
Paderborn,PA-03,PA-04--PA-09,PA-04,Wald + Wind,0.5136785773588178
Paderborn,PA-03,PA-04--PA-09,PA-09,Wald + Wind,0.4863214226411821
Paderborn,PA-03,PA-04--PA-09,PA-04,Vollstaendig,0.4499157225298836
Paderborn,PA-03,PA-04--PA-09,PA-09,Vollstaendig,0.5500842774701163
Paderborn,PA-03,PA-04--PA-10,PA-04,Gleichgewichtung,0.5
Paderborn,PA-03,PA-04--PA-10,PA-10,Gleichgewichtung,0.5
Paderborn,PA-03,PA-04--PA-10,PA-04,1/d^2,0.9328050248161875
Paderborn,PA-03,PA-04--PA-10,PA-10,1/d^2,0.0671949751838124
Paderborn,PA-03,PA-04--PA-10,PA-04,Wald + Wind,0.5847738152845853
Paderborn,PA-03,PA-04--PA-10,PA-10,Wald + Wind,0.4152261847154147
Paderborn,PA-03,PA-04--PA-10,PA-04,Vollstaendig,0.4809675710442788
Paderborn,PA-03,PA-04--PA-10,PA-10,Vollstaendig,0.5190324289557211
Paderborn,PA-03,PA-04--PA-11,PA-04,Gleichgewichtung,0.5
Paderborn,PA-03,PA-04--PA-11,PA-11,Gleichgewichtung,0.5
Paderborn,PA-03,PA-04--PA-11,PA-04,1/d^2,0.9553709583824256
Paderborn,PA-03,PA-04--PA-11,PA-11,1/d^2,0.0446290416175745
Paderborn,PA-03,PA-04--PA-11,PA-04,Wald + Wind,0.6338837582011965
Paderborn,PA-03,PA-04--PA-11,PA-11,Wald + Wind,0.3661162417988036
Paderborn,PA-03,PA-04--PA-11,PA-04,Vollstaendig,0.4908582079244413
Paderborn,PA-03,PA-04--PA-11,PA-11,Vollstaendig,0.5091417920755588
Paderborn,PA-03,PA-04--PA-12,PA-04,Gleichgewichtung,0.5
Paderborn,PA-03,PA-04--PA-12,PA-12,Gleichgewichtung,0.5
Paderborn,PA-03,PA-04--PA-12,PA-04,1/d^2,0.9603807638655448
Paderborn,PA-03,PA-04--PA-12,PA-12,1/d^2,0.0396192361344551
Paderborn,PA-03,PA-04--PA-12,PA-04,Wald + Wind,0.7317003842005851
Paderborn,PA-03,PA-04--PA-12,PA-12,Wald + Wind,0.2682996157994148
Paderborn,PA-03,PA-04--PA-12,PA-04,Vollstaendig,0.5132137290380288
Paderborn,PA-03,PA-04--PA-12,PA-12,Vollstaendig,0.4867862709619711
Paderborn,PA-03,PA-05--PA-06,PA-05,Gleichgewichtung,0.5
Paderborn,PA-03,PA-05--PA-06,PA-06,Gleichgewichtung,0.5
Paderborn,PA-03,PA-05--PA-06,PA-05,1/d^2,0.7549936583931331
Paderborn,PA-03,PA-05--PA-06,PA-06,1/d^2,0.2450063416068668
Paderborn,PA-03,PA-05--PA-06,PA-05,Wald + Wind,0.500428704143661
Paderborn,PA-03,PA-05--PA-06,PA-06,Wald + Wind,0.4995712958563391
Paderborn,PA-03,PA-05--PA-06,PA-05,Vollstaendig,0.5202546918264299
Paderborn,PA-03,PA-05--PA-06,PA-06,Vollstaendig,0.4797453081735702
Paderborn,PA-03,PA-05--PA-07,PA-05,Gleichgewichtung,0.5
Paderborn,PA-03,PA-05--PA-07,PA-07,Gleichgewichtung,0.5
Paderborn,PA-03,PA-05--PA-07,PA-05,1/d^2,0.6859635454748125
Paderborn,PA-03,PA-05--PA-07,PA-07,1/d^2,0.3140364545251874
Paderborn,PA-03,PA-05--PA-07,PA-05,Wald + Wind,0.5036553137610871
Paderborn,PA-03,PA-05--PA-07,PA-07,Wald + Wind,0.4963446862389128
Paderborn,PA-03,PA-05--PA-07,PA-05,Vollstaendig,0.4886468484793597
Paderborn,PA-03,PA-05--PA-07,PA-07,Vollstaendig,0.5113531515206402
Paderborn,PA-03,PA-05--PA-08,PA-05,Gleichgewichtung,0.5
Paderborn,PA-03,PA-05--PA-08,PA-08,Gleichgewichtung,0.5
Paderborn,PA-03,PA-05--PA-08,PA-05,1/d^2,0.6419844605877731
Paderborn,PA-03,PA-05--PA-08,PA-08,1/d^2,0.3580155394122269
Paderborn,PA-03,PA-05--PA-08,PA-05,Wald + Wind,0.4473535838905673
Paderborn,PA-03,PA-05--PA-08,PA-08,Wald + Wind,0.5526464161094328
Paderborn,PA-03,PA-05--PA-08,PA-05,Vollstaendig,0.4649399065985625
Paderborn,PA-03,PA-05--PA-08,PA-08,Vollstaendig,0.5350600934014376
Paderborn,PA-03,PA-05--PA-09,PA-05,Gleichgewichtung,0.5
Paderborn,PA-03,PA-05--PA-09,PA-09,Gleichgewichtung,0.5
Paderborn,PA-03,PA-05--PA-09,PA-05,1/d^2,0.904624723428524
Paderborn,PA-03,PA-05--PA-09,PA-09,1/d^2,0.0953752765714761
Paderborn,PA-03,PA-05--PA-09,PA-05,Wald + Wind,0.5383465704413228
Paderborn,PA-03,PA-05--PA-09,PA-09,Wald + Wind,0.4616534295586772
Paderborn,PA-03,PA-05--PA-09,PA-05,Vollstaendig,0.4841790416314168
Paderborn,PA-03,PA-05--PA-09,PA-09,Vollstaendig,0.5158209583685831
Paderborn,PA-03,PA-05--PA-10,PA-05,Gleichgewichtung,0.5
Paderborn,PA-03,PA-05--PA-10,PA-10,Gleichgewichtung,0.5
Paderborn,PA-03,PA-05--PA-10,PA-05,1/d^2,0.8518940723288987
Paderborn,PA-03,PA-05--PA-10,PA-10,1/d^2,0.1481059276711014
Paderborn,PA-03,PA-05--PA-10,PA-05,Wald + Wind,0.6085834844968853
Paderborn,PA-03,PA-05--PA-10,PA-10,Wald + Wind,0.3914165155031148
Paderborn,PA-03,PA-05--PA-10,PA-05,Vollstaendig,0.5153800797277064
Paderborn,PA-03,PA-05--PA-10,PA-10,Vollstaendig,0.4846199202722936
Paderborn,PA-03,PA-05--PA-11,PA-05,Gleichgewichtung,0.5
Paderborn,PA-03,PA-05--PA-11,PA-11,Gleichgewichtung,0.5
Paderborn,PA-03,PA-05--PA-11,PA-05,1/d^2,0.8986807664609829
Paderborn,PA-03,PA-05--PA-11,PA-11,1/d^2,0.101319233539017
Paderborn,PA-03,PA-05--PA-11,PA-05,Wald + Wind,0.6565313987347543
Paderborn,PA-03,PA-05--PA-11,PA-11,Wald + Wind,0.3434686012652457
Paderborn,PA-03,PA-05--PA-11,PA-05,Vollstaendig,0.5252622227698164
Paderborn,PA-03,PA-05--PA-11,PA-11,Vollstaendig,0.4747377772301836
Paderborn,PA-03,PA-05--PA-12,PA-05,Gleichgewichtung,0.5
Paderborn,PA-03,PA-05--PA-12,PA-12,Gleichgewichtung,0.5
Paderborn,PA-03,PA-05--PA-12,PA-05,1/d^2,0.909451148833912
Paderborn,PA-03,PA-05--PA-12,PA-12,1/d^2,0.0905488511660881
Paderborn,PA-03,PA-05--PA-12,PA-05,Wald + Wind,0.7506771282981185
Paderborn,PA-03,PA-05--PA-12,PA-12,Wald + Wind,0.2493228717018815
Paderborn,PA-03,PA-05--PA-12,PA-05,Vollstaendig,0.5474996971428995
Paderborn,PA-03,PA-05--PA-12,PA-12,Vollstaendig,0.4525003028571005
Paderborn,PA-03,PA-06--PA-07,PA-06,Gleichgewichtung,0.5
Paderborn,PA-03,PA-06--PA-07,PA-07,Gleichgewichtung,0.5
Paderborn,PA-03,PA-06--PA-07,PA-06,1/d^2,0.4148114930051744
Paderborn,PA-03,PA-06--PA-07,PA-07,1/d^2,0.5851885069948256
Paderborn,PA-03,PA-06--PA-07,PA-06,Wald + Wind,0.5032266298425635
Paderborn,PA-03,PA-06--PA-07,PA-07,Wald + Wind,0.4967733701574365
Paderborn,PA-03,PA-06--PA-07,PA-06,Vollstaendig,0.4684212034092283
Paderborn,PA-03,PA-06--PA-07,PA-07,Vollstaendig,0.5315787965907717
Paderborn,PA-03,PA-06--PA-08,PA-06,Gleichgewichtung,0.5
Paderborn,PA-03,PA-06--PA-08,PA-08,Gleichgewichtung,0.5
Paderborn,PA-03,PA-06--PA-08,PA-06,1/d^2,0.3678532352919107
Paderborn,PA-03,PA-06--PA-08,PA-08,1/d^2,0.6321467647080894
Paderborn,PA-03,PA-06--PA-08,PA-06,Wald + Wind,0.4469296708803329
Paderborn,PA-03,PA-06--PA-08,PA-08,Wald + Wind,0.553070329119667
Paderborn,PA-03,PA-06--PA-08,PA-06,Vollstaendig,0.444841892784912
Paderborn,PA-03,PA-06--PA-08,PA-08,Vollstaendig,0.555158107215088
Paderborn,PA-03,PA-06--PA-09,PA-06,Gleichgewichtung,0.5
Paderborn,PA-03,PA-06--PA-09,PA-09,Gleichgewichtung,0.5
Paderborn,PA-03,PA-06--PA-09,PA-06,1/d^2,0.7547809242045814
Paderborn,PA-03,PA-06--PA-09,PA-09,1/d^2,0.2452190757954185
Paderborn,PA-03,PA-06--PA-09,PA-06,Wald + Wind,0.537920359839451
Paderborn,PA-03,PA-06--PA-09,PA-09,Wald + Wind,0.4620796401605491
Paderborn,PA-03,PA-06--PA-09,PA-06,Vollstaendig,0.4639705321802838
Paderborn,PA-03,PA-06--PA-09,PA-09,Vollstaendig,0.5360294678197162
Paderborn,PA-03,PA-06--PA-10,PA-06,Gleichgewichtung,0.5
Paderborn,PA-03,PA-06--PA-10,PA-10,Gleichgewichtung,0.5
Paderborn,PA-03,PA-06--PA-10,PA-06,1/d^2,0.6511525418778704
Paderborn,PA-03,PA-06--PA-10,PA-10,1/d^2,0.3488474581221296
Paderborn,PA-03,PA-06--PA-10,PA-06,Wald + Wind,0.6081749226059125
Paderborn,PA-03,PA-06--PA-10,PA-10,Wald + Wind,0.3918250773940874
Paderborn,PA-03,PA-06--PA-10,PA-06,Vollstaendig,0.4951193061902465
Paderborn,PA-03,PA-06--PA-10,PA-10,Vollstaendig,0.5048806938097534
Paderborn,PA-03,PA-06--PA-11,PA-06,Gleichgewichtung,0.5
Paderborn,PA-03,PA-06--PA-11,PA-11,Gleichgewichtung,0.5
Paderborn,PA-03,PA-06--PA-11,PA-06,1/d^2,0.7421601418579639
Paderborn,PA-03,PA-06--PA-11,PA-11,1/d^2,0.2578398581420362
Paderborn,PA-03,PA-06--PA-11,PA-06,Wald + Wind,0.6561446073383488
Paderborn,PA-03,PA-06--PA-11,PA-11,Wald + Wind,0.3438553926616511
Paderborn,PA-03,PA-06--PA-11,PA-06,Vollstaendig,0.5050178009475789
Paderborn,PA-03,PA-06--PA-11,PA-11,Vollstaendig,0.4949821990524212
Paderborn,PA-03,PA-06--PA-12,PA-06,Gleichgewichtung,0.5
Paderborn,PA-03,PA-06--PA-12,PA-12,Gleichgewichtung,0.5
Paderborn,PA-03,PA-06--PA-12,PA-06,1/d^2,0.7652221672648307
Paderborn,PA-03,PA-06--PA-12,PA-12,1/d^2,0.2347778327351692
Paderborn,PA-03,PA-06--PA-12,PA-06,Wald + Wind,0.7503560435288363
Paderborn,PA-03,PA-06--PA-12,PA-12,Wald + Wind,0.2496439564711636
Paderborn,PA-03,PA-06--PA-12,PA-06,Vollstaendig,0.5273502591487552
Paderborn,PA-03,PA-06--PA-12,PA-12,Vollstaendig,0.4726497408512447
Paderborn,PA-03,PA-07--PA-08,PA-07,Gleichgewichtung,0.5
Paderborn,PA-03,PA-07--PA-08,PA-08,Gleichgewichtung,0.5
Paderborn,PA-03,PA-07--PA-08,PA-07,1/d^2,0.4508275283936557
Paderborn,PA-03,PA-07--PA-08,PA-08,1/d^2,0.5491724716063443
Paderborn,PA-03,PA-07--PA-08,PA-07,Wald + Wind,0.4437415754274384
Paderborn,PA-03,PA-07--PA-08,PA-08,Wald + Wind,0.5562584245725617
Paderborn,PA-03,PA-07--PA-08,PA-07,Vollstaendig,0.4762552524394725
Paderborn,PA-03,PA-07--PA-08,PA-08,Vollstaendig,0.5237447475605275
Paderborn,PA-03,PA-07--PA-09,PA-07,Gleichgewichtung,0.5
Paderborn,PA-03,PA-07--PA-09,PA-09,Gleichgewichtung,0.5
Paderborn,PA-03,PA-07--PA-09,PA-07,1/d^2,0.8128118490274326
Paderborn,PA-03,PA-07--PA-09,PA-09,1/d^2,0.1871881509725672
Paderborn,PA-03,PA-07--PA-09,PA-07,Wald + Wind,0.5347107181116443
Paderborn,PA-03,PA-07--PA-09,PA-09,Wald + Wind,0.4652892818883557
Paderborn,PA-03,PA-07--PA-09,PA-07,Vollstaendig,0.4955289808546832
Paderborn,PA-03,PA-07--PA-09,PA-09,Vollstaendig,0.5044710191453168
Paderborn,PA-03,PA-07--PA-10,PA-07,Gleichgewichtung,0.5
Paderborn,PA-03,PA-07--PA-10,PA-10,Gleichgewichtung,0.5
Paderborn,PA-03,PA-07--PA-10,PA-07,1/d^2,0.7247643716730661
Paderborn,PA-03,PA-07--PA-10,PA-10,1/d^2,0.2752356283269341
Paderborn,PA-03,PA-07--PA-10,PA-07,Wald + Wind,0.6050950224120735
Paderborn,PA-03,PA-07--PA-10,PA-10,Wald + Wind,0.3949049775879265
Paderborn,PA-03,PA-07--PA-10,PA-07,Vollstaendig,0.5267145724685047
Paderborn,PA-03,PA-07--PA-10,PA-10,Vollstaendig,0.4732854275314953
Paderborn,PA-03,PA-07--PA-11,PA-07,Gleichgewichtung,0.5
Paderborn,PA-03,PA-07--PA-11,PA-11,Gleichgewichtung,0.5
Paderborn,PA-03,PA-07--PA-11,PA-07,1/d^2,0.802395838237847
Paderborn,PA-03,PA-07--PA-11,PA-11,1/d^2,0.197604161762153
Paderborn,PA-03,PA-07--PA-11,PA-07,Wald + Wind,0.653226772867454
Paderborn,PA-03,PA-07--PA-11,PA-11,Wald + Wind,0.346773227132546
Paderborn,PA-03,PA-07--PA-11,PA-07,Vollstaendig,0.5365734164123758
Paderborn,PA-03,PA-07--PA-11,PA-11,Vollstaendig,0.4634265835876241
Paderborn,PA-03,PA-07--PA-12,PA-07,Gleichgewichtung,0.5
Paderborn,PA-03,PA-07--PA-12,PA-12,Gleichgewichtung,0.5
Paderborn,PA-03,PA-07--PA-12,PA-07,1/d^2,0.8213669669322949
Paderborn,PA-03,PA-07--PA-12,PA-12,1/d^2,0.178633033067705
Paderborn,PA-03,PA-07--PA-12,PA-07,Wald + Wind,0.7479305330539973
Paderborn,PA-03,PA-07--PA-12,PA-12,Wald + Wind,0.2520694669460027
Paderborn,PA-03,PA-07--PA-12,PA-07,Vollstaendig,0.5587261713182035
Paderborn,PA-03,PA-07--PA-12,PA-12,Vollstaendig,0.4412738286817966
Paderborn,PA-03,PA-08--PA-09,PA-08,Gleichgewichtung,0.5
Paderborn,PA-03,PA-08--PA-09,PA-09,Gleichgewichtung,0.5
Paderborn,PA-03,PA-08--PA-09,PA-08,1/d^2,0.8410034276163916
Paderborn,PA-03,PA-08--PA-09,PA-09,1/d^2,0.1589965723836085
Paderborn,PA-03,PA-08--PA-09,PA-08,Wald + Wind,0.5902640825995322
Paderborn,PA-03,PA-08--PA-09,PA-09,Wald + Wind,0.4097359174004679
Paderborn,PA-03,PA-08--PA-09,PA-08,Vollstaendig,0.5192819165366727
Paderborn,PA-03,PA-08--PA-09,PA-09,Vollstaendig,0.4807180834633273
Paderborn,PA-03,PA-08--PA-10,PA-08,Gleichgewichtung,0.5
Paderborn,PA-03,PA-08--PA-10,PA-10,Gleichgewichtung,0.5
Paderborn,PA-03,PA-08--PA-10,PA-08,1/d^2,0.7623391247264483
Paderborn,PA-03,PA-08--PA-10,PA-10,1/d^2,0.2376608752735517
Paderborn,PA-03,PA-08--PA-10,PA-08,Wald + Wind,0.6576256135866313
Paderborn,PA-03,PA-08--PA-10,PA-10,Wald + Wind,0.3423743864133686
Paderborn,PA-03,PA-08--PA-10,PA-08,Vollstaendig,0.5503316124651677
Paderborn,PA-03,PA-08--PA-10,PA-10,Vollstaendig,0.4496683875348322
Paderborn,PA-03,PA-08--PA-11,PA-08,Gleichgewichtung,0.5
Paderborn,PA-03,PA-08--PA-11,PA-11,Gleichgewichtung,0.5
Paderborn,PA-03,PA-08--PA-11,PA-08,1/d^2,0.8318315646538502
Paderborn,PA-03,PA-08--PA-11,PA-11,1/d^2,0.1681684353461497
Paderborn,PA-03,PA-08--PA-11,PA-08,Wald + Wind,0.7025026651006534
Paderborn,PA-03,PA-08--PA-11,PA-11,Wald + Wind,0.2974973348993465
Paderborn,PA-03,PA-08--PA-11,PA-08,Vollstaendig,0.5601093617128147
Paderborn,PA-03,PA-08--PA-11,PA-11,Vollstaendig,0.4398906382871854
Paderborn,PA-03,PA-08--PA-12,PA-08,Gleichgewichtung,0.5
Paderborn,PA-03,PA-08--PA-12,PA-12,Gleichgewichtung,0.5
Paderborn,PA-03,PA-08--PA-12,PA-08,1/d^2,0.8485102347714658
Paderborn,PA-03,PA-08--PA-12,PA-12,1/d^2,0.1514897652285342
Paderborn,PA-03,PA-08--PA-12,PA-08,Wald + Wind,0.7881142770634146
Paderborn,PA-03,PA-08--PA-12,PA-12,Wald + Wind,0.2118857229365854
Paderborn,PA-03,PA-08--PA-12,PA-08,Vollstaendig,0.5820134680561354
Paderborn,PA-03,PA-08--PA-12,PA-12,Vollstaendig,0.4179865319438645
Paderborn,PA-03,PA-09--PA-10,PA-09,Gleichgewichtung,0.5
Paderborn,PA-03,PA-09--PA-10,PA-10,Gleichgewichtung,0.5
Paderborn,PA-03,PA-09--PA-10,PA-09,1/d^2,0.3775015761544649
Paderborn,PA-03,PA-09--PA-10,PA-10,1/d^2,0.6224984238455352
Paderborn,PA-03,PA-09--PA-10,PA-09,Wald + Wind,0.5714265385509806
Paderborn,PA-03,PA-09--PA-10,PA-10,Wald + Wind,0.4285734614490194
Paderborn,PA-03,PA-09--PA-10,PA-09,Vollstaendig,0.5311706993303218
Paderborn,PA-03,PA-09--PA-10,PA-10,Vollstaendig,0.4688293006696783
Paderborn,PA-03,PA-09--PA-11,PA-09,Gleichgewichtung,0.5
Paderborn,PA-03,PA-09--PA-11,PA-11,Gleichgewichtung,0.5
Paderborn,PA-03,PA-09--PA-11,PA-09,1/d^2,0.4832439805212417
Paderborn,PA-03,PA-09--PA-11,PA-11,1/d^2,0.5167560194787582
Paderborn,PA-03,PA-09--PA-11,PA-09,Wald + Wind,0.62109222466332
Paderborn,PA-03,PA-09--PA-11,PA-11,Wald + Wind,0.3789077753366799
Paderborn,PA-03,PA-09--PA-11,PA-09,Vollstaendig,0.5410176066885002
Paderborn,PA-03,PA-09--PA-11,PA-11,Vollstaendig,0.4589823933114997
Paderborn,PA-03,PA-09--PA-12,PA-09,Gleichgewichtung,0.5
Paderborn,PA-03,PA-09--PA-12,PA-12,Gleichgewichtung,0.5
Paderborn,PA-03,PA-09--PA-12,PA-09,1/d^2,0.5143088392568896
Paderborn,PA-03,PA-09--PA-12,PA-12,1/d^2,0.4856911607431104
Paderborn,PA-03,PA-09--PA-12,PA-09,Wald + Wind,0.7208212296723018
Paderborn,PA-03,PA-09--PA-12,PA-12,Wald + Wind,0.2791787703276981
Paderborn,PA-03,PA-09--PA-12,PA-09,Vollstaendig,0.5631308864075776
Paderborn,PA-03,PA-09--PA-12,PA-12,Vollstaendig,0.4368691135924225
Paderborn,PA-03,PA-10--PA-11,PA-10,Gleichgewichtung,0.5
Paderborn,PA-03,PA-10--PA-11,PA-11,Gleichgewichtung,0.5
Paderborn,PA-03,PA-10--PA-11,PA-10,1/d^2,0.6066177729489979
Paderborn,PA-03,PA-10--PA-11,PA-11,1/d^2,0.3933822270510022
Paderborn,PA-03,PA-10--PA-11,PA-10,Wald + Wind,0.5514455367394918
Paderborn,PA-03,PA-10--PA-11,PA-11,Wald + Wind,0.4485544632605081
Paderborn,PA-03,PA-10--PA-11,PA-10,Vollstaendig,0.509897525181908
Paderborn,PA-03,PA-10--PA-11,PA-11,Vollstaendig,0.490102474818092
Paderborn,PA-03,PA-10--PA-12,PA-10,Gleichgewichtung,0.5
Paderborn,PA-03,PA-10--PA-12,PA-12,Gleichgewichtung,0.5
Paderborn,PA-03,PA-10--PA-12,PA-10,1/d^2,0.6358547526870645
Paderborn,PA-03,PA-10--PA-12,PA-12,1/d^2,0.3641452473129354
Paderborn,PA-03,PA-10--PA-12,PA-10,Wald + Wind,0.6594546846733255
Paderborn,PA-03,PA-10--PA-12,PA-12,Wald + Wind,0.3405453153266744
Paderborn,PA-03,PA-10--PA-12,PA-10,Vollstaendig,0.532213752330032
Paderborn,PA-03,PA-10--PA-12,PA-12,Vollstaendig,0.4677862476699679
Paderborn,PA-03,PA-11--PA-12,PA-11,Gleichgewichtung,0.5
Paderborn,PA-03,PA-11--PA-12,PA-12,Gleichgewichtung,0.5
Paderborn,PA-03,PA-11--PA-12,PA-11,1/d^2,0.5310350949388374
Paderborn,PA-03,PA-11--PA-12,PA-12,1/d^2,0.4689649050611625
Paderborn,PA-03,PA-11--PA-12,PA-11,Wald + Wind,0.6116734817788773
Paderborn,PA-03,PA-11--PA-12,PA-12,Wald + Wind,0.3883265182211227
Paderborn,PA-03,PA-11--PA-12,PA-11,Vollstaendig,0.5223447243962906
Paderborn,PA-03,PA-11--PA-12,PA-12,Vollstaendig,0.4776552756037093
Paderborn,PA-04,PA-01--PA-02,PA-01,Gleichgewichtung,0.5
Paderborn,PA-04,PA-01--PA-02,PA-02,Gleichgewichtung,0.5
Paderborn,PA-04,PA-01--PA-02,PA-01,1/d^2,0.572430824503807
Paderborn,PA-04,PA-01--PA-02,PA-02,1/d^2,0.4275691754961931
Paderborn,PA-04,PA-01--PA-02,PA-01,Wald + Wind,0.6193427048323983
Paderborn,PA-04,PA-01--PA-02,PA-02,Wald + Wind,0.3806572951676017
Paderborn,PA-04,PA-01--PA-02,PA-01,Vollstaendig,0.6140414536241442
Paderborn,PA-04,PA-01--PA-02,PA-02,Vollstaendig,0.3859585463758559
Paderborn,PA-04,PA-01--PA-03,PA-01,Gleichgewichtung,0.5
Paderborn,PA-04,PA-01--PA-03,PA-03,Gleichgewichtung,0.5
Paderborn,PA-04,PA-01--PA-03,PA-01,1/d^2,0.2323009662484352
Paderborn,PA-04,PA-01--PA-03,PA-03,1/d^2,0.7676990337515648
Paderborn,PA-04,PA-01--PA-03,PA-01,Wald + Wind,0.4580229680888157
Paderborn,PA-04,PA-01--PA-03,PA-03,Wald + Wind,0.5419770319111843
Paderborn,PA-04,PA-01--PA-03,PA-01,Vollstaendig,0.5330927741350118
Paderborn,PA-04,PA-01--PA-03,PA-03,Vollstaendig,0.4669072258649881
Paderborn,PA-04,PA-01--PA-05,PA-01,Gleichgewichtung,0.5
Paderborn,PA-04,PA-01--PA-05,PA-05,Gleichgewichtung,0.5
Paderborn,PA-04,PA-01--PA-05,PA-01,1/d^2,0.2598006535494172
Paderborn,PA-04,PA-01--PA-05,PA-05,1/d^2,0.7401993464505827
Paderborn,PA-04,PA-01--PA-05,PA-01,Wald + Wind,0.4682494026239537
Paderborn,PA-04,PA-01--PA-05,PA-05,Wald + Wind,0.5317505973760464
Paderborn,PA-04,PA-01--PA-05,PA-01,Vollstaendig,0.5307603559399017
Paderborn,PA-04,PA-01--PA-05,PA-05,Vollstaendig,0.4692396440600983
Paderborn,PA-04,PA-01--PA-06,PA-01,Gleichgewichtung,0.5
Paderborn,PA-04,PA-01--PA-06,PA-06,Gleichgewichtung,0.5
Paderborn,PA-04,PA-01--PA-06,PA-01,1/d^2,0.5482961287977288
Paderborn,PA-04,PA-01--PA-06,PA-06,1/d^2,0.4517038712022712
Paderborn,PA-04,PA-01--PA-06,PA-01,Wald + Wind,0.4719905685495653
Paderborn,PA-04,PA-01--PA-06,PA-06,Wald + Wind,0.5280094314504347
Paderborn,PA-04,PA-01--PA-06,PA-01,Vollstaendig,0.4781856488821929
Paderborn,PA-04,PA-01--PA-06,PA-06,Vollstaendig,0.5218143511178072
Paderborn,PA-04,PA-01--PA-07,PA-01,Gleichgewichtung,0.5
Paderborn,PA-04,PA-01--PA-07,PA-07,Gleichgewichtung,0.5
Paderborn,PA-04,PA-01--PA-07,PA-01,1/d^2,0.5129497588733934
Paderborn,PA-04,PA-01--PA-07,PA-07,1/d^2,0.4870502411266065
Paderborn,PA-04,PA-01--PA-07,PA-01,Wald + Wind,0.5000187505075673
Paderborn,PA-04,PA-01--PA-07,PA-07,Wald + Wind,0.4999812494924325
Paderborn,PA-04,PA-01--PA-07,PA-01,Vollstaendig,0.513886761223816
Paderborn,PA-04,PA-01--PA-07,PA-07,Vollstaendig,0.4861132387761839
Paderborn,PA-04,PA-01--PA-08,PA-01,Gleichgewichtung,0.5
Paderborn,PA-04,PA-01--PA-08,PA-08,Gleichgewichtung,0.5
Paderborn,PA-04,PA-01--PA-08,PA-01,1/d^2,0.5201209628896715
Paderborn,PA-04,PA-01--PA-08,PA-08,1/d^2,0.4798790371103284
Paderborn,PA-04,PA-01--PA-08,PA-01,Wald + Wind,0.4981089979173075
Paderborn,PA-04,PA-01--PA-08,PA-08,Wald + Wind,0.5018910020826924
Paderborn,PA-04,PA-01--PA-08,PA-01,Vollstaendig,0.5281762504384089
Paderborn,PA-04,PA-01--PA-08,PA-08,Vollstaendig,0.4718237495615911
Paderborn,PA-04,PA-01--PA-09,PA-01,Gleichgewichtung,0.5
Paderborn,PA-04,PA-01--PA-09,PA-09,Gleichgewichtung,0.5
Paderborn,PA-04,PA-01--PA-09,PA-01,1/d^2,0.8295745644601882
Paderborn,PA-04,PA-01--PA-09,PA-09,1/d^2,0.1704254355398117
Paderborn,PA-04,PA-01--PA-09,PA-01,Wald + Wind,0.5373211620838125
Paderborn,PA-04,PA-01--PA-09,PA-09,Wald + Wind,0.4626788379161874
Paderborn,PA-04,PA-01--PA-09,PA-01,Vollstaendig,0.5417052691921976
Paderborn,PA-04,PA-01--PA-09,PA-09,Vollstaendig,0.4582947308078023
Paderborn,PA-04,PA-01--PA-10,PA-01,Gleichgewichtung,0.5
Paderborn,PA-04,PA-01--PA-10,PA-10,Gleichgewichtung,0.5
Paderborn,PA-04,PA-01--PA-10,PA-01,1/d^2,0.7503599333555174
Paderborn,PA-04,PA-01--PA-10,PA-10,1/d^2,0.2496400666444825
Paderborn,PA-04,PA-01--PA-10,PA-01,Wald + Wind,0.5409965972021459
Paderborn,PA-04,PA-01--PA-10,PA-10,Wald + Wind,0.459003402797854
Paderborn,PA-04,PA-01--PA-10,PA-01,Vollstaendig,0.5133589065645955
Paderborn,PA-04,PA-01--PA-10,PA-10,Vollstaendig,0.4866410934354044
Paderborn,PA-04,PA-01--PA-11,PA-01,Gleichgewichtung,0.5
Paderborn,PA-04,PA-01--PA-11,PA-11,Gleichgewichtung,0.5
Paderborn,PA-04,PA-01--PA-11,PA-01,1/d^2,0.8375435837040982
Paderborn,PA-04,PA-01--PA-11,PA-11,1/d^2,0.1624564162959017
Paderborn,PA-04,PA-01--PA-11,PA-01,Wald + Wind,0.6254639175047801
Paderborn,PA-04,PA-01--PA-11,PA-11,Wald + Wind,0.3745360824952199
Paderborn,PA-04,PA-01--PA-11,PA-01,Vollstaendig,0.5746483415364271
Paderborn,PA-04,PA-01--PA-11,PA-11,Vollstaendig,0.4253516584635728
Paderborn,PA-04,PA-01--PA-12,PA-01,Gleichgewichtung,0.5
Paderborn,PA-04,PA-01--PA-12,PA-12,Gleichgewichtung,0.5
Paderborn,PA-04,PA-01--PA-12,PA-01,1/d^2,0.852278896295911
Paderborn,PA-04,PA-01--PA-12,PA-12,1/d^2,0.147721103704089
Paderborn,PA-04,PA-01--PA-12,PA-01,Wald + Wind,0.7052960484009421
Paderborn,PA-04,PA-01--PA-12,PA-12,Wald + Wind,0.294703951599058
Paderborn,PA-04,PA-01--PA-12,PA-01,Vollstaendig,0.594303946139631
Paderborn,PA-04,PA-01--PA-12,PA-12,Vollstaendig,0.405696053860369
Paderborn,PA-04,PA-02--PA-03,PA-02,Gleichgewichtung,0.5
Paderborn,PA-04,PA-02--PA-03,PA-03,Gleichgewichtung,0.5
Paderborn,PA-04,PA-02--PA-03,PA-02,1/d^2,0.1843514186228727
Paderborn,PA-04,PA-02--PA-03,PA-03,1/d^2,0.8156485813771273
Paderborn,PA-04,PA-02--PA-03,PA-02,Wald + Wind,0.3418493818335334
Paderborn,PA-04,PA-02--PA-03,PA-03,Wald + Wind,0.6581506181664666
Paderborn,PA-04,PA-02--PA-03,PA-02,Vollstaendig,0.4178106065000209
Paderborn,PA-04,PA-02--PA-03,PA-03,Vollstaendig,0.5821893934999791
Paderborn,PA-04,PA-02--PA-05,PA-02,Gleichgewichtung,0.5
Paderborn,PA-04,PA-02--PA-05,PA-05,Gleichgewichtung,0.5
Paderborn,PA-04,PA-02--PA-05,PA-02,1/d^2,0.2077106393207516
Paderborn,PA-04,PA-02--PA-05,PA-05,1/d^2,0.7922893606792484
Paderborn,PA-04,PA-02--PA-05,PA-02,Wald + Wind,0.3511625978213424
Paderborn,PA-04,PA-02--PA-05,PA-05,Wald + Wind,0.6488374021786576
Paderborn,PA-04,PA-02--PA-05,PA-02,Vollstaendig,0.4155336859627999
Paderborn,PA-04,PA-02--PA-05,PA-05,Vollstaendig,0.5844663140372002
Paderborn,PA-04,PA-02--PA-06,PA-02,Gleichgewichtung,0.5
Paderborn,PA-04,PA-02--PA-06,PA-06,Gleichgewichtung,0.5
Paderborn,PA-04,PA-02--PA-06,PA-02,1/d^2,0.4755228068327847
Paderborn,PA-04,PA-02--PA-06,PA-06,1/d^2,0.5244771931672154
Paderborn,PA-04,PA-02--PA-06,PA-02,Wald + Wind,0.3545920961130933
Paderborn,PA-04,PA-02--PA-06,PA-06,Wald + Wind,0.6454079038869067
Paderborn,PA-04,PA-02--PA-06,PA-02,Vollstaendig,0.3654827709907541
Paderborn,PA-04,PA-02--PA-06,PA-06,Vollstaendig,0.6345172290092459
Paderborn,PA-04,PA-02--PA-07,PA-02,Gleichgewichtung,0.5
Paderborn,PA-04,PA-02--PA-07,PA-07,Gleichgewichtung,0.5
Paderborn,PA-04,PA-02--PA-07,PA-02,1/d^2,0.4402949300911618
Paderborn,PA-04,PA-02--PA-07,PA-07,1/d^2,0.5597050699088383
Paderborn,PA-04,PA-02--PA-07,PA-02,Wald + Wind,0.3806749776034374
Paderborn,PA-04,PA-02--PA-07,PA-07,Wald + Wind,0.6193250223965626
Paderborn,PA-04,PA-02--PA-07,PA-02,Vollstaendig,0.3992068164727145
Paderborn,PA-04,PA-02--PA-07,PA-07,Vollstaendig,0.6007931835272855
Paderborn,PA-04,PA-02--PA-08,PA-02,Gleichgewichtung,0.5
Paderborn,PA-04,PA-02--PA-08,PA-08,Gleichgewichtung,0.5
Paderborn,PA-04,PA-02--PA-08,PA-02,1/d^2,0.4473834093536232
Paderborn,PA-04,PA-02--PA-08,PA-08,1/d^2,0.5526165906463767
Paderborn,PA-04,PA-02--PA-08,PA-02,Wald + Wind,0.3788756331668372
Paderborn,PA-04,PA-02--PA-08,PA-08,Wald + Wind,0.6211243668331627
Paderborn,PA-04,PA-02--PA-08,PA-02,Vollstaendig,0.4130167980461913
Paderborn,PA-04,PA-02--PA-08,PA-08,Vollstaendig,0.5869832019538087
Paderborn,PA-04,PA-02--PA-09,PA-02,Gleichgewichtung,0.5
Paderborn,PA-04,PA-02--PA-09,PA-09,Gleichgewichtung,0.5
Paderborn,PA-04,PA-02--PA-09,PA-02,1/d^2,0.7842892181243638
Paderborn,PA-04,PA-02--PA-09,PA-09,1/d^2,0.2157107818756362
Paderborn,PA-04,PA-02--PA-09,PA-02,Wald + Wind,0.4164906518893491
Paderborn,PA-04,PA-02--PA-09,PA-09,Wald + Wind,0.5835093481106509
Paderborn,PA-04,PA-02--PA-09,PA-02,Vollstaendig,0.4262609659814388
Paderborn,PA-04,PA-02--PA-09,PA-09,Vollstaendig,0.5737390340185612
Paderborn,PA-04,PA-02--PA-10,PA-02,Gleichgewichtung,0.5
Paderborn,PA-04,PA-02--PA-10,PA-10,Gleichgewichtung,0.5
Paderborn,PA-04,PA-02--PA-10,PA-02,1/d^2,0.6918445753825384
Paderborn,PA-04,PA-02--PA-10,PA-10,1/d^2,0.3081554246174617
Paderborn,PA-04,PA-02--PA-10,PA-02,Wald + Wind,0.4200900075336236
Paderborn,PA-04,PA-02--PA-10,PA-10,Wald + Wind,0.5799099924663764
Paderborn,PA-04,PA-02--PA-10,PA-02,Vollstaendig,0.3987001441299372
Paderborn,PA-04,PA-02--PA-10,PA-10,Vollstaendig,0.6012998558700627
Paderborn,PA-04,PA-02--PA-11,PA-02,Gleichgewichtung,0.5
Paderborn,PA-04,PA-02--PA-11,PA-11,Gleichgewichtung,0.5
Paderborn,PA-04,PA-02--PA-11,PA-02,1/d^2,0.7938495529965008
Paderborn,PA-04,PA-02--PA-11,PA-11,1/d^2,0.2061504470034992
Paderborn,PA-04,PA-02--PA-11,PA-02,Wald + Wind,0.5065111859133187
Paderborn,PA-04,PA-02--PA-11,PA-11,Wald + Wind,0.4934888140866814
Paderborn,PA-04,PA-02--PA-11,PA-02,Vollstaendig,0.4592181846587485
Paderborn,PA-04,PA-02--PA-11,PA-11,Vollstaendig,0.5407818153412516
Paderborn,PA-04,PA-02--PA-12,PA-02,Gleichgewichtung,0.5
Paderborn,PA-04,PA-02--PA-12,PA-12,Gleichgewichtung,0.5
Paderborn,PA-04,PA-02--PA-12,PA-02,1/d^2,0.8116568284793451
Paderborn,PA-04,PA-02--PA-12,PA-12,1/d^2,0.1883431715206549
Paderborn,PA-04,PA-02--PA-12,PA-02,Wald + Wind,0.5952922026851466
Paderborn,PA-04,PA-02--PA-12,PA-12,Wald + Wind,0.4047077973148535
Paderborn,PA-04,PA-02--PA-12,PA-02,Vollstaendig,0.4793752522406642
Paderborn,PA-04,PA-02--PA-12,PA-12,Vollstaendig,0.5206247477593358
Paderborn,PA-04,PA-03--PA-05,PA-03,Gleichgewichtung,0.5
Paderborn,PA-04,PA-03--PA-05,PA-05,Gleichgewichtung,0.5
Paderborn,PA-04,PA-03--PA-05,PA-03,1/d^2,0.5370218835179531
Paderborn,PA-04,PA-03--PA-05,PA-05,1/d^2,0.4629781164820469
Paderborn,PA-04,PA-03--PA-05,PA-03,Wald + Wind,0.5102812457413235
Paderborn,PA-04,PA-03--PA-05,PA-05,Wald + Wind,0.4897187542586766
Paderborn,PA-04,PA-03--PA-05,PA-03,Vollstaendig,0.4976580458781446
Paderborn,PA-04,PA-03--PA-05,PA-05,Vollstaendig,0.5023419541218556
Paderborn,PA-04,PA-03--PA-06,PA-03,Gleichgewichtung,0.5
Paderborn,PA-04,PA-03--PA-06,PA-06,Gleichgewichtung,0.5
Paderborn,PA-04,PA-03--PA-06,PA-03,1/d^2,0.8004569393731387
Paderborn,PA-04,PA-03--PA-06,PA-06,1/d^2,0.1995430606268612
Paderborn,PA-04,PA-03--PA-06,PA-03,Wald + Wind,0.5140336006416205
Paderborn,PA-04,PA-03--PA-06,PA-06,Wald + Wind,0.4859663993583795
Paderborn,PA-04,PA-03--PA-06,PA-03,Vollstaendig,0.4452509674828707
Paderborn,PA-04,PA-03--PA-06,PA-06,Vollstaendig,0.5547490325171294
Paderborn,PA-04,PA-03--PA-07,PA-03,Gleichgewichtung,0.5
Paderborn,PA-04,PA-03--PA-07,PA-07,Gleichgewichtung,0.5
Paderborn,PA-04,PA-03--PA-07,PA-03,1/d^2,0.776810387067502
Paderborn,PA-04,PA-03--PA-07,PA-07,1/d^2,0.2231896129324979
Paderborn,PA-04,PA-03--PA-07,PA-03,Wald + Wind,0.5419956502012163
Paderborn,PA-04,PA-03--PA-07,PA-07,Wald + Wind,0.4580043497987835
Paderborn,PA-04,PA-03--PA-07,PA-03,Vollstaendig,0.4807586174676295
Paderborn,PA-04,PA-03--PA-07,PA-07,Vollstaendig,0.5192413825323704
Paderborn,PA-04,PA-03--PA-08,PA-03,Gleichgewichtung,0.5
Paderborn,PA-04,PA-03--PA-08,PA-08,Gleichgewichtung,0.5
Paderborn,PA-04,PA-03--PA-08,PA-03,1/d^2,0.7817495754495387
Paderborn,PA-04,PA-03--PA-08,PA-08,1/d^2,0.2182504245504613
Paderborn,PA-04,PA-03--PA-08,PA-03,Wald + Wind,0.5400987617715611
Paderborn,PA-04,PA-03--PA-08,PA-08,Wald + Wind,0.4599012382284388
Paderborn,PA-04,PA-03--PA-08,PA-03,Vollstaendig,0.4950650703919808
Paderborn,PA-04,PA-03--PA-08,PA-08,Vollstaendig,0.5049349296080193
Paderborn,PA-04,PA-03--PA-09,PA-03,Gleichgewichtung,0.5
Paderborn,PA-04,PA-03--PA-09,PA-09,Gleichgewichtung,0.5
Paderborn,PA-04,PA-03--PA-09,PA-03,1/d^2,0.941474190938812
Paderborn,PA-04,PA-03--PA-09,PA-09,1/d^2,0.0585258090611878
Paderborn,PA-04,PA-03--PA-09,PA-03,Wald + Wind,0.5788043643615846
Paderborn,PA-04,PA-03--PA-09,PA-09,Wald + Wind,0.4211956356384156
Paderborn,PA-04,PA-03--PA-09,PA-03,Vollstaendig,0.5086603048957622
Paderborn,PA-04,PA-03--PA-09,PA-09,Vollstaendig,0.4913396951042378
Paderborn,PA-04,PA-03--PA-10,PA-03,Gleichgewichtung,0.5
Paderborn,PA-04,PA-03--PA-10,PA-10,Gleichgewichtung,0.5
Paderborn,PA-04,PA-03--PA-10,PA-03,1/d^2,0.908536645581164
Paderborn,PA-04,PA-03--PA-10,PA-10,1/d^2,0.0914633544188362
Paderborn,PA-04,PA-03--PA-10,PA-03,Wald + Wind,0.5824063715153888
Paderborn,PA-04,PA-03--PA-10,PA-10,Wald + Wind,0.4175936284846113
Paderborn,PA-04,PA-03--PA-10,PA-03,Vollstaendig,0.4802311745610036
Paderborn,PA-04,PA-03--PA-10,PA-10,Vollstaendig,0.5197688254389964
Paderborn,PA-04,PA-03--PA-11,PA-03,Gleichgewichtung,0.5
Paderborn,PA-04,PA-03--PA-11,PA-11,Gleichgewichtung,0.5
Paderborn,PA-04,PA-03--PA-11,PA-03,1/d^2,0.9445605059849902
Paderborn,PA-04,PA-03--PA-11,PA-11,1/d^2,0.0554394940150097
Paderborn,PA-04,PA-03--PA-11,PA-03,Wald + Wind,0.6639863455835859
Paderborn,PA-04,PA-03--PA-11,PA-11,Wald + Wind,0.3360136544164141
Paderborn,PA-04,PA-03--PA-11,PA-03,Vollstaendig,0.541970287684231
Paderborn,PA-04,PA-03--PA-11,PA-11,Vollstaendig,0.4580297123157691
Paderborn,PA-04,PA-03--PA-12,PA-03,Gleichgewichtung,0.5
Paderborn,PA-04,PA-03--PA-12,PA-12,Gleichgewichtung,0.5
Paderborn,PA-04,PA-03--PA-12,PA-03,1/d^2,0.9501665920948648
Paderborn,PA-04,PA-03--PA-12,PA-12,1/d^2,0.0498334079051351
Paderborn,PA-04,PA-03--PA-12,PA-03,Wald + Wind,0.7390333901747163
Paderborn,PA-04,PA-03--PA-12,PA-12,Wald + Wind,0.2609666098252838
Paderborn,PA-04,PA-03--PA-12,PA-03,Vollstaendig,0.5619849372131223
Paderborn,PA-04,PA-03--PA-12,PA-12,Vollstaendig,0.4380150627868777
Paderborn,PA-04,PA-05--PA-06,PA-05,Gleichgewichtung,0.5
Paderborn,PA-04,PA-05--PA-06,PA-06,Gleichgewichtung,0.5
Paderborn,PA-04,PA-05--PA-06,PA-05,1/d^2,0.7757021262000446
Paderborn,PA-04,PA-05--PA-06,PA-06,1/d^2,0.2242978737999554
Paderborn,PA-04,PA-05--PA-06,PA-05,Wald + Wind,0.5037545217533962
Paderborn,PA-04,PA-05--PA-06,PA-06,Wald + Wind,0.4962454782466037
Paderborn,PA-04,PA-05--PA-06,PA-05,Vollstaendig,0.4475660293280766
Paderborn,PA-04,PA-05--PA-06,PA-06,Vollstaendig,0.5524339706719232
Paderborn,PA-04,PA-05--PA-07,PA-05,Gleichgewichtung,0.5
Paderborn,PA-04,PA-05--PA-07,PA-07,Gleichgewichtung,0.5
Paderborn,PA-04,PA-05--PA-07,PA-05,1/d^2,0.7500381075679342
Paderborn,PA-04,PA-05--PA-07,PA-07,1/d^2,0.2499618924320658
Paderborn,PA-04,PA-05--PA-07,PA-05,Wald + Wind,0.5317692722295629
Paderborn,PA-04,PA-05--PA-07,PA-07,Wald + Wind,0.468230727770437
Paderborn,PA-04,PA-05--PA-07,PA-05,Vollstaendig,0.483097524922738
Paderborn,PA-04,PA-05--PA-07,PA-07,Vollstaendig,0.516902475077262
Paderborn,PA-04,PA-05--PA-08,PA-05,Gleichgewichtung,0.5
Paderborn,PA-04,PA-05--PA-08,PA-08,Gleichgewichtung,0.5
Paderborn,PA-04,PA-05--PA-08,PA-05,1/d^2,0.7553831983072167
Paderborn,PA-04,PA-05--PA-08,PA-08,1/d^2,0.2446168016927833
Paderborn,PA-04,PA-05--PA-08,PA-05,Wald + Wind,0.529866768149647
Paderborn,PA-04,PA-05--PA-08,PA-08,Wald + Wind,0.4701332318503531
Paderborn,PA-04,PA-05--PA-08,PA-05,Vollstaendig,0.4974069046362953
Paderborn,PA-04,PA-05--PA-08,PA-08,Vollstaendig,0.5025930953637047
Paderborn,PA-04,PA-05--PA-09,PA-05,Gleichgewichtung,0.5
Paderborn,PA-04,PA-05--PA-09,PA-09,Gleichgewichtung,0.5
Paderborn,PA-04,PA-05--PA-09,PA-05,1/d^2,0.932743717396782
Paderborn,PA-04,PA-05--PA-09,PA-09,1/d^2,0.0672562826032182
Paderborn,PA-04,PA-05--PA-09,PA-05,Wald + Wind,0.568745912307512
Paderborn,PA-04,PA-05--PA-09,PA-09,Wald + Wind,0.431254087692488
Paderborn,PA-04,PA-05--PA-09,PA-05,Vollstaendig,0.5110013664971393
Paderborn,PA-04,PA-05--PA-09,PA-09,Vollstaendig,0.4889986335028606
Paderborn,PA-04,PA-05--PA-10,PA-05,Gleichgewichtung,0.5
Paderborn,PA-04,PA-05--PA-10,PA-10,Gleichgewichtung,0.5
Paderborn,PA-04,PA-05--PA-10,PA-05,1/d^2,0.8954384667933264
Paderborn,PA-04,PA-05--PA-10,PA-10,1/d^2,0.1045615332066735
Paderborn,PA-04,PA-05--PA-10,PA-05,Wald + Wind,0.572370386163174
Paderborn,PA-04,PA-05--PA-10,PA-10,Wald + Wind,0.427629613836826
Paderborn,PA-04,PA-05--PA-10,PA-05,Vollstaendig,0.4825699007900819
Paderborn,PA-04,PA-05--PA-10,PA-10,Vollstaendig,0.5174300992099182
Paderborn,PA-04,PA-05--PA-11,PA-05,Gleichgewichtung,0.5
Paderborn,PA-04,PA-05--PA-11,PA-11,Gleichgewichtung,0.5
Paderborn,PA-04,PA-05--PA-11,PA-05,1/d^2,0.9362592572954712
Paderborn,PA-04,PA-05--PA-11,PA-11,1/d^2,0.0637407427045285
Paderborn,PA-04,PA-05--PA-11,PA-05,Wald + Wind,0.6547487152225319
Paderborn,PA-04,PA-05--PA-11,PA-11,Wald + Wind,0.3452512847774681
Paderborn,PA-04,PA-05--PA-11,PA-05,Vollstaendig,0.5442948264112702
Paderborn,PA-04,PA-05--PA-11,PA-11,Vollstaendig,0.4557051735887297
Paderborn,PA-04,PA-05--PA-12,PA-05,Gleichgewichtung,0.5
Paderborn,PA-04,PA-05--PA-12,PA-12,Gleichgewichtung,0.5
Paderborn,PA-04,PA-05--PA-12,PA-05,1/d^2,0.9426538088933843
Paderborn,PA-04,PA-05--PA-12,PA-12,1/d^2,0.0573461911066156
Paderborn,PA-04,PA-05--PA-12,PA-05,Wald + Wind,0.731023158473728
Paderborn,PA-04,PA-05--PA-12,PA-12,Wald + Wind,0.268976841526272
Paderborn,PA-04,PA-05--PA-12,PA-05,Vollstaendig,0.5642895607325495
Paderborn,PA-04,PA-05--PA-12,PA-12,Vollstaendig,0.4357104392674505
Paderborn,PA-04,PA-06--PA-07,PA-06,Gleichgewichtung,0.5
Paderborn,PA-04,PA-06--PA-07,PA-07,Gleichgewichtung,0.5
Paderborn,PA-04,PA-06--PA-07,PA-06,1/d^2,0.4645649825444463
Paderborn,PA-04,PA-06--PA-07,PA-07,1/d^2,0.5354350174555537
Paderborn,PA-04,PA-06--PA-07,PA-06,Wald + Wind,0.5280281230775238
Paderborn,PA-04,PA-06--PA-07,PA-07,Wald + Wind,0.4719718769224763
Paderborn,PA-04,PA-06--PA-07,PA-06,Vollstaendig,0.5356579048474267
Paderborn,PA-04,PA-06--PA-07,PA-07,Vollstaendig,0.4643420951525733
Paderborn,PA-04,PA-06--PA-08,PA-06,Gleichgewichtung,0.5
Paderborn,PA-04,PA-06--PA-08,PA-08,Gleichgewichtung,0.5
Paderborn,PA-04,PA-06--PA-08,PA-06,1/d^2,0.4717148882088341
Paderborn,PA-04,PA-06--PA-08,PA-08,1/d^2,0.528285111791166
Paderborn,PA-04,PA-06--PA-08,PA-06,Wald + Wind,0.5261239640841096
Paderborn,PA-04,PA-06--PA-08,PA-08,Wald + Wind,0.4738760359158904
Paderborn,PA-04,PA-06--PA-08,PA-06,Vollstaendig,0.5498679967735147
Paderborn,PA-04,PA-06--PA-08,PA-08,Vollstaendig,0.4501320032264852
Paderborn,PA-04,PA-06--PA-09,PA-06,Gleichgewichtung,0.5
Paderborn,PA-04,PA-06--PA-09,PA-09,Gleichgewichtung,0.5
Paderborn,PA-04,PA-06--PA-09,PA-06,1/d^2,0.8004048208148148
Paderborn,PA-04,PA-06--PA-09,PA-09,1/d^2,0.1995951791851851
Paderborn,PA-04,PA-06--PA-09,PA-06,Wald + Wind,0.5650585590984444
Paderborn,PA-04,PA-06--PA-09,PA-09,Wald + Wind,0.4349414409015556
Paderborn,PA-04,PA-06--PA-09,PA-06,Vollstaendig,0.563289304610289
Paderborn,PA-04,PA-06--PA-09,PA-09,Vollstaendig,0.4367106953897108
Paderborn,PA-04,PA-06--PA-10,PA-06,Gleichgewichtung,0.5
Paderborn,PA-04,PA-06--PA-10,PA-10,Gleichgewichtung,0.5
Paderborn,PA-04,PA-06--PA-10,PA-06,1/d^2,0.7123334526331374
Paderborn,PA-04,PA-06--PA-10,PA-10,1/d^2,0.2876665473668626
Paderborn,PA-04,PA-06--PA-10,PA-06,Wald + Wind,0.5686905217169448
Paderborn,PA-04,PA-06--PA-10,PA-10,Wald + Wind,0.4313094782830552
Paderborn,PA-04,PA-06--PA-10,PA-06,Vollstaendig,0.5351323052360474
Paderborn,PA-04,PA-06--PA-10,PA-10,Vollstaendig,0.4648676947639526
Paderborn,PA-04,PA-06--PA-11,PA-06,Gleichgewichtung,0.5
Paderborn,PA-04,PA-06--PA-11,PA-11,Gleichgewichtung,0.5
Paderborn,PA-04,PA-06--PA-11,PA-06,1/d^2,0.8094244653386015
Paderborn,PA-04,PA-06--PA-11,PA-11,1/d^2,0.1905755346613985
Paderborn,PA-04,PA-06--PA-11,PA-06,Wald + Wind,0.6513459258914095
Paderborn,PA-04,PA-06--PA-11,PA-11,Wald + Wind,0.3486540741085906
Paderborn,PA-04,PA-06--PA-11,PA-06,Vollstaendig,0.5958384374405059
Paderborn,PA-04,PA-06--PA-11,PA-11,Vollstaendig,0.4041615625594941
Paderborn,PA-04,PA-06--PA-12,PA-06,Gleichgewichtung,0.5
Paderborn,PA-04,PA-06--PA-12,PA-12,Gleichgewichtung,0.5
Paderborn,PA-04,PA-06--PA-12,PA-06,1/d^2,0.8261809563091287
Paderborn,PA-04,PA-06--PA-12,PA-12,1/d^2,0.1738190436908714
Paderborn,PA-04,PA-06--PA-12,PA-06,Wald + Wind,0.7280598964368842
Paderborn,PA-04,PA-06--PA-12,PA-12,Wald + Wind,0.2719401035631159
Paderborn,PA-04,PA-06--PA-12,PA-06,Vollstaendig,0.6151705909916209
Paderborn,PA-04,PA-06--PA-12,PA-12,Vollstaendig,0.3848294090083791
Paderborn,PA-04,PA-07--PA-08,PA-07,Gleichgewichtung,0.5
Paderborn,PA-04,PA-07--PA-08,PA-08,Gleichgewichtung,0.5
Paderborn,PA-04,PA-07--PA-08,PA-07,1/d^2,0.5071786859764026
Paderborn,PA-04,PA-07--PA-08,PA-08,1/d^2,0.4928213140235974
Paderborn,PA-04,PA-07--PA-08,PA-07,Wald + Wind,0.4980902476805983
Paderborn,PA-04,PA-07--PA-08,PA-08,Wald + Wind,0.5019097523194015
Paderborn,PA-04,PA-07--PA-08,PA-07,Vollstaendig,0.5143118888584413
Paderborn,PA-04,PA-07--PA-08,PA-08,Vollstaendig,0.4856881111415587
Paderborn,PA-04,PA-07--PA-09,PA-07,Gleichgewichtung,0.5
Paderborn,PA-04,PA-07--PA-09,PA-09,Gleichgewichtung,0.5
Paderborn,PA-04,PA-07--PA-09,PA-07,1/d^2,0.8221239918811639
Paderborn,PA-04,PA-07--PA-09,PA-09,1/d^2,0.177876008118836
Paderborn,PA-04,PA-07--PA-09,PA-07,Wald + Wind,0.5373025159920651
Paderborn,PA-04,PA-07--PA-09,PA-09,Wald + Wind,0.4626974840079349
Paderborn,PA-04,PA-07--PA-09,PA-07,Vollstaendig,0.5278831020870403
Paderborn,PA-04,PA-07--PA-09,PA-09,Vollstaendig,0.4721168979129597
Paderborn,PA-04,PA-07--PA-10,PA-07,Gleichgewichtung,0.5
Paderborn,PA-04,PA-07--PA-10,PA-10,Gleichgewichtung,0.5
Paderborn,PA-04,PA-07--PA-10,PA-07,1/d^2,0.7405294574373544
Paderborn,PA-04,PA-07--PA-10,PA-10,1/d^2,0.2594705425626456
Paderborn,PA-04,PA-07--PA-10,PA-07,Wald + Wind,0.5409779726947974
Paderborn,PA-04,PA-07--PA-10,PA-10,Wald + Wind,0.4590220273052026
Paderborn,PA-04,PA-07--PA-10,PA-07,Vollstaendig,0.4994717533565289
Paderborn,PA-04,PA-07--PA-10,PA-10,Vollstaendig,0.500528246643471
Paderborn,PA-04,PA-07--PA-11,PA-07,Gleichgewichtung,0.5
Paderborn,PA-04,PA-07--PA-11,PA-11,Gleichgewichtung,0.5
Paderborn,PA-04,PA-07--PA-11,PA-07,1/d^2,0.8303701594423939
Paderborn,PA-04,PA-07--PA-11,PA-11,1/d^2,0.169629840557606
Paderborn,PA-04,PA-07--PA-11,PA-07,Wald + Wind,0.6254463474534312
Paderborn,PA-04,PA-07--PA-11,PA-11,Wald + Wind,0.3745536525465688
Paderborn,PA-04,PA-07--PA-11,PA-07,Vollstaendig,0.5610145769373049
Paderborn,PA-04,PA-07--PA-11,PA-11,Vollstaendig,0.4389854230626949
Paderborn,PA-04,PA-07--PA-12,PA-07,Gleichgewichtung,0.5
Paderborn,PA-04,PA-07--PA-12,PA-12,Gleichgewichtung,0.5
Paderborn,PA-04,PA-07--PA-12,PA-07,1/d^2,0.8456362056500855
Paderborn,PA-04,PA-07--PA-12,PA-12,1/d^2,0.1543637943499146
Paderborn,PA-04,PA-07--PA-12,PA-07,Wald + Wind,0.7052804587239611
Paderborn,PA-04,PA-07--PA-12,PA-12,Wald + Wind,0.2947195412760389
Paderborn,PA-04,PA-07--PA-12,PA-07,Vollstaendig,0.5808406529552407
Paderborn,PA-04,PA-07--PA-12,PA-12,Vollstaendig,0.4191593470447594
Paderborn,PA-04,PA-08--PA-09,PA-08,Gleichgewichtung,0.5
Paderborn,PA-04,PA-08--PA-09,PA-09,Gleichgewichtung,0.5
Paderborn,PA-04,PA-08--PA-09,PA-08,1/d^2,0.8178856553729626
Paderborn,PA-04,PA-08--PA-09,PA-09,1/d^2,0.1821143446270373
Paderborn,PA-04,PA-08--PA-09,PA-08,Wald + Wind,0.5392010977914292
Paderborn,PA-04,PA-08--PA-09,PA-09,Wald + Wind,0.4607989022085707
Paderborn,PA-04,PA-08--PA-09,PA-08,Vollstaendig,0.5135929107687691
Paderborn,PA-04,PA-08--PA-09,PA-09,Vollstaendig,0.4864070892312309
Paderborn,PA-04,PA-08--PA-10,PA-08,Gleichgewichtung,0.5
Paderborn,PA-04,PA-08--PA-10,PA-10,Gleichgewichtung,0.5
Paderborn,PA-04,PA-08--PA-10,PA-08,1/d^2,0.7349736739501599
Paderborn,PA-04,PA-08--PA-10,PA-10,1/d^2,0.26502632604984
Paderborn,PA-04,PA-08--PA-10,PA-08,Wald + Wind,0.5428743040230661
Paderborn,PA-04,PA-08--PA-10,PA-10,Wald + Wind,0.4571256959769339
Paderborn,PA-04,PA-08--PA-10,PA-08,Vollstaendig,0.4851603132625168
Paderborn,PA-04,PA-08--PA-10,PA-10,Vollstaendig,0.5148396867374833
Paderborn,PA-04,PA-08--PA-11,PA-08,Gleichgewichtung,0.5
Paderborn,PA-04,PA-08--PA-11,PA-11,Gleichgewichtung,0.5
Paderborn,PA-04,PA-08--PA-11,PA-08,1/d^2,0.8262867913246383
Paderborn,PA-04,PA-08--PA-11,PA-11,1/d^2,0.1737132086753616
Paderborn,PA-04,PA-08--PA-11,PA-08,Wald + Wind,0.6272341730699734
Paderborn,PA-04,PA-08--PA-11,PA-11,Wald + Wind,0.3727658269300267
Paderborn,PA-04,PA-08--PA-11,PA-08,Vollstaendig,0.5468663893481391
Paderborn,PA-04,PA-08--PA-11,PA-11,Vollstaendig,0.4531336106518608
Paderborn,PA-04,PA-08--PA-12,PA-08,Gleichgewichtung,0.5
Paderborn,PA-04,PA-08--PA-12,PA-12,Gleichgewichtung,0.5
Paderborn,PA-04,PA-08--PA-12,PA-08,1/d^2,0.8418503347218533
Paderborn,PA-04,PA-08--PA-12,PA-12,1/d^2,0.1581496652781465
Paderborn,PA-04,PA-08--PA-12,PA-08,Wald + Wind,0.7068658166205556
Paderborn,PA-04,PA-08--PA-12,PA-12,Wald + Wind,0.2931341833794444
Paderborn,PA-04,PA-08--PA-12,PA-08,Vollstaendig,0.5668380860644894
Paderborn,PA-04,PA-08--PA-12,PA-12,Vollstaendig,0.4331619139355107
Paderborn,PA-04,PA-09--PA-10,PA-09,Gleichgewichtung,0.5
Paderborn,PA-04,PA-09--PA-10,PA-10,Gleichgewichtung,0.5
Paderborn,PA-04,PA-09--PA-10,PA-09,1/d^2,0.3817605486533744
Paderborn,PA-04,PA-09--PA-10,PA-10,1/d^2,0.6182394513466256
Paderborn,PA-04,PA-09--PA-10,PA-09,Wald + Wind,0.5036980678951436
Paderborn,PA-04,PA-09--PA-10,PA-10,Wald + Wind,0.4963019321048563
Paderborn,PA-04,PA-09--PA-10,PA-09,Vollstaendig,0.4715903250715207
Paderborn,PA-04,PA-09--PA-10,PA-10,Vollstaendig,0.5284096749284793
Paderborn,PA-04,PA-09--PA-11,PA-09,Gleichgewichtung,0.5
Paderborn,PA-04,PA-09--PA-11,PA-11,Gleichgewichtung,0.5
Paderborn,PA-04,PA-09--PA-11,PA-09,1/d^2,0.5143581564944663
Paderborn,PA-04,PA-09--PA-11,PA-11,1/d^2,0.4856418435055337
Paderborn,PA-04,PA-09--PA-11,PA-09,Wald + Wind,0.5898251661233009
Paderborn,PA-04,PA-09--PA-11,PA-11,Wald + Wind,0.410174833876699
Paderborn,PA-04,PA-09--PA-11,PA-09,Vollstaendig,0.5333584827516448
Paderborn,PA-04,PA-09--PA-11,PA-11,Vollstaendig,0.4666415172483552
Paderborn,PA-04,PA-09--PA-12,PA-09,Gleichgewichtung,0.5
Paderborn,PA-04,PA-09--PA-12,PA-12,Gleichgewichtung,0.5
Paderborn,PA-04,PA-09--PA-12,PA-09,1/d^2,0.5423911477635719
Paderborn,PA-04,PA-09--PA-12,PA-12,1/d^2,0.4576088522364281
Paderborn,PA-04,PA-09--PA-12,PA-09,Wald + Wind,0.6732856671875804
Paderborn,PA-04,PA-09--PA-12,PA-12,Wald + Wind,0.3267143328124196
Paderborn,PA-04,PA-09--PA-12,PA-09,Vollstaendig,0.5534393791596566
Paderborn,PA-04,PA-09--PA-12,PA-12,Vollstaendig,0.4465606208403435
Paderborn,PA-04,PA-10--PA-11,PA-10,Gleichgewichtung,0.5
Paderborn,PA-04,PA-10--PA-11,PA-11,Gleichgewichtung,0.5
Paderborn,PA-04,PA-10--PA-11,PA-10,1/d^2,0.6317032372100716
Paderborn,PA-04,PA-10--PA-11,PA-11,1/d^2,0.3682967627899283
Paderborn,PA-04,PA-10--PA-11,PA-10,Wald + Wind,0.5862416891345995
Paderborn,PA-04,PA-10--PA-11,PA-11,Wald + Wind,0.4137583108654006
Paderborn,PA-04,PA-10--PA-11,PA-10,Vollstaendig,0.5615348903192264
Paderborn,PA-04,PA-10--PA-11,PA-11,Vollstaendig,0.4384651096807735
Paderborn,PA-04,PA-10--PA-12,PA-10,Gleichgewichtung,0.5
Paderborn,PA-04,PA-10--PA-12,PA-12,Gleichgewichtung,0.5
Paderborn,PA-04,PA-10--PA-12,PA-10,1/d^2,0.6574733800066952
Paderborn,PA-04,PA-10--PA-12,PA-12,1/d^2,0.3425266199933048
Paderborn,PA-04,PA-10--PA-12,PA-10,Wald + Wind,0.670023418391043
Paderborn,PA-04,PA-10--PA-12,PA-12,Wald + Wind,0.3299765816089571
Paderborn,PA-04,PA-10--PA-12,PA-10,Vollstaendig,0.5813550029264508
Paderborn,PA-04,PA-10--PA-12,PA-12,Vollstaendig,0.4186449970735491
Paderborn,PA-04,PA-11--PA-12,PA-11,Gleichgewichtung,0.5
Paderborn,PA-04,PA-11--PA-12,PA-12,Gleichgewichtung,0.5
Paderborn,PA-04,PA-11--PA-12,PA-11,1/d^2,0.5281014079385752
Paderborn,PA-04,PA-11--PA-12,PA-12,1/d^2,0.4718985920614247
Paderborn,PA-04,PA-11--PA-12,PA-11,Wald + Wind,0.5890019071332746
Paderborn,PA-04,PA-11--PA-12,PA-12,Wald + Wind,0.4109980928667253
Paderborn,PA-04,PA-11--PA-12,PA-11,Vollstaendig,0.5202251141414956
Paderborn,PA-04,PA-11--PA-12,PA-12,Vollstaendig,0.4797748858585043
Paderborn,PA-05,PA-01--PA-02,PA-01,Gleichgewichtung,0.5
Paderborn,PA-05,PA-01--PA-02,PA-02,Gleichgewichtung,0.5
Paderborn,PA-05,PA-01--PA-02,PA-01,1/d^2,0.5291901852395149
Paderborn,PA-05,PA-01--PA-02,PA-02,1/d^2,0.470809814760485
Paderborn,PA-05,PA-01--PA-02,PA-01,Wald + Wind,0.5694397526907867
Paderborn,PA-05,PA-01--PA-02,PA-02,Wald + Wind,0.4305602473092132
Paderborn,PA-05,PA-01--PA-02,PA-01,Vollstaendig,0.5081071342814822
Paderborn,PA-05,PA-01--PA-02,PA-02,Vollstaendig,0.4918928657185178
Paderborn,PA-05,PA-01--PA-03,PA-01,Gleichgewichtung,0.5
Paderborn,PA-05,PA-01--PA-03,PA-03,Gleichgewichtung,0.5
Paderborn,PA-05,PA-01--PA-03,PA-01,1/d^2,0.2278297726346121
Paderborn,PA-05,PA-01--PA-03,PA-03,1/d^2,0.7721702273653878
Paderborn,PA-05,PA-01--PA-03,PA-01,Wald + Wind,0.2340008008041825
Paderborn,PA-05,PA-01--PA-03,PA-03,Wald + Wind,0.7659991991958175
Paderborn,PA-05,PA-01--PA-03,PA-01,Vollstaendig,0.3992037164153569
Paderborn,PA-05,PA-01--PA-03,PA-03,Vollstaendig,0.600796283584643
Paderborn,PA-05,PA-01--PA-04,PA-01,Gleichgewichtung,0.5
Paderborn,PA-05,PA-01--PA-04,PA-04,Gleichgewichtung,0.5
Paderborn,PA-05,PA-01--PA-04,PA-01,1/d^2,0.1241928283432829
Paderborn,PA-05,PA-01--PA-04,PA-04,1/d^2,0.875807171656717
Paderborn,PA-05,PA-01--PA-04,PA-01,Wald + Wind,0.2614694678436096
Paderborn,PA-05,PA-01--PA-04,PA-04,Wald + Wind,0.7385305321563904
Paderborn,PA-05,PA-01--PA-04,PA-01,Vollstaendig,0.4317812884584839
Paderborn,PA-05,PA-01--PA-04,PA-04,Vollstaendig,0.5682187115415162
Paderborn,PA-05,PA-01--PA-06,PA-01,Gleichgewichtung,0.5
Paderborn,PA-05,PA-01--PA-06,PA-06,Gleichgewichtung,0.5
Paderborn,PA-05,PA-01--PA-06,PA-01,1/d^2,0.1509739982448375
Paderborn,PA-05,PA-01--PA-06,PA-06,1/d^2,0.8490260017551625
Paderborn,PA-05,PA-01--PA-06,PA-01,Wald + Wind,0.1498838745914671
Paderborn,PA-05,PA-01--PA-06,PA-06,Wald + Wind,0.8501161254085329
Paderborn,PA-05,PA-01--PA-06,PA-01,Vollstaendig,0.3878778041155533
Paderborn,PA-05,PA-01--PA-06,PA-06,Vollstaendig,0.6121221958844466
Paderborn,PA-05,PA-01--PA-07,PA-01,Gleichgewichtung,0.5
Paderborn,PA-05,PA-01--PA-07,PA-07,Gleichgewichtung,0.5
Paderborn,PA-05,PA-01--PA-07,PA-01,1/d^2,0.0725957524999633
Paderborn,PA-05,PA-01--PA-07,PA-07,1/d^2,0.9274042475000368
Paderborn,PA-05,PA-01--PA-07,PA-01,Wald + Wind,0.1178579449857409
Paderborn,PA-05,PA-01--PA-07,PA-07,Wald + Wind,0.882142055014259
Paderborn,PA-05,PA-01--PA-07,PA-01,Vollstaendig,0.3468879960226785
Paderborn,PA-05,PA-01--PA-07,PA-07,Vollstaendig,0.6531120039773214
Paderborn,PA-05,PA-01--PA-08,PA-01,Gleichgewichtung,0.5
Paderborn,PA-05,PA-01--PA-08,PA-08,Gleichgewichtung,0.5
Paderborn,PA-05,PA-01--PA-08,PA-01,1/d^2,0.0824338894521072
Paderborn,PA-05,PA-01--PA-08,PA-08,1/d^2,0.9175661105478928
Paderborn,PA-05,PA-01--PA-08,PA-01,Wald + Wind,0.1634765114434649
Paderborn,PA-05,PA-01--PA-08,PA-08,Wald + Wind,0.836523488556535
Paderborn,PA-05,PA-01--PA-08,PA-01,Vollstaendig,0.3679924010620538
Paderborn,PA-05,PA-01--PA-08,PA-08,Vollstaendig,0.6320075989379463
Paderborn,PA-05,PA-01--PA-09,PA-01,Gleichgewichtung,0.5
Paderborn,PA-05,PA-01--PA-09,PA-09,Gleichgewichtung,0.5
Paderborn,PA-05,PA-01--PA-09,PA-01,1/d^2,0.5641949784015595
Paderborn,PA-05,PA-01--PA-09,PA-09,1/d^2,0.4358050215984403
Paderborn,PA-05,PA-01--PA-09,PA-01,Wald + Wind,0.2110457393513912
Paderborn,PA-05,PA-01--PA-09,PA-09,Wald + Wind,0.7889542606486087
Paderborn,PA-05,PA-01--PA-09,PA-01,Vollstaendig,0.3850940320395553
Paderborn,PA-05,PA-01--PA-09,PA-09,Vollstaendig,0.6149059679604447
Paderborn,PA-05,PA-01--PA-10,PA-01,Gleichgewichtung,0.5
Paderborn,PA-05,PA-01--PA-10,PA-10,Gleichgewichtung,0.5
Paderborn,PA-05,PA-01--PA-10,PA-01,1/d^2,0.3679048387653338
Paderborn,PA-05,PA-01--PA-10,PA-10,1/d^2,0.6320951612346661
Paderborn,PA-05,PA-01--PA-10,PA-01,Wald + Wind,0.2733125044420419
Paderborn,PA-05,PA-01--PA-10,PA-10,Wald + Wind,0.7266874955579581
Paderborn,PA-05,PA-01--PA-10,PA-01,Vollstaendig,0.4142452755952642
Paderborn,PA-05,PA-01--PA-10,PA-10,Vollstaendig,0.5857547244047356
Paderborn,PA-05,PA-01--PA-11,PA-01,Gleichgewichtung,0.5
Paderborn,PA-05,PA-01--PA-11,PA-11,Gleichgewichtung,0.5
Paderborn,PA-05,PA-01--PA-11,PA-01,1/d^2,0.5427696808178625
Paderborn,PA-05,PA-01--PA-11,PA-11,1/d^2,0.4572303191821375
Paderborn,PA-05,PA-01--PA-11,PA-01,Wald + Wind,0.2072454903041551
Paderborn,PA-05,PA-01--PA-11,PA-11,Wald + Wind,0.7927545096958448
Paderborn,PA-05,PA-01--PA-11,PA-01,Vollstaendig,0.39547908841114
Paderborn,PA-05,PA-01--PA-11,PA-11,Vollstaendig,0.60452091158886
Paderborn,PA-05,PA-01--PA-12,PA-01,Gleichgewichtung,0.5
Paderborn,PA-05,PA-01--PA-12,PA-12,Gleichgewichtung,0.5
Paderborn,PA-05,PA-01--PA-12,PA-01,1/d^2,0.5842090246442248
Paderborn,PA-05,PA-01--PA-12,PA-12,1/d^2,0.4157909753557752
Paderborn,PA-05,PA-01--PA-12,PA-01,Wald + Wind,0.3396198777902108
Paderborn,PA-05,PA-01--PA-12,PA-12,Wald + Wind,0.6603801222097891
Paderborn,PA-05,PA-01--PA-12,PA-01,Vollstaendig,0.4273856679612516
Paderborn,PA-05,PA-01--PA-12,PA-12,Vollstaendig,0.5726143320387483
Paderborn,PA-05,PA-02--PA-03,PA-02,Gleichgewichtung,0.5
Paderborn,PA-05,PA-02--PA-03,PA-03,Gleichgewichtung,0.5
Paderborn,PA-05,PA-02--PA-03,PA-02,1/d^2,0.2079214911565877
Paderborn,PA-05,PA-02--PA-03,PA-03,1/d^2,0.7920785088434122
Paderborn,PA-05,PA-02--PA-03,PA-02,Wald + Wind,0.1876393971964477
Paderborn,PA-05,PA-02--PA-03,PA-03,Wald + Wind,0.8123606028035522
Paderborn,PA-05,PA-02--PA-03,PA-02,Vollstaendig,0.3914513923651306
Paderborn,PA-05,PA-02--PA-03,PA-03,Vollstaendig,0.6085486076348693
Paderborn,PA-05,PA-02--PA-04,PA-02,Gleichgewichtung,0.5
Paderborn,PA-05,PA-02--PA-04,PA-04,Gleichgewichtung,0.5
Paderborn,PA-05,PA-02--PA-04,PA-02,1/d^2,0.1120267256376697
Paderborn,PA-05,PA-02--PA-04,PA-04,1/d^2,0.8879732743623302
Paderborn,PA-05,PA-02--PA-04,PA-02,Wald + Wind,0.2111661166058802
Paderborn,PA-05,PA-02--PA-04,PA-04,Wald + Wind,0.7888338833941198
Paderborn,PA-05,PA-02--PA-04,PA-02,Vollstaendig,0.4238426320211537
Paderborn,PA-05,PA-02--PA-04,PA-04,Vollstaendig,0.5761573679788463
Paderborn,PA-05,PA-02--PA-06,PA-02,Gleichgewichtung,0.5
Paderborn,PA-05,PA-02--PA-06,PA-06,Gleichgewichtung,0.5
Paderborn,PA-05,PA-02--PA-06,PA-02,1/d^2,0.1365935470454263
Paderborn,PA-05,PA-02--PA-06,PA-06,1/d^2,0.8634064529545737
Paderborn,PA-05,PA-02--PA-06,PA-02,Wald + Wind,0.1176289106650795
Paderborn,PA-05,PA-02--PA-06,PA-06,Wald + Wind,0.8823710893349205
Paderborn,PA-05,PA-02--PA-06,PA-02,Vollstaendig,0.3802062350270369
Paderborn,PA-05,PA-02--PA-06,PA-06,Vollstaendig,0.619793764972963
Paderborn,PA-05,PA-02--PA-07,PA-02,Gleichgewichtung,0.5
Paderborn,PA-05,PA-02--PA-07,PA-07,Gleichgewichtung,0.5
Paderborn,PA-05,PA-02--PA-07,PA-02,1/d^2,0.0651084129492825
Paderborn,PA-05,PA-02--PA-07,PA-07,1/d^2,0.9348915870507176
Paderborn,PA-05,PA-02--PA-07,PA-02,Wald + Wind,0.0917511164979375
Paderborn,PA-05,PA-02--PA-07,PA-07,Wald + Wind,0.9082488835020625
Paderborn,PA-05,PA-02--PA-07,PA-02,Vollstaendig,0.3395773918035618
Paderborn,PA-05,PA-02--PA-07,PA-07,Vollstaendig,0.6604226081964382
Paderborn,PA-05,PA-02--PA-08,PA-02,Gleichgewichtung,0.5
Paderborn,PA-05,PA-02--PA-08,PA-08,Gleichgewichtung,0.5
Paderborn,PA-05,PA-02--PA-08,PA-02,1/d^2,0.0740128477433922
Paderborn,PA-05,PA-02--PA-08,PA-08,1/d^2,0.9259871522566078
Paderborn,PA-05,PA-02--PA-08,PA-02,Wald + Wind,0.1287393905559205
Paderborn,PA-05,PA-02--PA-08,PA-08,Wald + Wind,0.8712606094440793
Paderborn,PA-05,PA-02--PA-08,PA-02,Vollstaendig,0.3604825150887799
Paderborn,PA-05,PA-02--PA-08,PA-08,Vollstaendig,0.6395174849112202
Paderborn,PA-05,PA-02--PA-09,PA-02,Gleichgewichtung,0.5
Paderborn,PA-05,PA-02--PA-09,PA-09,Gleichgewichtung,0.5
Paderborn,PA-05,PA-02--PA-09,PA-02,1/d^2,0.535269151437599
Paderborn,PA-05,PA-02--PA-09,PA-09,1/d^2,0.4647308485624009
Paderborn,PA-05,PA-02--PA-09,PA-02,Wald + Wind,0.1682334534347916
Paderborn,PA-05,PA-02--PA-09,PA-09,Wald + Wind,0.8317665465652084
Paderborn,PA-05,PA-02--PA-09,PA-02,Vollstaendig,0.3774435714986653
Paderborn,PA-05,PA-02--PA-09,PA-09,Vollstaendig,0.6225564285013346
Paderborn,PA-05,PA-02--PA-10,PA-02,Gleichgewichtung,0.5
Paderborn,PA-05,PA-02--PA-10,PA-10,Gleichgewichtung,0.5
Paderborn,PA-05,PA-02--PA-10,PA-02,1/d^2,0.3411644580971391
Paderborn,PA-05,PA-02--PA-10,PA-10,1/d^2,0.6588355419028609
Paderborn,PA-05,PA-02--PA-10,PA-02,Wald + Wind,0.2214137915463778
Paderborn,PA-05,PA-02--PA-10,PA-10,Wald + Wind,0.778586208453622
Paderborn,PA-05,PA-02--PA-10,PA-02,Vollstaendig,0.406398437922482
Paderborn,PA-05,PA-02--PA-10,PA-10,Vollstaendig,0.5936015620775179
Paderborn,PA-05,PA-02--PA-11,PA-02,Gleichgewichtung,0.5
Paderborn,PA-05,PA-02--PA-11,PA-11,Gleichgewichtung,0.5
Paderborn,PA-05,PA-02--PA-11,PA-02,1/d^2,0.5136476494781169
Paderborn,PA-05,PA-02--PA-11,PA-11,1/d^2,0.4863523505218831
Paderborn,PA-05,PA-02--PA-11,PA-02,Wald + Wind,0.1650428465459884
Paderborn,PA-05,PA-02--PA-11,PA-11,Wald + Wind,0.8349571534540117
Paderborn,PA-05,PA-02--PA-11,PA-02,Vollstaendig,0.387752412865743
Paderborn,PA-05,PA-02--PA-11,PA-11,Vollstaendig,0.612247587134257
Paderborn,PA-05,PA-02--PA-12,PA-02,Gleichgewichtung,0.5
Paderborn,PA-05,PA-02--PA-12,PA-12,Gleichgewichtung,0.5
Paderborn,PA-05,PA-02--PA-12,PA-02,1/d^2,0.5555651733090261
Paderborn,PA-05,PA-02--PA-12,PA-12,1/d^2,0.4444348266909739
Paderborn,PA-05,PA-02--PA-12,PA-02,Wald + Wind,0.2799813032825794
Paderborn,PA-05,PA-02--PA-12,PA-12,Wald + Wind,0.7200186967174207
Paderborn,PA-05,PA-02--PA-12,PA-02,Vollstaendig,0.4194681681499365
Paderborn,PA-05,PA-02--PA-12,PA-12,Vollstaendig,0.5805318318500634
Paderborn,PA-05,PA-03--PA-04,PA-03,Gleichgewichtung,0.5
Paderborn,PA-05,PA-03--PA-04,PA-04,Gleichgewichtung,0.5
Paderborn,PA-05,PA-03--PA-04,PA-03,1/d^2,0.3246015836462138
Paderborn,PA-05,PA-03--PA-04,PA-04,1/d^2,0.6753984163537863
Paderborn,PA-05,PA-03--PA-04,PA-03,Wald + Wind,0.5368111894487517
Paderborn,PA-05,PA-03--PA-04,PA-04,Wald + Wind,0.4631888105512483
Paderborn,PA-05,PA-03--PA-04,PA-03,Vollstaendig,0.5334989530547776
Paderborn,PA-05,PA-03--PA-04,PA-04,Vollstaendig,0.4665010469452224
Paderborn,PA-05,PA-03--PA-06,PA-03,Gleichgewichtung,0.5
Paderborn,PA-05,PA-03--PA-06,PA-06,Gleichgewichtung,0.5
Paderborn,PA-05,PA-03--PA-06,PA-03,1/d^2,0.3760434830147699
Paderborn,PA-05,PA-03--PA-06,PA-06,1/d^2,0.62395651698523
Paderborn,PA-05,PA-03--PA-06,PA-03,Wald + Wind,0.3659443284823972
Paderborn,PA-05,PA-03--PA-06,PA-06,Wald + Wind,0.6340556715176028
Paderborn,PA-05,PA-03--PA-06,PA-03,Vollstaendig,0.4881378471892744
Paderborn,PA-05,PA-03--PA-06,PA-06,Vollstaendig,0.5118621528107256
Paderborn,PA-05,PA-03--PA-07,PA-03,Gleichgewichtung,0.5
Paderborn,PA-05,PA-03--PA-07,PA-07,Gleichgewichtung,0.5
Paderborn,PA-05,PA-03--PA-07,PA-03,1/d^2,0.2096764403152515
Paderborn,PA-05,PA-03--PA-07,PA-07,1/d^2,0.7903235596847485
Paderborn,PA-05,PA-03--PA-07,PA-03,Wald + Wind,0.3042762905410974
Paderborn,PA-05,PA-03--PA-07,PA-07,Wald + Wind,0.6957237094589027
Paderborn,PA-05,PA-03--PA-07,PA-03,Vollstaendig,0.4442422129141671
Paderborn,PA-05,PA-03--PA-07,PA-07,Vollstaendig,0.5557577870858328
Paderborn,PA-05,PA-03--PA-08,PA-03,Gleichgewichtung,0.5
Paderborn,PA-05,PA-03--PA-08,PA-08,Gleichgewichtung,0.5
Paderborn,PA-05,PA-03--PA-08,PA-03,1/d^2,0.2334160537399714
Paderborn,PA-05,PA-03--PA-08,PA-08,1/d^2,0.7665839462600286
Paderborn,PA-05,PA-03--PA-08,PA-03,Wald + Wind,0.3901388293329769
Paderborn,PA-05,PA-03--PA-08,PA-08,Wald + Wind,0.6098611706670232
Paderborn,PA-05,PA-03--PA-08,PA-03,Vollstaendig,0.4670341253684144
Paderborn,PA-05,PA-03--PA-08,PA-08,Vollstaendig,0.5329658746315855
Paderborn,PA-05,PA-03--PA-09,PA-03,Gleichgewichtung,0.5
Paderborn,PA-05,PA-03--PA-09,PA-09,Gleichgewichtung,0.5
Paderborn,PA-05,PA-03--PA-09,PA-03,1/d^2,0.8143929586289373
Paderborn,PA-05,PA-03--PA-09,PA-09,1/d^2,0.1856070413710627
Paderborn,PA-05,PA-03--PA-09,PA-03,Wald + Wind,0.4668544619368526
Paderborn,PA-05,PA-03--PA-09,PA-09,Wald + Wind,0.5331455380631475
Paderborn,PA-05,PA-03--PA-09,PA-03,Vollstaendig,0.4852048817934715
Paderborn,PA-05,PA-03--PA-09,PA-09,Vollstaendig,0.5147951182065286
Paderborn,PA-05,PA-03--PA-10,PA-03,Gleichgewichtung,0.5
Paderborn,PA-05,PA-03--PA-10,PA-10,Gleichgewichtung,0.5
Paderborn,PA-05,PA-03--PA-10,PA-03,1/d^2,0.6636026829339772
Paderborn,PA-05,PA-03--PA-10,PA-10,1/d^2,0.3363973170660227
Paderborn,PA-05,PA-03--PA-10,PA-03,Wald + Wind,0.5518073703755805
Paderborn,PA-05,PA-03--PA-10,PA-10,Wald + Wind,0.4481926296244194
Paderborn,PA-05,PA-03--PA-10,PA-03,Vollstaendig,0.5155802466774221
Paderborn,PA-05,PA-03--PA-10,PA-10,Vollstaendig,0.484419753322578
Paderborn,PA-05,PA-03--PA-11,PA-03,Gleichgewichtung,0.5
Paderborn,PA-05,PA-03--PA-11,PA-11,Gleichgewichtung,0.5
Paderborn,PA-05,PA-03--PA-11,PA-03,1/d^2,0.8009279404218207
Paderborn,PA-05,PA-03--PA-11,PA-11,1/d^2,0.1990720595781792
Paderborn,PA-05,PA-03--PA-11,PA-03,Wald + Wind,0.4611402810686303
Paderborn,PA-05,PA-03--PA-11,PA-11,Wald + Wind,0.5388597189313697
Paderborn,PA-05,PA-03--PA-11,PA-03,Vollstaendig,0.4961115058851424
Paderborn,PA-05,PA-03--PA-11,PA-11,Vollstaendig,0.5038884941148575
Paderborn,PA-05,PA-03--PA-12,PA-03,Gleichgewichtung,0.5
Paderborn,PA-05,PA-03--PA-12,PA-12,Gleichgewichtung,0.5
Paderborn,PA-05,PA-03--PA-12,PA-03,1/d^2,0.8264512590837452
Paderborn,PA-05,PA-03--PA-12,PA-12,1/d^2,0.1735487409162547
Paderborn,PA-05,PA-03--PA-12,PA-03,Wald + Wind,0.6273507020792659
Paderborn,PA-05,PA-03--PA-12,PA-12,Wald + Wind,0.3726492979207341
Paderborn,PA-05,PA-03--PA-12,PA-03,Vollstaendig,0.5290319196143788
Paderborn,PA-05,PA-03--PA-12,PA-12,Vollstaendig,0.4709680803856211
Paderborn,PA-05,PA-04--PA-06,PA-04,Gleichgewichtung,0.5
Paderborn,PA-05,PA-04--PA-06,PA-06,Gleichgewichtung,0.5
Paderborn,PA-05,PA-04--PA-06,PA-04,1/d^2,0.5563417810779817
Paderborn,PA-05,PA-04--PA-06,PA-06,1/d^2,0.4436582189220183
Paderborn,PA-05,PA-04--PA-06,PA-04,Wald + Wind,0.3324405933051046
Paderborn,PA-05,PA-04--PA-06,PA-06,Wald + Wind,0.6675594066948954
Paderborn,PA-05,PA-04--PA-06,PA-04,Vollstaendig,0.454710880230266
Paderborn,PA-05,PA-04--PA-06,PA-06,Vollstaendig,0.545289119769734
Paderborn,PA-05,PA-04--PA-07,PA-04,Gleichgewichtung,0.5
Paderborn,PA-05,PA-04--PA-07,PA-07,Gleichgewichtung,0.5
Paderborn,PA-05,PA-04--PA-07,PA-04,1/d^2,0.3556780354374242
Paderborn,PA-05,PA-04--PA-07,PA-07,1/d^2,0.6443219645625757
Paderborn,PA-05,PA-04--PA-07,PA-04,Wald + Wind,0.2739788696382214
Paderborn,PA-05,PA-04--PA-07,PA-07,Wald + Wind,0.7260211303617786
Paderborn,PA-05,PA-04--PA-07,PA-04,Vollstaendig,0.4114051792269538
Paderborn,PA-05,PA-04--PA-07,PA-07,Vollstaendig,0.5885948207730463
Paderborn,PA-05,PA-04--PA-08,PA-04,Gleichgewichtung,0.5
Paderborn,PA-05,PA-04--PA-08,PA-08,Gleichgewichtung,0.5
Paderborn,PA-05,PA-04--PA-08,PA-04,1/d^2,0.3878360399602452
Paderborn,PA-05,PA-04--PA-08,PA-08,1/d^2,0.6121639600397547
Paderborn,PA-05,PA-04--PA-08,PA-04,Wald + Wind,0.3556625125744059
Paderborn,PA-05,PA-04--PA-08,PA-08,Wald + Wind,0.644337487425594
Paderborn,PA-05,PA-04--PA-08,PA-04,Vollstaendig,0.4338274754879783
Paderborn,PA-05,PA-04--PA-08,PA-08,Vollstaendig,0.5661725245120216
Paderborn,PA-05,PA-04--PA-09,PA-04,Gleichgewichtung,0.5
Paderborn,PA-05,PA-04--PA-09,PA-09,Gleichgewichtung,0.5
Paderborn,PA-05,PA-04--PA-09,PA-04,1/d^2,0.9012788483095232
Paderborn,PA-05,PA-04--PA-09,PA-09,1/d^2,0.0987211516904767
Paderborn,PA-05,PA-04--PA-09,PA-04,Wald + Wind,0.4303830385366338
Paderborn,PA-05,PA-04--PA-09,PA-09,Wald + Wind,0.5696169614633662
Paderborn,PA-05,PA-04--PA-09,PA-04,Vollstaendig,0.4518014815246574
Paderborn,PA-05,PA-04--PA-09,PA-09,Vollstaendig,0.5481985184753425
Paderborn,PA-05,PA-04--PA-10,PA-04,Gleichgewichtung,0.5
Paderborn,PA-05,PA-04--PA-10,PA-10,Gleichgewichtung,0.5
Paderborn,PA-05,PA-04--PA-10,PA-04,1/d^2,0.8040961506447997
Paderborn,PA-05,PA-04--PA-10,PA-10,1/d^2,0.1959038493552002
Paderborn,PA-05,PA-04--PA-10,PA-04,Wald + Wind,0.5151114566139615
Paderborn,PA-05,PA-04--PA-10,PA-10,Wald + Wind,0.4848885433860386
Paderborn,PA-05,PA-04--PA-10,PA-04,Vollstaendig,0.4820438066968052
Paderborn,PA-05,PA-04--PA-10,PA-10,Vollstaendig,0.5179561933031948
Paderborn,PA-05,PA-04--PA-11,PA-04,Gleichgewichtung,0.5
Paderborn,PA-05,PA-04--PA-11,PA-11,Gleichgewichtung,0.5
Paderborn,PA-05,PA-04--PA-11,PA-04,1/d^2,0.8932911382639417
Paderborn,PA-05,PA-04--PA-11,PA-11,1/d^2,0.1067088617360584
Paderborn,PA-05,PA-04--PA-11,PA-04,Wald + Wind,0.4247596088542006
Paderborn,PA-05,PA-04--PA-11,PA-11,Wald + Wind,0.5752403911457993
Paderborn,PA-05,PA-04--PA-11,PA-04,Vollstaendig,0.4626320231130587
Paderborn,PA-05,PA-04--PA-11,PA-11,Vollstaendig,0.5373679768869414
Paderborn,PA-05,PA-04--PA-12,PA-04,Gleichgewichtung,0.5
Paderborn,PA-05,PA-04--PA-12,PA-12,Gleichgewichtung,0.5
Paderborn,PA-05,PA-04--PA-12,PA-04,1/d^2,0.9083278440449484
Paderborn,PA-05,PA-04--PA-12,PA-12,1/d^2,0.0916721559550517
Paderborn,PA-05,PA-04--PA-12,PA-04,Wald + Wind,0.5922697290571625
Paderborn,PA-05,PA-04--PA-12,PA-12,Wald + Wind,0.4077302709428375
Paderborn,PA-05,PA-04--PA-12,PA-04,Vollstaendig,0.4955155212392171
Paderborn,PA-05,PA-04--PA-12,PA-12,Vollstaendig,0.5044844787607828
Paderborn,PA-05,PA-06--PA-07,PA-06,Gleichgewichtung,0.5
Paderborn,PA-05,PA-06--PA-07,PA-07,Gleichgewichtung,0.5
Paderborn,PA-05,PA-06--PA-07,PA-06,1/d^2,0.3056573324368852
Paderborn,PA-05,PA-06--PA-07,PA-07,1/d^2,0.6943426675631148
Paderborn,PA-05,PA-06--PA-07,PA-06,Wald + Wind,0.4311008984722826
Paderborn,PA-05,PA-06--PA-07,PA-07,Wald + Wind,0.5688991015277173
Paderborn,PA-05,PA-06--PA-07,PA-06,Vollstaendig,0.4559879260809948
Paderborn,PA-05,PA-06--PA-07,PA-07,Vollstaendig,0.5440120739190052
Paderborn,PA-05,PA-06--PA-08,PA-06,Gleichgewichtung,0.5
Paderborn,PA-05,PA-06--PA-08,PA-08,Gleichgewichtung,0.5
Paderborn,PA-05,PA-06--PA-08,PA-06,1/d^2,0.3356487413590679
Paderborn,PA-05,PA-06--PA-08,PA-08,1/d^2,0.6643512586409319
Paderborn,PA-05,PA-06--PA-08,PA-06,Wald + Wind,0.5257090205912482
Paderborn,PA-05,PA-06--PA-08,PA-08,Wald + Wind,0.4742909794087519
Paderborn,PA-05,PA-06--PA-08,PA-06,Vollstaendig,0.4788632163398315
Paderborn,PA-05,PA-06--PA-08,PA-08,Vollstaendig,0.5211367836601686
Paderborn,PA-05,PA-06--PA-09,PA-06,Gleichgewichtung,0.5
Paderborn,PA-05,PA-06--PA-09,PA-09,Gleichgewichtung,0.5
Paderborn,PA-05,PA-06--PA-09,PA-06,1/d^2,0.8792330289972976
Paderborn,PA-05,PA-06--PA-09,PA-09,1/d^2,0.1207669710027024
Paderborn,PA-05,PA-06--PA-09,PA-06,Wald + Wind,0.6027361022097555
Paderborn,PA-05,PA-06--PA-09,PA-09,Wald + Wind,0.3972638977902446
Paderborn,PA-05,PA-06--PA-09,PA-06,Vollstaendig,0.497064974193152
Paderborn,PA-05,PA-06--PA-09,PA-09,Vollstaendig,0.5029350258068481
Paderborn,PA-05,PA-06--PA-10,PA-06,Gleichgewichtung,0.5
Paderborn,PA-05,PA-06--PA-10,PA-10,Gleichgewichtung,0.5
Paderborn,PA-05,PA-06--PA-10,PA-06,1/d^2,0.7659830597414704
Paderborn,PA-05,PA-06--PA-10,PA-10,1/d^2,0.2340169402585295
Paderborn,PA-05,PA-06--PA-10,PA-06,Wald + Wind,0.6808392748816594
Paderborn,PA-05,PA-06--PA-10,PA-10,Wald + Wind,0.3191607251183406
Paderborn,PA-05,PA-06--PA-10,PA-06,Vollstaendig,0.5274221273769852
Paderborn,PA-05,PA-06--PA-10,PA-10,Vollstaendig,0.4725778726230147
Paderborn,PA-05,PA-06--PA-11,PA-06,Gleichgewichtung,0.5
Paderborn,PA-05,PA-06--PA-11,PA-11,Gleichgewichtung,0.5
Paderborn,PA-05,PA-06--PA-11,PA-06,1/d^2,0.8697193962569919
Paderborn,PA-05,PA-06--PA-11,PA-11,1/d^2,0.1302806037430081
Paderborn,PA-05,PA-06--PA-11,PA-06,Wald + Wind,0.5972218084086476
Paderborn,PA-05,PA-06--PA-11,PA-11,Wald + Wind,0.4027781915913524
Paderborn,PA-05,PA-06--PA-11,PA-06,Vollstaendig,0.507975130136452
Paderborn,PA-05,PA-06--PA-11,PA-11,Vollstaendig,0.4920248698635479
Paderborn,PA-05,PA-06--PA-12,PA-06,Gleichgewichtung,0.5
Paderborn,PA-05,PA-06--PA-12,PA-12,Gleichgewichtung,0.5
Paderborn,PA-05,PA-06--PA-12,PA-06,1/d^2,0.8876599555607172
Paderborn,PA-05,PA-06--PA-12,PA-12,1/d^2,0.1123400444392828
Paderborn,PA-05,PA-06--PA-12,PA-06,Wald + Wind,0.7446964596540957
Paderborn,PA-05,PA-06--PA-12,PA-12,Wald + Wind,0.2553035403459044
Paderborn,PA-05,PA-06--PA-12,PA-06,Vollstaendig,0.5408378173406893
Paderborn,PA-05,PA-06--PA-12,PA-12,Vollstaendig,0.4591621826593108
Paderborn,PA-05,PA-07--PA-08,PA-07,Gleichgewichtung,0.5
Paderborn,PA-05,PA-07--PA-08,PA-08,Gleichgewichtung,0.5
Paderborn,PA-05,PA-07--PA-08,PA-07,1/d^2,0.5343844268407537
Paderborn,PA-05,PA-07--PA-08,PA-08,1/d^2,0.4656155731592462
Paderborn,PA-05,PA-07--PA-08,PA-07,Wald + Wind,0.5939425099679952
Paderborn,PA-05,PA-07--PA-08,PA-08,Wald + Wind,0.4060574900320047
Paderborn,PA-05,PA-07--PA-08,PA-07,Vollstaendig,0.5229607293078781
Paderborn,PA-05,PA-07--PA-08,PA-08,Vollstaendig,0.477039270692122
Paderborn,PA-05,PA-07--PA-09,PA-07,Gleichgewichtung,0.5
Paderborn,PA-05,PA-07--PA-09,PA-09,Gleichgewichtung,0.5
Paderborn,PA-05,PA-07--PA-09,PA-07,1/d^2,0.9429824249376844
Paderborn,PA-05,PA-07--PA-09,PA-09,1/d^2,0.0570175750623156
Paderborn,PA-05,PA-07--PA-09,PA-07,Wald + Wind,0.6669093814914638
Paderborn,PA-05,PA-07--PA-09,PA-09,Wald + Wind,0.3330906185085361
Paderborn,PA-05,PA-07--PA-09,PA-07,Vollstaendig,0.5410982838539763
Paderborn,PA-05,PA-07--PA-09,PA-09,Vollstaendig,0.4589017161460237
Paderborn,PA-05,PA-07--PA-10,PA-07,Gleichgewichtung,0.5
Paderborn,PA-05,PA-07--PA-10,PA-10,Gleichgewichtung,0.5
Paderborn,PA-05,PA-07--PA-10,PA-07,1/d^2,0.88145355607016
Paderborn,PA-05,PA-07--PA-10,PA-10,1/d^2,0.1185464439298399
Paderborn,PA-05,PA-07--PA-10,PA-07,Wald + Wind,0.7378826264402604
Paderborn,PA-05,PA-07--PA-10,PA-10,Wald + Wind,0.2621173735597397
Paderborn,PA-05,PA-07--PA-10,PA-07,Vollstaendig,0.5710910010436566
Paderborn,PA-05,PA-07--PA-10,PA-10,Vollstaendig,0.4289089989563432
Paderborn,PA-05,PA-07--PA-11,PA-07,Gleichgewichtung,0.5
Paderborn,PA-05,PA-07--PA-11,PA-11,Gleichgewichtung,0.5
Paderborn,PA-05,PA-07--PA-11,PA-07,1/d^2,0.9381374196571656
Paderborn,PA-05,PA-07--PA-11,PA-11,1/d^2,0.0618625803428344
Paderborn,PA-05,PA-07--PA-11,PA-07,Wald + Wind,0.6617860184335203
Paderborn,PA-05,PA-07--PA-11,PA-11,Wald + Wind,0.3382139815664797
Paderborn,PA-05,PA-07--PA-11,PA-07,Vollstaendig,0.5519143159370206
Paderborn,PA-05,PA-07--PA-11,PA-11,Vollstaendig,0.4480856840629794
Paderborn,PA-05,PA-07--PA-12,PA-07,Gleichgewichtung,0.5
Paderborn,PA-05,PA-07--PA-12,PA-12,Gleichgewichtung,0.5
Paderborn,PA-05,PA-07--PA-12,PA-07,1/d^2,0.947228011330524
Paderborn,PA-05,PA-07--PA-12,PA-12,1/d^2,0.052771988669476
Paderborn,PA-05,PA-07--PA-12,PA-07,Wald + Wind,0.7937835437698265
Paderborn,PA-05,PA-07--PA-12,PA-12,Wald + Wind,0.2062164562301734
Paderborn,PA-05,PA-07--PA-12,PA-07,Vollstaendig,0.5842442234686912
Paderborn,PA-05,PA-07--PA-12,PA-12,Vollstaendig,0.4157557765313087
Paderborn,PA-05,PA-08--PA-09,PA-08,Gleichgewichtung,0.5
Paderborn,PA-05,PA-08--PA-09,PA-09,Gleichgewichtung,0.5
Paderborn,PA-05,PA-08--PA-09,PA-08,1/d^2,0.9351077131114388
Paderborn,PA-05,PA-08--PA-09,PA-09,1/d^2,0.0648922868885613
Paderborn,PA-05,PA-08--PA-09,PA-08,Wald + Wind,0.5778495605337745
Paderborn,PA-05,PA-08--PA-09,PA-09,Wald + Wind,0.4221504394662255
Paderborn,PA-05,PA-08--PA-09,PA-08,Vollstaendig,0.5182062757046257
Paderborn,PA-05,PA-08--PA-09,PA-09,Vollstaendig,0.4817937242953742
Paderborn,PA-05,PA-08--PA-10,PA-08,Gleichgewichtung,0.5
Paderborn,PA-05,PA-08--PA-10,PA-10,Gleichgewichtung,0.5
Paderborn,PA-05,PA-08--PA-10,PA-08,1/d^2,0.8662860513055722
Paderborn,PA-05,PA-08--PA-10,PA-10,1/d^2,0.1337139486944278
Paderborn,PA-05,PA-08--PA-10,PA-08,Wald + Wind,0.6580698480462529
Paderborn,PA-05,PA-08--PA-10,PA-10,Wald + Wind,0.3419301519537471
Paderborn,PA-05,PA-08--PA-10,PA-08,Vollstaendig,0.5484465894461784
Paderborn,PA-05,PA-08--PA-10,PA-10,Vollstaendig,0.4515534105538216
Paderborn,PA-05,PA-08--PA-11,PA-08,Gleichgewichtung,0.5
Paderborn,PA-05,PA-08--PA-11,PA-11,Gleichgewichtung,0.5
Paderborn,PA-05,PA-08--PA-11,PA-08,1/d^2,0.9296434882394636
Paderborn,PA-05,PA-08--PA-11,PA-11,1/d^2,0.0703565117605364
Paderborn,PA-05,PA-08--PA-11,PA-08,Wald + Wind,0.5722349867059094
Paderborn,PA-05,PA-08--PA-11,PA-11,Wald + Wind,0.4277650132940905
Paderborn,PA-05,PA-08--PA-11,PA-08,Vollstaendig,0.529092297605067
Paderborn,PA-05,PA-08--PA-11,PA-11,Vollstaendig,0.470907702394933
Paderborn,PA-05,PA-08--PA-12,PA-08,Gleichgewichtung,0.5
Paderborn,PA-05,PA-08--PA-12,PA-12,Gleichgewichtung,0.5
Paderborn,PA-05,PA-08--PA-12,PA-08,1/d^2,0.93990228896687
Paderborn,PA-05,PA-08--PA-12,PA-12,1/d^2,0.0600977110331297
Paderborn,PA-05,PA-08--PA-12,PA-08,Wald + Wind,0.724640200901012
Paderborn,PA-05,PA-08--PA-12,PA-12,Wald + Wind,0.2753597990989879
Paderborn,PA-05,PA-08--PA-12,PA-08,Vollstaendig,0.5617613563034766
Paderborn,PA-05,PA-08--PA-12,PA-12,Vollstaendig,0.4382386436965234
Paderborn,PA-05,PA-09--PA-10,PA-09,Gleichgewichtung,0.5
Paderborn,PA-05,PA-09--PA-10,PA-10,Gleichgewichtung,0.5
Paderborn,PA-05,PA-09--PA-10,PA-09,1/d^2,0.3101494732985801
Paderborn,PA-05,PA-09--PA-10,PA-10,1/d^2,0.6898505267014199
Paderborn,PA-05,PA-09--PA-10,PA-09,Wald + Wind,0.5843733703138334
Paderborn,PA-05,PA-09--PA-10,PA-10,Wald + Wind,0.4156266296861667
Paderborn,PA-05,PA-09--PA-10,PA-09,Vollstaendig,0.5303473831895898
Paderborn,PA-05,PA-09--PA-10,PA-10,Vollstaendig,0.4696526168104102
Paderborn,PA-05,PA-09--PA-11,PA-09,Gleichgewichtung,0.5
Paderborn,PA-05,PA-09--PA-11,PA-11,Gleichgewichtung,0.5
Paderborn,PA-05,PA-09--PA-11,PA-09,1/d^2,0.4783367884715118
Paderborn,PA-05,PA-09--PA-11,PA-11,1/d^2,0.5216632115284882
Paderborn,PA-05,PA-09--PA-11,PA-09,Wald + Wind,0.4942562266071745
Paderborn,PA-05,PA-09--PA-11,PA-11,Wald + Wind,0.5057437733928254
Paderborn,PA-05,PA-09--PA-11,PA-09,Vollstaendig,0.5109091345335678
Paderborn,PA-05,PA-09--PA-11,PA-11,Vollstaendig,0.4890908654664322
Paderborn,PA-05,PA-09--PA-12,PA-09,Gleichgewichtung,0.5
Paderborn,PA-05,PA-09--PA-12,PA-12,Gleichgewichtung,0.5
Paderborn,PA-05,PA-09--PA-12,PA-09,1/d^2,0.5204563783174022
Paderborn,PA-05,PA-09--PA-12,PA-12,1/d^2,0.4795436216825978
Paderborn,PA-05,PA-09--PA-12,PA-09,Wald + Wind,0.6578313477719192
Paderborn,PA-05,PA-09--PA-12,PA-12,Wald + Wind,0.3421686522280807
Paderborn,PA-05,PA-09--PA-12,PA-09,Vollstaendig,0.5437518667441819
Paderborn,PA-05,PA-09--PA-12,PA-12,Vollstaendig,0.4562481332558182
Paderborn,PA-05,PA-10--PA-11,PA-10,Gleichgewichtung,0.5
Paderborn,PA-05,PA-10--PA-11,PA-11,Gleichgewichtung,0.5
Paderborn,PA-05,PA-10--PA-11,PA-10,1/d^2,0.6710004588507356
Paderborn,PA-05,PA-10--PA-11,PA-11,1/d^2,0.3289995411492645
Paderborn,PA-05,PA-10--PA-11,PA-10,Wald + Wind,0.4100572091412273
Paderborn,PA-05,PA-10--PA-11,PA-11,Wald + Wind,0.5899427908587728
Paderborn,PA-05,PA-10--PA-11,PA-10,Vollstaendig,0.4805359760178856
Paderborn,PA-05,PA-10--PA-11,PA-11,Vollstaendig,0.5194640239821142
Paderborn,PA-05,PA-10--PA-12,PA-10,Gleichgewichtung,0.5
Paderborn,PA-05,PA-10--PA-12,PA-12,Gleichgewichtung,0.5
Paderborn,PA-05,PA-10--PA-12,PA-10,1/d^2,0.70708984365614
Paderborn,PA-05,PA-10--PA-12,PA-12,1/d^2,0.29291015634386
Paderborn,PA-05,PA-10--PA-12,PA-10,Wald + Wind,0.5775910224065955
Paderborn,PA-05,PA-10--PA-12,PA-12,Wald + Wind,0.4224089775934044
Paderborn,PA-05,PA-10--PA-12,PA-10,Vollstaendig,0.5134760551348952
Paderborn,PA-05,PA-10--PA-12,PA-12,Vollstaendig,0.4865239448651048
Paderborn,PA-05,PA-11--PA-12,PA-11,Gleichgewichtung,0.5
Paderborn,PA-05,PA-11--PA-12,PA-12,Gleichgewichtung,0.5
Paderborn,PA-05,PA-11--PA-12,PA-11,1/d^2,0.5420450606283671
Paderborn,PA-05,PA-11--PA-12,PA-12,1/d^2,0.457954939371633
Paderborn,PA-05,PA-11--PA-12,PA-11,Wald + Wind,0.6629841098182448
Paderborn,PA-05,PA-11--PA-12,PA-12,Wald + Wind,0.3370158901817551
Paderborn,PA-05,PA-11--PA-12,PA-11,Vollstaendig,0.5329055548378528
Paderborn,PA-05,PA-11--PA-12,PA-12,Vollstaendig,0.4670944451621471
Paderborn,PA-06,PA-01--PA-02,PA-01,Gleichgewichtung,0.5
Paderborn,PA-06,PA-01--PA-02,PA-02,Gleichgewichtung,0.5
Paderborn,PA-06,PA-01--PA-02,PA-01,1/d^2,0.5378959698118884
Paderborn,PA-06,PA-01--PA-02,PA-02,1/d^2,0.4621040301881115
Paderborn,PA-06,PA-01--PA-02,PA-01,Wald + Wind,0.5623965872592857
Paderborn,PA-06,PA-01--PA-02,PA-02,Wald + Wind,0.4376034127407142
Paderborn,PA-06,PA-01--PA-02,PA-01,Vollstaendig,0.5839695937050912
Paderborn,PA-06,PA-01--PA-02,PA-02,Vollstaendig,0.4160304062949089
Paderborn,PA-06,PA-01--PA-03,PA-01,Gleichgewichtung,0.5
Paderborn,PA-06,PA-01--PA-03,PA-03,Gleichgewichtung,0.5
Paderborn,PA-06,PA-01--PA-03,PA-01,1/d^2,0.3400017726953442
Paderborn,PA-06,PA-01--PA-03,PA-03,1/d^2,0.6599982273046557
Paderborn,PA-06,PA-01--PA-03,PA-01,Wald + Wind,0.2272331709237006
Paderborn,PA-06,PA-01--PA-03,PA-03,Wald + Wind,0.7727668290762993
Paderborn,PA-06,PA-01--PA-03,PA-01,Vollstaendig,0.4759330560275844
Paderborn,PA-06,PA-01--PA-03,PA-03,Vollstaendig,0.5240669439724155
Paderborn,PA-06,PA-01--PA-04,PA-01,Gleichgewichtung,0.5
Paderborn,PA-06,PA-01--PA-04,PA-04,Gleichgewichtung,0.5
Paderborn,PA-06,PA-01--PA-04,PA-01,1/d^2,0.2174443340346341
Paderborn,PA-06,PA-01--PA-04,PA-04,1/d^2,0.782555665965366
Paderborn,PA-06,PA-01--PA-04,PA-01,Wald + Wind,0.2549921497529084
Paderborn,PA-06,PA-01--PA-04,PA-04,Wald + Wind,0.7450078502470915
Paderborn,PA-06,PA-01--PA-04,PA-01,Vollstaendig,0.4350296246096214
Paderborn,PA-06,PA-01--PA-04,PA-04,Vollstaendig,0.5649703753903785
Paderborn,PA-06,PA-01--PA-05,PA-01,Gleichgewichtung,0.5
Paderborn,PA-06,PA-01--PA-05,PA-05,Gleichgewichtung,0.5
Paderborn,PA-06,PA-01--PA-05,PA-01,1/d^2,0.0915306325165344
Paderborn,PA-06,PA-01--PA-05,PA-05,1/d^2,0.9084693674834656
Paderborn,PA-06,PA-01--PA-05,PA-01,Wald + Wind,0.1508061557471191
Paderborn,PA-06,PA-01--PA-05,PA-05,Wald + Wind,0.8491938442528809
Paderborn,PA-06,PA-01--PA-05,PA-01,Vollstaendig,0.4451750107383501
Paderborn,PA-06,PA-01--PA-05,PA-05,Vollstaendig,0.5548249892616499
Paderborn,PA-06,PA-01--PA-07,PA-01,Gleichgewichtung,0.5
Paderborn,PA-06,PA-01--PA-07,PA-07,Gleichgewichtung,0.5
Paderborn,PA-06,PA-01--PA-07,PA-01,1/d^2,0.047526503272532
Paderborn,PA-06,PA-01--PA-07,PA-07,1/d^2,0.952473496727468
Paderborn,PA-06,PA-01--PA-07,PA-01,Wald + Wind,0.1435560940785588
Paderborn,PA-06,PA-01--PA-07,PA-07,Wald + Wind,0.8564439059214413
Paderborn,PA-06,PA-01--PA-07,PA-01,Vollstaendig,0.4226165331503382
Paderborn,PA-06,PA-01--PA-07,PA-07,Vollstaendig,0.5773834668496617
Paderborn,PA-06,PA-01--PA-08,PA-01,Gleichgewichtung,0.5
Paderborn,PA-06,PA-01--PA-08,PA-08,Gleichgewichtung,0.5
Paderborn,PA-06,PA-01--PA-08,PA-01,1/d^2,0.1153318237610324
Paderborn,PA-06,PA-01--PA-08,PA-08,1/d^2,0.8846681762389677
Paderborn,PA-06,PA-01--PA-08,PA-01,Wald + Wind,0.1307767515585577
Paderborn,PA-06,PA-01--PA-08,PA-08,Wald + Wind,0.8692232484414424
Paderborn,PA-06,PA-01--PA-08,PA-01,Vollstaendig,0.4354473350089987
Paderborn,PA-06,PA-01--PA-08,PA-08,Vollstaendig,0.5645526649910013
Paderborn,PA-06,PA-01--PA-09,PA-01,Gleichgewichtung,0.5
Paderborn,PA-06,PA-01--PA-09,PA-09,Gleichgewichtung,0.5
Paderborn,PA-06,PA-01--PA-09,PA-01,1/d^2,0.2267528403938135
Paderborn,PA-06,PA-01--PA-09,PA-09,1/d^2,0.7732471596061865
Paderborn,PA-06,PA-01--PA-09,PA-01,Wald + Wind,0.1323426491372492
Paderborn,PA-06,PA-01--PA-09,PA-09,Wald + Wind,0.8676573508627509
Paderborn,PA-06,PA-01--PA-09,PA-01,Vollstaendig,0.4437919853111379
Paderborn,PA-06,PA-01--PA-09,PA-09,Vollstaendig,0.556208014688862
Paderborn,PA-06,PA-01--PA-10,PA-01,Gleichgewichtung,0.5
Paderborn,PA-06,PA-01--PA-10,PA-10,Gleichgewichtung,0.5
Paderborn,PA-06,PA-01--PA-10,PA-01,1/d^2,0.0934742825111066
Paderborn,PA-06,PA-01--PA-10,PA-10,1/d^2,0.9065257174888934
Paderborn,PA-06,PA-01--PA-10,PA-01,Wald + Wind,0.1514538407603447
Paderborn,PA-06,PA-01--PA-10,PA-10,Wald + Wind,0.8485461592396554
Paderborn,PA-06,PA-01--PA-10,PA-01,Vollstaendig,0.4276961487247923
Paderborn,PA-06,PA-01--PA-10,PA-10,Vollstaendig,0.5723038512752078
Paderborn,PA-06,PA-01--PA-11,PA-01,Gleichgewichtung,0.5
Paderborn,PA-06,PA-01--PA-11,PA-11,Gleichgewichtung,0.5
Paderborn,PA-06,PA-01--PA-11,PA-01,1/d^2,0.2553480046024303
Paderborn,PA-06,PA-01--PA-11,PA-11,1/d^2,0.7446519953975697
Paderborn,PA-06,PA-01--PA-11,PA-01,Wald + Wind,0.1841473948109588
Paderborn,PA-06,PA-01--PA-11,PA-11,Wald + Wind,0.8158526051890411
Paderborn,PA-06,PA-01--PA-11,PA-01,Vollstaendig,0.4759229464925903
Paderborn,PA-06,PA-01--PA-11,PA-11,Vollstaendig,0.5240770535074096
Paderborn,PA-06,PA-01--PA-12,PA-01,Gleichgewichtung,0.5
Paderborn,PA-06,PA-01--PA-12,PA-12,Gleichgewichtung,0.5
Paderborn,PA-06,PA-01--PA-12,PA-01,1/d^2,0.2862323356316684
Paderborn,PA-06,PA-01--PA-12,PA-12,1/d^2,0.7137676643683316
Paderborn,PA-06,PA-01--PA-12,PA-01,Wald + Wind,0.3001687474308357
Paderborn,PA-06,PA-01--PA-12,PA-12,Wald + Wind,0.6998312525691643
Paderborn,PA-06,PA-01--PA-12,PA-01,Vollstaendig,0.5072198027250826
Paderborn,PA-06,PA-01--PA-12,PA-12,Vollstaendig,0.4927801972749175
Paderborn,PA-06,PA-02--PA-03,PA-02,Gleichgewichtung,0.5
Paderborn,PA-06,PA-02--PA-03,PA-03,Gleichgewichtung,0.5
Paderborn,PA-06,PA-02--PA-03,PA-02,1/d^2,0.3067917128334992
Paderborn,PA-06,PA-02--PA-03,PA-03,1/d^2,0.6932082871665008
Paderborn,PA-06,PA-02--PA-03,PA-02,Wald + Wind,0.1861997521432092
Paderborn,PA-06,PA-02--PA-03,PA-03,Wald + Wind,0.8138002478567908
Paderborn,PA-06,PA-02--PA-03,PA-02,Vollstaendig,0.3928297798731612
Paderborn,PA-06,PA-02--PA-03,PA-03,Vollstaendig,0.6071702201268389
Paderborn,PA-06,PA-02--PA-04,PA-02,Gleichgewichtung,0.5
Paderborn,PA-06,PA-02--PA-04,PA-04,Gleichgewichtung,0.5
Paderborn,PA-06,PA-02--PA-04,PA-02,1/d^2,0.1927098720328136
Paderborn,PA-06,PA-02--PA-04,PA-04,1/d^2,0.8072901279671864
Paderborn,PA-06,PA-02--PA-04,PA-02,Wald + Wind,0.2103102677313841
Paderborn,PA-06,PA-02--PA-04,PA-04,Wald + Wind,0.7896897322686158
Paderborn,PA-06,PA-02--PA-04,PA-02,Vollstaendig,0.354240808974634
Paderborn,PA-06,PA-02--PA-04,PA-04,Vollstaendig,0.645759191025366
Paderborn,PA-06,PA-02--PA-05,PA-02,Gleichgewichtung,0.5
Paderborn,PA-06,PA-02--PA-05,PA-05,Gleichgewichtung,0.5
Paderborn,PA-06,PA-02--PA-05,PA-02,1/d^2,0.0796609516250713
Paderborn,PA-06,PA-02--PA-05,PA-05,1/d^2,0.9203390483749286
Paderborn,PA-06,PA-02--PA-05,PA-02,Wald + Wind,0.1214055918552766
Paderborn,PA-06,PA-02--PA-05,PA-05,Wald + Wind,0.8785944081447232
Paderborn,PA-06,PA-02--PA-05,PA-02,Vollstaendig,0.3637150402799006
Paderborn,PA-06,PA-02--PA-05,PA-05,Vollstaendig,0.6362849597200994
Paderborn,PA-06,PA-02--PA-07,PA-02,Gleichgewichtung,0.5
Paderborn,PA-06,PA-02--PA-07,PA-07,Gleichgewichtung,0.5
Paderborn,PA-06,PA-02--PA-07,PA-02,1/d^2,0.0411050753286104
Paderborn,PA-06,PA-02--PA-07,PA-07,1/d^2,0.9588949246713896
Paderborn,PA-06,PA-02--PA-07,PA-02,Wald + Wind,0.1153769337137995
Paderborn,PA-06,PA-02--PA-07,PA-07,Wald + Wind,0.8846230662862004
Paderborn,PA-06,PA-02--PA-07,PA-02,Vollstaendig,0.3427344952873186
Paderborn,PA-06,PA-02--PA-07,PA-07,Vollstaendig,0.6572655047126813
Paderborn,PA-06,PA-02--PA-08,PA-02,Gleichgewichtung,0.5
Paderborn,PA-06,PA-02--PA-08,PA-08,Gleichgewichtung,0.5
Paderborn,PA-06,PA-02--PA-08,PA-02,1/d^2,0.1007177973023332
Paderborn,PA-06,PA-02--PA-08,PA-08,1/d^2,0.8992822026976667
Paderborn,PA-06,PA-02--PA-08,PA-02,Wald + Wind,0.1047991416278829
Paderborn,PA-06,PA-02--PA-08,PA-08,Wald + Wind,0.895200858372117
Paderborn,PA-06,PA-02--PA-08,PA-02,Vollstaendig,0.3546296388272434
Paderborn,PA-06,PA-02--PA-08,PA-08,Vollstaendig,0.6453703611727565
Paderborn,PA-06,PA-02--PA-09,PA-02,Gleichgewichtung,0.5
Paderborn,PA-06,PA-02--PA-09,PA-09,Gleichgewichtung,0.5
Paderborn,PA-06,PA-02--PA-09,PA-02,1/d^2,0.2012318085718014
Paderborn,PA-06,PA-02--PA-09,PA-09,1/d^2,0.7987681914281984
Paderborn,PA-06,PA-02--PA-09,PA-02,Wald + Wind,0.1060919528967326
Paderborn,PA-06,PA-02--PA-09,PA-09,Wald + Wind,0.8939080471032673
Paderborn,PA-06,PA-02--PA-09,PA-02,Vollstaendig,0.3624197764372471
Paderborn,PA-06,PA-02--PA-09,PA-09,Vollstaendig,0.6375802235627528
Paderborn,PA-06,PA-02--PA-10,PA-02,Gleichgewichtung,0.5
Paderborn,PA-06,PA-02--PA-10,PA-10,Gleichgewichtung,0.5
Paderborn,PA-06,PA-02--PA-10,PA-02,1/d^2,0.0813751266346573
Paderborn,PA-06,PA-02--PA-10,PA-10,1/d^2,0.9186248733653426
Paderborn,PA-06,PA-02--PA-10,PA-02,Wald + Wind,0.1219451393104904
Paderborn,PA-06,PA-02--PA-10,PA-10,Wald + Wind,0.8780548606895096
Paderborn,PA-06,PA-02--PA-10,PA-02,Vollstaendig,0.3474317214440055
Paderborn,PA-06,PA-02--PA-10,PA-10,Vollstaendig,0.6525682785559944
Paderborn,PA-06,PA-02--PA-11,PA-02,Gleichgewichtung,0.5
Paderborn,PA-06,PA-02--PA-11,PA-11,Gleichgewichtung,0.5
Paderborn,PA-06,PA-02--PA-11,PA-02,1/d^2,0.2275557125238482
Paderborn,PA-06,PA-02--PA-11,PA-11,1/d^2,0.7724442874761518
Paderborn,PA-06,PA-02--PA-11,PA-02,Wald + Wind,0.1493902501526862
Paderborn,PA-06,PA-02--PA-11,PA-11,Wald + Wind,0.8506097498473137
Paderborn,PA-06,PA-02--PA-11,PA-02,Vollstaendig,0.3928201124228989
Paderborn,PA-06,PA-02--PA-11,PA-11,Vollstaendig,0.6071798875771011
Paderborn,PA-06,PA-02--PA-12,PA-02,Gleichgewichtung,0.5
Paderborn,PA-06,PA-02--PA-12,PA-12,Gleichgewichtung,0.5
Paderborn,PA-06,PA-02--PA-12,PA-02,1/d^2,0.2562352532996714
Paderborn,PA-06,PA-02--PA-12,PA-12,1/d^2,0.7437647467003285
Paderborn,PA-06,PA-02--PA-12,PA-02,Wald + Wind,0.2502295019164731
Paderborn,PA-06,PA-02--PA-12,PA-12,Wald + Wind,0.7497704980835269
Paderborn,PA-06,PA-02--PA-12,PA-02,Vollstaendig,0.4230636402243345
Paderborn,PA-06,PA-02--PA-12,PA-12,Vollstaendig,0.5769363597756655
Paderborn,PA-06,PA-03--PA-04,PA-03,Gleichgewichtung,0.5
Paderborn,PA-06,PA-03--PA-04,PA-04,Gleichgewichtung,0.5
Paderborn,PA-06,PA-03--PA-04,PA-03,1/d^2,0.3503876110476123
Paderborn,PA-06,PA-03--PA-04,PA-04,1/d^2,0.6496123889523876
Paderborn,PA-06,PA-03--PA-04,PA-03,Wald + Wind,0.5378869097192709
Paderborn,PA-06,PA-03--PA-04,PA-04,Wald + Wind,0.4621130902807291
Paderborn,PA-06,PA-03--PA-04,PA-03,Vollstaendig,0.4588391256900129
Paderborn,PA-06,PA-03--PA-04,PA-04,Vollstaendig,0.541160874309987
Paderborn,PA-06,PA-03--PA-05,PA-03,Gleichgewichtung,0.5
Paderborn,PA-06,PA-03--PA-05,PA-05,Gleichgewichtung,0.5
Paderborn,PA-06,PA-03--PA-05,PA-03,1/d^2,0.1635837705569012
Paderborn,PA-06,PA-03--PA-05,PA-05,1/d^2,0.8364162294430988
Paderborn,PA-06,PA-03--PA-05,PA-03,Wald + Wind,0.3765326765717568
Paderborn,PA-06,PA-03--PA-05,PA-05,Wald + Wind,0.6234673234282431
Paderborn,PA-06,PA-03--PA-05,PA-03,Vollstaendig,0.4690787561028471
Paderborn,PA-06,PA-03--PA-05,PA-05,Vollstaendig,0.5309212438971528
Paderborn,PA-06,PA-03--PA-07,PA-03,Gleichgewichtung,0.5
Paderborn,PA-06,PA-03--PA-07,PA-07,Gleichgewichtung,0.5
Paderborn,PA-06,PA-03--PA-07,PA-03,1/d^2,0.088306636587874
Paderborn,PA-06,PA-03--PA-07,PA-07,1/d^2,0.9116933634121258
Paderborn,PA-06,PA-03--PA-07,PA-03,Wald + Wind,0.3630704220689492
Paderborn,PA-06,PA-03--PA-07,PA-07,Wald + Wind,0.6369295779310507
Paderborn,PA-06,PA-03--PA-07,PA-03,Vollstaendig,0.4462833128221348
Paderborn,PA-06,PA-03--PA-07,PA-07,Vollstaendig,0.5537166871778653
Paderborn,PA-06,PA-03--PA-08,PA-03,Gleichgewichtung,0.5
Paderborn,PA-06,PA-03--PA-08,PA-08,Gleichgewichtung,0.5
Paderborn,PA-06,PA-03--PA-08,PA-03,1/d^2,0.2019561554515831
Paderborn,PA-06,PA-03--PA-08,PA-08,1/d^2,0.7980438445484168
Paderborn,PA-06,PA-03--PA-08,PA-03,Wald + Wind,0.3384727414718354
Paderborn,PA-06,PA-03--PA-08,PA-08,Wald + Wind,0.6615272585281645
Paderborn,PA-06,PA-03--PA-08,PA-03,Vollstaendig,0.4592611136297324
Paderborn,PA-06,PA-03--PA-08,PA-08,Vollstaendig,0.5407388863702677
Paderborn,PA-06,PA-03--PA-09,PA-03,Gleichgewichtung,0.5
Paderborn,PA-06,PA-03--PA-09,PA-09,Gleichgewichtung,0.5
Paderborn,PA-06,PA-03--PA-09,PA-03,1/d^2,0.362749155430279
Paderborn,PA-06,PA-03--PA-09,PA-09,1/d^2,0.637250844569721
Paderborn,PA-06,PA-03--PA-09,PA-03,Wald + Wind,0.3415483576793517
Paderborn,PA-06,PA-03--PA-09,PA-09,Wald + Wind,0.6584516423206483
Paderborn,PA-06,PA-03--PA-09,PA-03,Vollstaendig,0.4676840671062086
Paderborn,PA-06,PA-03--PA-09,PA-09,Vollstaendig,0.5323159328937915
Paderborn,PA-06,PA-03--PA-10,PA-03,Gleichgewichtung,0.5
Paderborn,PA-06,PA-03--PA-10,PA-10,Gleichgewichtung,0.5
Paderborn,PA-06,PA-03--PA-10,PA-03,1/d^2,0.1667765811149159
Paderborn,PA-06,PA-03--PA-10,PA-10,1/d^2,0.8332234188850841
Paderborn,PA-06,PA-03--PA-10,PA-03,Wald + Wind,0.3777186058583944
Paderborn,PA-06,PA-03--PA-10,PA-10,Wald + Wind,0.6222813941416055
Paderborn,PA-06,PA-03--PA-10,PA-03,Vollstaendig,0.4514249848004896
Paderborn,PA-06,PA-03--PA-10,PA-10,Vollstaendig,0.5485750151995105
Paderborn,PA-06,PA-03--PA-11,PA-03,Gleichgewichtung,0.5
Paderborn,PA-06,PA-03--PA-11,PA-11,Gleichgewichtung,0.5
Paderborn,PA-06,PA-03--PA-11,PA-03,1/d^2,0.3996308829817209
Paderborn,PA-06,PA-03--PA-11,PA-11,1/d^2,0.6003691170182791
Paderborn,PA-06,PA-03--PA-11,PA-03,Wald + Wind,0.434258685017532
Paderborn,PA-06,PA-03--PA-11,PA-11,Wald + Wind,0.5657413149824679
Paderborn,PA-06,PA-03--PA-11,PA-03,Vollstaendig,0.4999898669782382
Paderborn,PA-06,PA-03--PA-11,PA-11,Vollstaendig,0.5000101330217618
Paderborn,PA-06,PA-03--PA-12,PA-03,Gleichgewichtung,0.5
Paderborn,PA-06,PA-03--PA-12,PA-12,Gleichgewichtung,0.5
Paderborn,PA-06,PA-03--PA-12,PA-03,1/d^2,0.4377084721254021
Paderborn,PA-06,PA-03--PA-12,PA-12,1/d^2,0.5622915278745979
Paderborn,PA-06,PA-03--PA-12,PA-03,Wald + Wind,0.5932715011272969
Paderborn,PA-06,PA-03--PA-12,PA-12,Wald + Wind,0.406728498872703
Paderborn,PA-06,PA-03--PA-12,PA-03,Vollstaendig,0.5312650164370989
Paderborn,PA-06,PA-03--PA-12,PA-12,Vollstaendig,0.468734983562901
Paderborn,PA-06,PA-04--PA-05,PA-04,Gleichgewichtung,0.5
Paderborn,PA-06,PA-04--PA-05,PA-05,Gleichgewichtung,0.5
Paderborn,PA-06,PA-04--PA-05,PA-04,1/d^2,0.2661068950013073
Paderborn,PA-06,PA-04--PA-05,PA-05,1/d^2,0.7338931049986926
Paderborn,PA-06,PA-04--PA-05,PA-04,Wald + Wind,0.3416094413191446
Paderborn,PA-06,PA-04--PA-05,PA-05,Wald + Wind,0.6583905586808553
Paderborn,PA-06,PA-04--PA-05,PA-04,Vollstaendig,0.5102920269339632
Paderborn,PA-06,PA-04--PA-05,PA-05,Vollstaendig,0.4897079730660366
Paderborn,PA-06,PA-04--PA-07,PA-04,Gleichgewichtung,0.5
Paderborn,PA-06,PA-04--PA-07,PA-07,Gleichgewichtung,0.5
Paderborn,PA-06,PA-04--PA-07,PA-04,1/d^2,0.1522382921808156
Paderborn,PA-06,PA-04--PA-07,PA-07,1/d^2,0.8477617078191844
Paderborn,PA-06,PA-04--PA-07,PA-04,Wald + Wind,0.3287374423494585
Paderborn,PA-06,PA-04--PA-07,PA-07,Wald + Wind,0.6712625576505413
Paderborn,PA-06,PA-04--PA-07,PA-04,Vollstaendig,0.4873321513710554
Paderborn,PA-06,PA-04--PA-07,PA-07,Vollstaendig,0.5126678486289447
Paderborn,PA-06,PA-04--PA-08,PA-04,Gleichgewichtung,0.5
Paderborn,PA-06,PA-04--PA-08,PA-08,Gleichgewichtung,0.5
Paderborn,PA-06,PA-04--PA-08,PA-04,1/d^2,0.3193464102356312
Paderborn,PA-06,PA-04--PA-08,PA-08,1/d^2,0.6806535897643687
Paderborn,PA-06,PA-04--PA-08,PA-04,Wald + Wind,0.3053506672972452
Paderborn,PA-06,PA-04--PA-08,PA-08,Wald + Wind,0.6946493327027548
Paderborn,PA-06,PA-04--PA-08,PA-04,Vollstaendig,0.5004248374916204
Paderborn,PA-06,PA-04--PA-08,PA-08,Vollstaendig,0.4995751625083797
Paderborn,PA-06,PA-04--PA-09,PA-04,Gleichgewichtung,0.5
Paderborn,PA-06,PA-04--PA-09,PA-09,Gleichgewichtung,0.5
Paderborn,PA-06,PA-04--PA-09,PA-04,1/d^2,0.5134677548870888
Paderborn,PA-06,PA-04--PA-09,PA-09,1/d^2,0.486532245112911
Paderborn,PA-06,PA-04--PA-09,PA-04,Wald + Wind,0.3082655617099235
Paderborn,PA-06,PA-04--PA-09,PA-09,Wald + Wind,0.6917344382900765
Paderborn,PA-06,PA-04--PA-09,PA-04,Vollstaendig,0.5088922536137624
Paderborn,PA-06,PA-04--PA-09,PA-09,Vollstaendig,0.4911077463862376
Paderborn,PA-06,PA-04--PA-10,PA-04,Gleichgewichtung,0.5
Paderborn,PA-06,PA-04--PA-10,PA-10,Gleichgewichtung,0.5
Paderborn,PA-06,PA-04--PA-10,PA-04,1/d^2,0.2706532323559745
Paderborn,PA-06,PA-04--PA-10,PA-10,1/d^2,0.7293467676440254
Paderborn,PA-06,PA-04--PA-10,PA-04,Wald + Wind,0.3427458446872997
Paderborn,PA-06,PA-04--PA-10,PA-10,Wald + Wind,0.6572541553127004
Paderborn,PA-06,PA-04--PA-10,PA-04,Vollstaendig,0.4925260860322376
Paderborn,PA-06,PA-04--PA-10,PA-10,Vollstaendig,0.5074739139677624
Paderborn,PA-06,PA-04--PA-11,PA-04,Gleichgewichtung,0.5
Paderborn,PA-06,PA-04--PA-11,PA-11,Gleichgewichtung,0.5
Paderborn,PA-06,PA-04--PA-11,PA-04,1/d^2,0.5523901297950449
Paderborn,PA-06,PA-04--PA-11,PA-11,1/d^2,0.4476098702049552
Paderborn,PA-06,PA-04--PA-11,PA-04,Wald + Wind,0.3973940325050503
Paderborn,PA-06,PA-04--PA-11,PA-11,Wald + Wind,0.6026059674949497
Paderborn,PA-06,PA-04--PA-11,PA-04,Vollstaendig,0.5411508099416088
Paderborn,PA-06,PA-04--PA-11,PA-11,Vollstaendig,0.4588491900583912
Paderborn,PA-06,PA-04--PA-12,PA-04,Gleichgewichtung,0.5
Paderborn,PA-06,PA-04--PA-12,PA-12,Gleichgewichtung,0.5
Paderborn,PA-06,PA-04--PA-12,PA-04,1/d^2,0.5907020839467428
Paderborn,PA-06,PA-04--PA-12,PA-12,1/d^2,0.4092979160532571
Paderborn,PA-06,PA-04--PA-12,PA-04,Wald + Wind,0.5561786813252373
Paderborn,PA-06,PA-04--PA-12,PA-12,Wald + Wind,0.4438213186747626
Paderborn,PA-06,PA-04--PA-12,PA-04,Vollstaendig,0.5720549818449323
Paderborn,PA-06,PA-04--PA-12,PA-12,Vollstaendig,0.4279450181550676
Paderborn,PA-06,PA-05--PA-07,PA-05,Gleichgewichtung,0.5
Paderborn,PA-06,PA-05--PA-07,PA-07,Gleichgewichtung,0.5
Paderborn,PA-06,PA-05--PA-07,PA-05,1/d^2,0.3312166903770956
Paderborn,PA-06,PA-05--PA-07,PA-07,1/d^2,0.6687833096229044
Paderborn,PA-06,PA-05--PA-07,PA-05,Wald + Wind,0.4855613256085773
Paderborn,PA-06,PA-05--PA-07,PA-07,Wald + Wind,0.5144386743914227
Paderborn,PA-06,PA-05--PA-07,PA-05,Vollstaendig,0.47705209203172
Paderborn,PA-06,PA-05--PA-07,PA-07,Vollstaendig,0.52294790796828
Paderborn,PA-06,PA-05--PA-08,PA-05,Gleichgewichtung,0.5
Paderborn,PA-06,PA-05--PA-08,PA-08,Gleichgewichtung,0.5
Paderborn,PA-06,PA-05--PA-08,PA-05,1/d^2,0.5640679244938008
Paderborn,PA-06,PA-05--PA-08,PA-08,1/d^2,0.4359320755061991
Paderborn,PA-06,PA-05--PA-08,PA-05,Wald + Wind,0.4586406944120751
Paderborn,PA-06,PA-05--PA-08,PA-08,Wald + Wind,0.5413593055879249
Paderborn,PA-06,PA-05--PA-08,PA-05,Vollstaendig,0.4901326379799066
Paderborn,PA-06,PA-05--PA-08,PA-08,Vollstaendig,0.5098673620200934
Paderborn,PA-06,PA-05--PA-09,PA-05,Gleichgewichtung,0.5
Paderborn,PA-06,PA-05--PA-09,PA-09,Gleichgewichtung,0.5
Paderborn,PA-06,PA-05--PA-09,PA-05,1/d^2,0.7442828809214763
Paderborn,PA-06,PA-05--PA-09,PA-09,1/d^2,0.2557171190785236
Paderborn,PA-06,PA-05--PA-09,PA-05,Wald + Wind,0.4620455807782155
Paderborn,PA-06,PA-05--PA-09,PA-09,Wald + Wind,0.5379544192217846
Paderborn,PA-06,PA-05--PA-09,PA-05,Vollstaendig,0.4985997140669688
Paderborn,PA-06,PA-05--PA-09,PA-09,Vollstaendig,0.5014002859330311
Paderborn,PA-06,PA-05--PA-10,PA-05,Gleichgewichtung,0.5
Paderborn,PA-06,PA-05--PA-10,PA-10,Gleichgewichtung,0.5
Paderborn,PA-06,PA-05--PA-10,PA-05,1/d^2,0.5057883456312724
Paderborn,PA-06,PA-05--PA-10,PA-10,1/d^2,0.4942116543687276
Paderborn,PA-06,PA-05--PA-10,PA-05,Wald + Wind,0.5012621519367623
Paderborn,PA-06,PA-05--PA-10,PA-10,Wald + Wind,0.4987378480632376
Paderborn,PA-06,PA-05--PA-10,PA-05,Vollstaendig,0.4822395237640688
Paderborn,PA-06,PA-05--PA-10,PA-10,Vollstaendig,0.5177604762359312
Paderborn,PA-06,PA-05--PA-11,PA-05,Gleichgewichtung,0.5
Paderborn,PA-06,PA-05--PA-11,PA-11,Gleichgewichtung,0.5
Paderborn,PA-06,PA-05--PA-11,PA-05,1/d^2,0.7729067745937775
Paderborn,PA-06,PA-05--PA-11,PA-11,1/d^2,0.2270932254062223
Paderborn,PA-06,PA-05--PA-11,PA-05,Wald + Wind,0.5596631280234187
Paderborn,PA-06,PA-05--PA-11,PA-11,Wald + Wind,0.4403368719765813
Paderborn,PA-06,PA-05--PA-11,PA-05,Vollstaendig,0.5309111496164137
Paderborn,PA-06,PA-05--PA-11,PA-11,Vollstaendig,0.4690888503835863
Paderborn,PA-06,PA-05--PA-12,PA-05,Gleichgewichtung,0.5
Paderborn,PA-06,PA-05--PA-12,PA-12,Gleichgewichtung,0.5
Paderborn,PA-06,PA-05--PA-12,PA-05,1/d^2,0.7992051298742335
Paderborn,PA-06,PA-05--PA-12,PA-12,1/d^2,0.2007948701257664
Paderborn,PA-06,PA-05--PA-12,PA-05,Wald + Wind,0.7071946257392803
Paderborn,PA-06,PA-05--PA-12,PA-12,Wald + Wind,0.2928053742607197
Paderborn,PA-06,PA-05--PA-12,PA-05,Vollstaendig,0.5619467116078684
Paderborn,PA-06,PA-05--PA-12,PA-12,Vollstaendig,0.4380532883921316
Paderborn,PA-06,PA-07--PA-08,PA-07,Gleichgewichtung,0.5
Paderborn,PA-06,PA-07--PA-08,PA-08,Gleichgewichtung,0.5
Paderborn,PA-06,PA-07--PA-08,PA-07,1/d^2,0.7231969856894204
Paderborn,PA-06,PA-07--PA-08,PA-08,1/d^2,0.2768030143105796
Paderborn,PA-06,PA-07--PA-08,PA-07,Wald + Wind,0.4730149096751366
Paderborn,PA-06,PA-07--PA-08,PA-08,Wald + Wind,0.5269850903248633
Paderborn,PA-06,PA-07--PA-08,PA-07,Vollstaendig,0.5130924042789622
Paderborn,PA-06,PA-07--PA-08,PA-08,Vollstaendig,0.4869075957210377
Paderborn,PA-06,PA-07--PA-09,PA-07,Gleichgewichtung,0.5
Paderborn,PA-06,PA-07--PA-09,PA-09,Gleichgewichtung,0.5
Paderborn,PA-06,PA-07--PA-09,PA-07,1/d^2,0.8545865399763644
Paderborn,PA-06,PA-07--PA-09,PA-09,1/d^2,0.1454134600236356
Paderborn,PA-06,PA-07--PA-09,PA-07,Wald + Wind,0.4764325943322328
Paderborn,PA-06,PA-07--PA-09,PA-09,Wald + Wind,0.5235674056677673
Paderborn,PA-06,PA-07--PA-09,PA-07,Vollstaendig,0.5215503920047754
Paderborn,PA-06,PA-07--PA-09,PA-09,Vollstaendig,0.4784496079952245
Paderborn,PA-06,PA-07--PA-10,PA-07,Gleichgewichtung,0.5
Paderborn,PA-06,PA-07--PA-10,PA-10,Gleichgewichtung,0.5
Paderborn,PA-06,PA-07--PA-10,PA-07,1/d^2,0.6738921015226357
Paderborn,PA-06,PA-07--PA-10,PA-10,1/d^2,0.3261078984773642
Paderborn,PA-06,PA-07--PA-10,PA-07,Wald + Wind,0.5156996818966799
Paderborn,PA-06,PA-07--PA-10,PA-10,Wald + Wind,0.4843003181033199
Paderborn,PA-06,PA-07--PA-10,PA-07,Vollstaendig,0.5051959024203178
Paderborn,PA-06,PA-07--PA-10,PA-10,Vollstaendig,0.4948040975796822
Paderborn,PA-06,PA-07--PA-11,PA-07,Gleichgewichtung,0.5
Paderborn,PA-06,PA-07--PA-11,PA-11,Gleichgewichtung,0.5
Paderborn,PA-06,PA-07--PA-11,PA-07,1/d^2,0.8729707984702293
Paderborn,PA-06,PA-07--PA-11,PA-11,1/d^2,0.1270292015297706
Paderborn,PA-06,PA-07--PA-11,PA-07,Wald + Wind,0.5738473373460741
Paderborn,PA-06,PA-07--PA-11,PA-11,Wald + Wind,0.4261526626539259
Paderborn,PA-06,PA-07--PA-11,PA-07,Vollstaendig,0.553706671088923
Paderborn,PA-06,PA-07--PA-11,PA-11,Vollstaendig,0.4462933289110768
Paderborn,PA-06,PA-07--PA-12,PA-07,Gleichgewichtung,0.5
Paderborn,PA-06,PA-07--PA-12,PA-12,Gleichgewichtung,0.5
Paderborn,PA-06,PA-07--PA-12,PA-07,1/d^2,0.889340385735
Paderborn,PA-06,PA-07--PA-12,PA-12,1/d^2,0.1106596142649999
Paderborn,PA-06,PA-07--PA-12,PA-07,Wald + Wind,0.7190124952217438
Paderborn,PA-06,PA-07--PA-12,PA-12,Wald + Wind,0.2809875047782562
Paderborn,PA-06,PA-07--PA-12,PA-07,Vollstaendig,0.5844146220178776
Paderborn,PA-06,PA-07--PA-12,PA-12,Vollstaendig,0.4155853779821223
Paderborn,PA-06,PA-08--PA-09,PA-08,Gleichgewichtung,0.5
Paderborn,PA-06,PA-08--PA-09,PA-09,Gleichgewichtung,0.5
Paderborn,PA-06,PA-08--PA-09,PA-08,1/d^2,0.6922503654282363
Paderborn,PA-06,PA-08--PA-09,PA-09,1/d^2,0.3077496345717637
Paderborn,PA-06,PA-08--PA-09,PA-08,Wald + Wind,0.5034264009904579
Paderborn,PA-06,PA-08--PA-09,PA-09,Wald + Wind,0.4965735990095422
Paderborn,PA-06,PA-08--PA-09,PA-08,Vollstaendig,0.5084675440756314
Paderborn,PA-06,PA-08--PA-09,PA-09,Vollstaendig,0.4915324559243685
Paderborn,PA-06,PA-08--PA-10,PA-08,Gleichgewichtung,0.5
Paderborn,PA-06,PA-08--PA-10,PA-10,Gleichgewichtung,0.5
Paderborn,PA-06,PA-08--PA-10,PA-08,1/d^2,0.4416338414103107
Paderborn,PA-06,PA-08--PA-10,PA-10,1/d^2,0.5583661585896893
Paderborn,PA-06,PA-08--PA-10,PA-08,Wald + Wind,0.5426125597277375
Paderborn,PA-06,PA-08--PA-10,PA-10,Wald + Wind,0.4573874402722624
Paderborn,PA-06,PA-08--PA-10,PA-08,Vollstaendig,0.4921013488597697
Paderborn,PA-06,PA-08--PA-10,PA-10,Vollstaendig,0.5078986511402303
Paderborn,PA-06,PA-08--PA-11,PA-08,Gleichgewichtung,0.5
Paderborn,PA-06,PA-08--PA-11,PA-11,Gleichgewichtung,0.5
Paderborn,PA-06,PA-08--PA-11,PA-08,1/d^2,0.7245430020111963
Paderborn,PA-06,PA-08--PA-11,PA-11,1/d^2,0.2754569979888037
Paderborn,PA-06,PA-08--PA-11,PA-08,Wald + Wind,0.6000350375553761
Paderborn,PA-06,PA-08--PA-11,PA-11,Wald + Wind,0.3999649624446239
Paderborn,PA-06,PA-08--PA-11,PA-08,Vollstaendig,0.5407288206012414
Paderborn,PA-06,PA-08--PA-11,PA-11,Vollstaendig,0.4592711793987586
Paderborn,PA-06,PA-08--PA-12,PA-08,Gleichgewichtung,0.5
Paderborn,PA-06,PA-08--PA-12,PA-12,Gleichgewichtung,0.5
Paderborn,PA-06,PA-08--PA-12,PA-08,1/d^2,0.7546643057867674
Paderborn,PA-06,PA-08--PA-12,PA-12,1/d^2,0.2453356942132326
Paderborn,PA-06,PA-08--PA-12,PA-08,Wald + Wind,0.7403164358254052
Paderborn,PA-06,PA-08--PA-12,PA-12,Wald + Wind,0.2596835641745948
Paderborn,PA-06,PA-08--PA-12,PA-08,Vollstaendig,0.5716389162972599
Paderborn,PA-06,PA-08--PA-12,PA-12,Vollstaendig,0.4283610837027401
Paderborn,PA-06,PA-09--PA-10,PA-09,Gleichgewichtung,0.5
Paderborn,PA-06,PA-09--PA-10,PA-10,Gleichgewichtung,0.5
Paderborn,PA-06,PA-09--PA-10,PA-09,1/d^2,0.2601488727335396
Paderborn,PA-06,PA-09--PA-10,PA-10,1/d^2,0.7398511272664604
Paderborn,PA-06,PA-09--PA-10,PA-09,Wald + Wind,0.5392090580374563
Paderborn,PA-06,PA-09--PA-10,PA-10,Wald + Wind,0.4607909419625436
Paderborn,PA-06,PA-09--PA-10,PA-09,Vollstaendig,0.4836381820401358
Paderborn,PA-06,PA-09--PA-10,PA-10,Vollstaendig,0.5163618179598641
Paderborn,PA-06,PA-09--PA-11,PA-09,Gleichgewichtung,0.5
Paderborn,PA-06,PA-09--PA-11,PA-11,Gleichgewichtung,0.5
Paderborn,PA-06,PA-09--PA-11,PA-09,1/d^2,0.5390325368154728
Paderborn,PA-06,PA-09--PA-11,PA-11,1/d^2,0.4609674631845271
Paderborn,PA-06,PA-09--PA-11,PA-09,Wald + Wind,0.5967412727782742
Paderborn,PA-06,PA-09--PA-11,PA-11,Wald + Wind,0.4032587272217259
Paderborn,PA-06,PA-09--PA-11,PA-09,Vollstaendig,0.5323058421872622
Paderborn,PA-06,PA-09--PA-11,PA-11,Vollstaendig,0.4676941578127377
Paderborn,PA-06,PA-09--PA-12,PA-09,Gleichgewichtung,0.5
Paderborn,PA-06,PA-09--PA-12,PA-12,Gleichgewichtung,0.5
Paderborn,PA-06,PA-09--PA-12,PA-09,1/d^2,0.5776135655297517
Paderborn,PA-06,PA-09--PA-12,PA-12,1/d^2,0.4223864344702482
Paderborn,PA-06,PA-09--PA-12,PA-09,Wald + Wind,0.7376728536098012
Paderborn,PA-06,PA-09--PA-12,PA-12,Wald + Wind,0.2623271463901989
Paderborn,PA-06,PA-09--PA-12,PA-09,Vollstaendig,0.563325025502576
Paderborn,PA-06,PA-09--PA-12,PA-12,Vollstaendig,0.4366749744974239
Paderborn,PA-06,PA-10--PA-11,PA-10,Gleichgewichtung,0.5
Paderborn,PA-06,PA-10--PA-11,PA-11,Gleichgewichtung,0.5
Paderborn,PA-06,PA-10--PA-11,PA-10,1/d^2,0.7688170070023519
Paderborn,PA-06,PA-10--PA-11,PA-11,1/d^2,0.2311829929976481
Paderborn,PA-06,PA-10--PA-11,PA-10,Wald + Wind,0.5584185726796923
Paderborn,PA-06,PA-10--PA-11,PA-11,Wald + Wind,0.4415814273203078
Paderborn,PA-06,PA-10--PA-11,PA-10,Vollstaendig,0.5485649777947471
Paderborn,PA-06,PA-10--PA-11,PA-11,Vollstaendig,0.4514350222052529
Paderborn,PA-06,PA-10--PA-12,PA-10,Gleichgewichtung,0.5
Paderborn,PA-06,PA-10--PA-12,PA-12,Gleichgewichtung,0.5
Paderborn,PA-06,PA-10--PA-12,PA-10,1/d^2,0.7954636413633963
Paderborn,PA-06,PA-10--PA-12,PA-12,1/d^2,0.2045363586366037
Paderborn,PA-06,PA-10--PA-12,PA-10,Wald + Wind,0.7061481138810995
Paderborn,PA-06,PA-10--PA-12,PA-12,Wald + Wind,0.2938518861189004
Paderborn,PA-06,PA-10--PA-12,PA-10,Vollstaendig,0.5793579484006283
Paderborn,PA-06,PA-10--PA-12,PA-12,Vollstaendig,0.4206420515993718
Paderborn,PA-06,PA-11--PA-12,PA-11,Gleichgewichtung,0.5
Paderborn,PA-06,PA-11--PA-12,PA-12,Gleichgewichtung,0.5
Paderborn,PA-06,PA-11--PA-12,PA-11,1/d^2,0.5390542813651625
Paderborn,PA-06,PA-11--PA-12,PA-12,1/d^2,0.4609457186348374
Paderborn,PA-06,PA-11--PA-12,PA-11,Wald + Wind,0.6552060517414116
Paderborn,PA-06,PA-11--PA-12,PA-12,Wald + Wind,0.3447939482585883
Paderborn,PA-06,PA-11--PA-12,PA-11,Vollstaendig,0.5312751098259042
Paderborn,PA-06,PA-11--PA-12,PA-12,Vollstaendig,0.4687248901740959
Paderborn,PA-07,PA-01--PA-02,PA-01,Gleichgewichtung,0.5
Paderborn,PA-07,PA-01--PA-02,PA-02,Gleichgewichtung,0.5
Paderborn,PA-07,PA-01--PA-02,PA-01,1/d^2,0.5212033925842042
Paderborn,PA-07,PA-01--PA-02,PA-02,1/d^2,0.4787966074157957
Paderborn,PA-07,PA-01--PA-02,PA-01,Wald + Wind,0.5046591830803042
Paderborn,PA-07,PA-01--PA-02,PA-02,Wald + Wind,0.4953408169196958
Paderborn,PA-07,PA-01--PA-02,PA-01,Vollstaendig,0.5030704198364909
Paderborn,PA-07,PA-01--PA-02,PA-02,Vollstaendig,0.4969295801635091
Paderborn,PA-07,PA-01--PA-03,PA-01,Gleichgewichtung,0.5
Paderborn,PA-07,PA-01--PA-03,PA-03,Gleichgewichtung,0.5
Paderborn,PA-07,PA-01--PA-03,PA-01,1/d^2,0.2824005524286962
Paderborn,PA-07,PA-01--PA-03,PA-03,1/d^2,0.7175994475713037
Paderborn,PA-07,PA-01--PA-03,PA-01,Wald + Wind,0.2311628269695117
Paderborn,PA-07,PA-01--PA-03,PA-03,Wald + Wind,0.7688371730304884
Paderborn,PA-07,PA-01--PA-03,PA-01,Vollstaendig,0.4102335276799173
Paderborn,PA-07,PA-01--PA-03,PA-03,Vollstaendig,0.5897664723200826
Paderborn,PA-07,PA-01--PA-04,PA-01,Gleichgewichtung,0.5
Paderborn,PA-07,PA-01--PA-04,PA-04,Gleichgewichtung,0.5
Paderborn,PA-07,PA-01--PA-04,PA-01,1/d^2,0.2062320491264407
Paderborn,PA-07,PA-01--PA-04,PA-04,1/d^2,0.7937679508735593
Paderborn,PA-07,PA-01--PA-04,PA-01,Wald + Wind,0.2783667028899579
Paderborn,PA-07,PA-01--PA-04,PA-04,Wald + Wind,0.7216332971100421
Paderborn,PA-07,PA-01--PA-04,PA-01,Vollstaendig,0.4349567753071755
Paderborn,PA-07,PA-01--PA-04,PA-04,Vollstaendig,0.5650432246928244
Paderborn,PA-07,PA-01--PA-05,PA-01,Gleichgewichtung,0.5
Paderborn,PA-07,PA-01--PA-05,PA-05,Gleichgewichtung,0.5
Paderborn,PA-07,PA-01--PA-05,PA-01,1/d^2,0.0456173163902073
Paderborn,PA-07,PA-01--PA-05,PA-05,1/d^2,0.9543826836097926
Paderborn,PA-07,PA-01--PA-05,PA-01,Wald + Wind,0.1246757365085262
Paderborn,PA-07,PA-01--PA-05,PA-05,Wald + Wind,0.8753242634914737
Paderborn,PA-07,PA-01--PA-05,PA-01,Vollstaendig,0.3719612119559664
Paderborn,PA-07,PA-01--PA-05,PA-05,Vollstaendig,0.6280387880440336
Paderborn,PA-07,PA-01--PA-06,PA-01,Gleichgewichtung,0.5
Paderborn,PA-07,PA-01--PA-06,PA-06,Gleichgewichtung,0.5
Paderborn,PA-07,PA-01--PA-06,PA-01,1/d^2,0.0510299909452182
Paderborn,PA-07,PA-01--PA-06,PA-06,1/d^2,0.9489700090547818
Paderborn,PA-07,PA-01--PA-06,PA-01,Wald + Wind,0.1458451122212271
Paderborn,PA-07,PA-01--PA-06,PA-06,Wald + Wind,0.8541548877787729
Paderborn,PA-07,PA-01--PA-06,PA-01,Vollstaendig,0.3885546559647537
Paderborn,PA-07,PA-01--PA-06,PA-06,Vollstaendig,0.6114453440352462
Paderborn,PA-07,PA-01--PA-08,PA-01,Gleichgewichtung,0.5
Paderborn,PA-07,PA-01--PA-08,PA-08,Gleichgewichtung,0.5
Paderborn,PA-07,PA-01--PA-08,PA-01,1/d^2,0.0202943098651153
Paderborn,PA-07,PA-01--PA-08,PA-08,1/d^2,0.9797056901348848
Paderborn,PA-07,PA-01--PA-08,PA-01,Wald + Wind,0.1459213100304242
Paderborn,PA-07,PA-01--PA-08,PA-08,Wald + Wind,0.8540786899695758
Paderborn,PA-07,PA-01--PA-08,PA-01,Vollstaendig,0.372209527860382
Paderborn,PA-07,PA-01--PA-08,PA-08,Vollstaendig,0.627790472139618
Paderborn,PA-07,PA-01--PA-09,PA-01,Gleichgewichtung,0.5
Paderborn,PA-07,PA-01--PA-09,PA-09,Gleichgewichtung,0.5
Paderborn,PA-07,PA-01--PA-09,PA-01,1/d^2,0.3488513771972718
Paderborn,PA-07,PA-01--PA-09,PA-09,1/d^2,0.6511486228027282
Paderborn,PA-07,PA-01--PA-09,PA-01,Wald + Wind,0.1608983852835549
Paderborn,PA-07,PA-01--PA-09,PA-09,Wald + Wind,0.8391016147164451
Paderborn,PA-07,PA-01--PA-09,PA-01,Vollstaendig,0.3777302703679152
Paderborn,PA-07,PA-01--PA-09,PA-09,Vollstaendig,0.6222697296320847
Paderborn,PA-07,PA-01--PA-10,PA-01,Gleichgewichtung,0.5
Paderborn,PA-07,PA-01--PA-10,PA-10,Gleichgewichtung,0.5
Paderborn,PA-07,PA-01--PA-10,PA-01,1/d^2,0.1349520306018356
Paderborn,PA-07,PA-01--PA-10,PA-10,1/d^2,0.8650479693981645
Paderborn,PA-07,PA-01--PA-10,PA-01,Wald + Wind,0.2433587223740709
Paderborn,PA-07,PA-01--PA-10,PA-10,Wald + Wind,0.756641277625929
Paderborn,PA-07,PA-01--PA-10,PA-01,Vollstaendig,0.4084112046559557
Paderborn,PA-07,PA-01--PA-10,PA-10,Vollstaendig,0.5915887953440443
Paderborn,PA-07,PA-01--PA-11,PA-01,Gleichgewichtung,0.5
Paderborn,PA-07,PA-01--PA-11,PA-11,Gleichgewichtung,0.5
Paderborn,PA-07,PA-01--PA-11,PA-01,1/d^2,0.2889866596569054
Paderborn,PA-07,PA-01--PA-11,PA-11,1/d^2,0.7110133403430946
Paderborn,PA-07,PA-01--PA-11,PA-01,Wald + Wind,0.1883473782322359
Paderborn,PA-07,PA-01--PA-11,PA-11,Wald + Wind,0.8116526217677641
Paderborn,PA-07,PA-01--PA-11,PA-01,Vollstaendig,0.4061985088463634
Paderborn,PA-07,PA-01--PA-11,PA-11,Vollstaendig,0.5938014911536366
Paderborn,PA-07,PA-01--PA-12,PA-01,Gleichgewichtung,0.5
Paderborn,PA-07,PA-01--PA-12,PA-12,Gleichgewichtung,0.5
Paderborn,PA-07,PA-01--PA-12,PA-01,1/d^2,0.3402867129224388
Paderborn,PA-07,PA-01--PA-12,PA-12,1/d^2,0.6597132870775612
Paderborn,PA-07,PA-01--PA-12,PA-01,Wald + Wind,0.2887670109216329
Paderborn,PA-07,PA-01--PA-12,PA-12,Wald + Wind,0.7112329890783671
Paderborn,PA-07,PA-01--PA-12,PA-01,Vollstaendig,0.4295003703470988
Paderborn,PA-07,PA-01--PA-12,PA-12,Vollstaendig,0.570499629652901
Paderborn,PA-07,PA-02--PA-03,PA-02,Gleichgewichtung,0.5
Paderborn,PA-07,PA-02--PA-03,PA-03,Gleichgewichtung,0.5
Paderborn,PA-07,PA-02--PA-03,PA-02,1/d^2,0.2655244957943081
Paderborn,PA-07,PA-02--PA-03,PA-03,1/d^2,0.7344755042056917
Paderborn,PA-07,PA-02--PA-03,PA-02,Wald + Wind,0.227867096796448
Paderborn,PA-07,PA-02--PA-03,PA-03,Wald + Wind,0.7721329032035519
Paderborn,PA-07,PA-02--PA-03,PA-02,Vollstaendig,0.407265346225418
Paderborn,PA-07,PA-02--PA-03,PA-03,Vollstaendig,0.592734653774582
Paderborn,PA-07,PA-02--PA-04,PA-02,Gleichgewichtung,0.5
Paderborn,PA-07,PA-02--PA-04,PA-04,Gleichgewichtung,0.5
Paderborn,PA-07,PA-02--PA-04,PA-02,1/d^2,0.192685552355854
Paderborn,PA-07,PA-02--PA-04,PA-04,1/d^2,0.807314447644146
Paderborn,PA-07,PA-02--PA-04,PA-02,Wald + Wind,0.2746383805831778
Paderborn,PA-07,PA-02--PA-04,PA-04,Wald + Wind,0.7253616194168222
Paderborn,PA-07,PA-02--PA-04,PA-02,Vollstaendig,0.431940723944763
Paderborn,PA-07,PA-02--PA-04,PA-04,Vollstaendig,0.568059276055237
Paderborn,PA-07,PA-02--PA-05,PA-02,Gleichgewichtung,0.5
Paderborn,PA-07,PA-02--PA-05,PA-05,Gleichgewichtung,0.5
Paderborn,PA-07,PA-02--PA-05,PA-02,1/d^2,0.0420618603480341
Paderborn,PA-07,PA-02--PA-05,PA-05,1/d^2,0.9579381396519658
Paderborn,PA-07,PA-02--PA-05,PA-02,Wald + Wind,0.1226560059268941
Paderborn,PA-07,PA-02--PA-05,PA-05,Wald + Wind,0.8773439940731058
Paderborn,PA-07,PA-02--PA-05,PA-02,Vollstaendig,0.3690966417526477
Paderborn,PA-07,PA-02--PA-05,PA-05,Vollstaendig,0.6309033582473523
Paderborn,PA-07,PA-02--PA-06,PA-02,Gleichgewichtung,0.5
Paderborn,PA-07,PA-02--PA-06,PA-06,Gleichgewichtung,0.5
Paderborn,PA-07,PA-02--PA-06,PA-02,1/d^2,0.0470734740580339
Paderborn,PA-07,PA-02--PA-06,PA-06,1/d^2,0.952926525941966
Paderborn,PA-07,PA-02--PA-06,PA-02,Wald + Wind,0.1435386771895702
Paderborn,PA-07,PA-02--PA-06,PA-06,Wald + Wind,0.8564613228104297
Paderborn,PA-07,PA-02--PA-06,PA-02,Vollstaendig,0.3856407637295962
Paderborn,PA-07,PA-02--PA-06,PA-06,Vollstaendig,0.6143592362704039
Paderborn,PA-07,PA-02--PA-08,PA-02,Gleichgewichtung,0.5
Paderborn,PA-07,PA-02--PA-08,PA-08,Gleichgewichtung,0.5
Paderborn,PA-07,PA-02--PA-08,PA-02,1/d^2,0.018673934104051
Paderborn,PA-07,PA-02--PA-08,PA-08,1/d^2,0.981326065895949
Paderborn,PA-07,PA-02--PA-08,PA-02,Wald + Wind,0.143613872591161
Paderborn,PA-07,PA-02--PA-08,PA-08,Wald + Wind,0.8563861274088389
Paderborn,PA-07,PA-02--PA-08,PA-02,Vollstaendig,0.3693441699453934
Paderborn,PA-07,PA-02--PA-08,PA-08,Vollstaendig,0.6306558300546066
Paderborn,PA-07,PA-02--PA-09,PA-02,Gleichgewichtung,0.5
Paderborn,PA-07,PA-02--PA-09,PA-09,Gleichgewichtung,0.5
Paderborn,PA-07,PA-02--PA-09,PA-02,1/d^2,0.329829477853675
Paderborn,PA-07,PA-02--PA-09,PA-09,1/d^2,0.670170522146325
Paderborn,PA-07,PA-02--PA-09,PA-02,Wald + Wind,0.1583980398325237
Paderborn,PA-07,PA-02--PA-09,PA-09,Wald + Wind,0.8416019601674762
Paderborn,PA-07,PA-02--PA-09,PA-02,Vollstaendig,0.3748477888052004
Paderborn,PA-07,PA-02--PA-09,PA-09,Vollstaendig,0.6251522111947996
Paderborn,PA-07,PA-02--PA-10,PA-02,Gleichgewichtung,0.5
Paderborn,PA-07,PA-02--PA-10,PA-10,Gleichgewichtung,0.5
Paderborn,PA-07,PA-02--PA-10,PA-02,1/d^2,0.1253482392844376
Paderborn,PA-07,PA-02--PA-10,PA-10,1/d^2,0.8746517607155624
Paderborn,PA-07,PA-02--PA-10,PA-02,Wald + Wind,0.2399433783588758
Paderborn,PA-07,PA-02--PA-10,PA-10,Wald + Wind,0.7600566216411241
Paderborn,PA-07,PA-02--PA-10,PA-02,Vollstaendig,0.4054471439437723
Paderborn,PA-07,PA-02--PA-10,PA-10,Vollstaendig,0.5945528560562277
Paderborn,PA-07,PA-02--PA-11,PA-02,Gleichgewichtung,0.5
Paderborn,PA-07,PA-02--PA-11,PA-11,Gleichgewichtung,0.5
Paderborn,PA-07,PA-02--PA-11,PA-02,1/d^2,0.271866132089787
Paderborn,PA-07,PA-02--PA-11,PA-11,1/d^2,0.7281338679102131
Paderborn,PA-07,PA-02--PA-11,PA-02,Wald + Wind,0.1855147839348999
Paderborn,PA-07,PA-02--PA-11,PA-11,Wald + Wind,0.8144852160651
Paderborn,PA-07,PA-02--PA-11,PA-02,Vollstaendig,0.4032395608903262
Paderborn,PA-07,PA-02--PA-11,PA-11,Vollstaendig,0.5967604391096738
Paderborn,PA-07,PA-02--PA-12,PA-02,Gleichgewichtung,0.5
Paderborn,PA-07,PA-02--PA-12,PA-12,Gleichgewichtung,0.5
Paderborn,PA-07,PA-02--PA-12,PA-02,1/d^2,0.321501238519578
Paderborn,PA-07,PA-02--PA-12,PA-12,1/d^2,0.678498761480422
Paderborn,PA-07,PA-02--PA-12,PA-02,Wald + Wind,0.284954396294199
Paderborn,PA-07,PA-02--PA-12,PA-12,Wald + Wind,0.715045603705801
Paderborn,PA-07,PA-02--PA-12,PA-02,Vollstaendig,0.4264935963129024
Paderborn,PA-07,PA-02--PA-12,PA-12,Vollstaendig,0.5735064036870976
Paderborn,PA-07,PA-03--PA-04,PA-03,Gleichgewichtung,0.5
Paderborn,PA-07,PA-03--PA-04,PA-04,Gleichgewichtung,0.5
Paderborn,PA-07,PA-03--PA-04,PA-03,1/d^2,0.3976649347051699
Paderborn,PA-07,PA-03--PA-04,PA-04,1/d^2,0.60233506529483
Paderborn,PA-07,PA-03--PA-04,PA-03,Wald + Wind,0.5619744332385834
Paderborn,PA-07,PA-03--PA-04,PA-04,Wald + Wind,0.4380255667614166
Paderborn,PA-07,PA-03--PA-04,PA-03,Vollstaendig,0.5253144619061259
Paderborn,PA-07,PA-03--PA-04,PA-04,Vollstaendig,0.4746855380938741
Paderborn,PA-07,PA-03--PA-05,PA-03,Gleichgewichtung,0.5
Paderborn,PA-07,PA-03--PA-05,PA-05,Gleichgewichtung,0.5
Paderborn,PA-07,PA-03--PA-05,PA-03,1/d^2,0.1083031232652472
Paderborn,PA-07,PA-03--PA-05,PA-05,1/d^2,0.8916968767347527
Paderborn,PA-07,PA-03--PA-05,PA-03,Wald + Wind,0.3214488831974366
Paderborn,PA-07,PA-03--PA-05,PA-05,Wald + Wind,0.6785511168025634
Paderborn,PA-07,PA-03--PA-05,PA-03,Vollstaendig,0.4598833467664895
Paderborn,PA-07,PA-03--PA-05,PA-05,Vollstaendig,0.5401166532335104
Paderborn,PA-07,PA-03--PA-06,PA-03,Gleichgewichtung,0.5
Paderborn,PA-07,PA-03--PA-06,PA-06,Gleichgewichtung,0.5
Paderborn,PA-07,PA-03--PA-06,PA-03,1/d^2,0.1202168143213368
Paderborn,PA-07,PA-03--PA-06,PA-06,1/d^2,0.8797831856786632
Paderborn,PA-07,PA-03--PA-06,PA-03,Wald + Wind,0.3622040924609563
Paderborn,PA-07,PA-03--PA-06,PA-06,Wald + Wind,0.6377959075390436
Paderborn,PA-07,PA-03--PA-06,PA-03,Vollstaendig,0.4774174603757979
Paderborn,PA-07,PA-03--PA-06,PA-06,Vollstaendig,0.5225825396242021
Paderborn,PA-07,PA-03--PA-08,PA-03,Gleichgewichtung,0.5
Paderborn,PA-07,PA-03--PA-08,PA-08,Gleichgewichtung,0.5
Paderborn,PA-07,PA-03--PA-08,PA-03,1/d^2,0.0500053389112032
Paderborn,PA-07,PA-03--PA-08,PA-08,1/d^2,0.9499946610887968
Paderborn,PA-07,PA-03--PA-08,PA-03,Wald + Wind,0.3623453760068924
Paderborn,PA-07,PA-03--PA-08,PA-08,Wald + Wind,0.6376546239931077
Paderborn,PA-07,PA-03--PA-08,PA-03,Vollstaendig,0.4601473535465327
Paderborn,PA-07,PA-03--PA-08,PA-08,Vollstaendig,0.5398526464534672
Paderborn,PA-07,PA-03--PA-09,PA-03,Gleichgewichtung,0.5
Paderborn,PA-07,PA-03--PA-09,PA-09,Gleichgewichtung,0.5
Paderborn,PA-07,PA-03--PA-09,PA-03,1/d^2,0.5765174116190562
Paderborn,PA-07,PA-03--PA-09,PA-09,1/d^2,0.4234825883809438
Paderborn,PA-07,PA-03--PA-09,PA-03,Wald + Wind,0.3894078606748991
Paderborn,PA-07,PA-03--PA-09,PA-09,Wald + Wind,0.6105921393251009
Paderborn,PA-07,PA-03--PA-09,PA-03,Vollstaendig,0.4660042301718835
Paderborn,PA-07,PA-03--PA-09,PA-09,Vollstaendig,0.5339957698281165
Paderborn,PA-07,PA-03--PA-10,PA-03,Gleichgewichtung,0.5
Paderborn,PA-07,PA-03--PA-10,PA-10,Gleichgewichtung,0.5
Paderborn,PA-07,PA-03--PA-10,PA-03,1/d^2,0.2838831797450664
Paderborn,PA-07,PA-03--PA-10,PA-10,1/d^2,0.7161168202549336
Paderborn,PA-07,PA-03--PA-10,PA-03,Wald + Wind,0.5168446676049869
Paderborn,PA-07,PA-03--PA-10,PA-10,Wald + Wind,0.483155332395013
Paderborn,PA-07,PA-03--PA-10,PA-03,Vollstaendig,0.4981157094192026
Paderborn,PA-07,PA-03--PA-10,PA-10,Vollstaendig,0.5018842905807973
Paderborn,PA-07,PA-03--PA-11,PA-03,Gleichgewichtung,0.5
Paderborn,PA-07,PA-03--PA-11,PA-11,Gleichgewichtung,0.5
Paderborn,PA-07,PA-03--PA-11,PA-03,1/d^2,0.5080679030379313
Paderborn,PA-07,PA-03--PA-11,PA-11,1/d^2,0.4919320969620688
Paderborn,PA-07,PA-03--PA-11,PA-03,Wald + Wind,0.4356027702736394
Paderborn,PA-07,PA-03--PA-11,PA-11,Wald + Wind,0.5643972297263606
Paderborn,PA-07,PA-03--PA-11,PA-03,Vollstaendig,0.4958243411522307
Paderborn,PA-07,PA-03--PA-11,PA-11,Vollstaendig,0.5041756588477693
Paderborn,PA-07,PA-03--PA-12,PA-03,Gleichgewichtung,0.5
Paderborn,PA-07,PA-03--PA-12,PA-12,Gleichgewichtung,0.5
Paderborn,PA-07,PA-03--PA-12,PA-03,1/d^2,0.5672324134066177
Paderborn,PA-07,PA-03--PA-12,PA-12,1/d^2,0.4327675865933823
Paderborn,PA-07,PA-03--PA-12,PA-03,Wald + Wind,0.5745346681149975
Paderborn,PA-07,PA-03--PA-12,PA-12,Wald + Wind,0.4254653318850024
Paderborn,PA-07,PA-03--PA-12,PA-03,Vollstaendig,0.5197672305836375
Paderborn,PA-07,PA-03--PA-12,PA-12,Vollstaendig,0.4802327694163625
Paderborn,PA-07,PA-04--PA-05,PA-04,Gleichgewichtung,0.5
Paderborn,PA-07,PA-04--PA-05,PA-05,Gleichgewichtung,0.5
Paderborn,PA-07,PA-04--PA-05,PA-04,1/d^2,0.1553832722721886
Paderborn,PA-07,PA-04--PA-05,PA-05,1/d^2,0.8446167277278115
Paderborn,PA-07,PA-04--PA-05,PA-04,Wald + Wind,0.2696694373856753
Paderborn,PA-07,PA-04--PA-05,PA-05,Wald + Wind,0.7303305626143246
Paderborn,PA-07,PA-04--PA-05,PA-04,Vollstaendig,0.4348335989896487
Paderborn,PA-07,PA-04--PA-05,PA-05,Vollstaendig,0.5651664010103513
Paderborn,PA-07,PA-04--PA-06,PA-04,Gleichgewichtung,0.5
Paderborn,PA-07,PA-04--PA-06,PA-06,Gleichgewichtung,0.5
Paderborn,PA-07,PA-04--PA-06,PA-04,1/d^2,0.1714799766146417
Paderborn,PA-07,PA-04--PA-06,PA-06,1/d^2,0.8285200233853582
Paderborn,PA-07,PA-04--PA-06,PA-04,Wald + Wind,0.3068282689982323
Paderborn,PA-07,PA-04--PA-06,PA-06,Wald + Wind,0.6931717310017675
Paderborn,PA-07,PA-04--PA-06,PA-04,Vollstaendig,0.4522122727233627
Paderborn,PA-07,PA-04--PA-06,PA-06,Vollstaendig,0.5477877272766374
Paderborn,PA-07,PA-04--PA-08,PA-04,Gleichgewichtung,0.5
Paderborn,PA-07,PA-04--PA-08,PA-08,Gleichgewichtung,0.5
Paderborn,PA-07,PA-04--PA-08,PA-04,1/d^2,0.0738416364109874
Paderborn,PA-07,PA-04--PA-08,PA-08,1/d^2,0.9261583635890124
Paderborn,PA-07,PA-04--PA-08,PA-04,Wald + Wind,0.3069583480691937
Paderborn,PA-07,PA-04--PA-08,PA-08,Wald + Wind,0.6930416519308062
Paderborn,PA-07,PA-04--PA-08,PA-04,Vollstaendig,0.4350948096045046
Paderborn,PA-07,PA-04--PA-08,PA-08,Vollstaendig,0.5649051903954955
Paderborn,PA-07,PA-04--PA-09,PA-04,Gleichgewichtung,0.5
Paderborn,PA-07,PA-04--PA-09,PA-09,Gleichgewichtung,0.5
Paderborn,PA-07,PA-04--PA-09,PA-04,1/d^2,0.6734206546089555
Paderborn,PA-07,PA-04--PA-09,PA-09,1/d^2,0.3265793453910444
Paderborn,PA-07,PA-04--PA-09,PA-04,Wald + Wind,0.3320381912275377
Paderborn,PA-07,PA-04--PA-09,PA-09,Wald + Wind,0.6679618087724621
Paderborn,PA-07,PA-04--PA-09,PA-04,Vollstaendig,0.4408932337616751
Paderborn,PA-07,PA-04--PA-09,PA-09,Vollstaendig,0.5591067662383249
Paderborn,PA-07,PA-04--PA-10,PA-04,Gleichgewichtung,0.5
Paderborn,PA-07,PA-04--PA-10,PA-10,Gleichgewichtung,0.5
Paderborn,PA-07,PA-04--PA-10,PA-04,1/d^2,0.3751756165580912
Paderborn,PA-07,PA-04--PA-10,PA-10,1/d^2,0.6248243834419088
Paderborn,PA-07,PA-04--PA-10,PA-04,Wald + Wind,0.4546809933015917
Paderborn,PA-07,PA-04--PA-10,PA-10,Wald + Wind,0.5453190066984083
Paderborn,PA-07,PA-04--PA-10,PA-04,Vollstaendig,0.4728064360235601
Paderborn,PA-07,PA-04--PA-10,PA-10,Vollstaendig,0.52719356397644
Paderborn,PA-07,PA-04--PA-11,PA-04,Gleichgewichtung,0.5
Paderborn,PA-07,PA-04--PA-11,PA-11,Gleichgewichtung,0.5
Paderborn,PA-07,PA-04--PA-11,PA-04,1/d^2,0.6100395607536399
Paderborn,PA-07,PA-04--PA-11,PA-11,1/d^2,0.3899604392463602
Paderborn,PA-07,PA-04--PA-11,PA-04,Wald + Wind,0.3756140256809637
Paderborn,PA-07,PA-04--PA-11,PA-11,Wald + Wind,0.6243859743190362
Paderborn,PA-07,PA-04--PA-11,PA-04,Vollstaendig,0.4705223429368104
Paderborn,PA-07,PA-04--PA-11,PA-11,Vollstaendig,0.5294776570631896
Paderborn,PA-07,PA-04--PA-12,PA-04,Gleichgewichtung,0.5
Paderborn,PA-07,PA-04--PA-12,PA-12,Gleichgewichtung,0.5
Paderborn,PA-07,PA-04--PA-12,PA-04,1/d^2,0.6650258142156407
Paderborn,PA-07,PA-04--PA-12,PA-12,1/d^2,0.3349741857843593
Paderborn,PA-07,PA-04--PA-12,PA-04,Wald + Wind,0.5127966787937976
Paderborn,PA-07,PA-04--PA-12,PA-12,Wald + Wind,0.4872033212062024
Paderborn,PA-07,PA-04--PA-12,PA-04,Vollstaendig,0.494441643141446
Paderborn,PA-07,PA-04--PA-12,PA-12,Vollstaendig,0.505558356858554
Paderborn,PA-07,PA-05--PA-06,PA-05,Gleichgewichtung,0.5
Paderborn,PA-07,PA-05--PA-06,PA-06,Gleichgewichtung,0.5
Paderborn,PA-07,PA-05--PA-06,PA-05,1/d^2,0.529419394105541
Paderborn,PA-07,PA-05--PA-06,PA-06,1/d^2,0.470580605894459
Paderborn,PA-07,PA-05--PA-06,PA-05,Wald + Wind,0.5452039292187207
Paderborn,PA-07,PA-05--PA-06,PA-06,Wald + Wind,0.4547960707812792
Paderborn,PA-07,PA-05--PA-06,PA-05,Vollstaendig,0.5175978838289982
Paderborn,PA-07,PA-05--PA-06,PA-06,Vollstaendig,0.4824021161710018
Paderborn,PA-07,PA-05--PA-08,PA-05,Gleichgewichtung,0.5
Paderborn,PA-07,PA-05--PA-08,PA-08,Gleichgewichtung,0.5
Paderborn,PA-07,PA-05--PA-08,PA-05,1/d^2,0.3023495631193152
Paderborn,PA-07,PA-05--PA-08,PA-08,1/d^2,0.6976504368806846
Paderborn,PA-07,PA-05--PA-08,PA-05,Wald + Wind,0.5453555586767309
Paderborn,PA-07,PA-05--PA-08,PA-08,Wald + Wind,0.4546444413232691
Paderborn,PA-07,PA-05--PA-08,PA-05,Vollstaendig,0.500265705974852
Paderborn,PA-07,PA-05--PA-08,PA-08,Vollstaendig,0.4997342940251479
Paderborn,PA-07,PA-05--PA-09,PA-05,Gleichgewichtung,0.5
Paderborn,PA-07,PA-05--PA-09,PA-09,Gleichgewichtung,0.5
Paderborn,PA-07,PA-05--PA-09,PA-05,1/d^2,0.9180908315921048
Paderborn,PA-07,PA-05--PA-09,PA-09,1/d^2,0.081909168407895
Paderborn,PA-07,PA-05--PA-09,PA-05,Wald + Wind,0.5737870794592773
Paderborn,PA-07,PA-05--PA-09,PA-09,Wald + Wind,0.4262129205407228
Paderborn,PA-07,PA-05--PA-09,PA-05,Vollstaendig,0.5061544571139157
Paderborn,PA-07,PA-05--PA-09,PA-09,Vollstaendig,0.4938455428860843
Paderborn,PA-07,PA-05--PA-10,PA-05,Gleichgewichtung,0.5
Paderborn,PA-07,PA-05--PA-10,PA-10,Gleichgewichtung,0.5
Paderborn,PA-07,PA-05--PA-10,PA-05,1/d^2,0.7654709423878735
Paderborn,PA-07,PA-05--PA-10,PA-10,1/d^2,0.2345290576121265
Paderborn,PA-07,PA-05--PA-10,PA-05,Wald + Wind,0.6930730124165172
Paderborn,PA-07,PA-05--PA-10,PA-10,Wald + Wind,0.3069269875834828
Paderborn,PA-07,PA-05--PA-10,PA-05,Vollstaendig,0.5382439263053045
Paderborn,PA-07,PA-05--PA-10,PA-10,Vollstaendig,0.4617560736946954
Paderborn,PA-07,PA-05--PA-11,PA-05,Gleichgewichtung,0.5
Paderborn,PA-07,PA-05--PA-11,PA-11,Gleichgewichtung,0.5
Paderborn,PA-07,PA-05--PA-11,PA-05,1/d^2,0.894774557100049
Paderborn,PA-07,PA-05--PA-11,PA-11,1/d^2,0.1052254428999509
Paderborn,PA-07,PA-05--PA-11,PA-05,Wald + Wind,0.6196572581187088
Paderborn,PA-07,PA-05--PA-11,PA-11,Wald + Wind,0.3803427418812913
Paderborn,PA-07,PA-05--PA-11,PA-05,Vollstaendig,0.5359650929340823
Paderborn,PA-07,PA-05--PA-11,PA-11,Vollstaendig,0.4640349070659176
Paderborn,PA-07,PA-05--PA-12,PA-05,Gleichgewichtung,0.5
Paderborn,PA-07,PA-05--PA-12,PA-12,Gleichgewichtung,0.5
Paderborn,PA-07,PA-05--PA-12,PA-05,1/d^2,0.915193284073136
Paderborn,PA-07,PA-05--PA-12,PA-12,1/d^2,0.0848067159268641
Paderborn,PA-07,PA-05--PA-12,PA-05,Wald + Wind,0.7402942051915364
Paderborn,PA-07,PA-05--PA-12,PA-12,Wald + Wind,0.2597057948084636
Paderborn,PA-07,PA-05--PA-12,PA-05,Vollstaendig,0.5596945339172871
Paderborn,PA-07,PA-05--PA-12,PA-12,Vollstaendig,0.440305466082713
Paderborn,PA-07,PA-06--PA-08,PA-06,Gleichgewichtung,0.5
Paderborn,PA-07,PA-06--PA-08,PA-08,Gleichgewichtung,0.5
Paderborn,PA-07,PA-06--PA-08,PA-06,1/d^2,0.2780915432225091
Paderborn,PA-07,PA-06--PA-08,PA-08,1/d^2,0.7219084567774908
Paderborn,PA-07,PA-06--PA-08,PA-06,Wald + Wind,0.5001528832532424
Paderborn,PA-07,PA-06--PA-08,PA-08,Wald + Wind,0.4998471167467578
Paderborn,PA-07,PA-06--PA-08,PA-06,Vollstaendig,0.4826674979682425
Paderborn,PA-07,PA-06--PA-08,PA-08,Vollstaendig,0.5173325020317575
Paderborn,PA-07,PA-06--PA-09,PA-06,Gleichgewichtung,0.5
Paderborn,PA-07,PA-06--PA-09,PA-09,Gleichgewichtung,0.5
Paderborn,PA-07,PA-06--PA-09,PA-06,1/d^2,0.9087835539138628
Paderborn,PA-07,PA-06--PA-09,PA-09,1/d^2,0.091216446086137
Paderborn,PA-07,PA-06--PA-09,PA-06,Wald + Wind,0.5289696594879689
Paderborn,PA-07,PA-06--PA-09,PA-09,Wald + Wind,0.4710303405120312
Paderborn,PA-07,PA-06--PA-09,PA-06,Vollstaendig,0.4885516135956657
Paderborn,PA-07,PA-06--PA-09,PA-09,Vollstaendig,0.5114483864043343
Paderborn,PA-07,PA-06--PA-10,PA-06,Gleichgewichtung,0.5
Paderborn,PA-07,PA-06--PA-10,PA-10,Gleichgewichtung,0.5
Paderborn,PA-07,PA-06--PA-10,PA-06,1/d^2,0.743663593361665
Paderborn,PA-07,PA-06--PA-10,PA-10,1/d^2,0.2563364066383351
Paderborn,PA-07,PA-06--PA-10,PA-06,Wald + Wind,0.6532180216499118
Paderborn,PA-07,PA-06--PA-10,PA-10,Wald + Wind,0.3467819783500881
Paderborn,PA-07,PA-06--PA-10,PA-06,Vollstaendig,0.5207017726562486
Paderborn,PA-07,PA-06--PA-10,PA-10,Vollstaendig,0.4792982273437514
Paderborn,PA-07,PA-06--PA-11,PA-06,Gleichgewichtung,0.5
Paderborn,PA-07,PA-06--PA-11,PA-11,Gleichgewichtung,0.5
Paderborn,PA-07,PA-06--PA-11,PA-06,1/d^2,0.8831550576944519
Paderborn,PA-07,PA-06--PA-11,PA-11,1/d^2,0.1168449423055479
Paderborn,PA-07,PA-06--PA-11,PA-06,Wald + Wind,0.576099817932949
Paderborn,PA-07,PA-06--PA-11,PA-11,Wald + Wind,0.423900182067051
Paderborn,PA-07,PA-06--PA-11,PA-06,Vollstaendig,0.5184138262493572
Paderborn,PA-07,PA-06--PA-11,PA-11,Vollstaendig,0.4815861737506428
Paderborn,PA-07,PA-06--PA-12,PA-06,Gleichgewichtung,0.5
Paderborn,PA-07,PA-06--PA-12,PA-12,Gleichgewichtung,0.5
Paderborn,PA-07,PA-06--PA-12,PA-06,1/d^2,0.9055906173695488
Paderborn,PA-07,PA-06--PA-12,PA-12,1/d^2,0.0944093826304513
Paderborn,PA-07,PA-06--PA-12,PA-06,Wald + Wind,0.7039517701039674
Paderborn,PA-07,PA-06--PA-12,PA-12,Wald + Wind,0.2960482298960327
Paderborn,PA-07,PA-06--PA-12,PA-06,Vollstaendig,0.5422742862116592
Paderborn,PA-07,PA-06--PA-12,PA-12,Vollstaendig,0.4577257137883408
Paderborn,PA-07,PA-08--PA-09,PA-08,Gleichgewichtung,0.5
Paderborn,PA-07,PA-08--PA-09,PA-09,Gleichgewichtung,0.5
Paderborn,PA-07,PA-08--PA-09,PA-08,1/d^2,0.9627743035489852
Paderborn,PA-07,PA-08--PA-09,PA-09,1/d^2,0.0372256964510147
Paderborn,PA-07,PA-08--PA-09,PA-08,Wald + Wind,0.5288172867589879
Paderborn,PA-07,PA-08--PA-09,PA-09,Wald + Wind,0.4711827132410121
Paderborn,PA-07,PA-08--PA-09,PA-08,Vollstaendig,0.50588878965825
Paderborn,PA-07,PA-08--PA-09,PA-09,Vollstaendig,0.4941112103417501
Paderborn,PA-07,PA-08--PA-10,PA-08,Gleichgewichtung,0.5
Paderborn,PA-07,PA-08--PA-10,PA-10,Gleichgewichtung,0.5
Paderborn,PA-07,PA-08--PA-10,PA-08,1/d^2,0.8827823368577905
Paderborn,PA-07,PA-08--PA-10,PA-10,1/d^2,0.1172176631422094
Paderborn,PA-07,PA-08--PA-10,PA-08,Wald + Wind,0.653079481619327
Paderborn,PA-07,PA-08--PA-10,PA-10,Wald + Wind,0.3469205183806729
Paderborn,PA-07,PA-08--PA-10,PA-08,Vollstaendig,0.5379797640771695
Paderborn,PA-07,PA-08--PA-10,PA-10,Vollstaendig,0.4620202359228304
Paderborn,PA-07,PA-08--PA-11,PA-08,Gleichgewichtung,0.5
Paderborn,PA-07,PA-08--PA-11,PA-11,Gleichgewichtung,0.5
Paderborn,PA-07,PA-08--PA-11,PA-08,1/d^2,0.951505773279248
Paderborn,PA-07,PA-08--PA-11,PA-11,1/d^2,0.0484942267207518
Paderborn,PA-07,PA-08--PA-11,PA-08,Wald + Wind,0.5759504692285379
Paderborn,PA-07,PA-08--PA-11,PA-11,Wald + Wind,0.4240495307714621
Paderborn,PA-07,PA-08--PA-11,PA-08,Vollstaendig,0.5357007516047634
Paderborn,PA-07,PA-08--PA-11,PA-11,Vollstaendig,0.4642992483952365
Paderborn,PA-07,PA-08--PA-12,PA-08,Gleichgewichtung,0.5
Paderborn,PA-07,PA-08--PA-12,PA-12,Gleichgewichtung,0.5
Paderborn,PA-07,PA-08--PA-12,PA-08,1/d^2,0.961390966226506
Paderborn,PA-07,PA-08--PA-12,PA-12,1/d^2,0.0386090337734939
Paderborn,PA-07,PA-08--PA-12,PA-08,Wald + Wind,0.7038243084789655
Paderborn,PA-07,PA-08--PA-12,PA-12,Wald + Wind,0.2961756915210344
Paderborn,PA-07,PA-08--PA-12,PA-08,Vollstaendig,0.5594325986304202
Paderborn,PA-07,PA-08--PA-12,PA-12,Vollstaendig,0.4405674013695799
Paderborn,PA-07,PA-09--PA-10,PA-09,Gleichgewichtung,0.5
Paderborn,PA-07,PA-09--PA-10,PA-10,Gleichgewichtung,0.5
Paderborn,PA-07,PA-09--PA-10,PA-09,1/d^2,0.2255216334084794
Paderborn,PA-07,PA-09--PA-10,PA-10,1/d^2,0.7744783665915207
Paderborn,PA-07,PA-09--PA-10,PA-09,Wald + Wind,0.6264942286949756
Paderborn,PA-07,PA-09--PA-10,PA-10,Wald + Wind,0.3735057713050244
Paderborn,PA-07,PA-09--PA-10,PA-09,Vollstaendig,0.5321197093329733
Paderborn,PA-07,PA-09--PA-10,PA-10,Vollstaendig,0.4678802906670268
Paderborn,PA-07,PA-09--PA-11,PA-09,Gleichgewichtung,0.5
Paderborn,PA-07,PA-09--PA-11,PA-11,Gleichgewichtung,0.5
Paderborn,PA-07,PA-09--PA-11,PA-09,1/d^2,0.4313810478798214
Paderborn,PA-07,PA-09--PA-11,PA-11,1/d^2,0.5686189521201787
Paderborn,PA-07,PA-09--PA-11,PA-09,Wald + Wind,0.5475494659571664
Paderborn,PA-07,PA-09--PA-11,PA-11,Wald + Wind,0.4524505340428336
Paderborn,PA-07,PA-09--PA-11,PA-09,Vollstaendig,0.5298370530244152
Paderborn,PA-07,PA-09--PA-11,PA-11,Vollstaendig,0.4701629469755847
Paderborn,PA-07,PA-09--PA-12,PA-09,Gleichgewichtung,0.5
Paderborn,PA-07,PA-09--PA-12,PA-12,Gleichgewichtung,0.5
Paderborn,PA-07,PA-09--PA-12,PA-09,1/d^2,0.4905199226421986
Paderborn,PA-07,PA-09--PA-12,PA-12,1/d^2,0.5094800773578014
Paderborn,PA-07,PA-09--PA-12,PA-09,Wald + Wind,0.67921767911435
Paderborn,PA-07,PA-09--PA-12,PA-12,Wald + Wind,0.3207823208856499
Paderborn,PA-07,PA-09--PA-12,PA-09,Vollstaendig,0.5536188724063626
Paderborn,PA-07,PA-09--PA-12,PA-12,Vollstaendig,0.4463811275936374
Paderborn,PA-07,PA-10--PA-11,PA-10,Gleichgewichtung,0.5
Paderborn,PA-07,PA-10--PA-11,PA-11,Gleichgewichtung,0.5
Paderborn,PA-07,PA-10--PA-11,PA-10,1/d^2,0.7226319902350197
Paderborn,PA-07,PA-10--PA-11,PA-11,1/d^2,0.2773680097649804
Paderborn,PA-07,PA-10--PA-11,PA-10,Wald + Wind,0.4191090883116319
Paderborn,PA-07,PA-10--PA-11,PA-11,Wald + Wind,0.580890911688368
Paderborn,PA-07,PA-10--PA-11,PA-10,Vollstaendig,0.4977085596153989
Paderborn,PA-07,PA-10--PA-11,PA-11,Vollstaendig,0.502291440384601
Paderborn,PA-07,PA-10--PA-12,PA-10,Gleichgewichtung,0.5
Paderborn,PA-07,PA-10--PA-12,PA-12,Gleichgewichtung,0.5
Paderborn,PA-07,PA-10--PA-12,PA-10,1/d^2,0.7677854820970551
Paderborn,PA-07,PA-10--PA-12,PA-12,1/d^2,0.2322145179029449
Paderborn,PA-07,PA-10--PA-12,PA-10,Wald + Wind,0.5579811847354621
Paderborn,PA-07,PA-10--PA-12,PA-12,Wald + Wind,0.4420188152645379
Paderborn,PA-07,PA-10--PA-12,PA-10,Vollstaendig,0.5216482958102662
Paderborn,PA-07,PA-10--PA-12,PA-12,Vollstaendig,0.4783517041897339
Paderborn,PA-07,PA-11--PA-12,PA-11,Gleichgewichtung,0.5
Paderborn,PA-07,PA-11--PA-12,PA-12,Gleichgewichtung,0.5
Paderborn,PA-07,PA-11--PA-12,PA-11,1/d^2,0.5592931586383055
Paderborn,PA-07,PA-11--PA-12,PA-12,1/d^2,0.4407068413616945
Paderborn,PA-07,PA-11--PA-12,PA-11,Wald + Wind,0.6363147494478643
Paderborn,PA-07,PA-11--PA-12,PA-12,Wald + Wind,0.3636852505521357
Paderborn,PA-07,PA-11--PA-12,PA-11,Vollstaendig,0.5239349869401505
Paderborn,PA-07,PA-11--PA-12,PA-12,Vollstaendig,0.4760650130598495
Paderborn,PA-08,PA-01--PA-02,PA-01,Gleichgewichtung,0.5
Paderborn,PA-08,PA-01--PA-02,PA-02,Gleichgewichtung,0.5
Paderborn,PA-08,PA-01--PA-02,PA-01,1/d^2,0.5086084891273249
Paderborn,PA-08,PA-01--PA-02,PA-02,1/d^2,0.4913915108726751
Paderborn,PA-08,PA-01--PA-02,PA-01,Wald + Wind,0.6040698322126431
Paderborn,PA-08,PA-01--PA-02,PA-02,Wald + Wind,0.3959301677873569
Paderborn,PA-08,PA-01--PA-02,PA-01,Vollstaendig,0.4985583738418737
Paderborn,PA-08,PA-01--PA-02,PA-02,Vollstaendig,0.5014416261581263
Paderborn,PA-08,PA-01--PA-03,PA-01,Gleichgewichtung,0.5
Paderborn,PA-08,PA-01--PA-03,PA-03,Gleichgewichtung,0.5
Paderborn,PA-08,PA-01--PA-03,PA-01,1/d^2,0.2511613903908309
Paderborn,PA-08,PA-01--PA-03,PA-03,1/d^2,0.748838609609169
Paderborn,PA-08,PA-01--PA-03,PA-01,Wald + Wind,0.2131538884029462
Paderborn,PA-08,PA-01--PA-03,PA-03,Wald + Wind,0.7868461115970539
Paderborn,PA-08,PA-01--PA-03,PA-01,Vollstaendig,0.3770940679135053
Paderborn,PA-08,PA-01--PA-03,PA-03,Vollstaendig,0.6229059320864947
Paderborn,PA-08,PA-01--PA-04,PA-01,Gleichgewichtung,0.5
Paderborn,PA-08,PA-01--PA-04,PA-04,Gleichgewichtung,0.5
Paderborn,PA-08,PA-01--PA-04,PA-01,1/d^2,0.2172801267169349
Paderborn,PA-08,PA-01--PA-04,PA-04,1/d^2,0.782719873283065
Paderborn,PA-08,PA-01--PA-04,PA-01,Wald + Wind,0.3022890712249813
Paderborn,PA-08,PA-01--PA-04,PA-04,Wald + Wind,0.6977109287750186
Paderborn,PA-08,PA-01--PA-04,PA-01,Vollstaendig,0.4386995990359925
Paderborn,PA-08,PA-01--PA-04,PA-04,Vollstaendig,0.5613004009640075
Paderborn,PA-08,PA-01--PA-05,PA-01,Gleichgewichtung,0.5
Paderborn,PA-08,PA-01--PA-05,PA-05,Gleichgewichtung,0.5
Paderborn,PA-08,PA-01--PA-05,PA-01,1/d^2,0.0538837151635692
Paderborn,PA-08,PA-01--PA-05,PA-05,1/d^2,0.9461162848364308
Paderborn,PA-08,PA-01--PA-05,PA-01,Wald + Wind,0.1806416765547908
Paderborn,PA-08,PA-01--PA-05,PA-05,Wald + Wind,0.8193583234452092
Paderborn,PA-08,PA-01--PA-05,PA-01,Vollstaendig,0.380624277719354
Paderborn,PA-08,PA-01--PA-05,PA-05,Vollstaendig,0.619375722280646
Paderborn,PA-08,PA-01--PA-06,PA-01,Gleichgewichtung,0.5
Paderborn,PA-08,PA-01--PA-06,PA-06,Gleichgewichtung,0.5
Paderborn,PA-08,PA-01--PA-06,PA-01,1/d^2,0.1272935806290508
Paderborn,PA-08,PA-01--PA-06,PA-06,1/d^2,0.8727064193709493
Paderborn,PA-08,PA-01--PA-06,PA-01,Wald + Wind,0.1450235709018684
Paderborn,PA-08,PA-01--PA-06,PA-06,Wald + Wind,0.8549764290981315
Paderborn,PA-08,PA-01--PA-06,PA-01,Vollstaendig,0.3899673991401711
Paderborn,PA-08,PA-01--PA-06,PA-06,Vollstaendig,0.6100326008598288
Paderborn,PA-08,PA-01--PA-07,PA-01,Gleichgewichtung,0.5
Paderborn,PA-08,PA-01--PA-07,PA-07,Gleichgewichtung,0.5
Paderborn,PA-08,PA-01--PA-07,PA-01,1/d^2,0.0210531605122429
Paderborn,PA-08,PA-01--PA-07,PA-07,1/d^2,0.9789468394877572
Paderborn,PA-08,PA-01--PA-07,PA-01,Wald + Wind,0.159273605975105
Paderborn,PA-08,PA-01--PA-07,PA-07,Wald + Wind,0.840726394024895
Paderborn,PA-08,PA-01--PA-07,PA-01,Vollstaendig,0.3608948339619443
Paderborn,PA-08,PA-01--PA-07,PA-07,Vollstaendig,0.6391051660380557
Paderborn,PA-08,PA-01--PA-09,PA-01,Gleichgewichtung,0.5
Paderborn,PA-08,PA-01--PA-09,PA-09,Gleichgewichtung,0.5
Paderborn,PA-08,PA-01--PA-09,PA-01,1/d^2,0.4354390122337284
Paderborn,PA-08,PA-01--PA-09,PA-09,1/d^2,0.5645609877662717
Paderborn,PA-08,PA-01--PA-09,PA-01,Wald + Wind,0.1980648499426071
Paderborn,PA-08,PA-01--PA-09,PA-09,Wald + Wind,0.8019351500573928
Paderborn,PA-08,PA-01--PA-09,PA-01,Vollstaendig,0.3679392352451307
Paderborn,PA-08,PA-01--PA-09,PA-09,Vollstaendig,0.6320607647548693
Paderborn,PA-08,PA-01--PA-10,PA-01,Gleichgewichtung,0.5
Paderborn,PA-08,PA-01--PA-10,PA-10,Gleichgewichtung,0.5
Paderborn,PA-08,PA-01--PA-10,PA-01,1/d^2,0.2070733143048538
Paderborn,PA-08,PA-01--PA-10,PA-10,1/d^2,0.7929266856951461
Paderborn,PA-08,PA-01--PA-10,PA-01,Wald + Wind,0.1957939807740971
Paderborn,PA-08,PA-01--PA-10,PA-10,Wald + Wind,0.8042060192259027
Paderborn,PA-08,PA-01--PA-10,PA-01,Vollstaendig,0.3929035602965605
Paderborn,PA-08,PA-01--PA-10,PA-10,Vollstaendig,0.6070964397034395
Paderborn,PA-08,PA-01--PA-11,PA-01,Gleichgewichtung,0.5
Paderborn,PA-08,PA-01--PA-11,PA-11,Gleichgewichtung,0.5
Paderborn,PA-08,PA-01--PA-11,PA-01,1/d^2,0.3456644164986143
Paderborn,PA-08,PA-01--PA-11,PA-11,1/d^2,0.6543355835013857
Paderborn,PA-08,PA-01--PA-11,PA-01,Wald + Wind,0.2049580509802306
Paderborn,PA-08,PA-01--PA-11,PA-11,Wald + Wind,0.7950419490197694
Paderborn,PA-08,PA-01--PA-11,PA-01,Vollstaendig,0.3864548259403627
Paderborn,PA-08,PA-01--PA-11,PA-11,Vollstaendig,0.6135451740596374
Paderborn,PA-08,PA-01--PA-12,PA-01,Gleichgewichtung,0.5
Paderborn,PA-08,PA-01--PA-12,PA-12,Gleichgewichtung,0.5
Paderborn,PA-08,PA-01--PA-12,PA-01,1/d^2,0.4025244191276897
Paderborn,PA-08,PA-01--PA-12,PA-12,1/d^2,0.5974755808723101
Paderborn,PA-08,PA-01--PA-12,PA-01,Wald + Wind,0.3402475000330893
Paderborn,PA-08,PA-01--PA-12,PA-12,Wald + Wind,0.6597524999669107
Paderborn,PA-08,PA-01--PA-12,PA-01,Vollstaendig,0.4150802774877335
Paderborn,PA-08,PA-01--PA-12,PA-12,Vollstaendig,0.5849197225122665
Paderborn,PA-08,PA-02--PA-03,PA-02,Gleichgewichtung,0.5
Paderborn,PA-08,PA-02--PA-03,PA-03,Gleichgewichtung,0.5
Paderborn,PA-08,PA-02--PA-03,PA-02,1/d^2,0.2447400952117133
Paderborn,PA-08,PA-02--PA-03,PA-03,1/d^2,0.7552599047882866
Paderborn,PA-08,PA-02--PA-03,PA-02,Wald + Wind,0.1507833546779031
Paderborn,PA-08,PA-02--PA-03,PA-03,Wald + Wind,0.8492166453220968
Paderborn,PA-08,PA-02--PA-03,PA-02,Vollstaendig,0.3784495466918248
Paderborn,PA-08,PA-02--PA-03,PA-03,Vollstaendig,0.6215504533081752
Paderborn,PA-08,PA-02--PA-04,PA-02,Gleichgewichtung,0.5
Paderborn,PA-08,PA-02--PA-04,PA-04,Gleichgewichtung,0.5
Paderborn,PA-08,PA-02--PA-04,PA-02,1/d^2,0.2114804229378593
Paderborn,PA-08,PA-02--PA-04,PA-04,1/d^2,0.7885195770621406
Paderborn,PA-08,PA-02--PA-04,PA-02,Wald + Wind,0.2211679459546068
Paderborn,PA-08,PA-02--PA-04,PA-04,Wald + Wind,0.7788320540453932
Paderborn,PA-08,PA-02--PA-04,PA-02,Vollstaendig,0.4401200582906414
Paderborn,PA-08,PA-02--PA-04,PA-04,Vollstaendig,0.5598799417093586
Paderborn,PA-08,PA-02--PA-05,PA-02,Gleichgewichtung,0.5
Paderborn,PA-08,PA-02--PA-05,PA-05,Gleichgewichtung,0.5
Paderborn,PA-08,PA-02--PA-05,PA-02,1/d^2,0.0521548215771063
Paderborn,PA-08,PA-02--PA-05,PA-05,1/d^2,0.9478451784228936
Paderborn,PA-08,PA-02--PA-05,PA-02,Wald + Wind,0.1262579591093877
Paderborn,PA-08,PA-02--PA-05,PA-05,Wald + Wind,0.8737420408906122
Paderborn,PA-08,PA-02--PA-05,PA-02,Vollstaendig,0.3819846644033984
Paderborn,PA-08,PA-02--PA-05,PA-05,Vollstaendig,0.6180153355966015
Paderborn,PA-08,PA-02--PA-06,PA-02,Gleichgewichtung,0.5
Paderborn,PA-08,PA-02--PA-06,PA-06,Gleichgewichtung,0.5
Paderborn,PA-08,PA-02--PA-06,PA-02,1/d^2,0.1235167854544994
Paderborn,PA-08,PA-02--PA-06,PA-06,1/d^2,0.8764832145455006
Paderborn,PA-08,PA-02--PA-06,PA-02,Wald + Wind,0.1000535635093763
Paderborn,PA-08,PA-02--PA-06,PA-06,Wald + Wind,0.8999464364906237
Paderborn,PA-08,PA-02--PA-06,PA-02,Vollstaendig,0.3913400801985928
Paderborn,PA-08,PA-02--PA-06,PA-06,Vollstaendig,0.6086599198014071
Paderborn,PA-08,PA-02--PA-07,PA-02,Gleichgewichtung,0.5
Paderborn,PA-08,PA-02--PA-07,PA-07,Gleichgewichtung,0.5
Paderborn,PA-08,PA-02--PA-07,PA-02,1/d^2,0.0203549934484391
Paderborn,PA-08,PA-02--PA-07,PA-07,1/d^2,0.9796450065515608
Paderborn,PA-08,PA-02--PA-07,PA-02,Wald + Wind,0.1104557059415105
Paderborn,PA-08,PA-02--PA-07,PA-07,Wald + Wind,0.8895442940584894
Paderborn,PA-08,PA-02--PA-07,PA-02,Vollstaendig,0.362225944581006
Paderborn,PA-08,PA-02--PA-07,PA-07,Vollstaendig,0.637774055418994
Paderborn,PA-08,PA-02--PA-09,PA-02,Gleichgewichtung,0.5
Paderborn,PA-08,PA-02--PA-09,PA-09,Gleichgewichtung,0.5
Paderborn,PA-08,PA-02--PA-09,PA-02,1/d^2,0.4269928246457442
Paderborn,PA-08,PA-02--PA-09,PA-09,1/d^2,0.5730071753542558
Paderborn,PA-08,PA-02--PA-09,PA-02,Wald + Wind,0.13932769011433
Paderborn,PA-08,PA-02--PA-09,PA-09,Wald + Wind,0.8606723098856699
Paderborn,PA-08,PA-02--PA-09,PA-02,Vollstaendig,0.3692813153325073
Paderborn,PA-08,PA-02--PA-09,PA-09,Vollstaendig,0.6307186846674926
Paderborn,PA-08,PA-02--PA-10,PA-02,Gleichgewichtung,0.5
Paderborn,PA-08,PA-02--PA-10,PA-10,Gleichgewichtung,0.5
Paderborn,PA-08,PA-02--PA-10,PA-02,1/d^2,0.2014759254975598
Paderborn,PA-08,PA-02--PA-10,PA-10,1/d^2,0.7985240745024401
Paderborn,PA-08,PA-02--PA-10,PA-02,Wald + Wind,0.1376146948194129
Paderborn,PA-08,PA-02--PA-10,PA-10,Wald + Wind,0.8623853051805872
Paderborn,PA-08,PA-02--PA-10,PA-02,Vollstaendig,0.394279896666802
Paderborn,PA-08,PA-02--PA-10,PA-10,Vollstaendig,0.605720103333198
Paderborn,PA-08,PA-02--PA-11,PA-02,Gleichgewichtung,0.5
Paderborn,PA-08,PA-02--PA-11,PA-11,Gleichgewichtung,0.5
Paderborn,PA-08,PA-02--PA-11,PA-02,1/d^2,0.3379172972184522
Paderborn,PA-08,PA-02--PA-11,PA-11,1/d^2,0.6620827027815478
Paderborn,PA-08,PA-02--PA-11,PA-02,Wald + Wind,0.1445451368971131
Paderborn,PA-08,PA-02--PA-11,PA-11,Wald + Wind,0.8554548631028868
Paderborn,PA-08,PA-02--PA-11,PA-02,Vollstaendig,0.3878230032258103
Paderborn,PA-08,PA-02--PA-11,PA-11,Vollstaendig,0.6121769967741896
Paderborn,PA-08,PA-02--PA-12,PA-02,Gleichgewichtung,0.5
Paderborn,PA-08,PA-02--PA-12,PA-12,Gleichgewichtung,0.5
Paderborn,PA-08,PA-02--PA-12,PA-02,1/d^2,0.394270806856023
Paderborn,PA-08,PA-02--PA-12,PA-12,1/d^2,0.6057291931439769
Paderborn,PA-08,PA-02--PA-12,PA-02,Wald + Wind,0.2526282975297355
Paderborn,PA-08,PA-02--PA-12,PA-12,Wald + Wind,0.7473717024702645
Paderborn,PA-08,PA-02--PA-12,PA-02,Vollstaendig,0.4164810052315451
Paderborn,PA-08,PA-02--PA-12,PA-12,Vollstaendig,0.583518994768455
Paderborn,PA-08,PA-03--PA-04,PA-03,Gleichgewichtung,0.5
Paderborn,PA-08,PA-03--PA-04,PA-04,Gleichgewichtung,0.5
Paderborn,PA-08,PA-03--PA-04,PA-03,1/d^2,0.4528505855337943
Paderborn,PA-08,PA-03--PA-04,PA-04,1/d^2,0.5471494144662057
Paderborn,PA-08,PA-03--PA-04,PA-03,Wald + Wind,0.615288409848482
Paderborn,PA-08,PA-03--PA-04,PA-04,Wald + Wind,0.3847115901515181
Paderborn,PA-08,PA-03--PA-04,PA-03,Vollstaendig,0.5635198106106551
Paderborn,PA-08,PA-03--PA-04,PA-04,Vollstaendig,0.4364801893893449
Paderborn,PA-08,PA-03--PA-05,PA-03,Gleichgewichtung,0.5
Paderborn,PA-08,PA-03--PA-05,PA-05,Gleichgewichtung,0.5
Paderborn,PA-08,PA-03--PA-05,PA-03,1/d^2,0.1451560684022748
Paderborn,PA-08,PA-03--PA-05,PA-05,1/d^2,0.8548439315977251
Paderborn,PA-08,PA-03--PA-05,PA-03,Wald + Wind,0.4486843659578603
Paderborn,PA-08,PA-03--PA-05,PA-05,Wald + Wind,0.5513156340421397
Paderborn,PA-08,PA-03--PA-05,PA-03,Vollstaendig,0.5037503076260161
Paderborn,PA-08,PA-03--PA-05,PA-05,Vollstaendig,0.4962496923739838
Paderborn,PA-08,PA-03--PA-06,PA-03,Gleichgewichtung,0.5
Paderborn,PA-08,PA-03--PA-06,PA-06,Gleichgewichtung,0.5
Paderborn,PA-08,PA-03--PA-06,PA-03,1/d^2,0.3030796748184013
Paderborn,PA-08,PA-03--PA-06,PA-06,1/d^2,0.6969203251815986
Paderborn,PA-08,PA-03--PA-06,PA-03,Wald + Wind,0.3850520032859175
Paderborn,PA-08,PA-03--PA-06,PA-06,Wald + Wind,0.6149479967140824
Paderborn,PA-08,PA-03--PA-06,PA-03,Vollstaendig,0.5136095340365684
Paderborn,PA-08,PA-03--PA-06,PA-06,Vollstaendig,0.4863904659634316
Paderborn,PA-08,PA-03--PA-07,PA-03,Gleichgewichtung,0.5
Paderborn,PA-08,PA-03--PA-07,PA-07,Gleichgewichtung,0.5
Paderborn,PA-08,PA-03--PA-07,PA-03,1/d^2,0.06025636584002
Paderborn,PA-08,PA-03--PA-07,PA-07,1/d^2,0.93974363415998
Paderborn,PA-08,PA-03--PA-07,PA-03,Wald + Wind,0.4115347406105971
Paderborn,PA-08,PA-03--PA-07,PA-07,Wald + Wind,0.588465259389403
Paderborn,PA-08,PA-03--PA-07,PA-03,Vollstaendig,0.4826116199396427
Paderborn,PA-08,PA-03--PA-07,PA-07,Vollstaendig,0.5173883800603573
Paderborn,PA-08,PA-03--PA-09,PA-03,Gleichgewichtung,0.5
Paderborn,PA-08,PA-03--PA-09,PA-09,Gleichgewichtung,0.5
Paderborn,PA-08,PA-03--PA-09,PA-03,1/d^2,0.696932728876225
Paderborn,PA-08,PA-03--PA-09,PA-09,1/d^2,0.3030672711237749
Paderborn,PA-08,PA-03--PA-09,PA-03,Wald + Wind,0.4769126949792727
Paderborn,PA-08,PA-03--PA-09,PA-09,Wald + Wind,0.5230873050207272
Paderborn,PA-08,PA-03--PA-09,PA-03,Vollstaendig,0.4902095287648504
Paderborn,PA-08,PA-03--PA-09,PA-09,Vollstaendig,0.5097904712351496
Paderborn,PA-08,PA-03--PA-10,PA-03,Gleichgewichtung,0.5
Paderborn,PA-08,PA-03--PA-10,PA-10,Gleichgewichtung,0.5
Paderborn,PA-08,PA-03--PA-10,PA-03,1/d^2,0.4377668654873698
Paderborn,PA-08,PA-03--PA-10,PA-10,1/d^2,0.5622331345126302
Paderborn,PA-08,PA-03--PA-10,PA-03,Wald + Wind,0.473331785215183
Paderborn,PA-08,PA-03--PA-10,PA-10,Wald + Wind,0.5266682147848171
Paderborn,PA-08,PA-03--PA-10,PA-03,Vollstaendig,0.5166881422819087
Paderborn,PA-08,PA-03--PA-10,PA-10,Vollstaendig,0.4833118577180911
Paderborn,PA-08,PA-03--PA-11,PA-03,Gleichgewichtung,0.5
Paderborn,PA-08,PA-03--PA-11,PA-11,Gleichgewichtung,0.5
Paderborn,PA-08,PA-03--PA-11,PA-03,1/d^2,0.6116553683791419
Paderborn,PA-08,PA-03--PA-11,PA-11,1/d^2,0.3883446316208581
Paderborn,PA-08,PA-03--PA-11,PA-03,Wald + Wind,0.4876097259229929
Paderborn,PA-08,PA-03--PA-11,PA-11,Wald + Wind,0.5123902740770071
Paderborn,PA-08,PA-03--PA-11,PA-03,Vollstaendig,0.5099141825881136
Paderborn,PA-08,PA-03--PA-11,PA-11,Vollstaendig,0.4900858174118865
Paderborn,PA-08,PA-03--PA-12,PA-03,Gleichgewichtung,0.5
Paderborn,PA-08,PA-03--PA-12,PA-12,Gleichgewichtung,0.5
Paderborn,PA-08,PA-03--PA-12,PA-03,1/d^2,0.6676266252358458
Paderborn,PA-08,PA-03--PA-12,PA-12,1/d^2,0.3323733747641542
Paderborn,PA-08,PA-03--PA-12,PA-03,Wald + Wind,0.655618008858439
Paderborn,PA-08,PA-03--PA-12,PA-12,Wald + Wind,0.344381991141561
Paderborn,PA-08,PA-03--PA-12,PA-03,Vollstaendig,0.5396411710075464
Paderborn,PA-08,PA-03--PA-12,PA-12,Vollstaendig,0.4603588289924535
Paderborn,PA-08,PA-04--PA-05,PA-04,Gleichgewichtung,0.5
Paderborn,PA-08,PA-04--PA-05,PA-05,Gleichgewichtung,0.5
Paderborn,PA-08,PA-04--PA-05,PA-04,1/d^2,0.1702368298128782
Paderborn,PA-08,PA-04--PA-05,PA-05,1/d^2,0.8297631701871218
Paderborn,PA-08,PA-04--PA-05,PA-04,Wald + Wind,0.3372473973981222
Paderborn,PA-08,PA-04--PA-05,PA-05,Wald + Wind,0.6627526026018778
Paderborn,PA-08,PA-04--PA-05,PA-04,Vollstaendig,0.4401734898102869
Paderborn,PA-08,PA-04--PA-05,PA-05,Vollstaendig,0.5598265101897131
Paderborn,PA-08,PA-04--PA-06,PA-04,Gleichgewichtung,0.5
Paderborn,PA-08,PA-04--PA-06,PA-06,Gleichgewichtung,0.5
Paderborn,PA-08,PA-04--PA-06,PA-04,1/d^2,0.3444522460297349
Paderborn,PA-08,PA-04--PA-06,PA-06,1/d^2,0.6555477539702651
Paderborn,PA-08,PA-04--PA-06,PA-04,Wald + Wind,0.2813537443714021
Paderborn,PA-08,PA-04--PA-06,PA-06,Wald + Wind,0.718646255628598
Paderborn,PA-08,PA-04--PA-06,PA-04,Vollstaendig,0.4499165398240623
Paderborn,PA-08,PA-04--PA-06,PA-06,Vollstaendig,0.5500834601759377
Paderborn,PA-08,PA-04--PA-07,PA-04,Gleichgewichtung,0.5
Paderborn,PA-08,PA-04--PA-07,PA-07,Gleichgewichtung,0.5
Paderborn,PA-08,PA-04--PA-07,PA-04,1/d^2,0.0719016026271587
Paderborn,PA-08,PA-04--PA-07,PA-07,1/d^2,0.9280983973728412
Paderborn,PA-08,PA-04--PA-07,PA-04,Wald + Wind,0.3042328618715889
Paderborn,PA-08,PA-04--PA-07,PA-07,Wald + Wind,0.6957671381284112
Paderborn,PA-08,PA-04--PA-07,PA-04,Vollstaendig,0.4194476915569315
Paderborn,PA-08,PA-04--PA-07,PA-07,Vollstaendig,0.5805523084430686
Paderborn,PA-08,PA-04--PA-09,PA-04,Gleichgewichtung,0.5
Paderborn,PA-08,PA-04--PA-09,PA-09,Gleichgewichtung,0.5
Paderborn,PA-08,PA-04--PA-09,PA-04,1/d^2,0.7353413193003436
Paderborn,PA-08,PA-04--PA-09,PA-09,1/d^2,0.2646586806996563
Paderborn,PA-08,PA-04--PA-09,PA-04,Wald + Wind,0.3630820227301915
Paderborn,PA-08,PA-04--PA-09,PA-09,Wald + Wind,0.6369179772698085
Paderborn,PA-08,PA-04--PA-09,PA-04,Vollstaendig,0.4268716290366576
Paderborn,PA-08,PA-04--PA-09,PA-09,Vollstaendig,0.5731283709633423
Paderborn,PA-08,PA-04--PA-10,PA-04,Gleichgewichtung,0.5
Paderborn,PA-08,PA-04--PA-10,PA-10,Gleichgewichtung,0.5
Paderborn,PA-08,PA-04--PA-10,PA-04,1/d^2,0.4847371394014161
Paderborn,PA-08,PA-04--PA-10,PA-10,1/d^2,0.515262860598584
Paderborn,PA-08,PA-04--PA-10,PA-04,Wald + Wind,0.3597679691185463
Paderborn,PA-08,PA-04--PA-10,PA-10,Wald + Wind,0.6402320308814538
Paderborn,PA-08,PA-04--PA-10,PA-04,Vollstaendig,0.4529689146702272
Paderborn,PA-08,PA-04--PA-10,PA-10,Vollstaendig,0.5470310853297728
Paderborn,PA-08,PA-04--PA-11,PA-04,Gleichgewichtung,0.5
Paderborn,PA-08,PA-04--PA-11,PA-11,Gleichgewichtung,0.5
Paderborn,PA-08,PA-04--PA-11,PA-04,1/d^2,0.6555296486851314
Paderborn,PA-08,PA-04--PA-11,PA-11,1/d^2,0.3444703513148685
Paderborn,PA-08,PA-04--PA-11,PA-04,Wald + Wind,0.3730467043521801
Paderborn,PA-08,PA-04--PA-11,PA-11,Wald + Wind,0.62695329564782
Paderborn,PA-08,PA-04--PA-11,PA-04,Vollstaendig,0.4462589990408577
Paderborn,PA-08,PA-04--PA-11,PA-11,Vollstaendig,0.5537410009591421
Paderborn,PA-08,PA-04--PA-12,PA-04,Gleichgewichtung,0.5
Paderborn,PA-08,PA-04--PA-12,PA-12,Gleichgewichtung,0.5
Paderborn,PA-08,PA-04--PA-12,PA-04,1/d^2,0.7081941908599815
Paderborn,PA-08,PA-04--PA-12,PA-12,1/d^2,0.2918058091400186
Paderborn,PA-08,PA-04--PA-12,PA-04,Wald + Wind,0.5434475616162957
Paderborn,PA-08,PA-04--PA-12,PA-12,Wald + Wind,0.4565524383837042
Paderborn,PA-08,PA-04--PA-12,PA-04,Vollstaendig,0.4758784077511398
Paderborn,PA-08,PA-04--PA-12,PA-12,Vollstaendig,0.5241215922488602
Paderborn,PA-08,PA-05--PA-06,PA-05,Gleichgewichtung,0.5
Paderborn,PA-08,PA-05--PA-06,PA-06,Gleichgewichtung,0.5
Paderborn,PA-08,PA-05--PA-06,PA-05,1/d^2,0.7191873250988352
Paderborn,PA-08,PA-05--PA-06,PA-06,1/d^2,0.2808126749011648
Paderborn,PA-08,PA-05--PA-06,PA-05,Wald + Wind,0.4348299822138072
Paderborn,PA-08,PA-05--PA-06,PA-06,Wald + Wind,0.5651700177861928
Paderborn,PA-08,PA-05--PA-06,PA-05,Vollstaendig,0.5098612396788501
Paderborn,PA-08,PA-05--PA-06,PA-06,Vollstaendig,0.4901387603211499
Paderborn,PA-08,PA-05--PA-07,PA-05,Gleichgewichtung,0.5
Paderborn,PA-08,PA-05--PA-07,PA-07,Gleichgewichtung,0.5
Paderborn,PA-08,PA-05--PA-07,PA-05,1/d^2,0.2741059283572222
Paderborn,PA-08,PA-05--PA-07,PA-07,1/d^2,0.7258940716427777
Paderborn,PA-08,PA-05--PA-07,PA-05,Wald + Wind,0.4621633132602844
Paderborn,PA-08,PA-05--PA-07,PA-07,Wald + Wind,0.5378366867397156
Paderborn,PA-08,PA-05--PA-07,PA-05,Vollstaendig,0.4788668248410251
Paderborn,PA-08,PA-05--PA-07,PA-07,Vollstaendig,0.5211331751589748
Paderborn,PA-08,PA-05--PA-09,PA-05,Gleichgewichtung,0.5
Paderborn,PA-08,PA-05--PA-09,PA-09,Gleichgewichtung,0.5
Paderborn,PA-08,PA-05--PA-09,PA-05,1/d^2,0.9312367125820428
Paderborn,PA-08,PA-05--PA-09,PA-09,1/d^2,0.0687632874179571
Paderborn,PA-08,PA-05--PA-09,PA-05,Wald + Wind,0.5283627388718666
Paderborn,PA-08,PA-05--PA-09,PA-09,Wald + Wind,0.4716372611281333
Paderborn,PA-08,PA-05--PA-09,PA-05,Vollstaendig,0.486461209569013
Paderborn,PA-08,PA-05--PA-09,PA-09,Vollstaendig,0.5135387904309869
Paderborn,PA-08,PA-05--PA-10,PA-05,Gleichgewichtung,0.5
Paderborn,PA-08,PA-05--PA-10,PA-10,Gleichgewichtung,0.5
Paderborn,PA-08,PA-05--PA-10,PA-05,1/d^2,0.8209620842668824
Paderborn,PA-08,PA-05--PA-10,PA-10,1/d^2,0.1790379157331175
Paderborn,PA-08,PA-05--PA-10,PA-05,Wald + Wind,0.5247830814835759
Paderborn,PA-08,PA-05--PA-10,PA-10,Wald + Wind,0.4752169185164241
Paderborn,PA-08,PA-05--PA-10,PA-05,Vollstaendig,0.5129410743589882
Paderborn,PA-08,PA-05--PA-10,PA-10,Vollstaendig,0.4870589256410119
Paderborn,PA-08,PA-05--PA-11,PA-05,Gleichgewichtung,0.5
Paderborn,PA-08,PA-05--PA-11,PA-11,Gleichgewichtung,0.5
Paderborn,PA-08,PA-05--PA-11,PA-05,1/d^2,0.9026819018637858
Paderborn,PA-08,PA-05--PA-11,PA-11,1/d^2,0.0973180981362141
Paderborn,PA-08,PA-05--PA-11,PA-05,Wald + Wind,0.5390246096580228
Paderborn,PA-08,PA-05--PA-11,PA-11,Wald + Wind,0.4609753903419772
Paderborn,PA-08,PA-05--PA-11,PA-05,Vollstaendig,0.5061647918203802
Paderborn,PA-08,PA-05--PA-11,PA-11,Vollstaendig,0.4938352081796197
Paderborn,PA-08,PA-05--PA-12,PA-05,Gleichgewichtung,0.5
Paderborn,PA-08,PA-05--PA-12,PA-12,Gleichgewichtung,0.5
Paderborn,PA-08,PA-05--PA-12,PA-05,1/d^2,0.9220534265461852
Paderborn,PA-08,PA-05--PA-12,PA-12,1/d^2,0.0779465734538147
Paderborn,PA-08,PA-05--PA-12,PA-05,Wald + Wind,0.7005282595118457
Paderborn,PA-08,PA-05--PA-12,PA-12,Wald + Wind,0.2994717404881543
Paderborn,PA-08,PA-05--PA-12,PA-05,Vollstaendig,0.5359122191695994
Paderborn,PA-08,PA-05--PA-12,PA-12,Vollstaendig,0.4640877808304007
Paderborn,PA-08,PA-06--PA-07,PA-06,Gleichgewichtung,0.5
Paderborn,PA-08,PA-06--PA-07,PA-07,Gleichgewichtung,0.5
Paderborn,PA-08,PA-06--PA-07,PA-06,1/d^2,0.1284959063516766
Paderborn,PA-08,PA-06--PA-07,PA-07,1/d^2,0.8715040936483235
Paderborn,PA-08,PA-06--PA-07,PA-06,Wald + Wind,0.5276056126629655
Paderborn,PA-08,PA-06--PA-07,PA-07,Wald + Wind,0.4723943873370346
Paderborn,PA-08,PA-06--PA-07,PA-06,Vollstaendig,0.4690314005006767
Paderborn,PA-08,PA-06--PA-07,PA-07,Vollstaendig,0.5309685994993233
Paderborn,PA-08,PA-06--PA-09,PA-06,Gleichgewichtung,0.5
Paderborn,PA-08,PA-06--PA-09,PA-09,Gleichgewichtung,0.5
Paderborn,PA-08,PA-06--PA-09,PA-06,1/d^2,0.8409628231748603
Paderborn,PA-08,PA-06--PA-09,PA-09,1/d^2,0.1590371768251397
Paderborn,PA-08,PA-06--PA-09,PA-06,Wald + Wind,0.5928462882680526
Paderborn,PA-08,PA-06--PA-09,PA-09,Wald + Wind,0.4071537117319473
Paderborn,PA-08,PA-06--PA-09,PA-06,Vollstaendig,0.4766124597027131
Paderborn,PA-08,PA-06--PA-09,PA-09,Vollstaendig,0.523387540297287
Paderborn,PA-08,PA-06--PA-10,PA-06,Gleichgewichtung,0.5
Paderborn,PA-08,PA-06--PA-10,PA-10,Gleichgewichtung,0.5
Paderborn,PA-08,PA-06--PA-10,PA-06,1/d^2,0.6416298693507615
Paderborn,PA-08,PA-06--PA-10,PA-10,1/d^2,0.3583701306492384
Paderborn,PA-08,PA-06--PA-10,PA-06,Wald + Wind,0.5893756915964043
Paderborn,PA-08,PA-06--PA-10,PA-10,Wald + Wind,0.4106243084035956
Paderborn,PA-08,PA-06--PA-10,PA-06,Vollstaendig,0.5030814076159128
Paderborn,PA-08,PA-06--PA-10,PA-10,Vollstaendig,0.4969185923840871
Paderborn,PA-08,PA-06--PA-11,PA-06,Gleichgewichtung,0.5
Paderborn,PA-08,PA-06--PA-11,PA-11,Gleichgewichtung,0.5
Paderborn,PA-08,PA-06--PA-11,PA-06,1/d^2,0.7836307007931171
Paderborn,PA-08,PA-06--PA-11,PA-11,1/d^2,0.2163692992068827
Paderborn,PA-08,PA-06--PA-11,PA-06,Wald + Wind,0.6031453363304622
Paderborn,PA-08,PA-06--PA-11,PA-11,Wald + Wind,0.3968546636695377
Paderborn,PA-08,PA-06--PA-11,PA-06,Vollstaendig,0.4963026530578264
Paderborn,PA-08,PA-06--PA-11,PA-11,Vollstaendig,0.5036973469421736
Paderborn,PA-08,PA-06--PA-12,PA-06,Gleichgewichtung,0.5
Paderborn,PA-08,PA-06--PA-12,PA-12,Gleichgewichtung,0.5
Paderborn,PA-08,PA-06--PA-12,PA-06,1/d^2,0.8220275990043313
Paderborn,PA-08,PA-06--PA-12,PA-12,1/d^2,0.1779724009956688
Paderborn,PA-08,PA-06--PA-12,PA-06,Wald + Wind,0.7524992043483019
Paderborn,PA-08,PA-06--PA-12,PA-12,Wald + Wind,0.2475007956516981
Paderborn,PA-08,PA-06--PA-12,PA-06,Vollstaendig,0.5260879345109741
Paderborn,PA-08,PA-06--PA-12,PA-12,Vollstaendig,0.4739120654890258
Paderborn,PA-08,PA-07--PA-09,PA-07,Gleichgewichtung,0.5
Paderborn,PA-08,PA-07--PA-09,PA-09,Gleichgewichtung,0.5
Paderborn,PA-08,PA-07--PA-09,PA-07,1/d^2,0.972873236727234
Paderborn,PA-08,PA-07--PA-09,PA-09,1/d^2,0.0271267632727661
Paderborn,PA-08,PA-07--PA-09,PA-07,Wald + Wind,0.5659164720191184
Paderborn,PA-08,PA-07--PA-09,PA-09,Wald + Wind,0.4340835279808814
Paderborn,PA-08,PA-07--PA-09,PA-07,Vollstaendig,0.5076030862360345
Paderborn,PA-08,PA-07--PA-09,PA-09,Vollstaendig,0.4923969137639655
Paderborn,PA-08,PA-07--PA-10,PA-07,Gleichgewichtung,0.5
Paderborn,PA-08,PA-07--PA-10,PA-10,Gleichgewichtung,0.5
Paderborn,PA-08,PA-07--PA-10,PA-07,1/d^2,0.92391498938476
Paderborn,PA-08,PA-07--PA-10,PA-10,1/d^2,0.07608501061524
Paderborn,PA-08,PA-07--PA-10,PA-07,Wald + Wind,0.5623857692617377
Paderborn,PA-08,PA-07--PA-10,PA-10,Wald + Wind,0.4376142307382623
Paderborn,PA-08,PA-07--PA-10,PA-07,Vollstaendig,0.534037014930903
Paderborn,PA-08,PA-07--PA-10,PA-10,Vollstaendig,0.4659629850690969
Paderborn,PA-08,PA-07--PA-11,PA-07,Gleichgewichtung,0.5
Paderborn,PA-08,PA-07--PA-11,PA-11,Gleichgewichtung,0.5
Paderborn,PA-08,PA-07--PA-11,PA-07,1/d^2,0.9608822187653536
Paderborn,PA-08,PA-07--PA-11,PA-11,1/d^2,0.0391177812346465
Paderborn,PA-08,PA-07--PA-11,PA-07,Wald + Wind,0.5764100000091635
Paderborn,PA-08,PA-07--PA-11,PA-11,Wald + Wind,0.4235899999908364
Paderborn,PA-08,PA-07--PA-11,PA-07,Vollstaendig,0.5272837486948517
Paderborn,PA-08,PA-07--PA-11,PA-11,Vollstaendig,0.4727162513051482
Paderborn,PA-08,PA-07--PA-12,PA-07,Gleichgewichtung,0.5
Paderborn,PA-08,PA-07--PA-12,PA-12,Gleichgewichtung,0.5
Paderborn,PA-08,PA-07--PA-12,PA-07,1/d^2,0.9690657655597168
Paderborn,PA-08,PA-07--PA-12,PA-12,1/d^2,0.0309342344402831
Paderborn,PA-08,PA-07--PA-12,PA-07,Wald + Wind,0.7313438232153847
Paderborn,PA-08,PA-07--PA-12,PA-12,Wald + Wind,0.2686561767846153
Paderborn,PA-08,PA-07--PA-12,PA-07,Vollstaendig,0.5568727425096577
Paderborn,PA-08,PA-07--PA-12,PA-12,Vollstaendig,0.4431272574903423
Paderborn,PA-08,PA-09--PA-10,PA-09,Gleichgewichtung,0.5
Paderborn,PA-08,PA-09--PA-10,PA-10,Gleichgewichtung,0.5
Paderborn,PA-08,PA-09--PA-10,PA-09,1/d^2,0.2529454813890675
Paderborn,PA-08,PA-09--PA-10,PA-10,1/d^2,0.7470545186109325
Paderborn,PA-08,PA-09--PA-10,PA-09,Wald + Wind,0.4964102494383015
Paderborn,PA-08,PA-09--PA-10,PA-10,Wald + Wind,0.5035897505616984
Paderborn,PA-08,PA-09--PA-10,PA-09,Vollstaendig,0.5264613200095851
Paderborn,PA-08,PA-09--PA-10,PA-10,Vollstaendig,0.4735386799904149
Paderborn,PA-08,PA-09--PA-11,PA-09,Gleichgewichtung,0.5
Paderborn,PA-08,PA-09--PA-11,PA-11,Gleichgewichtung,0.5
Paderborn,PA-08,PA-09--PA-11,PA-09,1/d^2,0.4064987988030462
Paderborn,PA-08,PA-09--PA-11,PA-11,1/d^2,0.5935012011969539
Paderborn,PA-08,PA-09--PA-11,PA-09,Wald + Wind,0.5107092848517255
Paderborn,PA-08,PA-09--PA-11,PA-11,Wald + Wind,0.4892907151482744
Paderborn,PA-08,PA-09--PA-11,PA-09,Vollstaendig,0.5196970063014582
Paderborn,PA-08,PA-09--PA-11,PA-11,Vollstaendig,0.4803029936985417
Paderborn,PA-08,PA-09--PA-12,PA-09,Gleichgewichtung,0.5
Paderborn,PA-08,PA-09--PA-12,PA-12,Gleichgewichtung,0.5
Paderborn,PA-08,PA-09--PA-12,PA-09,1/d^2,0.4662354699661187
Paderborn,PA-08,PA-09--PA-12,PA-12,1/d^2,0.5337645300338812
Paderborn,PA-08,PA-09--PA-12,PA-09,Wald + Wind,0.6761734891241498
Paderborn,PA-08,PA-09--PA-12,PA-12,Wald + Wind,0.3238265108758502
Paderborn,PA-08,PA-09--PA-12,PA-09,Vollstaendig,0.5493550223718908
Paderborn,PA-08,PA-09--PA-12,PA-12,Vollstaendig,0.4506449776281092
Paderborn,PA-08,PA-10--PA-11,PA-10,Gleichgewichtung,0.5
Paderborn,PA-08,PA-10--PA-11,PA-11,Gleichgewichtung,0.5
Paderborn,PA-08,PA-10--PA-11,PA-10,1/d^2,0.6691860355323233
Paderborn,PA-08,PA-10--PA-11,PA-11,1/d^2,0.3308139644676768
Paderborn,PA-08,PA-10--PA-11,PA-10,Wald + Wind,0.5142968369223981
Paderborn,PA-08,PA-10--PA-11,PA-11,Wald + Wind,0.4857031630776019
Paderborn,PA-08,PA-10--PA-11,PA-10,Vollstaendig,0.4932215543501342
Paderborn,PA-08,PA-10--PA-11,PA-11,Vollstaendig,0.5067784456498657
Paderborn,PA-08,PA-10--PA-12,PA-10,Gleichgewichtung,0.5
Paderborn,PA-08,PA-10--PA-12,PA-12,Gleichgewichtung,0.5
Paderborn,PA-08,PA-10--PA-12,PA-10,1/d^2,0.7206524363865389
Paderborn,PA-08,PA-10--PA-12,PA-12,1/d^2,0.2793475636134611
Paderborn,PA-08,PA-10--PA-12,PA-10,Wald + Wind,0.6793096444666367
Paderborn,PA-08,PA-10--PA-12,PA-12,Wald + Wind,0.3206903555333633
Paderborn,PA-08,PA-10--PA-12,PA-10,Vollstaendig,0.5230139270288287
Paderborn,PA-08,PA-10--PA-12,PA-12,Vollstaendig,0.4769860729711713
Paderborn,PA-08,PA-11--PA-12,PA-11,Gleichgewichtung,0.5
Paderborn,PA-08,PA-11--PA-12,PA-12,Gleichgewichtung,0.5
Paderborn,PA-08,PA-11--PA-12,PA-11,1/d^2,0.560500679580963
Paderborn,PA-08,PA-11--PA-12,PA-12,1/d^2,0.439499320419037
Paderborn,PA-08,PA-11--PA-12,PA-11,Wald + Wind,0.6667224197469055
Paderborn,PA-08,PA-11--PA-12,PA-12,Wald + Wind,0.3332775802530945
Paderborn,PA-08,PA-11--PA-12,PA-11,Vollstaendig,0.5297737939915989
Paderborn,PA-08,PA-11--PA-12,PA-12,Vollstaendig,0.4702262060084012
Paderborn,PA-09,PA-01--PA-02,PA-01,Gleichgewichtung,0.5
Paderborn,PA-09,PA-01--PA-02,PA-02,Gleichgewichtung,0.5
Paderborn,PA-09,PA-01--PA-02,PA-01,1/d^2,0.5311263681299684
Paderborn,PA-09,PA-01--PA-02,PA-02,1/d^2,0.4688736318700316
Paderborn,PA-09,PA-01--PA-02,PA-01,Wald + Wind,0.5006585182627347
Paderborn,PA-09,PA-01--PA-02,PA-02,Wald + Wind,0.4993414817372653
Paderborn,PA-09,PA-01--PA-02,PA-01,Vollstaendig,0.4563175568747981
Paderborn,PA-09,PA-01--PA-02,PA-02,Vollstaendig,0.543682443125202
Paderborn,PA-09,PA-01--PA-03,PA-01,Gleichgewichtung,0.5
Paderborn,PA-09,PA-01--PA-03,PA-03,Gleichgewichtung,0.5
Paderborn,PA-09,PA-01--PA-03,PA-01,1/d^2,0.4096519647985871
Paderborn,PA-09,PA-01--PA-03,PA-03,1/d^2,0.590348035201413
Paderborn,PA-09,PA-01--PA-03,PA-01,Wald + Wind,0.1940326376433629
Paderborn,PA-09,PA-01--PA-03,PA-03,Wald + Wind,0.805967362356637
Paderborn,PA-09,PA-01--PA-03,PA-01,Vollstaendig,0.3692537610183304
Paderborn,PA-09,PA-01--PA-03,PA-03,Vollstaendig,0.6307462389816696
Paderborn,PA-09,PA-01--PA-04,PA-01,Gleichgewichtung,0.5
Paderborn,PA-09,PA-01--PA-04,PA-04,Gleichgewichtung,0.5
Paderborn,PA-09,PA-01--PA-04,PA-01,1/d^2,0.3277918344449674
Paderborn,PA-09,PA-01--PA-04,PA-04,1/d^2,0.6722081655550326
Paderborn,PA-09,PA-01--PA-04,PA-01,Wald + Wind,0.2395629484086182
Paderborn,PA-09,PA-01--PA-04,PA-04,Wald + Wind,0.7604370515913818
Paderborn,PA-09,PA-01--PA-04,PA-01,Vollstaendig,0.4258178117225585
Paderborn,PA-09,PA-01--PA-04,PA-04,Vollstaendig,0.5741821882774415
Paderborn,PA-09,PA-01--PA-05,PA-01,Gleichgewichtung,0.5
Paderborn,PA-09,PA-01--PA-05,PA-05,Gleichgewichtung,0.5
Paderborn,PA-09,PA-01--PA-05,PA-01,1/d^2,0.2430014593601293
Paderborn,PA-09,PA-01--PA-05,PA-05,1/d^2,0.7569985406398707
Paderborn,PA-09,PA-01--PA-05,PA-01,Wald + Wind,0.1539580096739046
Paderborn,PA-09,PA-01--PA-05,PA-05,Wald + Wind,0.8460419903260953
Paderborn,PA-09,PA-01--PA-05,PA-01,Vollstaendig,0.3708939944552294
Paderborn,PA-09,PA-01--PA-05,PA-05,Vollstaendig,0.6291060055447706
Paderborn,PA-09,PA-01--PA-06,PA-01,Gleichgewichtung,0.5
Paderborn,PA-09,PA-01--PA-06,PA-06,Gleichgewichtung,0.5
Paderborn,PA-09,PA-01--PA-06,PA-01,1/d^2,0.113736325918847
Paderborn,PA-09,PA-01--PA-06,PA-06,1/d^2,0.886263674081153
Paderborn,PA-09,PA-01--PA-06,PA-01,Wald + Wind,0.0952611320309546
Paderborn,PA-09,PA-01--PA-06,PA-06,Wald + Wind,0.9047388679690456
Paderborn,PA-09,PA-01--PA-06,PA-01,Vollstaendig,0.372163349353083
Paderborn,PA-09,PA-01--PA-06,PA-06,Vollstaendig,0.6278366506469171
Paderborn,PA-09,PA-01--PA-07,PA-01,Gleichgewichtung,0.5
Paderborn,PA-09,PA-01--PA-07,PA-07,Gleichgewichtung,0.5
Paderborn,PA-09,PA-01--PA-07,PA-01,1/d^2,0.178682896700816
Paderborn,PA-09,PA-01--PA-07,PA-07,1/d^2,0.821317103299184
Paderborn,PA-09,PA-01--PA-07,PA-01,Wald + Wind,0.115987656541655
Paderborn,PA-09,PA-01--PA-07,PA-07,Wald + Wind,0.884012343458345
Paderborn,PA-09,PA-01--PA-07,PA-01,Vollstaendig,0.3410494444682259
Paderborn,PA-09,PA-01--PA-07,PA-07,Vollstaendig,0.6589505555317742
Paderborn,PA-09,PA-01--PA-08,PA-01,Gleichgewichtung,0.5
Paderborn,PA-09,PA-01--PA-08,PA-08,Gleichgewichtung,0.5
Paderborn,PA-09,PA-01--PA-08,PA-01,1/d^2,0.2317629400552347
Paderborn,PA-09,PA-01--PA-08,PA-08,1/d^2,0.7682370599447652
Paderborn,PA-09,PA-01--PA-08,PA-01,Wald + Wind,0.1320462457489999
Paderborn,PA-09,PA-01--PA-08,PA-08,Wald + Wind,0.867953754251
Paderborn,PA-09,PA-01--PA-08,PA-01,Vollstaendig,0.3424731399234498
Paderborn,PA-09,PA-01--PA-08,PA-08,Vollstaendig,0.6575268600765503
Paderborn,PA-09,PA-01--PA-10,PA-01,Gleichgewichtung,0.5
Paderborn,PA-09,PA-01--PA-10,PA-10,Gleichgewichtung,0.5
Paderborn,PA-09,PA-01--PA-10,PA-01,1/d^2,0.0582341343543638
Paderborn,PA-09,PA-01--PA-10,PA-10,1/d^2,0.941765865645636
Paderborn,PA-09,PA-01--PA-10,PA-01,Wald + Wind,0.1366897417414376
Paderborn,PA-09,PA-01--PA-10,PA-10,Wald + Wind,0.8633102582585624
Paderborn,PA-09,PA-01--PA-10,PA-01,Vollstaendig,0.3812218551451309
Paderborn,PA-09,PA-01--PA-10,PA-10,Vollstaendig,0.618778144854869
Paderborn,PA-09,PA-01--PA-11,PA-01,Gleichgewichtung,0.5
Paderborn,PA-09,PA-01--PA-11,PA-11,Gleichgewichtung,0.5
Paderborn,PA-09,PA-01--PA-11,PA-01,1/d^2,0.070015837417914
Paderborn,PA-09,PA-01--PA-11,PA-11,1/d^2,0.929984162582086
Paderborn,PA-09,PA-01--PA-11,PA-01,Wald + Wind,0.1640645770763268
Paderborn,PA-09,PA-01--PA-11,PA-11,Wald + Wind,0.8359354229236732
Paderborn,PA-09,PA-01--PA-11,PA-01,Vollstaendig,0.3621790828557569
Paderborn,PA-09,PA-01--PA-11,PA-11,Vollstaendig,0.637820917144243
Paderborn,PA-09,PA-01--PA-12,PA-01,Gleichgewichtung,0.5
Paderborn,PA-09,PA-01--PA-12,PA-12,Gleichgewichtung,0.5
Paderborn,PA-09,PA-01--PA-12,PA-01,1/d^2,0.0518880879344203
Paderborn,PA-09,PA-01--PA-12,PA-12,1/d^2,0.9481119120655797
Paderborn,PA-09,PA-01--PA-12,PA-01,Wald + Wind,0.2543359996649196
Paderborn,PA-09,PA-01--PA-12,PA-12,Wald + Wind,0.7456640003350804
Paderborn,PA-09,PA-01--PA-12,PA-01,Vollstaendig,0.3860217808727718
Paderborn,PA-09,PA-01--PA-12,PA-12,Vollstaendig,0.613978219127228
Paderborn,PA-09,PA-02--PA-03,PA-02,Gleichgewichtung,0.5
Paderborn,PA-09,PA-02--PA-03,PA-03,Gleichgewichtung,0.5
Paderborn,PA-09,PA-02--PA-03,PA-02,1/d^2,0.3798768410398648
Paderborn,PA-09,PA-02--PA-03,PA-03,1/d^2,0.6201231589601351
Paderborn,PA-09,PA-02--PA-03,PA-02,Wald + Wind,0.1936210425551338
Paderborn,PA-09,PA-02--PA-03,PA-03,Wald + Wind,0.8063789574448662
Paderborn,PA-09,PA-02--PA-03,PA-02,Vollstaendig,0.4109007075898049
Paderborn,PA-09,PA-02--PA-03,PA-03,Vollstaendig,0.589099292410195
Paderborn,PA-09,PA-02--PA-04,PA-02,Gleichgewichtung,0.5
Paderborn,PA-09,PA-02--PA-04,PA-04,Gleichgewichtung,0.5
Paderborn,PA-09,PA-02--PA-04,PA-02,1/d^2,0.3009336204944376
Paderborn,PA-09,PA-02--PA-04,PA-04,1/d^2,0.6990663795055624
Paderborn,PA-09,PA-02--PA-04,PA-02,Wald + Wind,0.2390834215849991
Paderborn,PA-09,PA-02--PA-04,PA-04,Wald + Wind,0.7609165784150008
Paderborn,PA-09,PA-02--PA-04,PA-02,Vollstaendig,0.4690997305961588
Paderborn,PA-09,PA-02--PA-04,PA-04,Vollstaendig,0.5309002694038413
Paderborn,PA-09,PA-02--PA-05,PA-02,Gleichgewichtung,0.5
Paderborn,PA-09,PA-02--PA-05,PA-05,Gleichgewichtung,0.5
Paderborn,PA-09,PA-02--PA-05,PA-02,1/d^2,0.2208085813923393
Paderborn,PA-09,PA-02--PA-05,PA-05,1/d^2,0.7791914186076606
Paderborn,PA-09,PA-02--PA-05,PA-02,Wald + Wind,0.1536152210959943
Paderborn,PA-09,PA-02--PA-05,PA-05,Wald + Wind,0.8463847789040057
Paderborn,PA-09,PA-02--PA-05,PA-02,Vollstaendig,0.4126049214577191
Paderborn,PA-09,PA-02--PA-05,PA-05,Vollstaendig,0.5873950785422808
Paderborn,PA-09,PA-02--PA-06,PA-02,Gleichgewichtung,0.5
Paderborn,PA-09,PA-02--PA-06,PA-06,Gleichgewichtung,0.5
Paderborn,PA-09,PA-02--PA-06,PA-02,1/d^2,0.1017619964620235
Paderborn,PA-09,PA-02--PA-06,PA-06,1/d^2,0.8982380035379764
Paderborn,PA-09,PA-02--PA-06,PA-02,Wald + Wind,0.0950343524013592
Paderborn,PA-09,PA-02--PA-06,PA-06,Wald + Wind,0.9049656475986408
Paderborn,PA-09,PA-02--PA-06,PA-02,Vollstaendig,0.4139231041414826
Paderborn,PA-09,PA-02--PA-06,PA-06,Vollstaendig,0.5860768958585174
Paderborn,PA-09,PA-02--PA-07,PA-02,Gleichgewichtung,0.5
Paderborn,PA-09,PA-02--PA-07,PA-07,Gleichgewichtung,0.5
Paderborn,PA-09,PA-02--PA-07,PA-02,1/d^2,0.1611139163682115
Paderborn,PA-09,PA-02--PA-07,PA-07,1/d^2,0.8388860836317884
Paderborn,PA-09,PA-02--PA-07,PA-02,Wald + Wind,0.1157178460433319
Paderborn,PA-09,PA-02--PA-07,PA-07,Wald + Wind,0.884282153956668
Paderborn,PA-09,PA-02--PA-07,PA-02,Vollstaendig,0.3814390474983362
Paderborn,PA-09,PA-02--PA-07,PA-07,Vollstaendig,0.6185609525016639
Paderborn,PA-09,PA-02--PA-08,PA-02,Gleichgewichtung,0.5
Paderborn,PA-09,PA-02--PA-08,PA-08,Gleichgewichtung,0.5
Paderborn,PA-09,PA-02--PA-08,PA-02,1/d^2,0.2103113001882857
Paderborn,PA-09,PA-02--PA-08,PA-08,1/d^2,0.7896886998117142
Paderborn,PA-09,PA-02--PA-08,PA-02,Wald + Wind,0.1317446468599346
Paderborn,PA-09,PA-02--PA-08,PA-08,Wald + Wind,0.8682553531400653
Paderborn,PA-09,PA-02--PA-08,PA-02,Vollstaendig,0.3829333670063942
Paderborn,PA-09,PA-02--PA-08,PA-08,Vollstaendig,0.6170666329936058
Paderborn,PA-09,PA-02--PA-10,PA-02,Gleichgewichtung,0.5
Paderborn,PA-09,PA-02--PA-10,PA-10,Gleichgewichtung,0.5
Paderborn,PA-09,PA-02--PA-10,PA-02,1/d^2,0.0517618793925477
Paderborn,PA-09,PA-02--PA-10,PA-10,1/d^2,0.9482381206074524
Paderborn,PA-09,PA-02--PA-10,PA-02,Wald + Wind,0.1363792034032344
Paderborn,PA-09,PA-02--PA-10,PA-10,Wald + Wind,0.8636207965967655
Paderborn,PA-09,PA-02--PA-10,PA-02,Vollstaendig,0.4233127245566465
Paderborn,PA-09,PA-02--PA-10,PA-10,Vollstaendig,0.5766872754433536
Paderborn,PA-09,PA-02--PA-11,PA-02,Gleichgewichtung,0.5
Paderborn,PA-09,PA-02--PA-11,PA-11,Gleichgewichtung,0.5
Paderborn,PA-09,PA-02--PA-11,PA-02,1/d^2,0.0623207925620032
Paderborn,PA-09,PA-02--PA-11,PA-11,1/d^2,0.9376792074379968
Paderborn,PA-09,PA-02--PA-11,PA-02,Wald + Wind,0.1637036402132905
Paderborn,PA-09,PA-02--PA-11,PA-11,Wald + Wind,0.8362963597867095
Paderborn,PA-09,PA-02--PA-11,PA-02,Vollstaendig,0.4035385987038594
Paderborn,PA-09,PA-02--PA-11,PA-11,Vollstaendig,0.5964614012961407
Paderborn,PA-09,PA-02--PA-12,PA-02,Gleichgewichtung,0.5
Paderborn,PA-09,PA-02--PA-12,PA-12,Gleichgewichtung,0.5
Paderborn,PA-09,PA-02--PA-12,PA-02,1/d^2,0.0460866294891059
Paderborn,PA-09,PA-02--PA-12,PA-12,1/d^2,0.9539133705108942
Paderborn,PA-09,PA-02--PA-12,PA-02,Wald + Wind,0.2538367728689849
Paderborn,PA-09,PA-02--PA-12,PA-12,Wald + Wind,0.7461632271310152
Paderborn,PA-09,PA-02--PA-12,PA-02,Vollstaendig,0.4282758088814778
Paderborn,PA-09,PA-02--PA-12,PA-12,Vollstaendig,0.5717241911185221
Paderborn,PA-09,PA-03--PA-04,PA-03,Gleichgewichtung,0.5
Paderborn,PA-09,PA-03--PA-04,PA-04,Gleichgewichtung,0.5
Paderborn,PA-09,PA-03--PA-04,PA-03,1/d^2,0.4127072323965318
Paderborn,PA-09,PA-03--PA-04,PA-04,1/d^2,0.5872927676034682
Paderborn,PA-09,PA-03--PA-04,PA-03,Wald + Wind,0.5668325959532907
Paderborn,PA-09,PA-03--PA-04,PA-04,Wald + Wind,0.4331674040467093
Paderborn,PA-09,PA-03--PA-04,PA-03,Vollstaendig,0.5588470924153569
Paderborn,PA-09,PA-03--PA-04,PA-04,Vollstaendig,0.441152907584643
Paderborn,PA-09,PA-03--PA-05,PA-03,Gleichgewichtung,0.5
Paderborn,PA-09,PA-03--PA-05,PA-05,Gleichgewichtung,0.5
Paderborn,PA-09,PA-03--PA-05,PA-03,1/d^2,0.3162867087720587
Paderborn,PA-09,PA-03--PA-05,PA-05,1/d^2,0.6837132912279412
Paderborn,PA-09,PA-03--PA-05,PA-03,Wald + Wind,0.4304851024732961
Paderborn,PA-09,PA-03--PA-05,PA-05,Wald + Wind,0.5695148975267039
Paderborn,PA-09,PA-03--PA-05,PA-03,Vollstaendig,0.5017590021383538
Paderborn,PA-09,PA-03--PA-05,PA-05,Vollstaendig,0.4982409978616463
Paderborn,PA-09,PA-03--PA-06,PA-03,Gleichgewichtung,0.5
Paderborn,PA-09,PA-03--PA-06,PA-06,Gleichgewichtung,0.5
Paderborn,PA-09,PA-03--PA-06,PA-03,1/d^2,0.1560749498771609
Paderborn,PA-09,PA-03--PA-06,PA-06,1/d^2,0.843925050122839
Paderborn,PA-09,PA-03--PA-06,PA-03,Wald + Wind,0.3042781665381991
Paderborn,PA-09,PA-03--PA-06,PA-06,Wald + Wind,0.6957218334618007
Paderborn,PA-09,PA-03--PA-06,PA-03,Vollstaendig,0.5031180507469596
Paderborn,PA-09,PA-03--PA-06,PA-06,Vollstaendig,0.4968819492530405
Paderborn,PA-09,PA-03--PA-07,PA-03,Gleichgewichtung,0.5
Paderborn,PA-09,PA-03--PA-07,PA-07,Gleichgewichtung,0.5
Paderborn,PA-09,PA-03--PA-07,PA-03,1/d^2,0.2386868650112855
Paderborn,PA-09,PA-03--PA-07,PA-07,1/d^2,0.7613131349887143
Paderborn,PA-09,PA-03--PA-07,PA-03,Wald + Wind,0.352750604273274
Paderborn,PA-09,PA-03--PA-07,PA-07,Wald + Wind,0.6472493957267259
Paderborn,PA-09,PA-03--PA-07,PA-03,Vollstaendig,0.4692385200998123
Paderborn,PA-09,PA-03--PA-07,PA-07,Vollstaendig,0.5307614799001877
Paderborn,PA-09,PA-03--PA-08,PA-03,Gleichgewichtung,0.5
Paderborn,PA-09,PA-03--PA-08,PA-08,Gleichgewichtung,0.5
Paderborn,PA-09,PA-03--PA-08,PA-03,1/d^2,0.3030155454411604
Paderborn,PA-09,PA-03--PA-08,PA-08,1/d^2,0.6969844545588395
Paderborn,PA-09,PA-03--PA-08,PA-03,Wald + Wind,0.3872303490677218
Paderborn,PA-09,PA-03--PA-08,PA-08,Wald + Wind,0.6127696509322782
Paderborn,PA-09,PA-03--PA-08,PA-03,Vollstaendig,0.4708149963720509
Paderborn,PA-09,PA-03--PA-08,PA-08,Vollstaendig,0.5291850036279492
Paderborn,PA-09,PA-03--PA-10,PA-03,Gleichgewichtung,0.5
Paderborn,PA-09,PA-03--PA-10,PA-10,Gleichgewichtung,0.5
Paderborn,PA-09,PA-03--PA-10,PA-03,1/d^2,0.0818193274758937
Paderborn,PA-09,PA-03--PA-10,PA-10,1/d^2,0.9181806725241064
Paderborn,PA-09,PA-03--PA-10,PA-03,Wald + Wind,0.3967456378672186
Paderborn,PA-09,PA-03--PA-10,PA-10,Wald + Wind,0.6032543621327814
Paderborn,PA-09,PA-03--PA-10,PA-03,Vollstaendig,0.5127607835750324
Paderborn,PA-09,PA-03--PA-10,PA-10,Vollstaendig,0.4872392164249676
Paderborn,PA-09,PA-03--PA-11,PA-03,Gleichgewichtung,0.5
Paderborn,PA-09,PA-03--PA-11,PA-11,Gleichgewichtung,0.5
Paderborn,PA-09,PA-03--PA-11,PA-03,1/d^2,0.0978767805934982
Paderborn,PA-09,PA-03--PA-11,PA-11,1/d^2,0.9021232194065018
Paderborn,PA-09,PA-03--PA-11,PA-03,Wald + Wind,0.4491082488133618
Paderborn,PA-09,PA-03--PA-11,PA-11,Wald + Wind,0.550891751186638
Paderborn,PA-09,PA-03--PA-11,PA-03,Vollstaendig,0.4923757813773801
Paderborn,PA-09,PA-03--PA-11,PA-11,Vollstaendig,0.5076242186226199
Paderborn,PA-09,PA-03--PA-12,PA-03,Gleichgewichtung,0.5
Paderborn,PA-09,PA-03--PA-12,PA-12,Gleichgewichtung,0.5
Paderborn,PA-09,PA-03--PA-12,PA-03,1/d^2,0.073102597598164
Paderborn,PA-09,PA-03--PA-12,PA-12,1/d^2,0.926897402401836
Paderborn,PA-09,PA-03--PA-12,PA-03,Wald + Wind,0.5862290435976181
Paderborn,PA-09,PA-03--PA-12,PA-12,Wald + Wind,0.413770956402382
Paderborn,PA-09,PA-03--PA-12,PA-03,Vollstaendig,0.5178309000859271
Paderborn,PA-09,PA-03--PA-12,PA-12,Vollstaendig,0.4821690999140728
Paderborn,PA-09,PA-04--PA-05,PA-04,Gleichgewichtung,0.5
Paderborn,PA-09,PA-04--PA-05,PA-05,Gleichgewichtung,0.5
Paderborn,PA-09,PA-04--PA-05,PA-04,1/d^2,0.3969703987809017
Paderborn,PA-09,PA-04--PA-05,PA-05,1/d^2,0.6030296012190983
Paderborn,PA-09,PA-04--PA-05,PA-04,Wald + Wind,0.3661400847898225
Paderborn,PA-09,PA-04--PA-05,PA-05,Wald + Wind,0.6338599152101775
Paderborn,PA-09,PA-04--PA-05,PA-04,Vollstaendig,0.4428882626855151
Paderborn,PA-09,PA-04--PA-05,PA-05,Vollstaendig,0.5571117373144849
Paderborn,PA-09,PA-04--PA-06,PA-04,Gleichgewichtung,0.5
Paderborn,PA-09,PA-04--PA-06,PA-06,Gleichgewichtung,0.5
Paderborn,PA-09,PA-04--PA-06,PA-04,1/d^2,0.2083430158564091
Paderborn,PA-09,PA-04--PA-06,PA-06,1/d^2,0.7916569841435908
Paderborn,PA-09,PA-04--PA-06,PA-04,Wald + Wind,0.2505000072254172
Paderborn,PA-09,PA-04--PA-06,PA-06,Wald + Wind,0.7494999927745829
Paderborn,PA-09,PA-04--PA-06,PA-04,Vollstaendig,0.4442300257983166
Paderborn,PA-09,PA-04--PA-06,PA-06,Vollstaendig,0.5557699742016833
Paderborn,PA-09,PA-04--PA-07,PA-04,Gleichgewichtung,0.5
Paderborn,PA-09,PA-04--PA-07,PA-07,Gleichgewichtung,0.5
Paderborn,PA-09,PA-04--PA-07,PA-04,1/d^2,0.3085072633203412
Paderborn,PA-09,PA-04--PA-07,PA-07,1/d^2,0.6914927366796589
Paderborn,PA-09,PA-04--PA-07,PA-04,Wald + Wind,0.2940260170968367
Paderborn,PA-09,PA-04--PA-07,PA-07,Wald + Wind,0.7059739829031634
Paderborn,PA-09,PA-04--PA-07,PA-04,Vollstaendig,0.4110356094596958
Paderborn,PA-09,PA-04--PA-07,PA-07,Vollstaendig,0.5889643905403043
Paderborn,PA-09,PA-04--PA-08,PA-04,Gleichgewichtung,0.5
Paderborn,PA-09,PA-04--PA-08,PA-08,Gleichgewichtung,0.5
Paderborn,PA-09,PA-04--PA-08,PA-04,1/d^2,0.3822063133422363
Paderborn,PA-09,PA-04--PA-08,PA-08,1/d^2,0.6177936866577638
Paderborn,PA-09,PA-04--PA-08,PA-04,Wald + Wind,0.3256537273192953
Paderborn,PA-09,PA-04--PA-08,PA-08,Wald + Wind,0.6743462726807046
Paderborn,PA-09,PA-04--PA-08,PA-04,Vollstaendig,0.4125685415015449
Paderborn,PA-09,PA-04--PA-08,PA-08,Vollstaendig,0.587431458498455
Paderborn,PA-09,PA-04--PA-10,PA-04,Gleichgewichtung,0.5
Paderborn,PA-09,PA-04--PA-10,PA-10,Gleichgewichtung,0.5
Paderborn,PA-09,PA-04--PA-10,PA-04,1/d^2,0.1125359085101697
Paderborn,PA-09,PA-04--PA-10,PA-10,1/d^2,0.8874640914898303
Paderborn,PA-09,PA-04--PA-10,PA-04,Wald + Wind,0.334481844244676
Paderborn,PA-09,PA-04--PA-10,PA-10,Wald + Wind,0.6655181557553241
Paderborn,PA-09,PA-04--PA-10,PA-04,Vollstaendig,0.4537748428040894
Paderborn,PA-09,PA-04--PA-10,PA-10,Vollstaendig,0.5462251571959106
Paderborn,PA-09,PA-04--PA-11,PA-04,Gleichgewichtung,0.5
Paderborn,PA-09,PA-04--PA-11,PA-11,Gleichgewichtung,0.5
Paderborn,PA-09,PA-04--PA-11,PA-04,1/d^2,0.1337435559915294
Paderborn,PA-09,PA-04--PA-11,PA-11,1/d^2,0.8662564440084706
Paderborn,PA-09,PA-04--PA-11,PA-04,Wald + Wind,0.3838557846173783
Paderborn,PA-09,PA-04--PA-11,PA-11,Wald + Wind,0.6161442153826219
Paderborn,PA-09,PA-04--PA-11,PA-04,Vollstaendig,0.4336477681535891
Paderborn,PA-09,PA-04--PA-11,PA-11,Vollstaendig,0.5663522318464109
Paderborn,PA-09,PA-04--PA-12,PA-04,Gleichgewichtung,0.5
Paderborn,PA-09,PA-04--PA-12,PA-12,Gleichgewichtung,0.5
Paderborn,PA-09,PA-04--PA-12,PA-04,1/d^2,0.1009063814396935
Paderborn,PA-09,PA-04--PA-12,PA-12,1/d^2,0.8990936185603065
Paderborn,PA-09,PA-04--PA-12,PA-04,Wald + Wind,0.5198541176836192
Paderborn,PA-09,PA-04--PA-12,PA-12,Wald + Wind,0.4801458823163808
Paderborn,PA-09,PA-04--PA-12,PA-04,Vollstaendig,0.4588109294597171
Paderborn,PA-09,PA-04--PA-12,PA-12,Vollstaendig,0.541189070540283
Paderborn,PA-09,PA-05--PA-06,PA-05,Gleichgewichtung,0.5
Paderborn,PA-09,PA-05--PA-06,PA-06,Gleichgewichtung,0.5
Paderborn,PA-09,PA-05--PA-06,PA-05,1/d^2,0.2856026540274419
Paderborn,PA-09,PA-05--PA-06,PA-06,1/d^2,0.714397345972558
Paderborn,PA-09,PA-05--PA-06,PA-05,Wald + Wind,0.3665292759005978
Paderborn,PA-09,PA-05--PA-06,PA-06,Wald + Wind,0.6334707240994022
Paderborn,PA-09,PA-05--PA-06,PA-05,Vollstaendig,0.5013590784249269
Paderborn,PA-09,PA-05--PA-06,PA-06,Vollstaendig,0.4986409215750732
Paderborn,PA-09,PA-05--PA-07,PA-05,Gleichgewichtung,0.5
Paderborn,PA-09,PA-05--PA-07,PA-07,Gleichgewichtung,0.5
Paderborn,PA-09,PA-05--PA-07,PA-05,1/d^2,0.4039574057024009
Paderborn,PA-09,PA-05--PA-07,PA-07,1/d^2,0.5960425942975991
Paderborn,PA-09,PA-05--PA-07,PA-05,Wald + Wind,0.4189468531119688
Paderborn,PA-09,PA-05--PA-07,PA-07,Wald + Wind,0.5810531468880313
Paderborn,PA-09,PA-05--PA-07,PA-05,Vollstaendig,0.4674865551076047
Paderborn,PA-09,PA-05--PA-07,PA-07,Vollstaendig,0.5325134448923953
Paderborn,PA-09,PA-05--PA-08,PA-05,Gleichgewichtung,0.5
Paderborn,PA-09,PA-05--PA-08,PA-08,Gleichgewichtung,0.5
Paderborn,PA-09,PA-05--PA-08,PA-05,1/d^2,0.4844826243967345
Paderborn,PA-09,PA-05--PA-08,PA-08,1/d^2,0.5155173756032656
Paderborn,PA-09,PA-05--PA-08,PA-05,Wald + Wind,0.4553450143694472
Paderborn,PA-09,PA-05--PA-08,PA-08,Wald + Wind,0.5446549856305528
Paderborn,PA-09,PA-05--PA-08,PA-05,Vollstaendig,0.4690623471549522
Paderborn,PA-09,PA-05--PA-08,PA-08,Vollstaendig,0.5309376528450479
Paderborn,PA-09,PA-05--PA-10,PA-05,Gleichgewichtung,0.5
Paderborn,PA-09,PA-05--PA-10,PA-10,Gleichgewichtung,0.5
Paderborn,PA-09,PA-05--PA-10,PA-05,1/d^2,0.1615160213238459
Paderborn,PA-09,PA-05--PA-10,PA-10,1/d^2,0.838483978676154
Paderborn,PA-09,PA-05--PA-10,PA-05,Wald + Wind,0.4652632121460775
Paderborn,PA-09,PA-05--PA-10,PA-10,Wald + Wind,0.5347367878539225
Paderborn,PA-09,PA-05--PA-10,PA-05,Vollstaendig,0.5110027693201282
Paderborn,PA-09,PA-05--PA-10,PA-10,Vollstaendig,0.4889972306798717
Paderborn,PA-09,PA-05--PA-11,PA-05,Gleichgewichtung,0.5
Paderborn,PA-09,PA-05--PA-11,PA-11,Gleichgewichtung,0.5
Paderborn,PA-09,PA-05--PA-11,PA-05,1/d^2,0.1899781411553404
Paderborn,PA-09,PA-05--PA-11,PA-11,1/d^2,0.8100218588446595
Paderborn,PA-09,PA-05--PA-11,PA-05,Wald + Wind,0.5188904641549733
Paderborn,PA-09,PA-05--PA-11,PA-11,Wald + Wind,0.4811095358450267
Paderborn,PA-09,PA-05--PA-11,PA-05,Vollstaendig,0.4906172825661531
Paderborn,PA-09,PA-05--PA-11,PA-11,Vollstaendig,0.5093827174338468
Paderborn,PA-09,PA-05--PA-12,PA-05,Gleichgewichtung,0.5
Paderborn,PA-09,PA-05--PA-12,PA-12,Gleichgewichtung,0.5
Paderborn,PA-09,PA-05--PA-12,PA-05,1/d^2,0.1456556043736395
Paderborn,PA-09,PA-05--PA-12,PA-12,1/d^2,0.8543443956263604
Paderborn,PA-09,PA-05--PA-12,PA-05,Wald + Wind,0.6520971365956353
Paderborn,PA-09,PA-05--PA-12,PA-12,Wald + Wind,0.3479028634043647
Paderborn,PA-09,PA-05--PA-12,PA-05,Vollstaendig,0.5160739145546209
Paderborn,PA-09,PA-05--PA-12,PA-12,Vollstaendig,0.483926085445379
Paderborn,PA-09,PA-06--PA-07,PA-06,Gleichgewichtung,0.5
Paderborn,PA-09,PA-06--PA-07,PA-07,Gleichgewichtung,0.5
Paderborn,PA-09,PA-06--PA-07,PA-06,1/d^2,0.6289780422155927
Paderborn,PA-09,PA-06--PA-07,PA-07,1/d^2,0.3710219577844073
Paderborn,PA-09,PA-06--PA-07,PA-06,Wald + Wind,0.5547884308900474
Paderborn,PA-09,PA-06--PA-07,PA-07,Wald + Wind,0.4452115691099527
Paderborn,PA-09,PA-06--PA-07,PA-06,Vollstaendig,0.4661334627044266
Paderborn,PA-09,PA-06--PA-07,PA-07,Vollstaendig,0.5338665372955733
Paderborn,PA-09,PA-06--PA-08,PA-06,Gleichgewichtung,0.5
Paderborn,PA-09,PA-06--PA-08,PA-08,Gleichgewichtung,0.5
Paderborn,PA-09,PA-06--PA-08,PA-06,1/d^2,0.7015622676194303
Paderborn,PA-09,PA-06--PA-08,PA-08,1/d^2,0.2984377323805696
Paderborn,PA-09,PA-06--PA-08,PA-06,Wald + Wind,0.5909848661796039
Paderborn,PA-09,PA-06--PA-08,PA-08,Wald + Wind,0.4090151338203962
Paderborn,PA-09,PA-06--PA-08,PA-06,Vollstaendig,0.4677086997000385
Paderborn,PA-09,PA-06--PA-08,PA-08,Vollstaendig,0.5322913002999615
Paderborn,PA-09,PA-06--PA-10,PA-06,Gleichgewichtung,0.5
Paderborn,PA-09,PA-06--PA-10,PA-10,Gleichgewichtung,0.5
Paderborn,PA-09,PA-06--PA-10,PA-06,1/d^2,0.3251610785403946
Paderborn,PA-09,PA-06--PA-10,PA-10,1/d^2,0.6748389214596054
Paderborn,PA-09,PA-06--PA-10,PA-06,Wald + Wind,0.6005995936263744
Paderborn,PA-09,PA-06--PA-10,PA-10,Wald + Wind,0.3994004063736256
Paderborn,PA-09,PA-06--PA-10,PA-06,Vollstaendig,0.5096442677623094
Paderborn,PA-09,PA-06--PA-10,PA-10,Vollstaendig,0.4903557322376905
Paderborn,PA-09,PA-06--PA-11,PA-06,Gleichgewichtung,0.5
Paderborn,PA-09,PA-06--PA-11,PA-11,Gleichgewichtung,0.5
Paderborn,PA-09,PA-06--PA-11,PA-06,1/d^2,0.3697441837497773
Paderborn,PA-09,PA-06--PA-11,PA-11,1/d^2,0.6302558162502226
Paderborn,PA-09,PA-06--PA-11,PA-06,Wald + Wind,0.6508399230246887
Paderborn,PA-09,PA-06--PA-11,PA-11,Wald + Wind,0.3491600769753112
Paderborn,PA-09,PA-06--PA-11,PA-06,Vollstaendig,0.4892587520243081
Paderborn,PA-09,PA-06--PA-11,PA-11,Vollstaendig,0.5107412479756919
Paderborn,PA-09,PA-06--PA-12,PA-06,Gleichgewichtung,0.5
Paderborn,PA-09,PA-06--PA-12,PA-12,Gleichgewichtung,0.5
Paderborn,PA-09,PA-06--PA-12,PA-06,1/d^2,0.2989607393696914
Paderborn,PA-09,PA-06--PA-12,PA-12,1/d^2,0.7010392606303086
Paderborn,PA-09,PA-06--PA-12,PA-06,Wald + Wind,0.7641207146263869
Paderborn,PA-09,PA-06--PA-12,PA-12,Wald + Wind,0.2358792853736131
Paderborn,PA-09,PA-06--PA-12,PA-06,Vollstaendig,0.514716122066262
Paderborn,PA-09,PA-06--PA-12,PA-12,Vollstaendig,0.485283877933738
Paderborn,PA-09,PA-07--PA-08,PA-07,Gleichgewichtung,0.5
Paderborn,PA-09,PA-07--PA-08,PA-08,Gleichgewichtung,0.5
Paderborn,PA-09,PA-07--PA-08,PA-07,1/d^2,0.5810081337814951
Paderborn,PA-09,PA-07--PA-08,PA-08,1/d^2,0.418991866218505
Paderborn,PA-09,PA-07--PA-08,PA-07,Wald + Wind,0.536932864501526
Paderborn,PA-09,PA-07--PA-08,PA-08,Wald + Wind,0.463067135498474
Paderborn,PA-09,PA-07--PA-08,PA-07,Vollstaendig,0.5015821579527168
Paderborn,PA-09,PA-07--PA-08,PA-08,Vollstaendig,0.4984178420472832
Paderborn,PA-09,PA-07--PA-10,PA-07,Gleichgewichtung,0.5
Paderborn,PA-09,PA-07--PA-10,PA-10,Gleichgewichtung,0.5
Paderborn,PA-09,PA-07--PA-10,PA-07,1/d^2,0.2213203649940166
Paderborn,PA-09,PA-07--PA-10,PA-10,1/d^2,0.7786796350059835
Paderborn,PA-09,PA-07--PA-10,PA-07,Wald + Wind,0.546843920128431
Paderborn,PA-09,PA-07--PA-10,PA-10,Wald + Wind,0.453156079871569
Paderborn,PA-09,PA-07--PA-10,PA-07,Vollstaendig,0.543454033587733
Paderborn,PA-09,PA-07--PA-10,PA-10,Vollstaendig,0.4565459664122669
Paderborn,PA-09,PA-07--PA-11,PA-07,Gleichgewichtung,0.5
Paderborn,PA-09,PA-07--PA-11,PA-11,Gleichgewichtung,0.5
Paderborn,PA-09,PA-07--PA-11,PA-07,1/d^2,0.2570898404481648
Paderborn,PA-09,PA-07--PA-11,PA-11,1/d^2,0.7429101595518351
Paderborn,PA-09,PA-07--PA-11,PA-07,Wald + Wind,0.5993352298190626
Paderborn,PA-09,PA-07--PA-11,PA-11,Wald + Wind,0.4006647701809374
Paderborn,PA-09,PA-07--PA-11,PA-07,Vollstaendig,0.5231589873950605
Paderborn,PA-09,PA-07--PA-11,PA-11,Vollstaendig,0.4768410126049394
Paderborn,PA-09,PA-07--PA-12,PA-07,Gleichgewichtung,0.5
Paderborn,PA-09,PA-07--PA-12,PA-12,Gleichgewichtung,0.5
Paderborn,PA-09,PA-07--PA-12,PA-07,1/d^2,0.2009950701624546
Paderborn,PA-09,PA-07--PA-12,PA-12,1/d^2,0.7990049298375453
Paderborn,PA-09,PA-07--PA-12,PA-07,Wald + Wind,0.7221935196980984
Paderborn,PA-09,PA-07--PA-12,PA-12,Wald + Wind,0.2778064803019015
Paderborn,PA-09,PA-07--PA-12,PA-07,Vollstaendig,0.5484860007550597
Paderborn,PA-09,PA-07--PA-12,PA-12,Vollstaendig,0.4515139992449403
Paderborn,PA-09,PA-08--PA-10,PA-08,Gleichgewichtung,0.5
Paderborn,PA-09,PA-08--PA-10,PA-10,Gleichgewichtung,0.5
Paderborn,PA-09,PA-08--PA-10,PA-08,1/d^2,0.1701024027578392
Paderborn,PA-09,PA-08--PA-10,PA-10,1/d^2,0.8298975972421607
Paderborn,PA-09,PA-08--PA-10,PA-08,Wald + Wind,0.5099801212658844
Paderborn,PA-09,PA-08--PA-10,PA-10,Wald + Wind,0.4900198787341156
Paderborn,PA-09,PA-08--PA-10,PA-08,Vollstaendig,0.5418833937600958
Paderborn,PA-09,PA-08--PA-10,PA-10,Vollstaendig,0.4581166062399042
Paderborn,PA-09,PA-08--PA-11,PA-08,Gleichgewichtung,0.5
Paderborn,PA-09,PA-08--PA-11,PA-11,Gleichgewichtung,0.5
Paderborn,PA-09,PA-08--PA-11,PA-08,1/d^2,0.1997172041917375
Paderborn,PA-09,PA-08--PA-11,PA-11,1/d^2,0.8002827958082623
Paderborn,PA-09,PA-08--PA-11,PA-08,Wald + Wind,0.563331754915412
Paderborn,PA-09,PA-08--PA-11,PA-11,Wald + Wind,0.4366682450845881
Paderborn,PA-09,PA-08--PA-11,PA-08,Vollstaendig,0.5215799923075358
Paderborn,PA-09,PA-08--PA-11,PA-11,Vollstaendig,0.4784200076924641
Paderborn,PA-09,PA-08--PA-12,PA-08,Gleichgewichtung,0.5
Paderborn,PA-09,PA-08--PA-12,PA-12,Gleichgewichtung,0.5
Paderborn,PA-09,PA-08--PA-12,PA-08,1/d^2,0.1535532366827916
Paderborn,PA-09,PA-08--PA-12,PA-12,1/d^2,0.8464467633172084
Paderborn,PA-09,PA-08--PA-12,PA-08,Wald + Wind,0.6915482202836568
Paderborn,PA-09,PA-08--PA-12,PA-12,Wald + Wind,0.3084517797163432
Paderborn,PA-09,PA-08--PA-12,PA-08,Vollstaendig,0.5469182396663784
Paderborn,PA-09,PA-08--PA-12,PA-12,Vollstaendig,0.4530817603336216
Paderborn,PA-09,PA-10--PA-11,PA-10,Gleichgewichtung,0.5
Paderborn,PA-09,PA-10--PA-11,PA-11,Gleichgewichtung,0.5
Paderborn,PA-09,PA-10--PA-11,PA-10,1/d^2,0.5490514546147044
Paderborn,PA-09,PA-10--PA-11,PA-11,1/d^2,0.4509485453852956
Paderborn,PA-09,PA-10--PA-11,PA-10,Wald + Wind,0.5534868609701045
Paderborn,PA-09,PA-10--PA-11,PA-11,Wald + Wind,0.4465131390298956
Paderborn,PA-09,PA-10--PA-11,PA-10,Vollstaendig,0.4796229278255708
Paderborn,PA-09,PA-10--PA-11,PA-11,Vollstaendig,0.5203770721744292
Paderborn,PA-09,PA-10--PA-12,PA-10,Gleichgewichtung,0.5
Paderborn,PA-09,PA-10--PA-12,PA-12,Gleichgewichtung,0.5
Paderborn,PA-09,PA-10--PA-12,PA-10,1/d^2,0.4695132922121151
Paderborn,PA-09,PA-10--PA-12,PA-12,1/d^2,0.530486707787885
Paderborn,PA-09,PA-10--PA-12,PA-10,Wald + Wind,0.6829671938688199
Paderborn,PA-09,PA-10--PA-12,PA-12,Wald + Wind,0.31703280613118
Paderborn,PA-09,PA-10--PA-12,PA-10,Vollstaendig,0.5050747352559553
Paderborn,PA-09,PA-10--PA-12,PA-12,Vollstaendig,0.4949252647440448
Paderborn,PA-09,PA-11--PA-12,PA-11,Gleichgewichtung,0.5
Paderborn,PA-09,PA-11--PA-12,PA-12,Gleichgewichtung,0.5
Paderborn,PA-09,PA-11--PA-12,PA-11,1/d^2,0.4209347796110563
Paderborn,PA-09,PA-11--PA-12,PA-12,1/d^2,0.5790652203889437
Paderborn,PA-09,PA-11--PA-12,PA-11,Wald + Wind,0.6347553812744989
Paderborn,PA-09,PA-11--PA-12,PA-12,Wald + Wind,0.365244618725501
Paderborn,PA-09,PA-11--PA-12,PA-11,Vollstaendig,0.5254412840760766
Paderborn,PA-09,PA-11--PA-12,PA-12,Vollstaendig,0.4745587159239235
Paderborn,PA-10,PA-01--PA-02,PA-01,Gleichgewichtung,0.5
Paderborn,PA-10,PA-01--PA-02,PA-02,Gleichgewichtung,0.5
Paderborn,PA-10,PA-01--PA-02,PA-01,1/d^2,0.5233224569451973
Paderborn,PA-10,PA-01--PA-02,PA-02,1/d^2,0.4766775430548028
Paderborn,PA-10,PA-01--PA-02,PA-01,Wald + Wind,0.4909933257046623
Paderborn,PA-10,PA-01--PA-02,PA-02,Wald + Wind,0.5090066742953376
Paderborn,PA-10,PA-01--PA-02,PA-01,Vollstaendig,0.5333276217227764
Paderborn,PA-10,PA-01--PA-02,PA-02,Vollstaendig,0.4666723782772236
Paderborn,PA-10,PA-01--PA-03,PA-01,Gleichgewichtung,0.5
Paderborn,PA-10,PA-01--PA-03,PA-03,Gleichgewichtung,0.5
Paderborn,PA-10,PA-01--PA-03,PA-01,1/d^2,0.3599526576969491
Paderborn,PA-10,PA-01--PA-03,PA-03,1/d^2,0.6400473423030509
Paderborn,PA-10,PA-01--PA-03,PA-01,Wald + Wind,0.2640111475796214
Paderborn,PA-10,PA-01--PA-03,PA-03,Wald + Wind,0.7359888524203787
Paderborn,PA-10,PA-01--PA-03,PA-01,Vollstaendig,0.4335557483897267
Paderborn,PA-10,PA-01--PA-03,PA-03,Vollstaendig,0.5664442516102732
Paderborn,PA-10,PA-01--PA-04,PA-01,Gleichgewichtung,0.5
Paderborn,PA-10,PA-01--PA-04,PA-04,Gleichgewichtung,0.5
Paderborn,PA-10,PA-01--PA-04,PA-01,1/d^2,0.28694448126484
Paderborn,PA-10,PA-01--PA-04,PA-04,1/d^2,0.71305551873516
Paderborn,PA-10,PA-01--PA-04,PA-01,Wald + Wind,0.2632644608515704
Paderborn,PA-10,PA-01--PA-04,PA-04,Wald + Wind,0.7367355391484296
Paderborn,PA-10,PA-01--PA-04,PA-01,Vollstaendig,0.4324230940416344
Paderborn,PA-10,PA-01--PA-04,PA-04,Vollstaendig,0.5675769059583656
Paderborn,PA-10,PA-01--PA-05,PA-01,Gleichgewichtung,0.5
Paderborn,PA-10,PA-01--PA-05,PA-05,Gleichgewichtung,0.5
Paderborn,PA-10,PA-01--PA-05,PA-01,1/d^2,0.1616891341649712
Paderborn,PA-10,PA-01--PA-05,PA-05,1/d^2,0.8383108658350287
Paderborn,PA-10,PA-01--PA-05,PA-01,Wald + Wind,0.2196635302308506
Paderborn,PA-10,PA-01--PA-05,PA-05,Wald + Wind,0.7803364697691494
Paderborn,PA-10,PA-01--PA-05,PA-01,Vollstaendig,0.4330388875715603
Paderborn,PA-10,PA-01--PA-05,PA-05,Vollstaendig,0.5669611124284398
Paderborn,PA-10,PA-01--PA-06,PA-01,Gleichgewichtung,0.5
Paderborn,PA-10,PA-01--PA-06,PA-06,Gleichgewichtung,0.5
Paderborn,PA-10,PA-01--PA-06,PA-01,1/d^2,0.0568759331029264
Paderborn,PA-10,PA-01--PA-06,PA-06,1/d^2,0.9431240668970736
Paderborn,PA-10,PA-01--PA-06,PA-01,Wald + Wind,0.1216818098277839
Paderborn,PA-10,PA-01--PA-06,PA-06,Wald + Wind,0.878318190172216
Paderborn,PA-10,PA-01--PA-06,PA-01,Vollstaendig,0.3901734924181009
Paderborn,PA-10,PA-01--PA-06,PA-06,Vollstaendig,0.609826507581899
Paderborn,PA-10,PA-01--PA-07,PA-01,Gleichgewichtung,0.5
Paderborn,PA-10,PA-01--PA-07,PA-07,Gleichgewichtung,0.5
Paderborn,PA-10,PA-01--PA-07,PA-01,1/d^2,0.0780551943487617
Paderborn,PA-10,PA-01--PA-07,PA-07,1/d^2,0.9219448056512384
Paderborn,PA-10,PA-01--PA-07,PA-01,Wald + Wind,0.200599170011379
Paderborn,PA-10,PA-01--PA-07,PA-07,Wald + Wind,0.7994008299886209
Paderborn,PA-10,PA-01--PA-07,PA-01,Vollstaendig,0.4056194873296798
Paderborn,PA-10,PA-01--PA-07,PA-07,Vollstaendig,0.5943805126703201
Paderborn,PA-10,PA-01--PA-08,PA-01,Gleichgewichtung,0.5
Paderborn,PA-10,PA-01--PA-08,PA-08,Gleichgewichtung,0.5
Paderborn,PA-10,PA-01--PA-08,PA-01,1/d^2,0.1201144859322734
Paderborn,PA-10,PA-01--PA-08,PA-08,1/d^2,0.8798855140677265
Paderborn,PA-10,PA-01--PA-08,PA-01,Wald + Wind,0.1435506659627769
Paderborn,PA-10,PA-01--PA-08,PA-08,Wald + Wind,0.8564493340372231
Paderborn,PA-10,PA-01--PA-08,PA-01,Vollstaendig,0.400867192554295
Paderborn,PA-10,PA-01--PA-08,PA-08,Vollstaendig,0.599132807445705
Paderborn,PA-10,PA-01--PA-09,PA-01,Gleichgewichtung,0.5
Paderborn,PA-10,PA-01--PA-09,PA-09,Gleichgewichtung,0.5
Paderborn,PA-10,PA-01--PA-09,PA-01,1/d^2,0.0763303421331456
Paderborn,PA-10,PA-01--PA-09,PA-09,1/d^2,0.9236696578668544
Paderborn,PA-10,PA-01--PA-09,PA-01,Wald + Wind,0.1503752157372201
Paderborn,PA-10,PA-01--PA-09,PA-09,Wald + Wind,0.8496247842627798
Paderborn,PA-10,PA-01--PA-09,PA-01,Vollstaendig,0.4155223494700665
Paderborn,PA-10,PA-01--PA-09,PA-09,Vollstaendig,0.5844776505299335
Paderborn,PA-10,PA-01--PA-11,PA-01,Gleichgewichtung,0.5
Paderborn,PA-10,PA-01--PA-11,PA-11,Gleichgewichtung,0.5
Paderborn,PA-10,PA-01--PA-11,PA-01,1/d^2,0.0393010140300452
Paderborn,PA-10,PA-01--PA-11,PA-11,1/d^2,0.9606989859699548
Paderborn,PA-10,PA-01--PA-11,PA-01,Wald + Wind,0.1574470845077986
Paderborn,PA-10,PA-01--PA-11,PA-11,Wald + Wind,0.8425529154922015
Paderborn,PA-10,PA-01--PA-11,PA-01,Vollstaendig,0.4346096767889696
Paderborn,PA-10,PA-01--PA-11,PA-11,Vollstaendig,0.5653903232110303
Paderborn,PA-10,PA-01--PA-12,PA-01,Gleichgewichtung,0.5
Paderborn,PA-10,PA-01--PA-12,PA-12,Gleichgewichtung,0.5
Paderborn,PA-10,PA-01--PA-12,PA-01,1/d^2,0.0564806163990367
Paderborn,PA-10,PA-01--PA-12,PA-12,1/d^2,0.9435193836009632
Paderborn,PA-10,PA-01--PA-12,PA-01,Wald + Wind,0.242715815670259
Paderborn,PA-10,PA-01--PA-12,PA-12,Wald + Wind,0.7572841843297409
Paderborn,PA-10,PA-01--PA-12,PA-01,Vollstaendig,0.4614406101098555
Paderborn,PA-10,PA-01--PA-12,PA-12,Vollstaendig,0.5385593898901445
Paderborn,PA-10,PA-02--PA-03,PA-02,Gleichgewichtung,0.5
Paderborn,PA-10,PA-02--PA-03,PA-03,Gleichgewichtung,0.5
Paderborn,PA-10,PA-02--PA-03,PA-02,1/d^2,0.3387370993305934
Paderborn,PA-10,PA-02--PA-03,PA-03,1/d^2,0.6612629006694066
Paderborn,PA-10,PA-02--PA-03,PA-02,Wald + Wind,0.2710714948633911
Paderborn,PA-10,PA-02--PA-03,PA-03,Wald + Wind,0.7289285051366089
Paderborn,PA-10,PA-02--PA-03,PA-02,Vollstaendig,0.4011041182548618
Paderborn,PA-10,PA-02--PA-03,PA-03,Vollstaendig,0.5988958817451383
Paderborn,PA-10,PA-02--PA-04,PA-02,Gleichgewichtung,0.5
Paderborn,PA-10,PA-02--PA-04,PA-04,Gleichgewichtung,0.5
Paderborn,PA-10,PA-02--PA-04,PA-02,1/d^2,0.2682286906197874
Paderborn,PA-10,PA-02--PA-04,PA-04,1/d^2,0.7317713093802125
Paderborn,PA-10,PA-02--PA-04,PA-02,Wald + Wind,0.2703121737102958
Paderborn,PA-10,PA-02--PA-04,PA-04,Wald + Wind,0.7296878262897042
Paderborn,PA-10,PA-02--PA-04,PA-02,Vollstaendig,0.3999963759901034
Paderborn,PA-10,PA-02--PA-04,PA-04,Vollstaendig,0.6000036240098965
Paderborn,PA-10,PA-02--PA-05,PA-02,Gleichgewichtung,0.5
Paderborn,PA-10,PA-02--PA-05,PA-05,Gleichgewichtung,0.5
Paderborn,PA-10,PA-02--PA-05,PA-02,1/d^2,0.1494309730999196
Paderborn,PA-10,PA-02--PA-05,PA-05,1/d^2,0.8505690269000804
Paderborn,PA-10,PA-02--PA-05,PA-02,Wald + Wind,0.2259019243952527
Paderborn,PA-10,PA-02--PA-05,PA-05,Wald + Wind,0.7740980756047473
Paderborn,PA-10,PA-02--PA-05,PA-02,Vollstaendig,0.4005985843645813
Paderborn,PA-10,PA-02--PA-05,PA-05,Vollstaendig,0.5994014156354186
Paderborn,PA-10,PA-02--PA-06,PA-02,Gleichgewichtung,0.5
Paderborn,PA-10,PA-02--PA-06,PA-06,Gleichgewichtung,0.5
Paderborn,PA-10,PA-02--PA-06,PA-02,1/d^2,0.0520704225742778
Paderborn,PA-10,PA-02--PA-06,PA-06,1/d^2,0.9479295774257224
Paderborn,PA-10,PA-02--PA-06,PA-02,Wald + Wind,0.1255853795069098
Paderborn,PA-10,PA-02--PA-06,PA-06,Wald + Wind,0.8744146204930902
Paderborn,PA-10,PA-02--PA-06,PA-02,Vollstaendig,0.3589115502435381
Paderborn,PA-10,PA-02--PA-06,PA-06,Vollstaendig,0.641088449756462
Paderborn,PA-10,PA-02--PA-07,PA-02,Gleichgewichtung,0.5
Paderborn,PA-10,PA-02--PA-07,PA-07,Gleichgewichtung,0.5
Paderborn,PA-10,PA-02--PA-07,PA-02,1/d^2,0.0715960691302558
Paderborn,PA-10,PA-02--PA-07,PA-07,1/d^2,0.928403930869744
Paderborn,PA-10,PA-02--PA-07,PA-02,Wald + Wind,0.2064393752205918
Paderborn,PA-10,PA-02--PA-07,PA-07,Wald + Wind,0.7935606247794081
Paderborn,PA-10,PA-02--PA-07,PA-02,Vollstaendig,0.3738787125590601
Paderborn,PA-10,PA-02--PA-07,PA-07,Vollstaendig,0.62612128744094
Paderborn,PA-10,PA-02--PA-08,PA-02,Gleichgewichtung,0.5
Paderborn,PA-10,PA-02--PA-08,PA-08,Gleichgewichtung,0.5
Paderborn,PA-10,PA-02--PA-08,PA-02,1/d^2,0.110592421040436
Paderborn,PA-10,PA-02--PA-08,PA-08,1/d^2,0.8894075789595639
Paderborn,PA-10,PA-02--PA-08,PA-02,Wald + Wind,0.1480375467613836
Paderborn,PA-10,PA-02--PA-08,PA-08,Wald + Wind,0.8519624532386162
Paderborn,PA-10,PA-02--PA-08,PA-02,Vollstaendig,0.3692672618581112
Paderborn,PA-10,PA-02--PA-08,PA-08,Vollstaendig,0.6307327381418888
Paderborn,PA-10,PA-02--PA-09,PA-02,Gleichgewichtung,0.5
Paderborn,PA-10,PA-02--PA-09,PA-09,Gleichgewichtung,0.5
Paderborn,PA-10,PA-02--PA-09,PA-02,1/d^2,0.0700031120374523
Paderborn,PA-10,PA-02--PA-09,PA-09,1/d^2,0.9299968879625478
Paderborn,PA-10,PA-02--PA-09,PA-02,Wald + Wind,0.1550367934269126
Paderborn,PA-10,PA-02--PA-09,PA-09,Wald + Wind,0.8449632065730873
Paderborn,PA-10,PA-02--PA-09,PA-02,Vollstaendig,0.3835066475425778
Paderborn,PA-10,PA-02--PA-09,PA-09,Vollstaendig,0.6164933524574222
Paderborn,PA-10,PA-02--PA-11,PA-02,Gleichgewichtung,0.5
Paderborn,PA-10,PA-02--PA-11,PA-11,Gleichgewichtung,0.5
Paderborn,PA-10,PA-02--PA-11,PA-02,1/d^2,0.0359238666673031
Paderborn,PA-10,PA-02--PA-11,PA-11,1/d^2,0.9640761333326968
Paderborn,PA-10,PA-02--PA-11,PA-02,Wald + Wind,0.1622860135584066
Paderborn,PA-10,PA-02--PA-11,PA-11,Wald + Wind,0.8377139864415933
Paderborn,PA-10,PA-02--PA-11,PA-02,Vollstaendig,0.402135163963623
Paderborn,PA-10,PA-02--PA-11,PA-11,Vollstaendig,0.597864836036377
Paderborn,PA-10,PA-02--PA-12,PA-02,Gleichgewichtung,0.5
Paderborn,PA-10,PA-02--PA-12,PA-12,Gleichgewichtung,0.5
Paderborn,PA-10,PA-02--PA-12,PA-02,1/d^2,0.0517066754238789
Paderborn,PA-10,PA-02--PA-12,PA-12,1/d^2,0.948293324576121
Paderborn,PA-10,PA-02--PA-12,PA-02,Wald + Wind,0.2493996504160294
Paderborn,PA-10,PA-02--PA-12,PA-12,Wald + Wind,0.7506003495839706
Paderborn,PA-10,PA-02--PA-12,PA-02,Vollstaendig,0.4284806245136622
Paderborn,PA-10,PA-02--PA-12,PA-12,Vollstaendig,0.5715193754863377
Paderborn,PA-10,PA-03--PA-04,PA-03,Gleichgewichtung,0.5
Paderborn,PA-10,PA-03--PA-04,PA-04,Gleichgewichtung,0.5
Paderborn,PA-10,PA-03--PA-04,PA-03,1/d^2,0.4170972627785008
Paderborn,PA-10,PA-03--PA-04,PA-04,1/d^2,0.5829027372214992
Paderborn,PA-10,PA-03--PA-04,PA-03,Wald + Wind,0.4990384343093962
Paderborn,PA-10,PA-03--PA-04,PA-04,Wald + Wind,0.5009615656906037
Paderborn,PA-10,PA-03--PA-04,PA-03,Vollstaendig,0.4988466306918918
Paderborn,PA-10,PA-03--PA-04,PA-04,Vollstaendig,0.5011533693081083
Paderborn,PA-10,PA-03--PA-05,PA-03,Gleichgewichtung,0.5
Paderborn,PA-10,PA-03--PA-05,PA-05,Gleichgewichtung,0.5
Paderborn,PA-10,PA-03--PA-05,PA-03,1/d^2,0.2553757389365724
Paderborn,PA-10,PA-03--PA-05,PA-05,1/d^2,0.7446242610634276
Paderborn,PA-10,PA-03--PA-05,PA-03,Wald + Wind,0.4396938636506838
Paderborn,PA-10,PA-03--PA-05,PA-05,Wald + Wind,0.5603061363493161
Paderborn,PA-10,PA-03--PA-05,PA-03,Vollstaendig,0.4994737740844479
Paderborn,PA-10,PA-03--PA-05,PA-05,Vollstaendig,0.5005262259155521
Paderborn,PA-10,PA-03--PA-06,PA-03,Gleichgewichtung,0.5
Paderborn,PA-10,PA-03--PA-06,PA-06,Gleichgewichtung,0.5
Paderborn,PA-10,PA-03--PA-06,PA-03,1/d^2,0.0968473178052759
Paderborn,PA-10,PA-03--PA-06,PA-06,1/d^2,0.903152682194724
Paderborn,PA-10,PA-03--PA-06,PA-03,Wald + Wind,0.2786082286358322
Paderborn,PA-10,PA-03--PA-06,PA-06,Wald + Wind,0.7213917713641678
Paderborn,PA-10,PA-03--PA-06,PA-03,Vollstaendig,0.4553133698760437
Paderborn,PA-10,PA-03--PA-06,PA-06,Vollstaendig,0.5446866301239562
Paderborn,PA-10,PA-03--PA-07,PA-03,Gleichgewichtung,0.5
Paderborn,PA-10,PA-03--PA-07,PA-07,Gleichgewichtung,0.5
Paderborn,PA-10,PA-03--PA-07,PA-03,1/d^2,0.1308459696826446
Paderborn,PA-10,PA-03--PA-07,PA-07,1/d^2,0.8691540303173554
Paderborn,PA-10,PA-03--PA-07,PA-03,Wald + Wind,0.4116060262471948
Paderborn,PA-10,PA-03--PA-07,PA-07,Wald + Wind,0.5883939737528053
Paderborn,PA-10,PA-03--PA-07,PA-03,Vollstaendig,0.4713449508111925
Paderborn,PA-10,PA-03--PA-07,PA-07,Vollstaendig,0.5286550491888075
Paderborn,PA-10,PA-03--PA-08,PA-03,Gleichgewichtung,0.5
Paderborn,PA-10,PA-03--PA-08,PA-08,Gleichgewichtung,0.5
Paderborn,PA-10,PA-03--PA-08,PA-03,1/d^2,0.1953244965611888
Paderborn,PA-10,PA-03--PA-08,PA-08,1/d^2,0.8046755034388111
Paderborn,PA-10,PA-03--PA-08,PA-03,Wald + Wind,0.3184544858232104
Paderborn,PA-10,PA-03--PA-08,PA-08,Wald + Wind,0.6815455141767897
Paderborn,PA-10,PA-03--PA-08,PA-03,Vollstaendig,0.4664268859147183
Paderborn,PA-10,PA-03--PA-08,PA-08,Vollstaendig,0.5335731140852816
Paderborn,PA-10,PA-03--PA-09,PA-03,Gleichgewichtung,0.5
Paderborn,PA-10,PA-03--PA-09,PA-09,Gleichgewichtung,0.5
Paderborn,PA-10,PA-03--PA-09,PA-03,1/d^2,0.128116664303658
Paderborn,PA-10,PA-03--PA-09,PA-09,1/d^2,0.8718833356963419
Paderborn,PA-10,PA-03--PA-09,PA-03,Wald + Wind,0.3303864846763057
Paderborn,PA-10,PA-03--PA-09,PA-09,Wald + Wind,0.6696135153236942
Paderborn,PA-10,PA-03--PA-09,PA-03,Vollstaendig,0.4815524118262631
Paderborn,PA-10,PA-03--PA-09,PA-09,Vollstaendig,0.5184475881737369
Paderborn,PA-10,PA-03--PA-11,PA-03,Gleichgewichtung,0.5
Paderborn,PA-10,PA-03--PA-11,PA-11,Gleichgewichtung,0.5
Paderborn,PA-10,PA-03--PA-11,PA-03,1/d^2,0.0678091024209685
Paderborn,PA-10,PA-03--PA-11,PA-11,1/d^2,0.9321908975790314
Paderborn,PA-10,PA-03--PA-11,PA-03,Wald + Wind,0.3425111952202488
Paderborn,PA-10,PA-03--PA-11,PA-11,Wald + Wind,0.6574888047797511
Paderborn,PA-10,PA-03--PA-11,PA-03,Vollstaendig,0.501072568835114
Paderborn,PA-10,PA-03--PA-11,PA-11,Vollstaendig,0.498927431164886
Paderborn,PA-10,PA-03--PA-12,PA-03,Gleichgewichtung,0.5
Paderborn,PA-10,PA-03--PA-12,PA-12,Gleichgewichtung,0.5
Paderborn,PA-10,PA-03--PA-12,PA-03,1/d^2,0.0962025185483049
Paderborn,PA-10,PA-03--PA-12,PA-12,1/d^2,0.903797481451695
Paderborn,PA-10,PA-03--PA-12,PA-03,Wald + Wind,0.4718738055732688
Paderborn,PA-10,PA-03--PA-12,PA-12,Wald + Wind,0.5281261944267311
Paderborn,PA-10,PA-03--PA-12,PA-03,Vollstaendig,0.528173590285987
Paderborn,PA-10,PA-03--PA-12,PA-12,Vollstaendig,0.4718264097140131
Paderborn,PA-10,PA-04--PA-05,PA-04,Gleichgewichtung,0.5
Paderborn,PA-10,PA-04--PA-05,PA-05,Gleichgewichtung,0.5
Paderborn,PA-10,PA-04--PA-05,PA-04,1/d^2,0.3240014599205556
Paderborn,PA-10,PA-04--PA-05,PA-05,1/d^2,0.6759985400794444
Paderborn,PA-10,PA-04--PA-05,PA-04,Wald + Wind,0.4406416609818404
Paderborn,PA-10,PA-04--PA-05,PA-05,Wald + Wind,0.5593583390181596
Paderborn,PA-10,PA-04--PA-05,PA-04,Vollstaendig,0.5006271449150954
Paderborn,PA-10,PA-04--PA-05,PA-05,Vollstaendig,0.4993728550849045
Paderborn,PA-10,PA-04--PA-06,PA-04,Gleichgewichtung,0.5
Paderborn,PA-10,PA-04--PA-06,PA-06,Gleichgewichtung,0.5
Paderborn,PA-10,PA-04--PA-06,PA-04,1/d^2,0.1303287655510897
Paderborn,PA-10,PA-04--PA-06,PA-06,1/d^2,0.8696712344489103
Paderborn,PA-10,PA-04--PA-06,PA-04,Wald + Wind,0.2793819312180109
Paderborn,PA-10,PA-04--PA-06,PA-06,Wald + Wind,0.7206180687819891
Paderborn,PA-10,PA-04--PA-06,PA-04,Vollstaendig,0.4564577624837796
Paderborn,PA-10,PA-04--PA-06,PA-06,Vollstaendig,0.5435422375162202
Paderborn,PA-10,PA-04--PA-07,PA-04,Gleichgewichtung,0.5
Paderborn,PA-10,PA-04--PA-07,PA-07,Gleichgewichtung,0.5
Paderborn,PA-10,PA-04--PA-07,PA-04,1/d^2,0.1738191033934674
Paderborn,PA-10,PA-04--PA-07,PA-07,1/d^2,0.8261808966065324
Paderborn,PA-10,PA-04--PA-07,PA-04,Wald + Wind,0.4125378559939776
Paderborn,PA-10,PA-04--PA-07,PA-07,Wald + Wind,0.5874621440060225
Paderborn,PA-10,PA-04--PA-07,PA-04,Vollstaendig,0.4724946839325514
Paderborn,PA-10,PA-04--PA-07,PA-07,Vollstaendig,0.5275053160674484
Paderborn,PA-10,PA-04--PA-08,PA-04,Gleichgewichtung,0.5
Paderborn,PA-10,PA-04--PA-08,PA-08,Gleichgewichtung,0.5
Paderborn,PA-10,PA-04--PA-08,PA-04,1/d^2,0.2533024604944426
Paderborn,PA-10,PA-04--PA-08,PA-08,1/d^2,0.7466975395055573
Paderborn,PA-10,PA-04--PA-08,PA-04,Wald + Wind,0.3192898667326591
Paderborn,PA-10,PA-04--PA-08,PA-08,Wald + Wind,0.6807101332673409
Paderborn,PA-10,PA-04--PA-08,PA-04,Vollstaendig,0.4675752329896566
Paderborn,PA-10,PA-04--PA-08,PA-08,Vollstaendig,0.5324247670103435
Paderborn,PA-10,PA-04--PA-09,PA-04,Gleichgewichtung,0.5
Paderborn,PA-10,PA-04--PA-09,PA-09,Gleichgewichtung,0.5
Paderborn,PA-10,PA-04--PA-09,PA-04,1/d^2,0.1703691294646871
Paderborn,PA-10,PA-04--PA-09,PA-09,1/d^2,0.8296308705353129
Paderborn,PA-10,PA-04--PA-09,PA-04,Wald + Wind,0.3312379536956902
Paderborn,PA-10,PA-04--PA-09,PA-09,Wald + Wind,0.6687620463043098
Paderborn,PA-10,PA-04--PA-09,PA-04,Vollstaendig,0.4827043091408767
Paderborn,PA-10,PA-04--PA-09,PA-09,Vollstaendig,0.5172956908591234
Paderborn,PA-10,PA-04--PA-11,PA-04,Gleichgewichtung,0.5
Paderborn,PA-10,PA-04--PA-11,PA-11,Gleichgewichtung,0.5
Paderborn,PA-10,PA-04--PA-11,PA-04,1/d^2,0.0922773405499472
Paderborn,PA-10,PA-04--PA-11,PA-11,1/d^2,0.9077226594500528
Paderborn,PA-10,PA-04--PA-11,PA-04,Wald + Wind,0.3433778881119786
Paderborn,PA-10,PA-04--PA-11,PA-11,Wald + Wind,0.6566221118880213
Paderborn,PA-10,PA-04--PA-11,PA-04,Vollstaendig,0.5022259271287296
Paderborn,PA-10,PA-04--PA-11,PA-11,Vollstaendig,0.4977740728712705
Paderborn,PA-10,PA-04--PA-12,PA-04,Gleichgewichtung,0.5
Paderborn,PA-10,PA-04--PA-12,PA-12,Gleichgewichtung,0.5
Paderborn,PA-10,PA-04--PA-12,PA-04,1/d^2,0.1294930117744656
Paderborn,PA-10,PA-04--PA-12,PA-12,1/d^2,0.8705069882255343
Paderborn,PA-10,PA-04--PA-12,PA-04,Wald + Wind,0.4728324322564457
Paderborn,PA-10,PA-04--PA-12,PA-12,Wald + Wind,0.5271675677435543
Paderborn,PA-10,PA-04--PA-12,PA-04,Vollstaendig,0.5293231482235622
Paderborn,PA-10,PA-04--PA-12,PA-12,Vollstaendig,0.4706768517764378
Paderborn,PA-10,PA-05--PA-06,PA-05,Gleichgewichtung,0.5
Paderborn,PA-10,PA-05--PA-06,PA-06,Gleichgewichtung,0.5
Paderborn,PA-10,PA-05--PA-06,PA-05,1/d^2,0.2381929715148559
Paderborn,PA-10,PA-05--PA-06,PA-06,1/d^2,0.761807028485144
Paderborn,PA-10,PA-05--PA-06,PA-05,Wald + Wind,0.329826211805806
Paderborn,PA-10,PA-05--PA-06,PA-06,Wald + Wind,0.6701737881941939
Paderborn,PA-10,PA-05--PA-06,PA-05,Vollstaendig,0.4558354416268007
Paderborn,PA-10,PA-05--PA-06,PA-06,Vollstaendig,0.5441645583731994
Paderborn,PA-10,PA-05--PA-07,PA-05,Gleichgewichtung,0.5
Paderborn,PA-10,PA-05--PA-07,PA-07,Gleichgewichtung,0.5
Paderborn,PA-10,PA-05--PA-07,PA-05,1/d^2,0.3050517951019471
Paderborn,PA-10,PA-05--PA-07,PA-07,1/d^2,0.6949482048980529
Paderborn,PA-10,PA-05--PA-07,PA-05,Wald + Wind,0.4713002026689222
Paderborn,PA-10,PA-05--PA-07,PA-07,Wald + Wind,0.5286997973310776
Paderborn,PA-10,PA-05--PA-07,PA-05,Vollstaendig,0.4718694800029817
Paderborn,PA-10,PA-05--PA-07,PA-07,Vollstaendig,0.5281305199970183
Paderborn,PA-10,PA-05--PA-08,PA-05,Gleichgewichtung,0.5
Paderborn,PA-10,PA-05--PA-08,PA-08,Gleichgewichtung,0.5
Paderborn,PA-10,PA-05--PA-08,PA-05,1/d^2,0.4144417971502537
Paderborn,PA-10,PA-05--PA-08,PA-08,1/d^2,0.5855582028497461
Paderborn,PA-10,PA-05--PA-08,PA-05,Wald + Wind,0.3732079899929554
Paderborn,PA-10,PA-05--PA-08,PA-08,Wald + Wind,0.6267920100070445
Paderborn,PA-10,PA-05--PA-08,PA-05,Vollstaendig,0.4669507763020856
Paderborn,PA-10,PA-05--PA-08,PA-08,Vollstaendig,0.5330492236979143
Paderborn,PA-10,PA-05--PA-09,PA-05,Gleichgewichtung,0.5
Paderborn,PA-10,PA-05--PA-09,PA-09,Gleichgewichtung,0.5
Paderborn,PA-10,PA-05--PA-09,PA-05,1/d^2,0.2999427404006566
Paderborn,PA-10,PA-05--PA-09,PA-09,1/d^2,0.7000572595993433
Paderborn,PA-10,PA-05--PA-09,PA-05,Wald + Wind,0.3860295255451217
Paderborn,PA-10,PA-05--PA-09,PA-09,Wald + Wind,0.6139704744548783
Paderborn,PA-10,PA-05--PA-09,PA-05,Vollstaendig,0.4820779418212006
Paderborn,PA-10,PA-05--PA-09,PA-09,Vollstaendig,0.5179220581787993
Paderborn,PA-10,PA-05--PA-11,PA-05,Gleichgewichtung,0.5
Paderborn,PA-10,PA-05--PA-11,PA-11,Gleichgewichtung,0.5
Paderborn,PA-10,PA-05--PA-11,PA-05,1/d^2,0.1749855672744
Paderborn,PA-10,PA-05--PA-11,PA-11,1/d^2,0.8250144327255999
Paderborn,PA-10,PA-05--PA-11,PA-05,Wald + Wind,0.3989795478914251
Paderborn,PA-10,PA-05--PA-11,PA-11,Wald + Wind,0.6010204521085748
Paderborn,PA-10,PA-05--PA-11,PA-05,Vollstaendig,0.5015987911411487
Paderborn,PA-10,PA-05--PA-11,PA-11,Vollstaendig,0.4984012088588512
Paderborn,PA-10,PA-05--PA-12,PA-05,Gleichgewichtung,0.5
Paderborn,PA-10,PA-05--PA-12,PA-12,Gleichgewichtung,0.5
Paderborn,PA-10,PA-05--PA-12,PA-05,1/d^2,0.2368539041266043
Paderborn,PA-10,PA-05--PA-12,PA-12,1/d^2,0.7631460958733957
Paderborn,PA-10,PA-05--PA-12,PA-05,Wald + Wind,0.5323997655340418
Paderborn,PA-10,PA-05--PA-12,PA-12,Wald + Wind,0.4676002344659581
Paderborn,PA-10,PA-05--PA-12,PA-05,Vollstaendig,0.5286981143260648
Paderborn,PA-10,PA-05--PA-12,PA-12,Vollstaendig,0.4713018856739352
Paderborn,PA-10,PA-06--PA-07,PA-06,Gleichgewichtung,0.5
Paderborn,PA-10,PA-06--PA-07,PA-07,Gleichgewichtung,0.5
Paderborn,PA-10,PA-06--PA-07,PA-06,1/d^2,0.5840098811046334
Paderborn,PA-10,PA-06--PA-07,PA-07,1/d^2,0.4159901188953666
Paderborn,PA-10,PA-06--PA-07,PA-06,Wald + Wind,0.644292869366031
Paderborn,PA-10,PA-06--PA-07,PA-07,Wald + Wind,0.3557071306339689
Paderborn,PA-10,PA-06--PA-07,PA-06,Vollstaendig,0.5161141172881903
Paderborn,PA-10,PA-06--PA-07,PA-07,Vollstaendig,0.4838858827118096
Paderborn,PA-10,PA-06--PA-08,PA-06,Gleichgewichtung,0.5
Paderborn,PA-10,PA-06--PA-08,PA-08,Gleichgewichtung,0.5
Paderborn,PA-10,PA-06--PA-08,PA-06,1/d^2,0.693594709366043
Paderborn,PA-10,PA-06--PA-08,PA-08,1/d^2,0.306405290633957
Paderborn,PA-10,PA-06--PA-08,PA-06,Wald + Wind,0.5474795847814453
Paderborn,PA-10,PA-06--PA-08,PA-08,Wald + Wind,0.4525204152185546
Paderborn,PA-10,PA-06--PA-08,PA-06,Vollstaendig,0.5111806117543527
Paderborn,PA-10,PA-06--PA-08,PA-08,Vollstaendig,0.4888193882456472
Paderborn,PA-10,PA-06--PA-09,PA-06,Gleichgewichtung,0.5
Paderborn,PA-10,PA-06--PA-09,PA-09,Gleichgewichtung,0.5
Paderborn,PA-10,PA-06--PA-09,PA-06,1/d^2,0.5781153767097997
Paderborn,PA-10,PA-06--PA-09,PA-09,1/d^2,0.4218846232902003
Paderborn,PA-10,PA-06--PA-09,PA-06,Wald + Wind,0.5609302290924326
Paderborn,PA-10,PA-06--PA-09,PA-09,Wald + Wind,0.4390697709075673
Paderborn,PA-10,PA-06--PA-09,PA-06,Vollstaendig,0.5263258499186286
Paderborn,PA-10,PA-06--PA-09,PA-09,Vollstaendig,0.4736741500813713
Paderborn,PA-10,PA-06--PA-11,PA-06,Gleichgewichtung,0.5
Paderborn,PA-10,PA-06--PA-11,PA-11,Gleichgewichtung,0.5
Paderborn,PA-10,PA-06--PA-11,PA-06,1/d^2,0.4041783220916522
Paderborn,PA-10,PA-06--PA-11,PA-11,1/d^2,0.5958216779083477
Paderborn,PA-10,PA-06--PA-11,PA-06,Wald + Wind,0.5742597428514004
Paderborn,PA-10,PA-06--PA-11,PA-11,Wald + Wind,0.4257402571485997
Paderborn,PA-10,PA-06--PA-11,PA-06,Vollstaendig,0.5457504277809694
Paderborn,PA-10,PA-06--PA-11,PA-11,Vollstaendig,0.4542495722190306
Paderborn,PA-10,PA-06--PA-12,PA-06,Gleichgewichtung,0.5
Paderborn,PA-10,PA-06--PA-12,PA-12,Gleichgewichtung,0.5
Paderborn,PA-10,PA-06--PA-12,PA-06,1/d^2,0.4981515470604846
Paderborn,PA-10,PA-06--PA-12,PA-12,1/d^2,0.5018484529395153
Paderborn,PA-10,PA-06--PA-12,PA-06,Wald + Wind,0.6982023275789684
Paderborn,PA-10,PA-06--PA-12,PA-12,Wald + Wind,0.3017976724210315
Paderborn,PA-10,PA-06--PA-12,PA-06,Vollstaendig,0.5724951398707913
Paderborn,PA-10,PA-06--PA-12,PA-12,Vollstaendig,0.4275048601292087
Paderborn,PA-10,PA-07--PA-08,PA-07,Gleichgewichtung,0.5
Paderborn,PA-10,PA-07--PA-08,PA-08,Gleichgewichtung,0.5
Paderborn,PA-10,PA-07--PA-08,PA-07,1/d^2,0.617209979011166
Paderborn,PA-10,PA-07--PA-08,PA-08,1/d^2,0.3827900209888341
Paderborn,PA-10,PA-07--PA-08,PA-07,Wald + Wind,0.4004589049742763
Paderborn,PA-10,PA-07--PA-08,PA-08,Wald + Wind,0.5995410950257237
Paderborn,PA-10,PA-07--PA-08,PA-07,Vollstaendig,0.4950629365083767
Paderborn,PA-10,PA-07--PA-08,PA-08,Vollstaendig,0.5049370634916233
Paderborn,PA-10,PA-07--PA-09,PA-07,Gleichgewichtung,0.5
Paderborn,PA-10,PA-07--PA-09,PA-09,Gleichgewichtung,0.5
Paderborn,PA-10,PA-07--PA-09,PA-07,1/d^2,0.4939465945968939
Paderborn,PA-10,PA-07--PA-09,PA-09,1/d^2,0.5060534054031062
Paderborn,PA-10,PA-07--PA-09,PA-07,Wald + Wind,0.4135988749142731
Paderborn,PA-10,PA-07--PA-09,PA-09,Wald + Wind,0.586401125085727
Paderborn,PA-10,PA-07--PA-09,PA-07,Vollstaendig,0.5102290900801599
Paderborn,PA-10,PA-07--PA-09,PA-09,Vollstaendig,0.48977090991984
Paderborn,PA-10,PA-07--PA-11,PA-07,Gleichgewichtung,0.5
Paderborn,PA-10,PA-07--PA-11,PA-11,Gleichgewichtung,0.5
Paderborn,PA-10,PA-07--PA-11,PA-07,1/d^2,0.3257783554787816
Paderborn,PA-10,PA-07--PA-11,PA-11,1/d^2,0.6742216445212185
Paderborn,PA-10,PA-07--PA-11,PA-07,Wald + Wind,0.4268307971473232
Paderborn,PA-10,PA-07--PA-11,PA-11,Wald + Wind,0.5731692028526767
Paderborn,PA-10,PA-07--PA-11,PA-07,Vollstaendig,0.5297239638177442
Paderborn,PA-10,PA-07--PA-11,PA-11,Vollstaendig,0.4702760361822558
Paderborn,PA-10,PA-07--PA-12,PA-07,Gleichgewichtung,0.5
Paderborn,PA-10,PA-07--PA-12,PA-12,Gleichgewichtung,0.5
Paderborn,PA-10,PA-07--PA-12,PA-07,1/d^2,0.414194964032526
Paderborn,PA-10,PA-07--PA-12,PA-12,1/d^2,0.5858050359674739
Paderborn,PA-10,PA-07--PA-12,PA-07,Wald + Wind,0.560873147213974
Paderborn,PA-10,PA-07--PA-12,PA-12,Wald + Wind,0.4391268527860261
Paderborn,PA-10,PA-07--PA-12,PA-07,Vollstaendig,0.5566457155918073
Paderborn,PA-10,PA-07--PA-12,PA-12,Vollstaendig,0.4433542844081926
Paderborn,PA-10,PA-08--PA-09,PA-08,Gleichgewichtung,0.5
Paderborn,PA-10,PA-08--PA-09,PA-09,Gleichgewichtung,0.5
Paderborn,PA-10,PA-08--PA-09,PA-08,1/d^2,0.3770854566570228
Paderborn,PA-10,PA-08--PA-09,PA-09,1/d^2,0.6229145433429771
Paderborn,PA-10,PA-08--PA-09,PA-08,Wald + Wind,0.5136081142508148
Paderborn,PA-10,PA-08--PA-09,PA-09,Wald + Wind,0.4863918857491851
Paderborn,PA-10,PA-08--PA-09,PA-08,Vollstaendig,0.5151630905263781
Paderborn,PA-10,PA-08--PA-09,PA-09,Vollstaendig,0.4848369094736219
Paderborn,PA-10,PA-08--PA-11,PA-08,Gleichgewichtung,0.5
Paderborn,PA-10,PA-08--PA-11,PA-11,Gleichgewichtung,0.5
Paderborn,PA-10,PA-08--PA-11,PA-08,1/d^2,0.2305755230777915
Paderborn,PA-10,PA-08--PA-11,PA-11,1/d^2,0.7694244769222084
Paderborn,PA-10,PA-08--PA-11,PA-08,Wald + Wind,0.5271632491695587
Paderborn,PA-10,PA-08--PA-11,PA-11,Wald + Wind,0.4728367508304413
Paderborn,PA-10,PA-08--PA-11,PA-08,Vollstaendig,0.5346406933475514
Paderborn,PA-10,PA-08--PA-11,PA-11,Vollstaendig,0.4653593066524486
Paderborn,PA-10,PA-08--PA-12,PA-08,Gleichgewichtung,0.5
Paderborn,PA-10,PA-08--PA-12,PA-12,Gleichgewichtung,0.5
Paderborn,PA-10,PA-08--PA-12,PA-08,1/d^2,0.3048361957178458
Paderborn,PA-10,PA-08--PA-12,PA-12,1/d^2,0.6951638042821542
Paderborn,PA-10,PA-08--PA-12,PA-08,Wald + Wind,0.6566182055193654
Paderborn,PA-10,PA-08--PA-12,PA-12,Wald + Wind,0.3433817944806346
Paderborn,PA-10,PA-08--PA-12,PA-08,Vollstaendig,0.5615139662404166
Paderborn,PA-10,PA-08--PA-12,PA-12,Vollstaendig,0.4384860337595834
Paderborn,PA-10,PA-09--PA-11,PA-09,Gleichgewichtung,0.5
Paderborn,PA-10,PA-09--PA-11,PA-11,Gleichgewichtung,0.5
Paderborn,PA-10,PA-09--PA-11,PA-09,1/d^2,0.331119331537255
Paderborn,PA-10,PA-09--PA-11,PA-11,1/d^2,0.668880668462745
Paderborn,PA-10,PA-09--PA-11,PA-09,Wald + Wind,0.5135752067088539
Paderborn,PA-10,PA-09--PA-11,PA-11,Wald + Wind,0.4864247932911462
Paderborn,PA-10,PA-09--PA-11,PA-09,Vollstaendig,0.5195186122037474
Paderborn,PA-10,PA-09--PA-11,PA-11,Vollstaendig,0.4804813877962526
Paderborn,PA-10,PA-09--PA-12,PA-09,Gleichgewichtung,0.5
Paderborn,PA-10,PA-09--PA-12,PA-12,Gleichgewichtung,0.5
Paderborn,PA-10,PA-09--PA-12,PA-09,1/d^2,0.4200823284314848
Paderborn,PA-10,PA-09--PA-12,PA-12,1/d^2,0.5799176715685153
Paderborn,PA-10,PA-09--PA-12,PA-09,Wald + Wind,0.6442397515560869
Paderborn,PA-10,PA-09--PA-12,PA-12,Wald + Wind,0.355760248443913
Paderborn,PA-10,PA-09--PA-12,PA-09,Vollstaendig,0.5465244569441042
Paderborn,PA-10,PA-09--PA-12,PA-12,Vollstaendig,0.4534755430558958
Paderborn,PA-10,PA-11--PA-12,PA-11,Gleichgewichtung,0.5
Paderborn,PA-10,PA-11--PA-12,PA-12,Gleichgewichtung,0.5
Paderborn,PA-10,PA-11--PA-12,PA-11,1/d^2,0.5940398510229689
Paderborn,PA-10,PA-11--PA-12,PA-12,1/d^2,0.4059601489770312
Paderborn,PA-10,PA-11--PA-12,PA-11,Wald + Wind,0.6316960326582488
Paderborn,PA-10,PA-11--PA-12,PA-12,Wald + Wind,0.3683039673417511
Paderborn,PA-10,PA-11--PA-12,PA-11,Vollstaendig,0.5271042976139928
Paderborn,PA-10,PA-11--PA-12,PA-12,Vollstaendig,0.4728957023860072
Paderborn,PA-11,PA-01--PA-02,PA-01,Gleichgewichtung,0.5
Paderborn,PA-11,PA-01--PA-02,PA-02,Gleichgewichtung,0.5
Paderborn,PA-11,PA-01--PA-02,PA-01,1/d^2,0.5167303662054353
Paderborn,PA-11,PA-01--PA-02,PA-02,1/d^2,0.4832696337945646
Paderborn,PA-11,PA-01--PA-02,PA-01,Wald + Wind,0.4111373821422437
Paderborn,PA-11,PA-01--PA-02,PA-02,Wald + Wind,0.5888626178577562
Paderborn,PA-11,PA-01--PA-02,PA-01,Vollstaendig,0.4163159484865407
Paderborn,PA-11,PA-01--PA-02,PA-02,Vollstaendig,0.5836840515134593
Paderborn,PA-11,PA-01--PA-03,PA-01,Gleichgewichtung,0.5
Paderborn,PA-11,PA-01--PA-03,PA-03,Gleichgewichtung,0.5
Paderborn,PA-11,PA-01--PA-03,PA-01,1/d^2,0.3771878432461619
Paderborn,PA-11,PA-01--PA-03,PA-03,1/d^2,0.6228121567538379
Paderborn,PA-11,PA-01--PA-03,PA-01,Wald + Wind,0.2909140400004852
Paderborn,PA-11,PA-01--PA-03,PA-03,Wald + Wind,0.7090859599995147
Paderborn,PA-11,PA-01--PA-03,PA-01,Vollstaendig,0.3962824661006611
Paderborn,PA-11,PA-01--PA-03,PA-03,Vollstaendig,0.6037175338993389
Paderborn,PA-11,PA-01--PA-04,PA-01,Gleichgewichtung,0.5
Paderborn,PA-11,PA-01--PA-04,PA-04,Gleichgewichtung,0.5
Paderborn,PA-11,PA-01--PA-04,PA-01,1/d^2,0.3252410275590952
Paderborn,PA-11,PA-01--PA-04,PA-04,1/d^2,0.6747589724409048
Paderborn,PA-11,PA-01--PA-04,PA-01,Wald + Wind,0.321181755814457
Paderborn,PA-11,PA-01--PA-04,PA-04,Wald + Wind,0.678818244185543
Paderborn,PA-11,PA-01--PA-04,PA-01,Vollstaendig,0.4470326327242052
Paderborn,PA-11,PA-01--PA-04,PA-04,Vollstaendig,0.5529673672757948
Paderborn,PA-11,PA-01--PA-05,PA-01,Gleichgewichtung,0.5
Paderborn,PA-11,PA-01--PA-05,PA-05,Gleichgewichtung,0.5
Paderborn,PA-11,PA-01--PA-05,PA-01,1/d^2,0.2155061750505098
Paderborn,PA-11,PA-01--PA-05,PA-05,1/d^2,0.78449382494949
Paderborn,PA-11,PA-01--PA-05,PA-01,Wald + Wind,0.1560620246240822
Paderborn,PA-11,PA-01--PA-05,PA-05,Wald + Wind,0.8439379753759179
Paderborn,PA-11,PA-01--PA-05,PA-01,Vollstaendig,0.3688532088961155
Paderborn,PA-11,PA-01--PA-05,PA-05,Vollstaendig,0.6311467911038845
Paderborn,PA-11,PA-01--PA-06,PA-01,Gleichgewichtung,0.5
Paderborn,PA-11,PA-01--PA-06,PA-06,Gleichgewichtung,0.5
Paderborn,PA-11,PA-01--PA-06,PA-01,1/d^2,0.1228481238083528
Paderborn,PA-11,PA-01--PA-06,PA-06,1/d^2,0.8771518761916471
Paderborn,PA-11,PA-01--PA-06,PA-01,Wald + Wind,0.1407592326181832
Paderborn,PA-11,PA-01--PA-06,PA-06,Wald + Wind,0.8592407673818169
Paderborn,PA-11,PA-01--PA-06,PA-01,Vollstaendig,0.3914719193187498
Paderborn,PA-11,PA-01--PA-06,PA-06,Vollstaendig,0.6085280806812502
Paderborn,PA-11,PA-01--PA-07,PA-01,Gleichgewichtung,0.5
Paderborn,PA-11,PA-01--PA-07,PA-07,Gleichgewichtung,0.5
Paderborn,PA-11,PA-01--PA-07,PA-01,1/d^2,0.1334765426854119
Paderborn,PA-11,PA-01--PA-07,PA-07,1/d^2,0.866523457314588
Paderborn,PA-11,PA-01--PA-07,PA-01,Wald + Wind,0.1425934616338498
Paderborn,PA-11,PA-01--PA-07,PA-07,Wald + Wind,0.8574065383661501
Paderborn,PA-11,PA-01--PA-07,PA-01,Vollstaendig,0.3577564741388565
Paderborn,PA-11,PA-01--PA-07,PA-07,Vollstaendig,0.6422435258611435
Paderborn,PA-11,PA-01--PA-08,PA-01,Gleichgewichtung,0.5
Paderborn,PA-11,PA-01--PA-08,PA-08,Gleichgewichtung,0.5
Paderborn,PA-11,PA-01--PA-08,PA-01,1/d^2,0.1616652405157062
Paderborn,PA-11,PA-01--PA-08,PA-08,1/d^2,0.8383347594842937
Paderborn,PA-11,PA-01--PA-08,PA-01,Wald + Wind,0.1416149948924342
Paderborn,PA-11,PA-01--PA-08,PA-08,Wald + Wind,0.8583850051075659
Paderborn,PA-11,PA-01--PA-08,PA-01,Vollstaendig,0.3491256269080028
Paderborn,PA-11,PA-01--PA-08,PA-08,Vollstaendig,0.6508743730919972
Paderborn,PA-11,PA-01--PA-09,PA-01,Gleichgewichtung,0.5
Paderborn,PA-11,PA-01--PA-09,PA-09,Gleichgewichtung,0.5
Paderborn,PA-11,PA-01--PA-09,PA-01,1/d^2,0.0656511824104027
Paderborn,PA-11,PA-01--PA-09,PA-09,1/d^2,0.9343488175895972
Paderborn,PA-11,PA-01--PA-09,PA-01,Wald + Wind,0.169334998702711
Paderborn,PA-11,PA-01--PA-09,PA-09,Wald + Wind,0.830665001297289
Paderborn,PA-11,PA-01--PA-09,PA-01,Vollstaendig,0.3506258686424689
Paderborn,PA-11,PA-01--PA-09,PA-09,Vollstaendig,0.6493741313575311
Paderborn,PA-11,PA-01--PA-10,PA-01,Gleichgewichtung,0.5
Paderborn,PA-11,PA-01--PA-10,PA-10,Gleichgewichtung,0.5
Paderborn,PA-11,PA-01--PA-10,PA-01,1/d^2,0.0277747553260788
Paderborn,PA-11,PA-01--PA-10,PA-10,1/d^2,0.9722252446739212
Paderborn,PA-11,PA-01--PA-10,PA-01,Wald + Wind,0.1479196787627696
Paderborn,PA-11,PA-01--PA-10,PA-10,Wald + Wind,0.8520803212372303
Paderborn,PA-11,PA-01--PA-10,PA-01,Vollstaendig,0.3878521679034795
Paderborn,PA-11,PA-01--PA-10,PA-10,Vollstaendig,0.6121478320965206
Paderborn,PA-11,PA-01--PA-12,PA-01,Gleichgewichtung,0.5
Paderborn,PA-11,PA-01--PA-12,PA-12,Gleichgewichtung,0.5
Paderborn,PA-11,PA-01--PA-12,PA-01,1/d^2,0.0046803248462237
Paderborn,PA-11,PA-01--PA-12,PA-12,1/d^2,0.9953196751537764
Paderborn,PA-11,PA-01--PA-12,PA-01,Wald + Wind,0.1040360104935304
Paderborn,PA-11,PA-01--PA-12,PA-12,Wald + Wind,0.8959639895064695
Paderborn,PA-11,PA-01--PA-12,PA-01,Vollstaendig,0.3065721665249189
Paderborn,PA-11,PA-01--PA-12,PA-12,Vollstaendig,0.693427833475081
Paderborn,PA-11,PA-02--PA-03,PA-02,Gleichgewichtung,0.5
Paderborn,PA-11,PA-02--PA-03,PA-03,Gleichgewichtung,0.5
Paderborn,PA-11,PA-02--PA-03,PA-02,1/d^2,0.3615949958574396
Paderborn,PA-11,PA-02--PA-03,PA-03,1/d^2,0.6384050041425603
Paderborn,PA-11,PA-02--PA-03,PA-02,Wald + Wind,0.370124337162554
Paderborn,PA-11,PA-02--PA-03,PA-03,Wald + Wind,0.6298756628374459
Paderborn,PA-11,PA-02--PA-03,PA-02,Vollstaendig,0.4792459792348156
Paderborn,PA-11,PA-02--PA-03,PA-03,Vollstaendig,0.5207540207651844
Paderborn,PA-11,PA-02--PA-04,PA-02,Gleichgewichtung,0.5
Paderborn,PA-11,PA-02--PA-04,PA-04,Gleichgewichtung,0.5
Paderborn,PA-11,PA-02--PA-04,PA-02,1/d^2,0.3107242650039056
Paderborn,PA-11,PA-02--PA-04,PA-04,1/d^2,0.6892757349960944
Paderborn,PA-11,PA-02--PA-04,PA-02,Wald + Wind,0.4039386130517673
Paderborn,PA-11,PA-02--PA-04,PA-04,Wald + Wind,0.5960613869482327
Paderborn,PA-11,PA-02--PA-04,PA-02,Vollstaendig,0.5312711242592549
Paderborn,PA-11,PA-02--PA-04,PA-04,Vollstaendig,0.4687288757407452
Paderborn,PA-11,PA-02--PA-05,PA-02,Gleichgewichtung,0.5
Paderborn,PA-11,PA-02--PA-05,PA-05,Gleichgewichtung,0.5
Paderborn,PA-11,PA-02--PA-05,PA-02,1/d^2,0.2044035930166669
Paderborn,PA-11,PA-02--PA-05,PA-05,1/d^2,0.7955964069833329
Paderborn,PA-11,PA-02--PA-05,PA-02,Wald + Wind,0.2093976590526945
Paderborn,PA-11,PA-02--PA-05,PA-05,Wald + Wind,0.7906023409473055
Paderborn,PA-11,PA-02--PA-05,PA-02,Vollstaendig,0.4503579973794052
Paderborn,PA-11,PA-02--PA-05,PA-05,Vollstaendig,0.5496420026205947
Paderborn,PA-11,PA-02--PA-06,PA-02,Gleichgewichtung,0.5
Paderborn,PA-11,PA-02--PA-06,PA-06,Gleichgewichtung,0.5
Paderborn,PA-11,PA-02--PA-06,PA-02,1/d^2,0.1158144307969769
Paderborn,PA-11,PA-02--PA-06,PA-06,1/d^2,0.8841855692030232
Paderborn,PA-11,PA-02--PA-06,PA-02,Wald + Wind,0.1900426884203597
Paderborn,PA-11,PA-02--PA-06,PA-06,Wald + Wind,0.8099573115796402
Paderborn,PA-11,PA-02--PA-06,PA-02,Vollstaendig,0.4742194062562603
Paderborn,PA-11,PA-02--PA-06,PA-06,Vollstaendig,0.5257805937437396
Paderborn,PA-11,PA-02--PA-07,PA-02,Gleichgewichtung,0.5
Paderborn,PA-11,PA-02--PA-07,PA-07,Gleichgewichtung,0.5
Paderborn,PA-11,PA-02--PA-07,PA-02,1/d^2,0.1259216768223086
Paderborn,PA-11,PA-02--PA-07,PA-07,1/d^2,0.8740783231776913
Paderborn,PA-11,PA-02--PA-07,PA-02,Wald + Wind,0.1923753439628427
Paderborn,PA-11,PA-02--PA-07,PA-07,Wald + Wind,0.8076246560371572
Paderborn,PA-11,PA-02--PA-07,PA-02,Vollstaendig,0.4385128740603519
Paderborn,PA-11,PA-02--PA-07,PA-07,Vollstaendig,0.5614871259396481
Paderborn,PA-11,PA-02--PA-08,PA-02,Gleichgewichtung,0.5
Paderborn,PA-11,PA-02--PA-08,PA-08,Gleichgewichtung,0.5
Paderborn,PA-11,PA-02--PA-08,PA-02,1/d^2,0.1527962130489836
Paderborn,PA-11,PA-02--PA-08,PA-08,1/d^2,0.8472037869510163
Paderborn,PA-11,PA-02--PA-08,PA-02,Wald + Wind,0.1911314260964446
Paderborn,PA-11,PA-02--PA-08,PA-08,Wald + Wind,0.8088685739035554
Paderborn,PA-11,PA-02--PA-08,PA-02,Vollstaendig,0.4292358693778226
Paderborn,PA-11,PA-02--PA-08,PA-08,Vollstaendig,0.5707641306221775
Paderborn,PA-11,PA-02--PA-09,PA-02,Gleichgewichtung,0.5
Paderborn,PA-11,PA-02--PA-09,PA-09,Gleichgewichtung,0.5
Paderborn,PA-11,PA-02--PA-09,PA-02,1/d^2,0.0616620975948431
Paderborn,PA-11,PA-02--PA-09,PA-09,1/d^2,0.9383379024051568
Paderborn,PA-11,PA-02--PA-09,PA-02,Wald + Wind,0.2259920882716992
Paderborn,PA-11,PA-02--PA-09,PA-09,Wald + Wind,0.7740079117283007
Paderborn,PA-11,PA-02--PA-09,PA-02,Vollstaendig,0.4308524798398118
Paderborn,PA-11,PA-02--PA-09,PA-09,Vollstaendig,0.5691475201601882
Paderborn,PA-11,PA-02--PA-10,PA-02,Gleichgewichtung,0.5
Paderborn,PA-11,PA-02--PA-10,PA-10,Gleichgewichtung,0.5
Paderborn,PA-11,PA-02--PA-10,PA-02,1/d^2,0.0260230123028398
Paderborn,PA-11,PA-02--PA-10,PA-10,1/d^2,0.97397698769716
Paderborn,PA-11,PA-02--PA-10,PA-02,Wald + Wind,0.1991291813250441
Paderborn,PA-11,PA-02--PA-10,PA-10,Wald + Wind,0.8008708186749557
Paderborn,PA-11,PA-02--PA-10,PA-02,Vollstaendig,0.4704260137525843
Paderborn,PA-11,PA-02--PA-10,PA-10,Vollstaendig,0.5295739862474157
Paderborn,PA-11,PA-02--PA-12,PA-02,Gleichgewichtung,0.5
Paderborn,PA-11,PA-02--PA-12,PA-12,Gleichgewichtung,0.5
Paderborn,PA-11,PA-02--PA-12,PA-02,1/d^2,0.0043785787307105
Paderborn,PA-11,PA-02--PA-12,PA-12,1/d^2,0.9956214212692897
Paderborn,PA-11,PA-02--PA-12,PA-02,Wald + Wind,0.1425955259473181
Paderborn,PA-11,PA-02--PA-12,PA-12,Wald + Wind,0.8574044740526819
Paderborn,PA-11,PA-02--PA-12,PA-02,Vollstaendig,0.3826586848039318
Paderborn,PA-11,PA-02--PA-12,PA-12,Vollstaendig,0.6173413151960682
Paderborn,PA-11,PA-03--PA-04,PA-03,Gleichgewichtung,0.5
Paderborn,PA-11,PA-03--PA-04,PA-04,Gleichgewichtung,0.5
Paderborn,PA-11,PA-03--PA-04,PA-03,1/d^2,0.4431747287982553
Paderborn,PA-11,PA-03--PA-04,PA-04,1/d^2,0.5568252712017446
Paderborn,PA-11,PA-03--PA-04,PA-03,Wald + Wind,0.5355903835584636
Paderborn,PA-11,PA-03--PA-04,PA-04,Wald + Wind,0.4644096164415364
Paderborn,PA-11,PA-03--PA-04,PA-03,Vollstaendig,0.5518904371254031
Paderborn,PA-11,PA-03--PA-04,PA-04,Vollstaendig,0.4481095628745969
Paderborn,PA-11,PA-03--PA-05,PA-03,Gleichgewichtung,0.5
Paderborn,PA-11,PA-03--PA-05,PA-05,Gleichgewichtung,0.5
Paderborn,PA-11,PA-03--PA-05,PA-03,1/d^2,0.3120511228167754
Paderborn,PA-11,PA-03--PA-05,PA-05,1/d^2,0.6879488771832246
Paderborn,PA-11,PA-03--PA-05,PA-03,Wald + Wind,0.3106940514735292
Paderborn,PA-11,PA-03--PA-05,PA-05,Wald + Wind,0.6893059485264708
Paderborn,PA-11,PA-03--PA-05,PA-03,Vollstaendig,0.4709924756824676
Paderborn,PA-11,PA-03--PA-05,PA-05,Vollstaendig,0.5290075243175323
Paderborn,PA-11,PA-03--PA-06,PA-03,Gleichgewichtung,0.5
Paderborn,PA-11,PA-03--PA-06,PA-06,Gleichgewichtung,0.5
Paderborn,PA-11,PA-03--PA-06,PA-03,1/d^2,0.1878212574774163
Paderborn,PA-11,PA-03--PA-06,PA-06,1/d^2,0.8121787425225837
Paderborn,PA-11,PA-03--PA-06,PA-03,Wald + Wind,0.2853555136498792
Paderborn,PA-11,PA-03--PA-06,PA-06,Wald + Wind,0.7146444863501207
Paderborn,PA-11,PA-03--PA-06,PA-03,Vollstaendig,0.4949626460568314
Paderborn,PA-11,PA-03--PA-06,PA-06,Vollstaendig,0.5050373539431685
Paderborn,PA-11,PA-03--PA-07,PA-03,Gleichgewichtung,0.5
Paderborn,PA-11,PA-03--PA-07,PA-07,Gleichgewichtung,0.5
Paderborn,PA-11,PA-03--PA-07,PA-03,1/d^2,0.2027714706690244
Paderborn,PA-11,PA-03--PA-07,PA-07,1/d^2,0.7972285293309754
Paderborn,PA-11,PA-03--PA-07,PA-03,Wald + Wind,0.2884414487510275
Paderborn,PA-11,PA-03--PA-07,PA-07,Wald + Wind,0.7115585512489726
Paderborn,PA-11,PA-03--PA-07,PA-03,Vollstaendig,0.4590579091838319
Paderborn,PA-11,PA-03--PA-07,PA-07,Vollstaendig,0.5409420908161682
Paderborn,PA-11,PA-03--PA-08,PA-03,Gleichgewichtung,0.5
Paderborn,PA-11,PA-03--PA-08,PA-08,Gleichgewichtung,0.5
Paderborn,PA-11,PA-03--PA-08,PA-03,1/d^2,0.2415156161216051
Paderborn,PA-11,PA-03--PA-08,PA-08,1/d^2,0.7584843838783949
Paderborn,PA-11,PA-03--PA-08,PA-03,Wald + Wind,0.2867969437539063
Paderborn,PA-11,PA-03--PA-08,PA-08,Wald + Wind,0.7132030562460936
Paderborn,PA-11,PA-03--PA-08,PA-03,Vollstaendig,0.4496943666338981
Paderborn,PA-11,PA-03--PA-08,PA-08,Vollstaendig,0.5503056333661017
Paderborn,PA-11,PA-03--PA-09,PA-03,Gleichgewichtung,0.5
Paderborn,PA-11,PA-03--PA-09,PA-09,Gleichgewichtung,0.5
Paderborn,PA-11,PA-03--PA-09,PA-03,1/d^2,0.1039587200540918
Paderborn,PA-11,PA-03--PA-09,PA-09,1/d^2,0.8960412799459081
Paderborn,PA-11,PA-03--PA-09,PA-03,Wald + Wind,0.3319455659913127
Paderborn,PA-11,PA-03--PA-09,PA-09,Wald + Wind,0.6680544340086872
Paderborn,PA-11,PA-03--PA-09,PA-03,Vollstaendig,0.4513271008226808
Paderborn,PA-11,PA-03--PA-09,PA-09,Vollstaendig,0.5486728991773192
Paderborn,PA-11,PA-03--PA-10,PA-03,Gleichgewichtung,0.5
Paderborn,PA-11,PA-03--PA-10,PA-10,Gleichgewichtung,0.5
Paderborn,PA-11,PA-03--PA-10,PA-03,1/d^2,0.0450468876787033
Paderborn,PA-11,PA-03--PA-10,PA-10,1/d^2,0.9549531123212966
Paderborn,PA-11,PA-03--PA-10,PA-03,Wald + Wind,0.2973262984895159
Paderborn,PA-11,PA-03--PA-10,PA-10,Wald + Wind,0.7026737015104841
Paderborn,PA-11,PA-03--PA-10,PA-03,Vollstaendig,0.491158327180954
Paderborn,PA-11,PA-03--PA-10,PA-10,Vollstaendig,0.5088416728190459
Paderborn,PA-11,PA-03--PA-12,PA-03,Gleichgewichtung,0.5
Paderborn,PA-11,PA-03--PA-12,PA-12,Gleichgewichtung,0.5
Paderborn,PA-11,PA-03--PA-12,PA-03,1/d^2,0.0077046648479243
Paderborn,PA-11,PA-03--PA-12,PA-12,1/d^2,0.9922953351520756
Paderborn,PA-11,PA-03--PA-12,PA-03,Wald + Wind,0.2205929662236424
Paderborn,PA-11,PA-03--PA-12,PA-12,Wald + Wind,0.7794070337763576
Paderborn,PA-11,PA-03--PA-12,PA-03,Vollstaendig,0.402462572382642
Paderborn,PA-11,PA-03--PA-12,PA-12,Vollstaendig,0.5975374276173581
Paderborn,PA-11,PA-04--PA-05,PA-04,Gleichgewichtung,0.5
Paderborn,PA-11,PA-04--PA-05,PA-05,Gleichgewichtung,0.5
Paderborn,PA-11,PA-04--PA-05,PA-04,1/d^2,0.3630246733241333
Paderborn,PA-11,PA-04--PA-05,PA-05,1/d^2,0.6369753266758666
Paderborn,PA-11,PA-04--PA-05,PA-04,Wald + Wind,0.2810055433957164
Paderborn,PA-11,PA-04--PA-05,PA-05,Wald + Wind,0.7189944566042836
Paderborn,PA-11,PA-04--PA-05,PA-04,Vollstaendig,0.4195861981940528
Paderborn,PA-11,PA-04--PA-05,PA-05,Vollstaendig,0.5804138018059471
Paderborn,PA-11,PA-04--PA-06,PA-04,Gleichgewichtung,0.5
Paderborn,PA-11,PA-04--PA-06,PA-06,Gleichgewichtung,0.5
Paderborn,PA-11,PA-04--PA-06,PA-04,1/d^2,0.2251430752132499
Paderborn,PA-11,PA-04--PA-06,PA-06,1/d^2,0.7748569247867501
Paderborn,PA-11,PA-04--PA-06,PA-04,Wald + Wind,0.2571848610399021
Paderborn,PA-11,PA-04--PA-06,PA-06,Wald + Wind,0.7428151389600979
Paderborn,PA-11,PA-04--PA-06,PA-04,Vollstaendig,0.4431316682976199
Paderborn,PA-11,PA-04--PA-06,PA-06,Vollstaendig,0.55686833170238
Paderborn,PA-11,PA-04--PA-07,PA-04,Gleichgewichtung,0.5
Paderborn,PA-11,PA-04--PA-07,PA-07,Gleichgewichtung,0.5
Paderborn,PA-11,PA-04--PA-07,PA-04,1/d^2,0.2421782068667685
Paderborn,PA-11,PA-04--PA-07,PA-07,1/d^2,0.7578217931332314
Paderborn,PA-11,PA-04--PA-07,PA-04,Wald + Wind,0.2600770175772437
Paderborn,PA-11,PA-04--PA-07,PA-07,Wald + Wind,0.7399229824227562
Paderborn,PA-11,PA-04--PA-07,PA-04,Vollstaendig,0.4079497164685351
Paderborn,PA-11,PA-04--PA-07,PA-07,Vollstaendig,0.5920502835314649
Paderborn,PA-11,PA-04--PA-08,PA-04,Gleichgewichtung,0.5
Paderborn,PA-11,PA-04--PA-08,PA-08,Gleichgewichtung,0.5
Paderborn,PA-11,PA-04--PA-08,PA-04,1/d^2,0.2857530701571746
Paderborn,PA-11,PA-04--PA-08,PA-08,1/d^2,0.7142469298428253
Paderborn,PA-11,PA-04--PA-08,PA-04,Wald + Wind,0.2585354708638427
Paderborn,PA-11,PA-04--PA-08,PA-08,Wald + Wind,0.7414645291361572
Paderborn,PA-11,PA-04--PA-08,PA-04,Vollstaendig,0.3988599855205296
Paderborn,PA-11,PA-04--PA-08,PA-08,Vollstaendig,0.6011400144794703
Paderborn,PA-11,PA-04--PA-09,PA-04,Gleichgewichtung,0.5
Paderborn,PA-11,PA-04--PA-09,PA-09,Gleichgewichtung,0.5
Paderborn,PA-11,PA-04--PA-09,PA-04,1/d^2,0.1272267114769693
Paderborn,PA-11,PA-04--PA-09,PA-09,1/d^2,0.8727732885230308
Paderborn,PA-11,PA-04--PA-09,PA-04,Wald + Wind,0.3011134413321612
Paderborn,PA-11,PA-04--PA-09,PA-09,Wald + Wind,0.6988865586678388
Paderborn,PA-11,PA-04--PA-09,PA-04,Vollstaendig,0.4004424569235662
Paderborn,PA-11,PA-04--PA-09,PA-09,Vollstaendig,0.5995575430764338
Paderborn,PA-11,PA-04--PA-10,PA-04,Gleichgewichtung,0.5
Paderborn,PA-11,PA-04--PA-10,PA-10,Gleichgewichtung,0.5
Paderborn,PA-11,PA-04--PA-10,PA-04,1/d^2,0.0559526267835205
Paderborn,PA-11,PA-04--PA-10,PA-10,1/d^2,0.9440473732164796
Paderborn,PA-11,PA-04--PA-10,PA-04,Wald + Wind,0.2684177436686682
Paderborn,PA-11,PA-04--PA-10,PA-10,Wald + Wind,0.7315822563313317
Paderborn,PA-11,PA-04--PA-10,PA-04,Vollstaendig,0.4393791410358195
Paderborn,PA-11,PA-04--PA-10,PA-10,Vollstaendig,0.5606208589641805
Paderborn,PA-11,PA-04--PA-12,PA-04,Gleichgewichtung,0.5
Paderborn,PA-11,PA-04--PA-12,PA-12,Gleichgewichtung,0.5
Paderborn,PA-11,PA-04--PA-12,PA-04,1/d^2,0.0096614087078921
Paderborn,PA-11,PA-04--PA-12,PA-12,1/d^2,0.990338591292108
Paderborn,PA-11,PA-04--PA-12,PA-04,Wald + Wind,0.1970528549085638
Paderborn,PA-11,PA-04--PA-12,PA-12,Wald + Wind,0.8029471450914362
Paderborn,PA-11,PA-04--PA-12,PA-04,Vollstaendig,0.3535372787637316
Paderborn,PA-11,PA-04--PA-12,PA-12,Vollstaendig,0.6464627212362684
Paderborn,PA-11,PA-05--PA-06,PA-05,Gleichgewichtung,0.5
Paderborn,PA-11,PA-05--PA-06,PA-06,Gleichgewichtung,0.5
Paderborn,PA-11,PA-05--PA-06,PA-05,1/d^2,0.3376728276935643
Paderborn,PA-11,PA-05--PA-06,PA-06,1/d^2,0.6623271723064356
Paderborn,PA-11,PA-05--PA-06,PA-05,Wald + Wind,0.4697438043200205
Paderborn,PA-11,PA-05--PA-06,PA-06,Wald + Wind,0.5302561956799795
Paderborn,PA-11,PA-05--PA-06,PA-05,Vollstaendig,0.5239841887649715
Paderborn,PA-11,PA-05--PA-06,PA-06,Vollstaendig,0.4760158112350284
Paderborn,PA-11,PA-05--PA-07,PA-05,Gleichgewichtung,0.5
Paderborn,PA-11,PA-05--PA-07,PA-07,Gleichgewichtung,0.5
Paderborn,PA-11,PA-05--PA-07,PA-05,1/d^2,0.3592745269371671
Paderborn,PA-11,PA-05--PA-07,PA-07,1/d^2,0.6407254730628329
Paderborn,PA-11,PA-05--PA-07,PA-05,Wald + Wind,0.4735025866820543
Paderborn,PA-11,PA-05--PA-07,PA-07,Wald + Wind,0.5264974133179456
Paderborn,PA-11,PA-05--PA-07,PA-05,Vollstaendig,0.4880084675492238
Paderborn,PA-11,PA-05--PA-07,PA-07,Vollstaendig,0.5119915324507762
Paderborn,PA-11,PA-05--PA-08,PA-05,Gleichgewichtung,0.5
Paderborn,PA-11,PA-05--PA-08,PA-08,Gleichgewichtung,0.5
Paderborn,PA-11,PA-05--PA-08,PA-05,1/d^2,0.4124514019753367
Paderborn,PA-11,PA-05--PA-08,PA-08,1/d^2,0.5875485980246633
Paderborn,PA-11,PA-05--PA-08,PA-05,Wald + Wind,0.4715021263968202
Paderborn,PA-11,PA-05--PA-08,PA-08,Wald + Wind,0.5284978736031798
Paderborn,PA-11,PA-05--PA-08,PA-05,Vollstaendig,0.4785768446894347
Paderborn,PA-11,PA-05--PA-08,PA-08,Vollstaendig,0.5214231553105654
Paderborn,PA-11,PA-05--PA-09,PA-05,Gleichgewichtung,0.5
Paderborn,PA-11,PA-05--PA-09,PA-09,Gleichgewichtung,0.5
Paderborn,PA-11,PA-05--PA-09,PA-05,1/d^2,0.2036809559747186
Paderborn,PA-11,PA-05--PA-09,PA-09,1/d^2,0.7963190440252813
Paderborn,PA-11,PA-05--PA-09,PA-05,Wald + Wind,0.524350193974951
Paderborn,PA-11,PA-05--PA-09,PA-09,Wald + Wind,0.4756498060250491
Paderborn,PA-11,PA-05--PA-09,PA-05,Vollstaendig,0.4802229337387152
Paderborn,PA-11,PA-05--PA-09,PA-09,Vollstaendig,0.5197770662612847
Paderborn,PA-11,PA-05--PA-10,PA-05,Gleichgewichtung,0.5
Paderborn,PA-11,PA-05--PA-10,PA-10,Gleichgewichtung,0.5
Paderborn,PA-11,PA-05--PA-10,PA-05,1/d^2,0.0941989336160744
Paderborn,PA-11,PA-05--PA-10,PA-10,1/d^2,0.9058010663839255
Paderborn,PA-11,PA-05--PA-10,PA-05,Wald + Wind,0.4842087785341883
Paderborn,PA-11,PA-05--PA-10,PA-10,Wald + Wind,0.5157912214658118
Paderborn,PA-11,PA-05--PA-10,PA-05,Vollstaendig,0.5201865608944819
Paderborn,PA-11,PA-05--PA-10,PA-10,Vollstaendig,0.4798134391055181
Paderborn,PA-11,PA-05--PA-12,PA-05,Gleichgewichtung,0.5
Paderborn,PA-11,PA-05--PA-12,PA-12,Gleichgewichtung,0.5
Paderborn,PA-11,PA-05--PA-12,PA-05,1/d^2,0.0168295321655446
Paderborn,PA-11,PA-05--PA-12,PA-12,1/d^2,0.9831704678344554
Paderborn,PA-11,PA-05--PA-12,PA-05,Wald + Wind,0.3857203520256644
Paderborn,PA-11,PA-05--PA-12,PA-12,Wald + Wind,0.6142796479743355
Paderborn,PA-11,PA-05--PA-12,PA-05,Vollstaendig,0.4306856469518245
Paderborn,PA-11,PA-05--PA-12,PA-12,Vollstaendig,0.5693143530481755
Paderborn,PA-11,PA-06--PA-07,PA-06,Gleichgewichtung,0.5
Paderborn,PA-11,PA-06--PA-07,PA-07,Gleichgewichtung,0.5
Paderborn,PA-11,PA-06--PA-07,PA-06,1/d^2,0.5237740343342141
Paderborn,PA-11,PA-06--PA-07,PA-07,1/d^2,0.4762259656657858
Paderborn,PA-11,PA-06--PA-07,PA-06,Wald + Wind,0.5037708749686307
Paderborn,PA-11,PA-06--PA-07,PA-07,Wald + Wind,0.4962291250313693
Paderborn,PA-11,PA-06--PA-07,PA-06,Vollstaendig,0.4640656187281981
Paderborn,PA-11,PA-06--PA-07,PA-07,Vollstaendig,0.5359343812718018
Paderborn,PA-11,PA-06--PA-08,PA-06,Gleichgewichtung,0.5
Paderborn,PA-11,PA-06--PA-08,PA-08,Gleichgewichtung,0.5
Paderborn,PA-11,PA-06--PA-08,PA-06,1/d^2,0.5792856516212521
Paderborn,PA-11,PA-06--PA-08,PA-08,1/d^2,0.420714348378748
Paderborn,PA-11,PA-06--PA-08,PA-06,Wald + Wind,0.5017644074279649
Paderborn,PA-11,PA-06--PA-08,PA-08,Wald + Wind,0.4982355925720351
Paderborn,PA-11,PA-06--PA-08,PA-06,Vollstaendig,0.4546857887729083
Paderborn,PA-11,PA-06--PA-08,PA-08,Vollstaendig,0.5453142112270917
Paderborn,PA-11,PA-06--PA-09,PA-06,Gleichgewichtung,0.5
Paderborn,PA-11,PA-06--PA-09,PA-09,Gleichgewichtung,0.5
Paderborn,PA-11,PA-06--PA-09,PA-06,1/d^2,0.3340858203403723
Paderborn,PA-11,PA-06--PA-09,PA-09,1/d^2,0.6659141796596276
Paderborn,PA-11,PA-06--PA-09,PA-06,Wald + Wind,0.5544459387292905
Paderborn,PA-11,PA-06--PA-09,PA-09,Wald + Wind,0.4455540612707095
Paderborn,PA-11,PA-06--PA-09,PA-06,Vollstaendig,0.456321618045245
Paderborn,PA-11,PA-06--PA-09,PA-09,Vollstaendig,0.5436783819547549
Paderborn,PA-11,PA-06--PA-10,PA-06,Gleichgewichtung,0.5
Paderborn,PA-11,PA-06--PA-10,PA-10,Gleichgewichtung,0.5
Paderborn,PA-11,PA-06--PA-10,PA-06,1/d^2,0.1694220764495496
Paderborn,PA-11,PA-06--PA-10,PA-10,1/d^2,0.8305779235504502
Paderborn,PA-11,PA-06--PA-10,PA-06,Wald + Wind,0.5144926715812415
Paderborn,PA-11,PA-06--PA-10,PA-10,Wald + Wind,0.4855073284187585
Paderborn,PA-11,PA-06--PA-10,PA-06,Vollstaendig,0.4961950032466696
Paderborn,PA-11,PA-06--PA-10,PA-10,Vollstaendig,0.5038049967533303
Paderborn,PA-11,PA-06--PA-12,PA-06,Gleichgewichtung,0.5
Paderborn,PA-11,PA-06--PA-12,PA-12,Gleichgewichtung,0.5
Paderborn,PA-11,PA-06--PA-12,PA-06,1/d^2,0.0324846028568085
Paderborn,PA-11,PA-06--PA-12,PA-12,1/d^2,0.9675153971431916
Paderborn,PA-11,PA-06--PA-12,PA-06,Wald + Wind,0.4147981490589171
Paderborn,PA-11,PA-06--PA-12,PA-12,Wald + Wind,0.5852018509410829
Paderborn,PA-11,PA-06--PA-12,PA-06,Vollstaendig,0.407317775894857
Paderborn,PA-11,PA-06--PA-12,PA-12,Vollstaendig,0.592682224105143
Paderborn,PA-11,PA-07--PA-08,PA-07,Gleichgewichtung,0.5
Paderborn,PA-11,PA-07--PA-08,PA-08,Gleichgewichtung,0.5
Paderborn,PA-11,PA-07--PA-08,PA-07,1/d^2,0.5559333412118893
Paderborn,PA-11,PA-07--PA-08,PA-08,1/d^2,0.4440666587881107
Paderborn,PA-11,PA-07--PA-08,PA-07,Wald + Wind,0.497993479058911
Paderborn,PA-11,PA-07--PA-08,PA-08,Wald + Wind,0.5020065209410889
Paderborn,PA-11,PA-07--PA-08,PA-07,Vollstaendig,0.4905586753686293
Paderborn,PA-11,PA-07--PA-08,PA-08,Vollstaendig,0.5094413246313706
Paderborn,PA-11,PA-07--PA-09,PA-07,Gleichgewichtung,0.5
Paderborn,PA-11,PA-07--PA-09,PA-09,Gleichgewichtung,0.5
Paderborn,PA-11,PA-07--PA-09,PA-07,1/d^2,0.3132581609489664
Paderborn,PA-11,PA-07--PA-09,PA-09,1/d^2,0.6867418390510336
Paderborn,PA-11,PA-07--PA-09,PA-07,Wald + Wind,0.5507167141170994
Paderborn,PA-11,PA-07--PA-09,PA-09,Wald + Wind,0.4492832858829005
Paderborn,PA-11,PA-07--PA-09,PA-07,Vollstaendig,0.4922070735909534
Paderborn,PA-11,PA-07--PA-09,PA-09,Vollstaendig,0.5077929264090466
Paderborn,PA-11,PA-07--PA-10,PA-07,Gleichgewichtung,0.5
Paderborn,PA-11,PA-07--PA-10,PA-10,Gleichgewichtung,0.5
Paderborn,PA-11,PA-07--PA-10,PA-07,1/d^2,0.1564481722314482
Paderborn,PA-11,PA-07--PA-10,PA-10,1/d^2,0.8435518277685516
Paderborn,PA-11,PA-07--PA-10,PA-07,Wald + Wind,0.510724140912066
Paderborn,PA-11,PA-07--PA-10,PA-10,Wald + Wind,0.4892758590879341
Paderborn,PA-11,PA-07--PA-10,PA-07,Vollstaendig,0.5321469663635562
Paderborn,PA-11,PA-07--PA-10,PA-10,Vollstaendig,0.4678530336364437
Paderborn,PA-11,PA-07--PA-12,PA-07,Gleichgewichtung,0.5
Paderborn,PA-11,PA-07--PA-12,PA-12,Gleichgewichtung,0.5
Paderborn,PA-11,PA-07--PA-12,PA-07,1/d^2,0.0296230157838317
Paderborn,PA-11,PA-07--PA-12,PA-12,1/d^2,0.9703769842161682
Paderborn,PA-11,PA-07--PA-12,PA-07,Wald + Wind,0.4111414699289338
Paderborn,PA-11,PA-07--PA-12,PA-12,Wald + Wind,0.5888585300710661
Paderborn,PA-11,PA-07--PA-12,PA-07,Vollstaendig,0.4424859601013778
Paderborn,PA-11,PA-07--PA-12,PA-12,Vollstaendig,0.5575140398986222
Paderborn,PA-11,PA-08--PA-09,PA-08,Gleichgewichtung,0.5
Paderborn,PA-11,PA-08--PA-09,PA-09,Gleichgewichtung,0.5
Paderborn,PA-11,PA-08--PA-09,PA-08,1/d^2,0.2670572560975911
Paderborn,PA-11,PA-08--PA-09,PA-09,1/d^2,0.7329427439024088
Paderborn,PA-11,PA-08--PA-09,PA-08,Wald + Wind,0.552701782450034
Paderborn,PA-11,PA-08--PA-09,PA-09,Wald + Wind,0.447298217549966
Paderborn,PA-11,PA-08--PA-09,PA-08,Vollstaendig,0.5016488834923507
Paderborn,PA-11,PA-08--PA-09,PA-09,Vollstaendig,0.4983511165076494
Paderborn,PA-11,PA-08--PA-10,PA-08,Gleichgewichtung,0.5
Paderborn,PA-11,PA-08--PA-10,PA-10,Gleichgewichtung,0.5
Paderborn,PA-11,PA-08--PA-10,PA-08,1/d^2,0.1290291377587949
Paderborn,PA-11,PA-08--PA-10,PA-10,1/d^2,0.870970862241205
Paderborn,PA-11,PA-08--PA-10,PA-08,Wald + Wind,0.5127295661830726
Paderborn,PA-11,PA-08--PA-10,PA-10,Wald + Wind,0.4872704338169272
Paderborn,PA-11,PA-08--PA-10,PA-08,Vollstaendig,0.5415378623775658
Paderborn,PA-11,PA-08--PA-10,PA-10,Vollstaendig,0.4584621376224341
Paderborn,PA-11,PA-08--PA-12,PA-08,Gleichgewichtung,0.5
Paderborn,PA-11,PA-08--PA-12,PA-12,Gleichgewichtung,0.5
Paderborn,PA-11,PA-08--PA-12,PA-08,1/d^2,0.023804070141821
Paderborn,PA-11,PA-08--PA-12,PA-12,1/d^2,0.9761959298581788
Paderborn,PA-11,PA-08--PA-12,PA-08,Wald + Wind,0.4130860050251222
Paderborn,PA-11,PA-08--PA-12,PA-12,Wald + Wind,0.5869139949748778
Paderborn,PA-11,PA-08--PA-12,PA-08,Vollstaendig,0.4518226418300795
Paderborn,PA-11,PA-08--PA-12,PA-12,Vollstaendig,0.5481773581699205
Paderborn,PA-11,PA-09--PA-10,PA-09,Gleichgewichtung,0.5
Paderborn,PA-11,PA-09--PA-10,PA-10,Gleichgewichtung,0.5
Paderborn,PA-11,PA-09--PA-10,PA-09,1/d^2,0.2890575335501659
Paderborn,PA-11,PA-09--PA-10,PA-10,1/d^2,0.710942466449834
Paderborn,PA-11,PA-09--PA-10,PA-09,Wald + Wind,0.4599202303400614
Paderborn,PA-11,PA-09--PA-10,PA-10,Wald + Wind,0.5400797696599385
Paderborn,PA-11,PA-09--PA-10,PA-09,Vollstaendig,0.5398999100394242
Paderborn,PA-11,PA-09--PA-10,PA-10,Vollstaendig,0.4601000899605759
Paderborn,PA-11,PA-09--PA-12,PA-09,Gleichgewichtung,0.5
Paderborn,PA-11,PA-09--PA-12,PA-12,Gleichgewichtung,0.5
Paderborn,PA-11,PA-09--PA-12,PA-09,1/d^2,0.0627258473094486
Paderborn,PA-11,PA-09--PA-12,PA-12,1/d^2,0.9372741526905514
Paderborn,PA-11,PA-09--PA-12,PA-09,Wald + Wind,0.3628962498009109
Paderborn,PA-11,PA-09--PA-12,PA-12,Wald + Wind,0.6371037501990892
Paderborn,PA-11,PA-09--PA-12,PA-09,Vollstaendig,0.450189585865914
Paderborn,PA-11,PA-09--PA-12,PA-12,Vollstaendig,0.5498104141340859
Paderborn,PA-11,PA-10--PA-12,PA-10,Gleichgewichtung,0.5
Paderborn,PA-11,PA-10--PA-12,PA-12,Gleichgewichtung,0.5
Paderborn,PA-11,PA-10--PA-12,PA-10,1/d^2,0.1413361450388674
Paderborn,PA-11,PA-10--PA-12,PA-12,1/d^2,0.8586638549611326
Paderborn,PA-11,PA-10--PA-12,PA-10,Wald + Wind,0.4007954694646412
Paderborn,PA-11,PA-10--PA-12,PA-12,Wald + Wind,0.5992045305353587
Paderborn,PA-11,PA-10--PA-12,PA-10,Vollstaendig,0.4109972233513801
Paderborn,PA-11,PA-10--PA-12,PA-12,Vollstaendig,0.5890027766486199
Paderborn,PA-12,PA-01--PA-02,PA-01,Gleichgewichtung,0.5
Paderborn,PA-12,PA-01--PA-02,PA-02,Gleichgewichtung,0.5
Paderborn,PA-12,PA-01--PA-02,PA-01,1/d^2,0.5187703227348701
Paderborn,PA-12,PA-01--PA-02,PA-02,1/d^2,0.4812296772651299
Paderborn,PA-12,PA-01--PA-02,PA-01,Wald + Wind,0.2919862609612505
Paderborn,PA-12,PA-01--PA-02,PA-02,Wald + Wind,0.7080137390387494
Paderborn,PA-12,PA-01--PA-02,PA-01,Vollstaendig,0.3879267681349885
Paderborn,PA-12,PA-01--PA-02,PA-02,Vollstaendig,0.6120732318650114
Paderborn,PA-12,PA-01--PA-03,PA-01,Gleichgewichtung,0.5
Paderborn,PA-12,PA-01--PA-03,PA-03,Gleichgewichtung,0.5
Paderborn,PA-12,PA-01--PA-03,PA-01,1/d^2,0.3880899814953901
Paderborn,PA-12,PA-01--PA-03,PA-03,1/d^2,0.61191001850461
Paderborn,PA-12,PA-01--PA-03,PA-01,Wald + Wind,0.3392292745301503
Paderborn,PA-12,PA-01--PA-03,PA-03,Wald + Wind,0.6607707254698497
Paderborn,PA-12,PA-01--PA-03,PA-01,Vollstaendig,0.4077933475740504
Paderborn,PA-12,PA-01--PA-03,PA-03,Vollstaendig,0.5922066524259495
Paderborn,PA-12,PA-01--PA-04,PA-01,Gleichgewichtung,0.5
Paderborn,PA-12,PA-01--PA-04,PA-04,Gleichgewichtung,0.5
Paderborn,PA-12,PA-01--PA-04,PA-01,1/d^2,0.3328303714416948
Paderborn,PA-12,PA-01--PA-04,PA-04,1/d^2,0.6671696285583051
Paderborn,PA-12,PA-01--PA-04,PA-01,Wald + Wind,0.3506728015813537
Paderborn,PA-12,PA-01--PA-04,PA-04,Wald + Wind,0.6493271984186463
Paderborn,PA-12,PA-01--PA-04,PA-01,Vollstaendig,0.455996566376716
Paderborn,PA-12,PA-01--PA-04,PA-04,Vollstaendig,0.544003433623284
Paderborn,PA-12,PA-01--PA-05,PA-01,Gleichgewichtung,0.5
Paderborn,PA-12,PA-01--PA-05,PA-05,Gleichgewichtung,0.5
Paderborn,PA-12,PA-01--PA-05,PA-01,1/d^2,0.2311876236583723
Paderborn,PA-12,PA-01--PA-05,PA-05,1/d^2,0.7688123763416277
Paderborn,PA-12,PA-01--PA-05,PA-01,Wald + Wind,0.2209618140340249
Paderborn,PA-12,PA-01--PA-05,PA-05,Wald + Wind,0.779038185965975
Paderborn,PA-12,PA-01--PA-05,PA-01,Vollstaendig,0.3891706906380686
Paderborn,PA-12,PA-01--PA-05,PA-05,Vollstaendig,0.6108293093619312
Paderborn,PA-12,PA-01--PA-06,PA-01,Gleichgewichtung,0.5
Paderborn,PA-12,PA-01--PA-06,PA-06,Gleichgewichtung,0.5
Paderborn,PA-12,PA-01--PA-06,PA-01,1/d^2,0.1315478415262358
Paderborn,PA-12,PA-01--PA-06,PA-06,1/d^2,0.8684521584737641
Paderborn,PA-12,PA-01--PA-06,PA-01,Wald + Wind,0.2019678568013929
Paderborn,PA-12,PA-01--PA-06,PA-06,Wald + Wind,0.7980321431986072
Paderborn,PA-12,PA-01--PA-06,PA-01,Vollstaendig,0.4120019065392785
Paderborn,PA-12,PA-01--PA-06,PA-06,Vollstaendig,0.5879980934607215
Paderborn,PA-12,PA-01--PA-07,PA-01,Gleichgewichtung,0.5
Paderborn,PA-12,PA-01--PA-07,PA-07,Gleichgewichtung,0.5
Paderborn,PA-12,PA-01--PA-07,PA-01,1/d^2,0.1531097521786431
Paderborn,PA-12,PA-01--PA-07,PA-07,1/d^2,0.8468902478213568
Paderborn,PA-12,PA-01--PA-07,PA-01,Wald + Wind,0.1923053610737201
Paderborn,PA-12,PA-01--PA-07,PA-07,Wald + Wind,0.80769463892628
Paderborn,PA-12,PA-01--PA-07,PA-01,Vollstaendig,0.3719947408490215
Paderborn,PA-12,PA-01--PA-07,PA-07,Vollstaendig,0.6280052591509785
Paderborn,PA-12,PA-01--PA-08,PA-01,Gleichgewichtung,0.5
Paderborn,PA-12,PA-01--PA-08,PA-08,Gleichgewichtung,0.5
Paderborn,PA-12,PA-01--PA-08,PA-01,1/d^2,0.1853002758968311
Paderborn,PA-12,PA-01--PA-08,PA-08,1/d^2,0.8146997241031687
Paderborn,PA-12,PA-01--PA-08,PA-01,Wald + Wind,0.2104859705933429
Paderborn,PA-12,PA-01--PA-08,PA-08,Wald + Wind,0.7895140294066572
Paderborn,PA-12,PA-01--PA-08,PA-01,Vollstaendig,0.368346451606669
Paderborn,PA-12,PA-01--PA-08,PA-08,Vollstaendig,0.631653548393331
Paderborn,PA-12,PA-01--PA-09,PA-01,Gleichgewichtung,0.5
Paderborn,PA-12,PA-01--PA-09,PA-09,Gleichgewichtung,0.5
Paderborn,PA-12,PA-01--PA-09,PA-01,1/d^2,0.0451063046900189
Paderborn,PA-12,PA-01--PA-09,PA-09,1/d^2,0.9548936953099808
Paderborn,PA-12,PA-01--PA-09,PA-01,Wald + Wind,0.2210740225885692
Paderborn,PA-12,PA-01--PA-09,PA-09,Wald + Wind,0.7789259774114308
Paderborn,PA-12,PA-01--PA-09,PA-01,Vollstaendig,0.365611260454759
Paderborn,PA-12,PA-01--PA-09,PA-09,Vollstaendig,0.634388739545241
Paderborn,PA-12,PA-01--PA-10,PA-01,Gleichgewichtung,0.5
Paderborn,PA-12,PA-01--PA-10,PA-10,Gleichgewichtung,0.5
Paderborn,PA-12,PA-01--PA-10,PA-01,1/d^2,0.0372222772844315
Paderborn,PA-12,PA-01--PA-10,PA-10,1/d^2,0.9627777227155684
Paderborn,PA-12,PA-01--PA-10,PA-01,Wald + Wind,0.1931864830926277
Paderborn,PA-12,PA-01--PA-10,PA-10,Wald + Wind,0.8068135169073724
Paderborn,PA-12,PA-01--PA-10,PA-01,Vollstaendig,0.4039723218965151
Paderborn,PA-12,PA-01--PA-10,PA-10,Vollstaendig,0.5960276781034848
Paderborn,PA-12,PA-01--PA-11,PA-01,Gleichgewichtung,0.5
Paderborn,PA-12,PA-01--PA-11,PA-11,Gleichgewichtung,0.5
Paderborn,PA-12,PA-01--PA-11,PA-01,1/d^2,0.0043300229840117
Paderborn,PA-12,PA-01--PA-11,PA-11,1/d^2,0.9956699770159884
Paderborn,PA-12,PA-01--PA-11,PA-01,Wald + Wind,0.0879237136652826
Paderborn,PA-12,PA-01--PA-11,PA-11,Wald + Wind,0.9120762863347174
Paderborn,PA-12,PA-01--PA-11,PA-01,Vollstaendig,0.3009608786169875
Paderborn,PA-12,PA-01--PA-11,PA-11,Vollstaendig,0.6990391213830124
Paderborn,PA-12,PA-02--PA-03,PA-02,Gleichgewichtung,0.5
Paderborn,PA-12,PA-02--PA-03,PA-03,Gleichgewichtung,0.5
Paderborn,PA-12,PA-02--PA-03,PA-02,1/d^2,0.3704085314623259
Paderborn,PA-12,PA-02--PA-03,PA-03,1/d^2,0.6295914685376741
Paderborn,PA-12,PA-02--PA-03,PA-02,Wald + Wind,0.5545386535605268
Paderborn,PA-12,PA-02--PA-03,PA-03,Wald + Wind,0.4454613464394732
Paderborn,PA-12,PA-02--PA-03,PA-02,Vollstaendig,0.5207231845001055
Paderborn,PA-12,PA-02--PA-03,PA-03,Vollstaendig,0.4792768154998945
Paderborn,PA-12,PA-02--PA-04,PA-02,Gleichgewichtung,0.5
Paderborn,PA-12,PA-02--PA-04,PA-04,Gleichgewichtung,0.5
Paderborn,PA-12,PA-02--PA-04,PA-02,1/d^2,0.3163649099279605
Paderborn,PA-12,PA-02--PA-04,PA-04,1/d^2,0.6836350900720394
Paderborn,PA-12,PA-02--PA-04,PA-02,Wald + Wind,0.5670127728014045
Paderborn,PA-12,PA-02--PA-04,PA-04,Wald + Wind,0.4329872271985955
Paderborn,PA-12,PA-02--PA-04,PA-02,Vollstaendig,0.5694395933863792
Paderborn,PA-12,PA-02--PA-04,PA-04,Vollstaendig,0.4305604066136209
Paderborn,PA-12,PA-02--PA-05,PA-02,Gleichgewichtung,0.5
Paderborn,PA-12,PA-02--PA-05,PA-05,Gleichgewichtung,0.5
Paderborn,PA-12,PA-02--PA-05,PA-02,1/d^2,0.2181066916166693
Paderborn,PA-12,PA-02--PA-05,PA-05,1/d^2,0.7818933083833306
Paderborn,PA-12,PA-02--PA-05,PA-02,Wald + Wind,0.4074991610141088
Paderborn,PA-12,PA-02--PA-05,PA-05,Wald + Wind,0.5925008389858911
Paderborn,PA-12,PA-02--PA-05,PA-02,Vollstaendig,0.5013089567020287
Paderborn,PA-12,PA-02--PA-05,PA-05,Vollstaendig,0.4986910432979713
Paderborn,PA-12,PA-02--PA-06,PA-02,Gleichgewichtung,0.5
Paderborn,PA-12,PA-02--PA-06,PA-06,Gleichgewichtung,0.5
Paderborn,PA-12,PA-02--PA-06,PA-02,1/d^2,0.1232012286472768
Paderborn,PA-12,PA-02--PA-06,PA-06,1/d^2,0.8767987713527232
Paderborn,PA-12,PA-02--PA-06,PA-02,Wald + Wind,0.3802979986668238
Paderborn,PA-12,PA-02--PA-06,PA-06,Wald + Wind,0.6197020013331762
Paderborn,PA-12,PA-02--PA-06,PA-02,Vollstaendig,0.5250638815352613
Paderborn,PA-12,PA-02--PA-06,PA-06,Vollstaendig,0.4749361184647387
Paderborn,PA-12,PA-02--PA-07,PA-02,Gleichgewichtung,0.5
Paderborn,PA-12,PA-02--PA-07,PA-07,Gleichgewichtung,0.5
Paderborn,PA-12,PA-02--PA-07,PA-02,1/d^2,0.143621301116906
Paderborn,PA-12,PA-02--PA-07,PA-07,1/d^2,0.8563786988830939
Paderborn,PA-12,PA-02--PA-07,PA-02,Wald + Wind,0.3660169013773166
Paderborn,PA-12,PA-02--PA-07,PA-07,Wald + Wind,0.6339830986226833
Paderborn,PA-12,PA-02--PA-07,PA-02,Vollstaendig,0.4830980751541628
Paderborn,PA-12,PA-02--PA-07,PA-07,Vollstaendig,0.516901924845837
Paderborn,PA-12,PA-02--PA-08,PA-02,Gleichgewichtung,0.5
Paderborn,PA-12,PA-02--PA-08,PA-08,Gleichgewichtung,0.5
Paderborn,PA-12,PA-02--PA-08,PA-02,1/d^2,0.1742273298613389
Paderborn,PA-12,PA-02--PA-08,PA-08,1/d^2,0.8257726701386611
Paderborn,PA-12,PA-02--PA-08,PA-02,Wald + Wind,0.3926368242697874
Paderborn,PA-12,PA-02--PA-08,PA-08,Wald + Wind,0.6073631757302126
Paderborn,PA-12,PA-02--PA-08,PA-02,Vollstaendig,0.4791915842005367
Paderborn,PA-12,PA-02--PA-08,PA-08,Vollstaendig,0.5208084157994634
Paderborn,PA-12,PA-02--PA-09,PA-02,Gleichgewichtung,0.5
Paderborn,PA-12,PA-02--PA-09,PA-09,Gleichgewichtung,0.5
Paderborn,PA-12,PA-02--PA-09,PA-02,1/d^2,0.0419792261599246
Paderborn,PA-12,PA-02--PA-09,PA-09,1/d^2,0.9580207738400752
Paderborn,PA-12,PA-02--PA-09,PA-02,Wald + Wind,0.4076565277290748
Paderborn,PA-12,PA-02--PA-09,PA-09,Wald + Wind,0.5923434722709251
Paderborn,PA-12,PA-02--PA-09,PA-02,Vollstaendig,0.4762538958951295
Paderborn,PA-12,PA-02--PA-09,PA-09,Vollstaendig,0.5237461041048703
Paderborn,PA-12,PA-02--PA-10,PA-02,Gleichgewichtung,0.5
Paderborn,PA-12,PA-02--PA-10,PA-10,Gleichgewichtung,0.5
Paderborn,PA-12,PA-02--PA-10,PA-02,1/d^2,0.0346219562487763
Paderborn,PA-12,PA-02--PA-10,PA-10,1/d^2,0.9653780437512236
Paderborn,PA-12,PA-02--PA-10,PA-02,Wald + Wind,0.367331970334381
Paderborn,PA-12,PA-02--PA-10,PA-10,Wald + Wind,0.632668029665619
Paderborn,PA-12,PA-02--PA-10,PA-02,Vollstaendig,0.5167673641210416
Paderborn,PA-12,PA-02--PA-10,PA-10,Vollstaendig,0.4832326358789584
Paderborn,PA-12,PA-02--PA-11,PA-02,Gleichgewichtung,0.5
Paderborn,PA-12,PA-02--PA-11,PA-11,Gleichgewichtung,0.5
Paderborn,PA-12,PA-02--PA-11,PA-02,1/d^2,0.0040179412653655
Paderborn,PA-12,PA-02--PA-11,PA-11,1/d^2,0.9959820587346344
Paderborn,PA-12,PA-02--PA-11,PA-02,Wald + Wind,0.1894639060314414
Paderborn,PA-12,PA-02--PA-11,PA-11,Wald + Wind,0.8105360939685585
Paderborn,PA-12,PA-02--PA-11,PA-02,Vollstaendig,0.4045141118480108
Paderborn,PA-12,PA-02--PA-11,PA-11,Vollstaendig,0.5954858881519892
Paderborn,PA-12,PA-03--PA-04,PA-03,Gleichgewichtung,0.5
Paderborn,PA-12,PA-03--PA-04,PA-04,Gleichgewichtung,0.5
Paderborn,PA-12,PA-03--PA-04,PA-03,1/d^2,0.4402707404545012
Paderborn,PA-12,PA-03--PA-04,PA-04,1/d^2,0.5597292595454987
Paderborn,PA-12,PA-03--PA-04,PA-03,Wald + Wind,0.5126591857200945
Paderborn,PA-12,PA-03--PA-04,PA-04,Wald + Wind,0.4873408142799055
Paderborn,PA-12,PA-03--PA-04,PA-03,Vollstaendig,0.5489984458033086
Paderborn,PA-12,PA-03--PA-04,PA-04,Vollstaendig,0.4510015541966914
Paderborn,PA-12,PA-03--PA-05,PA-03,Gleichgewichtung,0.5
Paderborn,PA-12,PA-03--PA-05,PA-05,Gleichgewichtung,0.5
Paderborn,PA-12,PA-03--PA-05,PA-03,1/d^2,0.3216347375083658
Paderborn,PA-12,PA-03--PA-05,PA-05,1/d^2,0.6783652624916342
Paderborn,PA-12,PA-03--PA-05,PA-03,Wald + Wind,0.3558689968475414
Paderborn,PA-12,PA-03--PA-05,PA-05,Wald + Wind,0.6441310031524586
Paderborn,PA-12,PA-03--PA-05,PA-03,Vollstaendig,0.4805836654712815
Paderborn,PA-12,PA-03--PA-05,PA-05,Vollstaendig,0.5194163345287184
Paderborn,PA-12,PA-03--PA-06,PA-03,Gleichgewichtung,0.5
Paderborn,PA-12,PA-03--PA-06,PA-06,Gleichgewichtung,0.5
Paderborn,PA-12,PA-03--PA-06,PA-03,1/d^2,0.1927882046847131
Paderborn,PA-12,PA-03--PA-06,PA-06,1/d^2,0.807211795315287
Paderborn,PA-12,PA-03--PA-06,PA-03,Wald + Wind,0.3301935921952275
Paderborn,PA-12,PA-03--PA-06,PA-06,Wald + Wind,0.6698064078047725
Paderborn,PA-12,PA-03--PA-06,PA-03,Vollstaendig,0.504349734102603
Paderborn,PA-12,PA-03--PA-06,PA-06,Vollstaendig,0.4956502658973969
Paderborn,PA-12,PA-03--PA-07,PA-03,Gleichgewichtung,0.5
Paderborn,PA-12,PA-03--PA-07,PA-07,Gleichgewichtung,0.5
Paderborn,PA-12,PA-03--PA-07,PA-03,1/d^2,0.2218240611668899
Paderborn,PA-12,PA-03--PA-07,PA-07,1/d^2,0.77817593883311
Paderborn,PA-12,PA-03--PA-07,PA-03,Wald + Wind,0.3168320689863114
Paderborn,PA-12,PA-03--PA-07,PA-07,Wald + Wind,0.6831679310136886
Paderborn,PA-12,PA-03--PA-07,PA-03,Vollstaendig,0.4624275314419488
Paderborn,PA-12,PA-03--PA-07,PA-07,Vollstaendig,0.5375724685580511
Paderborn,PA-12,PA-03--PA-08,PA-03,Gleichgewichtung,0.5
Paderborn,PA-12,PA-03--PA-08,PA-08,Gleichgewichtung,0.5
Paderborn,PA-12,PA-03--PA-08,PA-03,1/d^2,0.2639586247382675
Paderborn,PA-12,PA-03--PA-08,PA-08,1/d^2,0.7360413752617326
Paderborn,PA-12,PA-03--PA-08,PA-03,Wald + Wind,0.3418034150816988
Paderborn,PA-12,PA-03--PA-08,PA-08,Wald + Wind,0.6581965849183011
Paderborn,PA-12,PA-03--PA-08,PA-03,Vollstaendig,0.4585399128183469
Paderborn,PA-12,PA-03--PA-08,PA-08,Vollstaendig,0.5414600871816532
Paderborn,PA-12,PA-03--PA-09,PA-03,Gleichgewichtung,0.5
Paderborn,PA-12,PA-03--PA-09,PA-09,Gleichgewichtung,0.5
Paderborn,PA-12,PA-03--PA-09,PA-03,1/d^2,0.0693169076180016
Paderborn,PA-12,PA-03--PA-09,PA-09,1/d^2,0.9306830923819984
Paderborn,PA-12,PA-03--PA-09,PA-03,Wald + Wind,0.3560184056422693
Paderborn,PA-12,PA-03--PA-09,PA-09,Wald + Wind,0.6439815943577306
Paderborn,PA-12,PA-03--PA-09,PA-03,Vollstaendig,0.4556180718763342
Paderborn,PA-12,PA-03--PA-09,PA-09,Vollstaendig,0.5443819281236657
Paderborn,PA-12,PA-03--PA-10,PA-03,Gleichgewichtung,0.5
Paderborn,PA-12,PA-03--PA-10,PA-10,Gleichgewichtung,0.5
Paderborn,PA-12,PA-03--PA-10,PA-03,1/d^2,0.0574557861189949
Paderborn,PA-12,PA-03--PA-10,PA-10,1/d^2,0.9425442138810052
Paderborn,PA-12,PA-03--PA-10,PA-03,Wald + Wind,0.3180590769559386
Paderborn,PA-12,PA-03--PA-10,PA-10,Wald + Wind,0.6819409230440613
Paderborn,PA-12,PA-03--PA-10,PA-03,Vollstaendig,0.4960386738024884
Paderborn,PA-12,PA-03--PA-10,PA-10,Vollstaendig,0.5039613261975115
Paderborn,PA-12,PA-03--PA-11,PA-03,Gleichgewichtung,0.5
Paderborn,PA-12,PA-03--PA-11,PA-11,Gleichgewichtung,0.5
Paderborn,PA-12,PA-03--PA-11,PA-03,1/d^2,0.0068102359196123
Paderborn,PA-12,PA-03--PA-11,PA-11,1/d^2,0.9931897640803876
Paderborn,PA-12,PA-03--PA-11,PA-03,Wald + Wind,0.1580880379236659
Paderborn,PA-12,PA-03--PA-11,PA-11,Wald + Wind,0.8419119620763341
Paderborn,PA-12,PA-03--PA-11,PA-03,Vollstaendig,0.3847035090708895
Paderborn,PA-12,PA-03--PA-11,PA-11,Vollstaendig,0.6152964909291104
Paderborn,PA-12,PA-04--PA-05,PA-04,Gleichgewichtung,0.5
Paderborn,PA-12,PA-04--PA-05,PA-05,Gleichgewichtung,0.5
Paderborn,PA-12,PA-04--PA-05,PA-04,1/d^2,0.3760833509860768
Paderborn,PA-12,PA-04--PA-05,PA-05,1/d^2,0.6239166490139231
Paderborn,PA-12,PA-04--PA-05,PA-04,Wald + Wind,0.3443458258079085
Paderborn,PA-12,PA-04--PA-05,PA-05,Wald + Wind,0.6556541741920915
Paderborn,PA-12,PA-04--PA-05,PA-04,Vollstaendig,0.4318445837998564
Paderborn,PA-12,PA-04--PA-05,PA-05,Vollstaendig,0.5681554162001436
Paderborn,PA-12,PA-04--PA-06,PA-04,Gleichgewichtung,0.5
Paderborn,PA-12,PA-04--PA-06,PA-06,Gleichgewichtung,0.5
Paderborn,PA-12,PA-04--PA-06,PA-04,1/d^2,0.2329138388575257
Paderborn,PA-12,PA-04--PA-06,PA-06,1/d^2,0.7670861611424742
Paderborn,PA-12,PA-04--PA-06,PA-04,Wald + Wind,0.3190899512915158
Paderborn,PA-12,PA-04--PA-06,PA-06,Wald + Wind,0.6809100487084843
Paderborn,PA-12,PA-04--PA-06,PA-04,Vollstaendig,0.4553131918639629
Paderborn,PA-12,PA-04--PA-06,PA-06,Vollstaendig,0.5446868081360371
Paderborn,PA-12,PA-04--PA-07,PA-04,Gleichgewichtung,0.5
Paderborn,PA-12,PA-04--PA-07,PA-07,Gleichgewichtung,0.5
Paderborn,PA-12,PA-04--PA-07,PA-04,1/d^2,0.2660015568764247
Paderborn,PA-12,PA-04--PA-07,PA-07,1/d^2,0.7339984431235753
Paderborn,PA-12,PA-04--PA-07,PA-04,Wald + Wind,0.3059724937085982
Paderborn,PA-12,PA-04--PA-07,PA-07,Wald + Wind,0.6940275062914016
Paderborn,PA-12,PA-04--PA-07,PA-04,Vollstaendig,0.4140619310225644
Paderborn,PA-12,PA-04--PA-07,PA-07,Vollstaendig,0.5859380689774355
Paderborn,PA-12,PA-04--PA-08,PA-04,Gleichgewichtung,0.5
Paderborn,PA-12,PA-04--PA-08,PA-08,Gleichgewichtung,0.5
Paderborn,PA-12,PA-04--PA-08,PA-04,1/d^2,0.3131506445043514
Paderborn,PA-12,PA-04--PA-08,PA-08,1/d^2,0.6868493554956485
Paderborn,PA-12,PA-04--PA-08,PA-04,Wald + Wind,0.3305020032001131
Paderborn,PA-12,PA-04--PA-08,PA-08,Wald + Wind,0.669497996799887
Paderborn,PA-12,PA-04--PA-08,PA-04,Vollstaendig,0.410270600874675
Paderborn,PA-12,PA-04--PA-08,PA-08,Vollstaendig,0.5897293991253248
Paderborn,PA-12,PA-04--PA-09,PA-04,Gleichgewichtung,0.5
Paderborn,PA-12,PA-04--PA-09,PA-09,Gleichgewichtung,0.5
Paderborn,PA-12,PA-04--PA-09,PA-04,1/d^2,0.0864978140663808
Paderborn,PA-12,PA-04--PA-09,PA-09,1/d^2,0.9135021859336192
Paderborn,PA-12,PA-04--PA-09,PA-04,Wald + Wind,0.3444929840937576
Paderborn,PA-12,PA-04--PA-09,PA-09,Wald + Wind,0.6555070159062423
Paderborn,PA-12,PA-04--PA-09,PA-04,Vollstaendig,0.4074248981872334
Paderborn,PA-12,PA-04--PA-09,PA-09,Vollstaendig,0.5925751018127665
Paderborn,PA-12,PA-04--PA-10,PA-04,Gleichgewichtung,0.5
Paderborn,PA-12,PA-04--PA-10,PA-10,Gleichgewichtung,0.5
Paderborn,PA-12,PA-04--PA-10,PA-04,1/d^2,0.0719239900074826
Paderborn,PA-12,PA-04--PA-10,PA-10,1/d^2,0.9280760099925172
Paderborn,PA-12,PA-04--PA-10,PA-04,Wald + Wind,0.3071763553699506
Paderborn,PA-12,PA-04--PA-10,PA-10,Wald + Wind,0.6928236446300493
Paderborn,PA-12,PA-04--PA-10,PA-04,Vollstaendig,0.4470813138188361
Paderborn,PA-12,PA-04--PA-10,PA-10,Vollstaendig,0.552918686181164
Paderborn,PA-12,PA-04--PA-11,PA-04,Gleichgewichtung,0.5
Paderborn,PA-12,PA-04--PA-11,PA-11,Gleichgewichtung,0.5
Paderborn,PA-12,PA-04--PA-11,PA-04,1/d^2,0.008642086040015
Paderborn,PA-12,PA-04--PA-11,PA-11,1/d^2,0.991357913959985
Paderborn,PA-12,PA-04--PA-11,PA-04,Wald + Wind,0.1514631775979806
Paderborn,PA-12,PA-04--PA-11,PA-11,Wald + Wind,0.8485368224020193
Paderborn,PA-12,PA-04--PA-11,PA-04,Vollstaendig,0.3393356589174804
Paderborn,PA-12,PA-04--PA-11,PA-11,Vollstaendig,0.6606643410825196
Paderborn,PA-12,PA-05--PA-06,PA-05,Gleichgewichtung,0.5
Paderborn,PA-12,PA-05--PA-06,PA-06,Gleichgewichtung,0.5
Paderborn,PA-12,PA-05--PA-06,PA-05,1/d^2,0.3349848426822363
Paderborn,PA-12,PA-05--PA-06,PA-06,1/d^2,0.6650151573177637
Paderborn,PA-12,PA-05--PA-06,PA-05,Wald + Wind,0.4715382632862194
Paderborn,PA-12,PA-05--PA-06,PA-06,Wald + Wind,0.5284617367137805
Paderborn,PA-12,PA-05--PA-06,PA-05,Vollstaendig,0.5237580426045576
Paderborn,PA-12,PA-05--PA-06,PA-06,Vollstaendig,0.4762419573954424
Paderborn,PA-12,PA-05--PA-07,PA-05,Gleichgewichtung,0.5
Paderborn,PA-12,PA-05--PA-07,PA-07,Gleichgewichtung,0.5
Paderborn,PA-12,PA-05--PA-07,PA-05,1/d^2,0.3754751667311152
Paderborn,PA-12,PA-05--PA-07,PA-07,1/d^2,0.6245248332688847
Paderborn,PA-12,PA-05--PA-07,PA-05,Wald + Wind,0.456354026302856
Paderborn,PA-12,PA-05--PA-07,PA-07,Wald + Wind,0.5436459736971441
Paderborn,PA-12,PA-05--PA-07,PA-05,Vollstaendig,0.4817907298915297
Paderborn,PA-12,PA-05--PA-07,PA-07,Vollstaendig,0.5182092701084702
Paderborn,PA-12,PA-05--PA-08,PA-05,Gleichgewichtung,0.5
Paderborn,PA-12,PA-05--PA-08,PA-08,Gleichgewichtung,0.5
Paderborn,PA-12,PA-05--PA-08,PA-05,1/d^2,0.4306438773255238
Paderborn,PA-12,PA-05--PA-08,PA-08,1/d^2,0.5693561226744763
Paderborn,PA-12,PA-05--PA-08,PA-05,Wald + Wind,0.4845228370540706
Paderborn,PA-12,PA-05--PA-08,PA-08,Wald + Wind,0.5154771629459294
Paderborn,PA-12,PA-05--PA-08,PA-05,Vollstaendig,0.4778850369074002
Paderborn,PA-12,PA-05--PA-08,PA-08,Vollstaendig,0.5221149630925999
Paderborn,PA-12,PA-05--PA-09,PA-05,Gleichgewichtung,0.5
Paderborn,PA-12,PA-05--PA-09,PA-09,Gleichgewichtung,0.5
Paderborn,PA-12,PA-05--PA-09,PA-05,1/d^2,0.1357601464536572
Paderborn,PA-12,PA-05--PA-09,PA-09,1/d^2,0.8642398535463428
Paderborn,PA-12,PA-05--PA-09,PA-05,Wald + Wind,0.500162933736232
Paderborn,PA-12,PA-05--PA-09,PA-09,Wald + Wind,0.4998370662637681
Paderborn,PA-12,PA-05--PA-09,PA-05,Vollstaendig,0.4749480539137947
Paderborn,PA-12,PA-05--PA-09,PA-09,Vollstaendig,0.5250519460862052
Paderborn,PA-12,PA-05--PA-10,PA-05,Gleichgewichtung,0.5
Paderborn,PA-12,PA-05--PA-10,PA-10,Gleichgewichtung,0.5
Paderborn,PA-12,PA-05--PA-10,PA-05,1/d^2,0.113921313242552
Paderborn,PA-12,PA-05--PA-10,PA-10,1/d^2,0.8860786867574479
Paderborn,PA-12,PA-05--PA-10,PA-05,Wald + Wind,0.4577593147758501
Paderborn,PA-12,PA-05--PA-10,PA-10,Wald + Wind,0.5422406852241499
Paderborn,PA-12,PA-05--PA-10,PA-05,Vollstaendig,0.5154597646474363
Paderborn,PA-12,PA-05--PA-10,PA-10,Vollstaendig,0.4845402353525637
Paderborn,PA-12,PA-05--PA-11,PA-05,Gleichgewichtung,0.5
Paderborn,PA-12,PA-05--PA-11,PA-11,Gleichgewichtung,0.5
Paderborn,PA-12,PA-05--PA-11,PA-05,1/d^2,0.0142559039127226
Paderborn,PA-12,PA-05--PA-11,PA-11,1/d^2,0.9857440960872772
Paderborn,PA-12,PA-05--PA-11,PA-05,Wald + Wind,0.253660483089186
Paderborn,PA-12,PA-05--PA-11,PA-11,Wald + Wind,0.746339516910814
Paderborn,PA-12,PA-05--PA-11,PA-05,Vollstaendig,0.4032535233121968
Paderborn,PA-12,PA-05--PA-11,PA-11,Vollstaendig,0.5967464766878031
Paderborn,PA-12,PA-06--PA-07,PA-06,Gleichgewichtung,0.5
Paderborn,PA-12,PA-06--PA-07,PA-07,Gleichgewichtung,0.5
Paderborn,PA-12,PA-06--PA-07,PA-06,1/d^2,0.544116426993715
Paderborn,PA-12,PA-06--PA-07,PA-07,1/d^2,0.455883573006285
Paderborn,PA-12,PA-06--PA-07,PA-06,Wald + Wind,0.4847399363578616
Paderborn,PA-12,PA-06--PA-07,PA-07,Wald + Wind,0.5152600636421384
Paderborn,PA-12,PA-06--PA-07,PA-06,Vollstaendig,0.4581051848594266
Paderborn,PA-12,PA-06--PA-07,PA-07,Vollstaendig,0.5418948151405732
Paderborn,PA-12,PA-06--PA-08,PA-06,Gleichgewichtung,0.5
Paderborn,PA-12,PA-06--PA-08,PA-08,Gleichgewichtung,0.5
Paderborn,PA-12,PA-06--PA-08,PA-06,1/d^2,0.6002483274859824
Paderborn,PA-12,PA-06--PA-08,PA-08,1/d^2,0.3997516725140175
Paderborn,PA-12,PA-06--PA-08,PA-06,Wald + Wind,0.513007493332026
Paderborn,PA-12,PA-06--PA-08,PA-08,Wald + Wind,0.486992506667974
Paderborn,PA-12,PA-06--PA-08,PA-06,Vollstaendig,0.4542232003329751
Paderborn,PA-12,PA-06--PA-08,PA-08,Vollstaendig,0.545776799667025
Paderborn,PA-12,PA-06--PA-09,PA-06,Gleichgewichtung,0.5
Paderborn,PA-12,PA-06--PA-09,PA-09,Gleichgewichtung,0.5
Paderborn,PA-12,PA-06--PA-09,PA-06,1/d^2,0.2377171624903009
Paderborn,PA-12,PA-06--PA-09,PA-09,1/d^2,0.7622828375096992
Paderborn,PA-12,PA-06--PA-09,PA-06,Wald + Wind,0.5286241394862963
Paderborn,PA-12,PA-06--PA-09,PA-09,Wald + Wind,0.4713758605137036
Paderborn,PA-12,PA-06--PA-09,PA-06,Vollstaendig,0.4513059392468656
Paderborn,PA-12,PA-06--PA-09,PA-09,Vollstaendig,0.5486940607531343
Paderborn,PA-12,PA-06--PA-10,PA-06,Gleichgewichtung,0.5
Paderborn,PA-12,PA-06--PA-10,PA-10,Gleichgewichtung,0.5
Paderborn,PA-12,PA-06--PA-10,PA-06,1/d^2,0.2033359986296675
Paderborn,PA-12,PA-06--PA-10,PA-10,1/d^2,0.7966640013703324
Paderborn,PA-12,PA-06--PA-10,PA-06,Wald + Wind,0.4861544687028171
Paderborn,PA-12,PA-06--PA-10,PA-10,Wald + Wind,0.5138455312971829
Paderborn,PA-12,PA-06--PA-10,PA-06,Vollstaendig,0.4916895124824748
Paderborn,PA-12,PA-06--PA-10,PA-10,Vollstaendig,0.5083104875175252
Paderborn,PA-12,PA-06--PA-11,PA-06,Gleichgewichtung,0.5
Paderborn,PA-12,PA-06--PA-11,PA-11,Gleichgewichtung,0.5
Paderborn,PA-12,PA-06--PA-11,PA-06,1/d^2,0.0279089755665982
Paderborn,PA-12,PA-06--PA-11,PA-11,1/d^2,0.9720910244334016
Paderborn,PA-12,PA-06--PA-11,PA-06,Wald + Wind,0.2758355267263214
Paderborn,PA-12,PA-06--PA-11,PA-11,Wald + Wind,0.7241644732736785
Paderborn,PA-12,PA-06--PA-11,PA-06,Vollstaendig,0.380593309126316
Paderborn,PA-12,PA-06--PA-11,PA-11,Vollstaendig,0.6194066908736839
Paderborn,PA-12,PA-07--PA-08,PA-07,Gleichgewichtung,0.5
Paderborn,PA-12,PA-07--PA-08,PA-08,Gleichgewichtung,0.5
Paderborn,PA-12,PA-07--PA-08,PA-07,1/d^2,0.5571427786513278
Paderborn,PA-12,PA-07--PA-08,PA-08,1/d^2,0.4428572213486721
Paderborn,PA-12,PA-07--PA-08,PA-07,Wald + Wind,0.5282451308852515
Paderborn,PA-12,PA-07--PA-08,PA-08,Wald + Wind,0.4717548691147485
Paderborn,PA-12,PA-07--PA-08,PA-07,Vollstaendig,0.4960880056169983
Paderborn,PA-12,PA-07--PA-08,PA-08,Vollstaendig,0.5039119943830017
Paderborn,PA-12,PA-07--PA-09,PA-07,Gleichgewichtung,0.5
Paderborn,PA-12,PA-07--PA-09,PA-09,Gleichgewichtung,0.5
Paderborn,PA-12,PA-07--PA-09,PA-07,1/d^2,0.2071547629562427
Paderborn,PA-12,PA-07--PA-09,PA-09,1/d^2,0.7928452370437573
Paderborn,PA-12,PA-07--PA-09,PA-07,Wald + Wind,0.5438076612978914
Paderborn,PA-12,PA-07--PA-09,PA-09,Wald + Wind,0.4561923387021086
Paderborn,PA-12,PA-07--PA-09,PA-07,Vollstaendig,0.4931448152939839
Paderborn,PA-12,PA-07--PA-09,PA-09,Vollstaendig,0.5068551847060161
Paderborn,PA-12,PA-07--PA-10,PA-07,Gleichgewichtung,0.5
Paderborn,PA-12,PA-07--PA-10,PA-10,Gleichgewichtung,0.5
Paderborn,PA-12,PA-07--PA-10,PA-07,1/d^2,0.1761722838620431
Paderborn,PA-12,PA-07--PA-10,PA-10,1/d^2,0.8238277161379569
Paderborn,PA-12,PA-07--PA-10,PA-07,Wald + Wind,0.5014157288265906
Paderborn,PA-12,PA-07--PA-10,PA-10,Wald + Wind,0.4985842711734095
Paderborn,PA-12,PA-07--PA-10,PA-07,Vollstaendig,0.5336311645807441
Paderborn,PA-12,PA-07--PA-10,PA-10,Vollstaendig,0.4663688354192558
Paderborn,PA-12,PA-07--PA-11,PA-07,Gleichgewichtung,0.5
Paderborn,PA-12,PA-07--PA-11,PA-11,Gleichgewichtung,0.5
Paderborn,PA-12,PA-07--PA-11,PA-07,1/d^2,0.0234896168893016
Paderborn,PA-12,PA-07--PA-11,PA-11,1/d^2,0.9765103831106984
Paderborn,PA-12,PA-07--PA-11,PA-07,Wald + Wind,0.2881974845801948
Paderborn,PA-12,PA-07--PA-11,PA-11,Wald + Wind,0.7118025154198051
Paderborn,PA-12,PA-07--PA-11,PA-07,Vollstaendig,0.4209054353072923
Paderborn,PA-12,PA-07--PA-11,PA-11,Vollstaendig,0.5790945646927076
Paderborn,PA-12,PA-08--PA-09,PA-08,Gleichgewichtung,0.5
Paderborn,PA-12,PA-08--PA-09,PA-09,Gleichgewichtung,0.5
Paderborn,PA-12,PA-08--PA-09,PA-08,1/d^2,0.1719690514874306
Paderborn,PA-12,PA-08--PA-09,PA-09,1/d^2,0.8280309485125694
Paderborn,PA-12,PA-08--PA-09,PA-08,Wald + Wind,0.5156399389219732
Paderborn,PA-12,PA-08--PA-09,PA-09,Wald + Wind,0.4843600610780267
Paderborn,PA-12,PA-08--PA-09,PA-08,Vollstaendig,0.4970564939277478
Paderborn,PA-12,PA-08--PA-09,PA-09,Vollstaendig,0.5029435060722521
Paderborn,PA-12,PA-08--PA-10,PA-08,Gleichgewichtung,0.5
Paderborn,PA-12,PA-08--PA-10,PA-10,Gleichgewichtung,0.5
Paderborn,PA-12,PA-08--PA-10,PA-08,1/d^2,0.1452847022333323
Paderborn,PA-12,PA-08--PA-10,PA-10,1/d^2,0.8547152977666677
Paderborn,PA-12,PA-08--PA-10,PA-08,Wald + Wind,0.473166305897763
Paderborn,PA-12,PA-08--PA-10,PA-10,Wald + Wind,0.526833694102237
Paderborn,PA-12,PA-08--PA-10,PA-08,Vollstaendig,0.537523411903964
Paderborn,PA-12,PA-08--PA-10,PA-10,Vollstaendig,0.462476588096036
Paderborn,PA-12,PA-08--PA-11,PA-08,Gleichgewichtung,0.5
Paderborn,PA-12,PA-08--PA-11,PA-11,Gleichgewichtung,0.5
Paderborn,PA-12,PA-08--PA-11,PA-08,1/d^2,0.0187616405348248
Paderborn,PA-12,PA-08--PA-11,PA-11,1/d^2,0.9812383594651752
Paderborn,PA-12,PA-08--PA-11,PA-08,Wald + Wind,0.2655623434478515
Paderborn,PA-12,PA-08--PA-11,PA-11,Wald + Wind,0.7344376565521484
Paderborn,PA-12,PA-08--PA-11,PA-08,Vollstaendig,0.42472426317126
Paderborn,PA-12,PA-08--PA-11,PA-11,Vollstaendig,0.57527573682874
Paderborn,PA-12,PA-09--PA-10,PA-09,Gleichgewichtung,0.5
Paderborn,PA-12,PA-09--PA-10,PA-10,Gleichgewichtung,0.5
Paderborn,PA-12,PA-09--PA-10,PA-09,1/d^2,0.4500825554404475
Paderborn,PA-12,PA-09--PA-10,PA-10,1/d^2,0.5499174445595524
Paderborn,PA-12,PA-09--PA-10,PA-09,Wald + Wind,0.4575975483676908
Paderborn,PA-12,PA-09--PA-10,PA-10,Wald + Wind,0.5424024516323092
Paderborn,PA-12,PA-09--PA-10,PA-09,Vollstaendig,0.5404490475237916
Paderborn,PA-12,PA-09--PA-10,PA-10,Vollstaendig,0.4595509524762082
Paderborn,PA-12,PA-09--PA-11,PA-09,Gleichgewichtung,0.5
Paderborn,PA-12,PA-09--PA-11,PA-11,Gleichgewichtung,0.5
Paderborn,PA-12,PA-09--PA-11,PA-09,1/d^2,0.0843032360899741
Paderborn,PA-12,PA-09--PA-11,PA-11,1/d^2,0.9156967639100256
Paderborn,PA-12,PA-09--PA-11,PA-09,Wald + Wind,0.2535371184932732
Paderborn,PA-12,PA-09--PA-11,PA-11,Wald + Wind,0.7464628815067268
Paderborn,PA-12,PA-09--PA-11,PA-09,Vollstaendig,0.4276036044373043
Paderborn,PA-12,PA-09--PA-11,PA-11,Vollstaendig,0.5723963955626956
Paderborn,PA-12,PA-10--PA-11,PA-10,Gleichgewichtung,0.5
Paderborn,PA-12,PA-10--PA-11,PA-11,Gleichgewichtung,0.5
Paderborn,PA-12,PA-10--PA-11,PA-10,1/d^2,0.1011121599758512
Paderborn,PA-12,PA-10--PA-11,PA-11,1/d^2,0.8988878400241488
Paderborn,PA-12,PA-10--PA-11,PA-10,Wald + Wind,0.2870371875476107
Paderborn,PA-12,PA-10--PA-11,PA-11,Wald + Wind,0.7129628124523893
Paderborn,PA-12,PA-10--PA-11,PA-10,Vollstaendig,0.3884610638892479
Paderborn,PA-12,PA-10--PA-11,PA-11,Vollstaendig,0.611538936110752
Rheda-Beckum,RB-01,RB-02--RB-03,RB-02,Gleichgewichtung,0.5
Rheda-Beckum,RB-01,RB-02--RB-03,RB-03,Gleichgewichtung,0.5
Rheda-Beckum,RB-01,RB-02--RB-03,RB-02,1/d^2,0.7971586655155147
Rheda-Beckum,RB-01,RB-02--RB-03,RB-03,1/d^2,0.2028413344844852
Rheda-Beckum,RB-01,RB-02--RB-03,RB-02,Wald + Wind,0.5165486185399564
Rheda-Beckum,RB-01,RB-02--RB-03,RB-03,Wald + Wind,0.4834513814600435
Rheda-Beckum,RB-01,RB-02--RB-03,RB-02,Vollstaendig,0.5297433077742782
Rheda-Beckum,RB-01,RB-02--RB-03,RB-03,Vollstaendig,0.4702566922257217
Rheda-Beckum,RB-01,RB-02--RB-04,RB-02,Gleichgewichtung,0.5
Rheda-Beckum,RB-01,RB-02--RB-04,RB-04,Gleichgewichtung,0.5
Rheda-Beckum,RB-01,RB-02--RB-04,RB-02,1/d^2,0.994626823387292
Rheda-Beckum,RB-01,RB-02--RB-04,RB-04,1/d^2,0.0053731766127078
Rheda-Beckum,RB-01,RB-02--RB-04,RB-02,Wald + Wind,0.6809987573508312
Rheda-Beckum,RB-01,RB-02--RB-04,RB-04,Wald + Wind,0.3190012426491688
Rheda-Beckum,RB-01,RB-02--RB-04,RB-02,Vollstaendig,0.653754508697953
Rheda-Beckum,RB-01,RB-02--RB-04,RB-04,Vollstaendig,0.346245491302047
Rheda-Beckum,RB-01,RB-02--RB-05,RB-02,Gleichgewichtung,0.5
Rheda-Beckum,RB-01,RB-02--RB-05,RB-05,Gleichgewichtung,0.5
Rheda-Beckum,RB-01,RB-02--RB-05,RB-02,1/d^2,0.9955973179662796
Rheda-Beckum,RB-01,RB-02--RB-05,RB-05,1/d^2,0.0044026820337204
Rheda-Beckum,RB-01,RB-02--RB-05,RB-02,Wald + Wind,0.6587013968987256
Rheda-Beckum,RB-01,RB-02--RB-05,RB-05,Wald + Wind,0.3412986031012744
Rheda-Beckum,RB-01,RB-02--RB-05,RB-02,Vollstaendig,0.6247905588589729
Rheda-Beckum,RB-01,RB-02--RB-05,RB-05,Vollstaendig,0.375209441141027
Rheda-Beckum,RB-01,RB-03--RB-04,RB-03,Gleichgewichtung,0.5
Rheda-Beckum,RB-01,RB-03--RB-04,RB-04,Gleichgewichtung,0.5
Rheda-Beckum,RB-01,RB-03--RB-04,RB-03,1/d^2,0.9792109088240996
Rheda-Beckum,RB-01,RB-03--RB-04,RB-04,1/d^2,0.0207890911759003
Rheda-Beckum,RB-01,RB-03--RB-04,RB-03,Wald + Wind,0.6664443278713653
Rheda-Beckum,RB-01,RB-03--RB-04,RB-04,Wald + Wind,0.3335556721286346
Rheda-Beckum,RB-01,RB-03--RB-04,RB-03,Vollstaendig,0.6263219670688791
Rheda-Beckum,RB-01,RB-03--RB-04,RB-04,Vollstaendig,0.3736780329311208
Rheda-Beckum,RB-01,RB-03--RB-05,RB-03,Gleichgewichtung,0.5
Rheda-Beckum,RB-01,RB-03--RB-05,RB-05,Gleichgewichtung,0.5
Rheda-Beckum,RB-01,RB-03--RB-05,RB-03,1/d^2,0.9829179811902108
Rheda-Beckum,RB-01,RB-03--RB-05,RB-05,1/d^2,0.0170820188097891
Rheda-Beckum,RB-01,RB-03--RB-05,RB-03,Wald + Wind,0.6436619696921403
Rheda-Beckum,RB-01,RB-03--RB-05,RB-05,Wald + Wind,0.3563380303078597
Rheda-Beckum,RB-01,RB-03--RB-05,RB-03,Vollstaendig,0.5964796591127052
Rheda-Beckum,RB-01,RB-03--RB-05,RB-05,Vollstaendig,0.4035203408872947
Rheda-Beckum,RB-01,RB-04--RB-05,RB-04,Gleichgewichtung,0.5
Rheda-Beckum,RB-01,RB-04--RB-05,RB-05,Gleichgewichtung,0.5
Rheda-Beckum,RB-01,RB-04--RB-05,RB-04,1/d^2,0.5498787070514133
Rheda-Beckum,RB-01,RB-04--RB-05,RB-05,1/d^2,0.4501212929485866
Rheda-Beckum,RB-01,RB-04--RB-05,RB-04,Wald + Wind,0.4748081167920082
Rheda-Beckum,RB-01,RB-04--RB-05,RB-05,Wald + Wind,0.5251918832079917
Rheda-Beckum,RB-01,RB-04--RB-05,RB-04,Vollstaendig,0.468628322736939
Rheda-Beckum,RB-01,RB-04--RB-05,RB-05,Vollstaendig,0.531371677263061
Rheda-Beckum,RB-02,RB-01--RB-03,RB-01,Gleichgewichtung,0.5
Rheda-Beckum,RB-02,RB-01--RB-03,RB-03,Gleichgewichtung,0.5
Rheda-Beckum,RB-02,RB-01--RB-03,RB-01,1/d^2,0.7628669456849875
Rheda-Beckum,RB-02,RB-01--RB-03,RB-03,1/d^2,0.2371330543150125
Rheda-Beckum,RB-02,RB-01--RB-03,RB-01,Wald + Wind,0.4840553783136628
Rheda-Beckum,RB-02,RB-01--RB-03,RB-03,Wald + Wind,0.5159446216863373
Rheda-Beckum,RB-02,RB-01--RB-03,RB-01,Vollstaendig,0.4994624209230953
Rheda-Beckum,RB-02,RB-01--RB-03,RB-03,Vollstaendig,0.5005375790769048
Rheda-Beckum,RB-02,RB-01--RB-04,RB-01,Gleichgewichtung,0.5
Rheda-Beckum,RB-02,RB-01--RB-04,RB-04,Gleichgewichtung,0.5
Rheda-Beckum,RB-02,RB-01--RB-04,RB-01,1/d^2,0.9945628477591932
Rheda-Beckum,RB-02,RB-01--RB-04,RB-04,1/d^2,0.0054371522408068
Rheda-Beckum,RB-02,RB-01--RB-04,RB-01,Wald + Wind,0.6875288171859126
Rheda-Beckum,RB-02,RB-01--RB-04,RB-04,Wald + Wind,0.3124711828140873
Rheda-Beckum,RB-02,RB-01--RB-04,RB-01,Vollstaendig,0.6494226176136482
Rheda-Beckum,RB-02,RB-01--RB-04,RB-04,Vollstaendig,0.3505773823863519
Rheda-Beckum,RB-02,RB-01--RB-05,RB-01,Gleichgewichtung,0.5
Rheda-Beckum,RB-02,RB-01--RB-05,RB-05,Gleichgewichtung,0.5
Rheda-Beckum,RB-02,RB-01--RB-05,RB-01,1/d^2,0.9955413936007544
Rheda-Beckum,RB-02,RB-01--RB-05,RB-05,1/d^2,0.0044586063992455
Rheda-Beckum,RB-02,RB-01--RB-05,RB-01,Wald + Wind,0.6650145665183813
Rheda-Beckum,RB-02,RB-01--RB-05,RB-05,Wald + Wind,0.3349854334816187
Rheda-Beckum,RB-02,RB-01--RB-05,RB-01,Vollstaendig,0.6207647450864701
Rheda-Beckum,RB-02,RB-01--RB-05,RB-05,Vollstaendig,0.3792352549135298
Rheda-Beckum,RB-02,RB-03--RB-04,RB-03,Gleichgewichtung,0.5
Rheda-Beckum,RB-02,RB-03--RB-04,RB-04,Gleichgewichtung,0.5
Rheda-Beckum,RB-02,RB-03--RB-04,RB-03,1/d^2,0.9827167926060096
Rheda-Beckum,RB-02,RB-03--RB-04,RB-04,1/d^2,0.0172832073939902
Rheda-Beckum,RB-02,RB-03--RB-04,RB-03,Wald + Wind,0.7010685972873929
Rheda-Beckum,RB-02,RB-03--RB-04,RB-04,Wald + Wind,0.2989314027126071
Rheda-Beckum,RB-02,RB-03--RB-04,RB-03,Vollstaendig,0.6499120290724228
Rheda-Beckum,RB-02,RB-03--RB-04,RB-04,Vollstaendig,0.3500879709275771
Rheda-Beckum,RB-02,RB-03--RB-05,RB-03,Gleichgewichtung,0.5
Rheda-Beckum,RB-02,RB-03--RB-05,RB-05,Gleichgewichtung,0.5
Rheda-Beckum,RB-02,RB-03--RB-05,RB-03,1/d^2,0.98579687360689
Rheda-Beckum,RB-02,RB-03--RB-05,RB-05,1/d^2,0.0142031263931101
Rheda-Beckum,RB-02,RB-03--RB-05,RB-03,Wald + Wind,0.6790745398169257
Rheda-Beckum,RB-02,RB-03--RB-05,RB-05,Wald + Wind,0.3209254601830742
Rheda-Beckum,RB-02,RB-03--RB-05,RB-03,Vollstaendig,0.6212708322625127
Rheda-Beckum,RB-02,RB-03--RB-05,RB-05,Vollstaendig,0.3787291677374874
Rheda-Beckum,RB-02,RB-04--RB-05,RB-04,Gleichgewichtung,0.5
Rheda-Beckum,RB-02,RB-04--RB-05,RB-05,Gleichgewichtung,0.5
Rheda-Beckum,RB-02,RB-04--RB-05,RB-04,1/d^2,0.5496861264427051
Rheda-Beckum,RB-02,RB-04--RB-05,RB-05,1/d^2,0.4503138735572949
Rheda-Beckum,RB-02,RB-04--RB-05,RB-04,Wald + Wind,0.4743052552124845
Rheda-Beckum,RB-02,RB-04--RB-05,RB-05,Wald + Wind,0.5256947447875154
Rheda-Beckum,RB-02,RB-04--RB-05,RB-04,Vollstaendig,0.4691126828579902
Rheda-Beckum,RB-02,RB-04--RB-05,RB-05,Vollstaendig,0.5308873171420098
Rheda-Beckum,RB-03,RB-01--RB-02,RB-01,Gleichgewichtung,0.5
Rheda-Beckum,RB-03,RB-01--RB-02,RB-02,Gleichgewichtung,0.5
Rheda-Beckum,RB-03,RB-01--RB-02,RB-01,1/d^2,0.4501245616407205
Rheda-Beckum,RB-03,RB-01--RB-02,RB-02,1/d^2,0.5498754383592794
Rheda-Beckum,RB-03,RB-01--RB-02,RB-01,Wald + Wind,0.4702557060678708
Rheda-Beckum,RB-03,RB-01--RB-02,RB-02,Wald + Wind,0.5297442939321292
Rheda-Beckum,RB-03,RB-01--RB-02,RB-01,Vollstaendig,0.4722916272838701
Rheda-Beckum,RB-03,RB-01--RB-02,RB-02,Vollstaendig,0.5277083727161299
Rheda-Beckum,RB-03,RB-01--RB-04,RB-01,Gleichgewichtung,0.5
Rheda-Beckum,RB-03,RB-01--RB-04,RB-04,Gleichgewichtung,0.5
Rheda-Beckum,RB-03,RB-01--RB-04,RB-01,1/d^2,0.9723093166755642
Rheda-Beckum,RB-03,RB-01--RB-04,RB-04,1/d^2,0.0276906833244357
Rheda-Beckum,RB-03,RB-01--RB-04,RB-01,Wald + Wind,0.646536949193273
Rheda-Beckum,RB-03,RB-01--RB-04,RB-04,Wald + Wind,0.3534630508067271
Rheda-Beckum,RB-03,RB-01--RB-04,RB-01,Vollstaendig,0.5769763830863415
Rheda-Beckum,RB-03,RB-01--RB-04,RB-04,Vollstaendig,0.4230236169136584
Rheda-Beckum,RB-03,RB-01--RB-05,RB-01,Gleichgewichtung,0.5
Rheda-Beckum,RB-03,RB-01--RB-05,RB-05,Gleichgewichtung,0.5
Rheda-Beckum,RB-03,RB-01--RB-05,RB-01,1/d^2,0.9778430301615972
Rheda-Beckum,RB-03,RB-01--RB-05,RB-05,1/d^2,0.0221569698384028
Rheda-Beckum,RB-03,RB-01--RB-05,RB-01,Wald + Wind,0.619115559537484
Rheda-Beckum,RB-03,RB-01--RB-05,RB-05,Wald + Wind,0.3808844404625159
Rheda-Beckum,RB-03,RB-01--RB-05,RB-01,Vollstaendig,0.5438805978114809
Rheda-Beckum,RB-03,RB-01--RB-05,RB-05,Vollstaendig,0.4561194021885191
Rheda-Beckum,RB-03,RB-02--RB-04,RB-02,Gleichgewichtung,0.5
Rheda-Beckum,RB-03,RB-02--RB-04,RB-04,Gleichgewichtung,0.5
Rheda-Beckum,RB-03,RB-02--RB-04,RB-02,1/d^2,0.9772181421793656
Rheda-Beckum,RB-03,RB-02--RB-04,RB-04,1/d^2,0.0227818578206343
Rheda-Beckum,RB-03,RB-02--RB-04,RB-02,Wald + Wind,0.6732605234581358
Rheda-Beckum,RB-03,RB-02--RB-04,RB-04,Wald + Wind,0.3267394765418642
Rheda-Beckum,RB-03,RB-02--RB-04,RB-02,Vollstaendig,0.6037991866834174
Rheda-Beckum,RB-03,RB-02--RB-04,RB-04,Vollstaendig,0.3962008133165827
Rheda-Beckum,RB-03,RB-02--RB-05,RB-02,Gleichgewichtung,0.5
Rheda-Beckum,RB-03,RB-02--RB-05,RB-05,Gleichgewichtung,0.5
Rheda-Beckum,RB-03,RB-02--RB-05,RB-02,1/d^2,0.9817892478444188
Rheda-Beckum,RB-03,RB-02--RB-05,RB-05,1/d^2,0.0182107521555811
Rheda-Beckum,RB-03,RB-02--RB-05,RB-02,Wald + Wind,0.6467796869234863
Rheda-Beckum,RB-03,RB-02--RB-05,RB-05,Wald + Wind,0.3532203130765136
Rheda-Beckum,RB-03,RB-02--RB-05,RB-02,Vollstaendig,0.5712424869783769
Rheda-Beckum,RB-03,RB-02--RB-05,RB-05,Vollstaendig,0.4287575130216231
Rheda-Beckum,RB-03,RB-04--RB-05,RB-04,Gleichgewichtung,0.5
Rheda-Beckum,RB-03,RB-04--RB-05,RB-05,Gleichgewichtung,0.5
Rheda-Beckum,RB-03,RB-04--RB-05,RB-04,1/d^2,0.5569071228317611
Rheda-Beckum,RB-03,RB-04--RB-05,RB-05,1/d^2,0.4430928771682388
Rheda-Beckum,RB-03,RB-04--RB-05,RB-04,Wald + Wind,0.4705203619818584
Rheda-Beckum,RB-03,RB-04--RB-05,RB-05,Wald + Wind,0.5294796380181416
Rheda-Beckum,RB-03,RB-04--RB-05,RB-04,Vollstaendig,0.4664509306038965
Rheda-Beckum,RB-03,RB-04--RB-05,RB-05,Vollstaendig,0.5335490693961035
Rheda-Beckum,RB-04,RB-01--RB-02,RB-01,Gleichgewichtung,0.5
Rheda-Beckum,RB-04,RB-01--RB-02,RB-02,Gleichgewichtung,0.5
Rheda-Beckum,RB-04,RB-01--RB-02,RB-01,1/d^2,0.497024915024604
Rheda-Beckum,RB-04,RB-01--RB-02,RB-02,1/d^2,0.5029750849753959
Rheda-Beckum,RB-04,RB-01--RB-02,RB-01,Wald + Wind,0.5056407531310536
Rheda-Beckum,RB-04,RB-01--RB-02,RB-02,Wald + Wind,0.4943592468689463
Rheda-Beckum,RB-04,RB-01--RB-02,RB-01,Vollstaendig,0.4933380517835804
Rheda-Beckum,RB-04,RB-01--RB-02,RB-02,Vollstaendig,0.5066619482164195
Rheda-Beckum,RB-04,RB-01--RB-03,RB-01,Gleichgewichtung,0.5
Rheda-Beckum,RB-04,RB-01--RB-03,RB-03,Gleichgewichtung,0.5
Rheda-Beckum,RB-04,RB-01--RB-03,RB-01,1/d^2,0.4270883295374976
Rheda-Beckum,RB-04,RB-01--RB-03,RB-03,1/d^2,0.5729116704625024
Rheda-Beckum,RB-04,RB-01--RB-03,RB-01,Wald + Wind,0.4866702401268188
Rheda-Beckum,RB-04,RB-01--RB-03,RB-03,Wald + Wind,0.5133297598731811
Rheda-Beckum,RB-04,RB-01--RB-03,RB-01,Vollstaendig,0.4543520285613337
Rheda-Beckum,RB-04,RB-01--RB-03,RB-03,Vollstaendig,0.5456479714386663
Rheda-Beckum,RB-04,RB-01--RB-05,RB-01,Gleichgewichtung,0.5
Rheda-Beckum,RB-04,RB-01--RB-05,RB-05,Gleichgewichtung,0.5
Rheda-Beckum,RB-04,RB-01--RB-05,RB-01,1/d^2,0.0110873009231807
Rheda-Beckum,RB-04,RB-01--RB-05,RB-05,1/d^2,0.9889126990768192
Rheda-Beckum,RB-04,RB-01--RB-05,RB-01,Wald + Wind,0.330966893115018
Rheda-Beckum,RB-04,RB-01--RB-05,RB-05,Wald + Wind,0.6690331068849819
Rheda-Beckum,RB-04,RB-01--RB-05,RB-01,Vollstaendig,0.357915719620224
Rheda-Beckum,RB-04,RB-01--RB-05,RB-05,Vollstaendig,0.6420842803797758
Rheda-Beckum,RB-04,RB-02--RB-03,RB-02,Gleichgewichtung,0.5
Rheda-Beckum,RB-04,RB-02--RB-03,RB-03,Gleichgewichtung,0.5
Rheda-Beckum,RB-04,RB-02--RB-03,RB-02,1/d^2,0.430002679681692
Rheda-Beckum,RB-04,RB-02--RB-03,RB-03,1/d^2,0.569997320318308
Rheda-Beckum,RB-04,RB-02--RB-03,RB-02,Wald + Wind,0.4810351908430237
Rheda-Beckum,RB-04,RB-02--RB-03,RB-03,Wald + Wind,0.5189648091569762
Rheda-Beckum,RB-04,RB-02--RB-03,RB-02,Vollstaendig,0.4609664957327521
Rheda-Beckum,RB-04,RB-02--RB-03,RB-03,Vollstaendig,0.5390335042672478
Rheda-Beckum,RB-04,RB-02--RB-05,RB-02,Gleichgewichtung,0.5
Rheda-Beckum,RB-04,RB-02--RB-05,RB-05,Gleichgewichtung,0.5
Rheda-Beckum,RB-04,RB-02--RB-05,RB-02,1/d^2,0.0112185442886292
Rheda-Beckum,RB-04,RB-02--RB-05,RB-05,1/d^2,0.9887814557113708
Rheda-Beckum,RB-04,RB-02--RB-05,RB-02,Wald + Wind,0.3259897968205623
Rheda-Beckum,RB-04,RB-02--RB-05,RB-05,Wald + Wind,0.6740102031794377
Rheda-Beckum,RB-04,RB-02--RB-05,RB-02,Vollstaendig,0.3640629786722055
Rheda-Beckum,RB-04,RB-02--RB-05,RB-05,Vollstaendig,0.6359370213277945
Rheda-Beckum,RB-04,RB-03--RB-05,RB-03,Gleichgewichtung,0.5
Rheda-Beckum,RB-04,RB-03--RB-05,RB-05,Gleichgewichtung,0.5
Rheda-Beckum,RB-04,RB-03--RB-05,RB-03,1/d^2,0.0148168142713909
Rheda-Beckum,RB-04,RB-03--RB-05,RB-05,1/d^2,0.9851831857286092
Rheda-Beckum,RB-04,RB-03--RB-05,RB-03,Wald + Wind,0.3428805855278803
Rheda-Beckum,RB-04,RB-03--RB-05,RB-05,Wald + Wind,0.6571194144721197
Rheda-Beckum,RB-04,RB-03--RB-05,RB-03,Vollstaendig,0.4009951654003883
Rheda-Beckum,RB-04,RB-03--RB-05,RB-05,Vollstaendig,0.5990048345996117
Rheda-Beckum,RB-05,RB-01--RB-02,RB-01,Gleichgewichtung,0.5
Rheda-Beckum,RB-05,RB-01--RB-02,RB-02,Gleichgewichtung,0.5
Rheda-Beckum,RB-05,RB-01--RB-02,RB-01,1/d^2,0.4968304135637504
Rheda-Beckum,RB-05,RB-01--RB-02,RB-02,1/d^2,0.5031695864362496
Rheda-Beckum,RB-05,RB-01--RB-02,RB-01,Wald + Wind,0.505310136645848
Rheda-Beckum,RB-05,RB-01--RB-02,RB-02,Wald + Wind,0.4946898633541519
Rheda-Beckum,RB-05,RB-01--RB-02,RB-01,Vollstaendig,0.494117374869983
Rheda-Beckum,RB-05,RB-01--RB-02,RB-02,Vollstaendig,0.5058826251300169
Rheda-Beckum,RB-05,RB-01--RB-03,RB-01,Gleichgewichtung,0.5
Rheda-Beckum,RB-05,RB-01--RB-03,RB-03,Gleichgewichtung,0.5
Rheda-Beckum,RB-05,RB-01--RB-03,RB-01,1/d^2,0.4340607456229665
Rheda-Beckum,RB-05,RB-01--RB-03,RB-03,1/d^2,0.5659392543770335
Rheda-Beckum,RB-05,RB-01--RB-03,RB-01,Wald + Wind,0.4810739486471544
Rheda-Beckum,RB-05,RB-01--RB-03,RB-03,Wald + Wind,0.5189260513528455
Rheda-Beckum,RB-05,RB-01--RB-03,RB-01,Vollstaendig,0.4499496709520034
Rheda-Beckum,RB-05,RB-01--RB-03,RB-03,Vollstaendig,0.5500503290479967
Rheda-Beckum,RB-05,RB-01--RB-04,RB-01,Gleichgewichtung,0.5
Rheda-Beckum,RB-05,RB-01--RB-04,RB-04,Gleichgewichtung,0.5
Rheda-Beckum,RB-05,RB-01--RB-04,RB-01,1/d^2,0.0090941669123876
Rheda-Beckum,RB-05,RB-01--RB-04,RB-04,1/d^2,0.9909058330876124
Rheda-Beckum,RB-05,RB-01--RB-04,RB-01,Wald + Wind,0.3536662666509051
Rheda-Beckum,RB-05,RB-01--RB-04,RB-04,Wald + Wind,0.6463337333490949
Rheda-Beckum,RB-05,RB-01--RB-04,RB-01,Vollstaendig,0.3872775914228761
Rheda-Beckum,RB-05,RB-01--RB-04,RB-04,Vollstaendig,0.6127224085771239
Rheda-Beckum,RB-05,RB-02--RB-03,RB-02,Gleichgewichtung,0.5
Rheda-Beckum,RB-05,RB-02--RB-03,RB-03,Gleichgewichtung,0.5
Rheda-Beckum,RB-05,RB-02--RB-03,RB-02,1/d^2,0.4371778126688205
Rheda-Beckum,RB-05,RB-02--RB-03,RB-03,1/d^2,0.5628221873311795
Rheda-Beckum,RB-05,RB-02--RB-03,RB-02,Wald + Wind,0.47577355102593
Rheda-Beckum,RB-05,RB-02--RB-03,RB-03,Wald + Wind,0.52422644897407
Rheda-Beckum,RB-05,RB-02--RB-03,RB-02,Vollstaendig,0.4557802180338337
Rheda-Beckum,RB-05,RB-02--RB-03,RB-03,Vollstaendig,0.5442197819661663
Rheda-Beckum,RB-05,RB-02--RB-04,RB-02,Gleichgewichtung,0.5
Rheda-Beckum,RB-05,RB-02--RB-04,RB-04,Gleichgewichtung,0.5
Rheda-Beckum,RB-05,RB-02--RB-04,RB-02,1/d^2,0.0092091328902306
Rheda-Beckum,RB-05,RB-02--RB-04,RB-04,1/d^2,0.9907908671097694
Rheda-Beckum,RB-05,RB-02--RB-04,RB-02,Wald + Wind,0.3488260102818428
Rheda-Beckum,RB-05,RB-02--RB-04,RB-04,Wald + Wind,0.6511739897181572
Rheda-Beckum,RB-05,RB-02--RB-04,RB-02,Vollstaendig,0.3928760794920968
Rheda-Beckum,RB-05,RB-02--RB-04,RB-04,Vollstaendig,0.6071239205079032
Rheda-Beckum,RB-05,RB-03--RB-04,RB-03,Gleichgewichtung,0.5
Rheda-Beckum,RB-05,RB-03--RB-04,RB-04,Gleichgewichtung,0.5
Rheda-Beckum,RB-05,RB-03--RB-04,RB-03,1/d^2,0.0118245306356528
Rheda-Beckum,RB-05,RB-03--RB-04,RB-04,1/d^2,0.9881754693643472
Rheda-Beckum,RB-05,RB-03--RB-04,RB-03,Wald + Wind,0.371165074520287
Rheda-Beckum,RB-05,RB-03--RB-04,RB-04,Wald + Wind,0.6288349254797129
Rheda-Beckum,RB-05,RB-03--RB-04,RB-03,Vollstaendig,0.4358809343230219
Rheda-Beckum,RB-05,RB-03--RB-04,RB-04,Vollstaendig,0.564119065676978
